ISO-10303-21;
HEADER;
/* Generated by software containing ST-Developer
 * from STEP Tools, Inc. (www.steptools.com) 
 */

FILE_DESCRIPTION(
/* description */ (''),
/* implementation_level */ '2;1');

FILE_NAME(
/* name */ 'doubleshear1(!x).step',
/* time_stamp */ '2025-12-01T16:02:04+05:30',
/* author */ (''),
/* organization */ (''),
/* preprocessor_version */ 'ST-DEVELOPER v20.1',
/* originating_system */ 'Autodesk Translation Framework v14.21.0.0',
/* authorisation */ '');

FILE_SCHEMA (('AUTOMOTIVE_DESIGN { 1 0 10303 214 3 1 1 }'));
ENDSEC;

DATA;
#10=MECHANICAL_DESIGN_GEOMETRIC_PRESENTATION_REPRESENTATION('',(#13),#2367);
#11=SHAPE_REPRESENTATION_RELATIONSHIP('SRR','None',#2374,#12);
#12=ADVANCED_BREP_SHAPE_REPRESENTATION('',(#14),#2366);
#13=STYLED_ITEM('',(#2383),#14);
#14=MANIFOLD_SOLID_BREP('Body1',#1470);
#15=FACE_BOUND('',#136,.T.);
#16=FACE_BOUND('',#142,.T.);
#17=FACE_BOUND('',#143,.T.);
#18=FACE_BOUND('',#144,.T.);
#19=FACE_BOUND('',#150,.T.);
#20=FACE_BOUND('',#173,.T.);
#21=FACE_BOUND('',#187,.T.);
#22=FACE_BOUND('',#196,.T.);
#23=FACE_BOUND('',#199,.T.);
#24=FACE_BOUND('',#202,.T.);
#25=CIRCLE('',#1490,1.50000000000002);
#26=CIRCLE('',#1491,1.50000000000002);
#27=CIRCLE('',#1496,7.52582558807985);
#28=CIRCLE('',#1500,7.52582558807985);
#29=CIRCLE('',#1501,7.52582558807985);
#30=CIRCLE('',#1504,1.49999999999999);
#31=CIRCLE('',#1505,1.5);
#32=CIRCLE('',#1521,2.09999999999991);
#33=CIRCLE('',#1523,2.09999999999991);
#34=CIRCLE('',#1525,2.09999999999991);
#35=CIRCLE('',#1527,2.09999999999991);
#36=CIRCLE('',#1536,7.52582558807985);
#37=CIRCLE('',#1538,6.00000000000001);
#38=CIRCLE('',#1540,1.49999999999999);
#39=CIRCLE('',#1542,1.5);
#40=CIRCLE('',#1564,6.00000000000001);
#41=CYLINDRICAL_SURFACE('',#1489,1.50000000000002);
#42=CYLINDRICAL_SURFACE('',#1499,7.52582558807985);
#43=CYLINDRICAL_SURFACE('',#1524,2.09999999999991);
#44=CYLINDRICAL_SURFACE('',#1526,2.09999999999991);
#45=CYLINDRICAL_SURFACE('',#1535,7.52582558807985);
#46=CYLINDRICAL_SURFACE('',#1539,1.49999999999999);
#47=CYLINDRICAL_SURFACE('',#1541,1.5);
#48=CYLINDRICAL_SURFACE('',#1567,6.00000000000001);
#49=FACE_OUTER_BOUND('',#126,.T.);
#50=FACE_OUTER_BOUND('',#127,.T.);
#51=FACE_OUTER_BOUND('',#128,.T.);
#52=FACE_OUTER_BOUND('',#129,.T.);
#53=FACE_OUTER_BOUND('',#130,.T.);
#54=FACE_OUTER_BOUND('',#131,.T.);
#55=FACE_OUTER_BOUND('',#132,.T.);
#56=FACE_OUTER_BOUND('',#133,.T.);
#57=FACE_OUTER_BOUND('',#134,.T.);
#58=FACE_OUTER_BOUND('',#135,.T.);
#59=FACE_OUTER_BOUND('',#137,.T.);
#60=FACE_OUTER_BOUND('',#138,.T.);
#61=FACE_OUTER_BOUND('',#139,.T.);
#62=FACE_OUTER_BOUND('',#140,.T.);
#63=FACE_OUTER_BOUND('',#141,.T.);
#64=FACE_OUTER_BOUND('',#145,.T.);
#65=FACE_OUTER_BOUND('',#146,.T.);
#66=FACE_OUTER_BOUND('',#147,.T.);
#67=FACE_OUTER_BOUND('',#148,.T.);
#68=FACE_OUTER_BOUND('',#149,.T.);
#69=FACE_OUTER_BOUND('',#151,.T.);
#70=FACE_OUTER_BOUND('',#152,.T.);
#71=FACE_OUTER_BOUND('',#153,.T.);
#72=FACE_OUTER_BOUND('',#154,.T.);
#73=FACE_OUTER_BOUND('',#155,.T.);
#74=FACE_OUTER_BOUND('',#156,.T.);
#75=FACE_OUTER_BOUND('',#157,.T.);
#76=FACE_OUTER_BOUND('',#158,.T.);
#77=FACE_OUTER_BOUND('',#159,.T.);
#78=FACE_OUTER_BOUND('',#160,.T.);
#79=FACE_OUTER_BOUND('',#161,.T.);
#80=FACE_OUTER_BOUND('',#162,.T.);
#81=FACE_OUTER_BOUND('',#163,.T.);
#82=FACE_OUTER_BOUND('',#164,.T.);
#83=FACE_OUTER_BOUND('',#165,.T.);
#84=FACE_OUTER_BOUND('',#166,.T.);
#85=FACE_OUTER_BOUND('',#167,.T.);
#86=FACE_OUTER_BOUND('',#168,.T.);
#87=FACE_OUTER_BOUND('',#169,.T.);
#88=FACE_OUTER_BOUND('',#170,.T.);
#89=FACE_OUTER_BOUND('',#171,.T.);
#90=FACE_OUTER_BOUND('',#172,.T.);
#91=FACE_OUTER_BOUND('',#174,.T.);
#92=FACE_OUTER_BOUND('',#175,.T.);
#93=FACE_OUTER_BOUND('',#176,.T.);
#94=FACE_OUTER_BOUND('',#177,.T.);
#95=FACE_OUTER_BOUND('',#178,.T.);
#96=FACE_OUTER_BOUND('',#179,.T.);
#97=FACE_OUTER_BOUND('',#180,.T.);
#98=FACE_OUTER_BOUND('',#181,.T.);
#99=FACE_OUTER_BOUND('',#182,.T.);
#100=FACE_OUTER_BOUND('',#183,.T.);
#101=FACE_OUTER_BOUND('',#184,.T.);
#102=FACE_OUTER_BOUND('',#185,.T.);
#103=FACE_OUTER_BOUND('',#186,.T.);
#104=FACE_OUTER_BOUND('',#188,.T.);
#105=FACE_OUTER_BOUND('',#189,.T.);
#106=FACE_OUTER_BOUND('',#190,.T.);
#107=FACE_OUTER_BOUND('',#191,.T.);
#108=FACE_OUTER_BOUND('',#192,.T.);
#109=FACE_OUTER_BOUND('',#193,.T.);
#110=FACE_OUTER_BOUND('',#194,.T.);
#111=FACE_OUTER_BOUND('',#195,.T.);
#112=FACE_OUTER_BOUND('',#197,.T.);
#113=FACE_OUTER_BOUND('',#198,.T.);
#114=FACE_OUTER_BOUND('',#200,.T.);
#115=FACE_OUTER_BOUND('',#201,.T.);
#116=FACE_OUTER_BOUND('',#203,.T.);
#117=FACE_OUTER_BOUND('',#204,.T.);
#118=FACE_OUTER_BOUND('',#205,.T.);
#119=FACE_OUTER_BOUND('',#206,.T.);
#120=FACE_OUTER_BOUND('',#207,.T.);
#121=FACE_OUTER_BOUND('',#208,.T.);
#122=FACE_OUTER_BOUND('',#209,.T.);
#123=FACE_OUTER_BOUND('',#210,.T.);
#124=FACE_OUTER_BOUND('',#211,.T.);
#125=FACE_OUTER_BOUND('',#212,.T.);
#126=EDGE_LOOP('',(#920,#921,#922,#923,#924,#925,#926,#927,#928,#929));
#127=EDGE_LOOP('',(#930,#931,#932,#933));
#128=EDGE_LOOP('',(#934,#935,#936,#937));
#129=EDGE_LOOP('',(#938,#939,#940,#941));
#130=EDGE_LOOP('',(#942,#943,#944,#945,#946,#947));
#131=EDGE_LOOP('',(#948,#949,#950,#951));
#132=EDGE_LOOP('',(#952));
#133=EDGE_LOOP('',(#953,#954,#955,#956,#957,#958));
#134=EDGE_LOOP('',(#959,#960,#961,#962,#963,#964));
#135=EDGE_LOOP('',(#965,#966,#967,#968,#969,#970,#971,#972,#973,#974,#975,
#976,#977,#978,#979,#980,#981,#982,#983,#984,#985,#986));
#136=EDGE_LOOP('',(#987));
#137=EDGE_LOOP('',(#988,#989,#990,#991));
#138=EDGE_LOOP('',(#992,#993,#994,#995));
#139=EDGE_LOOP('',(#996,#997,#998,#999));
#140=EDGE_LOOP('',(#1000,#1001,#1002,#1003));
#141=EDGE_LOOP('',(#1004,#1005,#1006,#1007,#1008,#1009,#1010,#1011,#1012,
#1013,#1014,#1015,#1016,#1017,#1018,#1019,#1020,#1021,#1022,#1023,#1024,
#1025,#1026));
#142=EDGE_LOOP('',(#1027));
#143=EDGE_LOOP('',(#1028));
#144=EDGE_LOOP('',(#1029));
#145=EDGE_LOOP('',(#1030,#1031,#1032,#1033));
#146=EDGE_LOOP('',(#1034,#1035,#1036,#1037));
#147=EDGE_LOOP('',(#1038,#1039,#1040,#1041,#1042,#1043));
#148=EDGE_LOOP('',(#1044,#1045,#1046,#1047));
#149=EDGE_LOOP('',(#1048,#1049,#1050,#1051,#1052,#1053,#1054,#1055));
#150=EDGE_LOOP('',(#1056));
#151=EDGE_LOOP('',(#1057,#1058,#1059,#1060,#1061,#1062));
#152=EDGE_LOOP('',(#1063,#1064,#1065,#1066,#1067,#1068,#1069,#1070,#1071,
#1072));
#153=EDGE_LOOP('',(#1073,#1074,#1075,#1076,#1077,#1078));
#154=EDGE_LOOP('',(#1079,#1080,#1081,#1082));
#155=EDGE_LOOP('',(#1083,#1084,#1085,#1086,#1087,#1088,#1089,#1090));
#156=EDGE_LOOP('',(#1091,#1092,#1093,#1094,#1095,#1096));
#157=EDGE_LOOP('',(#1097,#1098,#1099,#1100));
#158=EDGE_LOOP('',(#1101,#1102,#1103,#1104));
#159=EDGE_LOOP('',(#1105,#1106,#1107,#1108,#1109));
#160=EDGE_LOOP('',(#1110,#1111));
#161=EDGE_LOOP('',(#1112,#1113));
#162=EDGE_LOOP('',(#1114,#1115,#1116,#1117));
#163=EDGE_LOOP('',(#1118,#1119,#1120,#1121));
#164=EDGE_LOOP('',(#1122,#1123,#1124,#1125));
#165=EDGE_LOOP('',(#1126,#1127,#1128,#1129,#1130,#1131));
#166=EDGE_LOOP('',(#1132,#1133,#1134,#1135));
#167=EDGE_LOOP('',(#1136,#1137,#1138,#1139,#1140));
#168=EDGE_LOOP('',(#1141,#1142,#1143,#1144));
#169=EDGE_LOOP('',(#1145,#1146,#1147,#1148));
#170=EDGE_LOOP('',(#1149,#1150,#1151,#1152,#1153,#1154,#1155,#1156,#1157));
#171=EDGE_LOOP('',(#1158,#1159,#1160,#1161));
#172=EDGE_LOOP('',(#1162));
#173=EDGE_LOOP('',(#1163));
#174=EDGE_LOOP('',(#1164,#1165,#1166,#1167));
#175=EDGE_LOOP('',(#1168,#1169,#1170,#1171));
#176=EDGE_LOOP('',(#1172,#1173,#1174,#1175));
#177=EDGE_LOOP('',(#1176,#1177,#1178,#1179,#1180,#1181));
#178=EDGE_LOOP('',(#1182,#1183,#1184,#1185,#1186,#1187));
#179=EDGE_LOOP('',(#1188,#1189,#1190,#1191));
#180=EDGE_LOOP('',(#1192,#1193,#1194,#1195));
#181=EDGE_LOOP('',(#1196,#1197,#1198,#1199));
#182=EDGE_LOOP('',(#1200,#1201,#1202,#1203,#1204,#1205));
#183=EDGE_LOOP('',(#1206,#1207,#1208,#1209,#1210,#1211));
#184=EDGE_LOOP('',(#1212,#1213,#1214,#1215,#1216,#1217,#1218,#1219,#1220,
#1221,#1222,#1223));
#185=EDGE_LOOP('',(#1224,#1225,#1226,#1227));
#186=EDGE_LOOP('',(#1228,#1229,#1230,#1231));
#187=EDGE_LOOP('',(#1232));
#188=EDGE_LOOP('',(#1233,#1234,#1235,#1236));
#189=EDGE_LOOP('',(#1237,#1238,#1239,#1240));
#190=EDGE_LOOP('',(#1241,#1242,#1243,#1244));
#191=EDGE_LOOP('',(#1245,#1246,#1247,#1248));
#192=EDGE_LOOP('',(#1249,#1250,#1251,#1252));
#193=EDGE_LOOP('',(#1253,#1254,#1255,#1256));
#194=EDGE_LOOP('',(#1257,#1258,#1259,#1260));
#195=EDGE_LOOP('',(#1261,#1262,#1263,#1264,#1265));
#196=EDGE_LOOP('',(#1266));
#197=EDGE_LOOP('',(#1267,#1268,#1269,#1270));
#198=EDGE_LOOP('',(#1271));
#199=EDGE_LOOP('',(#1272,#1273));
#200=EDGE_LOOP('',(#1274,#1275,#1276,#1277));
#201=EDGE_LOOP('',(#1278));
#202=EDGE_LOOP('',(#1279,#1280));
#203=EDGE_LOOP('',(#1281,#1282,#1283,#1284));
#204=EDGE_LOOP('',(#1285,#1286,#1287,#1288));
#205=EDGE_LOOP('',(#1289,#1290,#1291,#1292));
#206=EDGE_LOOP('',(#1293,#1294,#1295,#1296));
#207=EDGE_LOOP('',(#1297,#1298,#1299,#1300));
#208=EDGE_LOOP('',(#1301,#1302,#1303,#1304));
#209=EDGE_LOOP('',(#1305,#1306,#1307,#1308));
#210=EDGE_LOOP('',(#1309,#1310,#1311,#1312,#1313));
#211=EDGE_LOOP('',(#1314,#1315,#1316,#1317,#1318,#1319));
#212=EDGE_LOOP('',(#1320,#1321,#1322,#1323));
#213=LINE('',#1955,#399);
#214=LINE('',#1957,#400);
#215=LINE('',#1959,#401);
#216=LINE('',#1961,#402);
#217=LINE('',#1963,#403);
#218=LINE('',#1965,#404);
#219=LINE('',#1967,#405);
#220=LINE('',#1969,#406);
#221=LINE('',#1971,#407);
#222=LINE('',#1972,#408);
#223=LINE('',#1975,#409);
#224=LINE('',#1977,#410);
#225=LINE('',#1978,#411);
#226=LINE('',#1981,#412);
#227=LINE('',#1982,#413);
#228=LINE('',#1985,#414);
#229=LINE('',#1986,#415);
#230=LINE('',#1989,#416);
#231=LINE('',#1991,#417);
#232=LINE('',#1992,#418);
#233=LINE('',#1997,#419);
#234=LINE('',#2003,#420);
#235=LINE('',#2005,#421);
#236=LINE('',#2007,#422);
#237=LINE('',#2009,#423);
#238=LINE('',#2011,#424);
#239=LINE('',#2012,#425);
#240=LINE('',#2016,#426);
#241=LINE('',#2018,#427);
#242=LINE('',#2020,#428);
#243=LINE('',#2022,#429);
#244=LINE('',#2024,#430);
#245=LINE('',#2025,#431);
#246=LINE('',#2027,#432);
#247=LINE('',#2029,#433);
#248=LINE('',#2031,#434);
#249=LINE('',#2033,#435);
#250=LINE('',#2035,#436);
#251=LINE('',#2037,#437);
#252=LINE('',#2039,#438);
#253=LINE('',#2041,#439);
#254=LINE('',#2043,#440);
#255=LINE('',#2045,#441);
#256=LINE('',#2047,#442);
#257=LINE('',#2049,#443);
#258=LINE('',#2051,#444);
#259=LINE('',#2053,#445);
#260=LINE('',#2055,#446);
#261=LINE('',#2057,#447);
#262=LINE('',#2059,#448);
#263=LINE('',#2061,#449);
#264=LINE('',#2063,#450);
#265=LINE('',#2064,#451);
#266=LINE('',#2069,#452);
#267=LINE('',#2071,#453);
#268=LINE('',#2072,#454);
#269=LINE('',#2075,#455);
#270=LINE('',#2076,#456);
#271=LINE('',#2081,#457);
#272=LINE('',#2086,#458);
#273=LINE('',#2088,#459);
#274=LINE('',#2090,#460);
#275=LINE('',#2091,#461);
#276=LINE('',#2095,#462);
#277=LINE('',#2097,#463);
#278=LINE('',#2098,#464);
#279=LINE('',#2100,#465);
#280=LINE('',#2102,#466);
#281=LINE('',#2104,#467);
#282=LINE('',#2106,#468);
#283=LINE('',#2107,#469);
#284=LINE('',#2109,#470);
#285=LINE('',#2111,#471);
#286=LINE('',#2113,#472);
#287=LINE('',#2115,#473);
#288=LINE('',#2117,#474);
#289=LINE('',#2119,#475);
#290=LINE('',#2121,#476);
#291=LINE('',#2123,#477);
#292=LINE('',#2125,#478);
#293=LINE('',#2127,#479);
#294=LINE('',#2129,#480);
#295=LINE('',#2130,#481);
#296=LINE('',#2137,#482);
#297=LINE('',#2139,#483);
#298=LINE('',#2140,#484);
#299=LINE('',#2144,#485);
#300=LINE('',#2146,#486);
#301=LINE('',#2148,#487);
#302=LINE('',#2149,#488);
#303=LINE('',#2151,#489);
#304=LINE('',#2152,#490);
#305=LINE('',#2155,#491);
#306=LINE('',#2156,#492);
#307=LINE('',#2159,#493);
#308=LINE('',#2160,#494);
#309=LINE('',#2161,#495);
#310=LINE('',#2164,#496);
#311=LINE('',#2166,#497);
#312=LINE('',#2167,#498);
#313=LINE('',#2169,#499);
#314=LINE('',#2170,#500);
#315=LINE('',#2173,#501);
#316=LINE('',#2175,#502);
#317=LINE('',#2177,#503);
#318=LINE('',#2179,#504);
#319=LINE('',#2180,#505);
#320=LINE('',#2183,#506);
#321=LINE('',#2184,#507);
#322=LINE('',#2187,#508);
#323=LINE('',#2189,#509);
#324=LINE('',#2191,#510);
#325=LINE('',#2192,#511);
#326=LINE('',#2193,#512);
#327=LINE('',#2195,#513);
#328=LINE('',#2197,#514);
#329=LINE('',#2198,#515);
#330=LINE('',#2202,#516);
#331=LINE('',#2203,#517);
#332=LINE('',#2205,#518);
#333=LINE('',#2209,#519);
#334=LINE('',#2214,#520);
#335=LINE('',#2218,#521);
#336=LINE('',#2221,#522);
#337=LINE('',#2224,#523);
#338=LINE('',#2227,#524);
#339=LINE('',#2229,#525);
#340=LINE('',#2231,#526);
#341=LINE('',#2233,#527);
#342=LINE('',#2236,#528);
#343=LINE('',#2237,#529);
#344=LINE('',#2240,#530);
#345=LINE('',#2241,#531);
#346=LINE('',#2243,#532);
#347=LINE('',#2247,#533);
#348=LINE('',#2254,#534);
#349=LINE('',#2258,#535);
#350=LINE('',#2261,#536);
#351=LINE('',#2262,#537);
#352=LINE('',#2265,#538);
#353=LINE('',#2267,#539);
#354=LINE('',#2268,#540);
#355=LINE('',#2270,#541);
#356=LINE('',#2273,#542);
#357=LINE('',#2275,#543);
#358=LINE('',#2279,#544);
#359=LINE('',#2280,#545);
#360=LINE('',#2281,#546);
#361=LINE('',#2284,#547);
#362=LINE('',#2286,#548);
#363=LINE('',#2288,#549);
#364=LINE('',#2289,#550);
#365=LINE('',#2292,#551);
#366=LINE('',#2294,#552);
#367=LINE('',#2296,#553);
#368=LINE('',#2298,#554);
#369=LINE('',#2300,#555);
#370=LINE('',#2302,#556);
#371=LINE('',#2303,#557);
#372=LINE('',#2305,#558);
#373=LINE('',#2306,#559);
#374=LINE('',#2308,#560);
#375=LINE('',#2311,#561);
#376=LINE('',#2313,#562);
#377=LINE('',#2314,#563);
#378=LINE('',#2318,#564);
#379=LINE('',#2319,#565);
#380=LINE('',#2320,#566);
#381=LINE('',#2323,#567);
#382=LINE('',#2324,#568);
#383=LINE('',#2326,#569);
#384=LINE('',#2327,#570);
#385=LINE('',#2329,#571);
#386=LINE('',#2331,#572);
#387=LINE('',#2335,#573);
#388=LINE('',#2336,#574);
#389=LINE('',#2338,#575);
#390=LINE('',#2340,#576);
#391=LINE('',#2344,#577);
#392=LINE('',#2348,#578);
#393=LINE('',#2350,#579);
#394=LINE('',#2351,#580);
#395=LINE('',#2353,#581);
#396=LINE('',#2355,#582);
#397=LINE('',#2358,#583);
#398=LINE('',#2362,#584);
#399=VECTOR('',#1581,10.);
#400=VECTOR('',#1582,10.);
#401=VECTOR('',#1583,10.);
#402=VECTOR('',#1584,10.);
#403=VECTOR('',#1585,10.);
#404=VECTOR('',#1586,10.);
#405=VECTOR('',#1587,10.);
#406=VECTOR('',#1588,10.);
#407=VECTOR('',#1589,10.);
#408=VECTOR('',#1590,10.);
#409=VECTOR('',#1593,10.);
#410=VECTOR('',#1594,10.);
#411=VECTOR('',#1595,10.);
#412=VECTOR('',#1598,10.);
#413=VECTOR('',#1599,10.);
#414=VECTOR('',#1602,10.);
#415=VECTOR('',#1603,10.);
#416=VECTOR('',#1606,10.);
#417=VECTOR('',#1607,10.);
#418=VECTOR('',#1608,10.);
#419=VECTOR('',#1613,1.50000000000002);
#420=VECTOR('',#1620,10.);
#421=VECTOR('',#1621,10.);
#422=VECTOR('',#1622,10.);
#423=VECTOR('',#1623,10.);
#424=VECTOR('',#1624,10.);
#425=VECTOR('',#1625,10.);
#426=VECTOR('',#1628,10.);
#427=VECTOR('',#1629,10.);
#428=VECTOR('',#1630,10.);
#429=VECTOR('',#1631,10.);
#430=VECTOR('',#1632,10.);
#431=VECTOR('',#1633,10.);
#432=VECTOR('',#1636,10.);
#433=VECTOR('',#1637,10.);
#434=VECTOR('',#1638,10.);
#435=VECTOR('',#1639,10.);
#436=VECTOR('',#1640,10.);
#437=VECTOR('',#1641,10.);
#438=VECTOR('',#1642,10.);
#439=VECTOR('',#1643,10.);
#440=VECTOR('',#1644,10.);
#441=VECTOR('',#1645,10.);
#442=VECTOR('',#1646,10.);
#443=VECTOR('',#1647,10.);
#444=VECTOR('',#1648,10.);
#445=VECTOR('',#1649,10.);
#446=VECTOR('',#1650,10.);
#447=VECTOR('',#1651,10.);
#448=VECTOR('',#1652,10.);
#449=VECTOR('',#1653,10.);
#450=VECTOR('',#1654,10.);
#451=VECTOR('',#1655,10.);
#452=VECTOR('',#1660,10.);
#453=VECTOR('',#1661,10.);
#454=VECTOR('',#1662,10.);
#455=VECTOR('',#1665,10.);
#456=VECTOR('',#1666,10.);
#457=VECTOR('',#1671,7.52582558807985);
#458=VECTOR('',#1676,10.);
#459=VECTOR('',#1677,10.);
#460=VECTOR('',#1678,10.);
#461=VECTOR('',#1679,10.);
#462=VECTOR('',#1682,10.);
#463=VECTOR('',#1683,10.);
#464=VECTOR('',#1684,10.);
#465=VECTOR('',#1685,10.);
#466=VECTOR('',#1686,10.);
#467=VECTOR('',#1687,10.);
#468=VECTOR('',#1688,10.);
#469=VECTOR('',#1689,10.);
#470=VECTOR('',#1690,10.);
#471=VECTOR('',#1691,10.);
#472=VECTOR('',#1692,10.);
#473=VECTOR('',#1693,10.);
#474=VECTOR('',#1694,10.);
#475=VECTOR('',#1695,10.);
#476=VECTOR('',#1696,10.);
#477=VECTOR('',#1697,10.);
#478=VECTOR('',#1698,10.);
#479=VECTOR('',#1699,10.);
#480=VECTOR('',#1700,10.);
#481=VECTOR('',#1701,10.);
#482=VECTOR('',#1708,10.);
#483=VECTOR('',#1709,10.);
#484=VECTOR('',#1710,10.);
#485=VECTOR('',#1713,10.);
#486=VECTOR('',#1714,10.);
#487=VECTOR('',#1715,10.);
#488=VECTOR('',#1716,10.);
#489=VECTOR('',#1719,10.);
#490=VECTOR('',#1720,10.);
#491=VECTOR('',#1723,10.);
#492=VECTOR('',#1724,10.);
#493=VECTOR('',#1727,10.);
#494=VECTOR('',#1728,10.);
#495=VECTOR('',#1729,10.);
#496=VECTOR('',#1732,10.);
#497=VECTOR('',#1733,10.);
#498=VECTOR('',#1734,10.);
#499=VECTOR('',#1737,10.);
#500=VECTOR('',#1738,10.);
#501=VECTOR('',#1741,10.);
#502=VECTOR('',#1742,10.);
#503=VECTOR('',#1743,10.);
#504=VECTOR('',#1744,10.);
#505=VECTOR('',#1745,10.);
#506=VECTOR('',#1748,10.);
#507=VECTOR('',#1749,10.);
#508=VECTOR('',#1752,10.);
#509=VECTOR('',#1753,10.);
#510=VECTOR('',#1754,10.);
#511=VECTOR('',#1755,10.);
#512=VECTOR('',#1756,10.);
#513=VECTOR('',#1759,10.);
#514=VECTOR('',#1760,10.);
#515=VECTOR('',#1761,10.);
#516=VECTOR('',#1766,10.);
#517=VECTOR('',#1767,10.);
#518=VECTOR('',#1770,10.);
#519=VECTOR('',#1773,10.);
#520=VECTOR('',#1778,10.);
#521=VECTOR('',#1783,10.);
#522=VECTOR('',#1786,10.);
#523=VECTOR('',#1789,10.);
#524=VECTOR('',#1792,10.);
#525=VECTOR('',#1795,10.);
#526=VECTOR('',#1798,10.);
#527=VECTOR('',#1801,10.);
#528=VECTOR('',#1804,10.);
#529=VECTOR('',#1805,10.);
#530=VECTOR('',#1808,10.);
#531=VECTOR('',#1809,10.);
#532=VECTOR('',#1812,10.);
#533=VECTOR('',#1817,7.52582558807985);
#534=VECTOR('',#1826,1.49999999999999);
#535=VECTOR('',#1831,1.5);
#536=VECTOR('',#1836,10.);
#537=VECTOR('',#1837,10.);
#538=VECTOR('',#1840,10.);
#539=VECTOR('',#1841,10.);
#540=VECTOR('',#1842,10.);
#541=VECTOR('',#1845,10.);
#542=VECTOR('',#1850,10.);
#543=VECTOR('',#1853,10.);
#544=VECTOR('',#1856,10.);
#545=VECTOR('',#1857,10.);
#546=VECTOR('',#1858,10.);
#547=VECTOR('',#1861,10.);
#548=VECTOR('',#1862,10.);
#549=VECTOR('',#1863,10.);
#550=VECTOR('',#1864,10.);
#551=VECTOR('',#1867,10.);
#552=VECTOR('',#1868,10.);
#553=VECTOR('',#1869,10.);
#554=VECTOR('',#1870,10.);
#555=VECTOR('',#1871,10.);
#556=VECTOR('',#1872,10.);
#557=VECTOR('',#1873,10.);
#558=VECTOR('',#1874,10.);
#559=VECTOR('',#1875,10.);
#560=VECTOR('',#1878,10.);
#561=VECTOR('',#1881,10.);
#562=VECTOR('',#1882,10.);
#563=VECTOR('',#1883,10.);
#564=VECTOR('',#1886,10.);
#565=VECTOR('',#1887,10.);
#566=VECTOR('',#1888,10.);
#567=VECTOR('',#1891,10.);
#568=VECTOR('',#1892,10.);
#569=VECTOR('',#1895,10.);
#570=VECTOR('',#1896,10.);
#571=VECTOR('',#1899,10.);
#572=VECTOR('',#1902,10.);
#573=VECTOR('',#1907,10.);
#574=VECTOR('',#1908,10.);
#575=VECTOR('',#1911,10.);
#576=VECTOR('',#1914,10.);
#577=VECTOR('',#1919,10.);
#578=VECTOR('',#1926,6.00000000000001);
#579=VECTOR('',#1929,10.);
#580=VECTOR('',#1930,10.);
#581=VECTOR('',#1933,10.);
#582=VECTOR('',#1936,10.);
#583=VECTOR('',#1941,10.);
#584=VECTOR('',#1948,10.);
#585=VERTEX_POINT('',#1953);
#586=VERTEX_POINT('',#1954);
#587=VERTEX_POINT('',#1956);
#588=VERTEX_POINT('',#1958);
#589=VERTEX_POINT('',#1960);
#590=VERTEX_POINT('',#1962);
#591=VERTEX_POINT('',#1964);
#592=VERTEX_POINT('',#1966);
#593=VERTEX_POINT('',#1968);
#594=VERTEX_POINT('',#1970);
#595=VERTEX_POINT('',#1974);
#596=VERTEX_POINT('',#1976);
#597=VERTEX_POINT('',#1980);
#598=VERTEX_POINT('',#1984);
#599=VERTEX_POINT('',#1988);
#600=VERTEX_POINT('',#1990);
#601=VERTEX_POINT('',#1994);
#602=VERTEX_POINT('',#1996);
#603=VERTEX_POINT('',#2001);
#604=VERTEX_POINT('',#2002);
#605=VERTEX_POINT('',#2004);
#606=VERTEX_POINT('',#2006);
#607=VERTEX_POINT('',#2008);
#608=VERTEX_POINT('',#2010);
#609=VERTEX_POINT('',#2014);
#610=VERTEX_POINT('',#2015);
#611=VERTEX_POINT('',#2017);
#612=VERTEX_POINT('',#2019);
#613=VERTEX_POINT('',#2021);
#614=VERTEX_POINT('',#2023);
#615=VERTEX_POINT('',#2028);
#616=VERTEX_POINT('',#2030);
#617=VERTEX_POINT('',#2032);
#618=VERTEX_POINT('',#2034);
#619=VERTEX_POINT('',#2036);
#620=VERTEX_POINT('',#2038);
#621=VERTEX_POINT('',#2040);
#622=VERTEX_POINT('',#2042);
#623=VERTEX_POINT('',#2044);
#624=VERTEX_POINT('',#2046);
#625=VERTEX_POINT('',#2048);
#626=VERTEX_POINT('',#2050);
#627=VERTEX_POINT('',#2052);
#628=VERTEX_POINT('',#2054);
#629=VERTEX_POINT('',#2056);
#630=VERTEX_POINT('',#2058);
#631=VERTEX_POINT('',#2060);
#632=VERTEX_POINT('',#2062);
#633=VERTEX_POINT('',#2065);
#634=VERTEX_POINT('',#2068);
#635=VERTEX_POINT('',#2070);
#636=VERTEX_POINT('',#2074);
#637=VERTEX_POINT('',#2078);
#638=VERTEX_POINT('',#2080);
#639=VERTEX_POINT('',#2084);
#640=VERTEX_POINT('',#2085);
#641=VERTEX_POINT('',#2087);
#642=VERTEX_POINT('',#2089);
#643=VERTEX_POINT('',#2093);
#644=VERTEX_POINT('',#2094);
#645=VERTEX_POINT('',#2096);
#646=VERTEX_POINT('',#2099);
#647=VERTEX_POINT('',#2101);
#648=VERTEX_POINT('',#2103);
#649=VERTEX_POINT('',#2105);
#650=VERTEX_POINT('',#2108);
#651=VERTEX_POINT('',#2110);
#652=VERTEX_POINT('',#2112);
#653=VERTEX_POINT('',#2114);
#654=VERTEX_POINT('',#2116);
#655=VERTEX_POINT('',#2118);
#656=VERTEX_POINT('',#2120);
#657=VERTEX_POINT('',#2122);
#658=VERTEX_POINT('',#2124);
#659=VERTEX_POINT('',#2126);
#660=VERTEX_POINT('',#2128);
#661=VERTEX_POINT('',#2131);
#662=VERTEX_POINT('',#2133);
#663=VERTEX_POINT('',#2136);
#664=VERTEX_POINT('',#2138);
#665=VERTEX_POINT('',#2142);
#666=VERTEX_POINT('',#2143);
#667=VERTEX_POINT('',#2145);
#668=VERTEX_POINT('',#2147);
#669=VERTEX_POINT('',#2154);
#670=VERTEX_POINT('',#2158);
#671=VERTEX_POINT('',#2163);
#672=VERTEX_POINT('',#2165);
#673=VERTEX_POINT('',#2172);
#674=VERTEX_POINT('',#2174);
#675=VERTEX_POINT('',#2176);
#676=VERTEX_POINT('',#2178);
#677=VERTEX_POINT('',#2182);
#678=VERTEX_POINT('',#2186);
#679=VERTEX_POINT('',#2188);
#680=VERTEX_POINT('',#2190);
#681=VERTEX_POINT('',#2196);
#682=VERTEX_POINT('',#2201);
#683=VERTEX_POINT('',#2207);
#684=VERTEX_POINT('',#2208);
#685=VERTEX_POINT('',#2212);
#686=VERTEX_POINT('',#2213);
#687=VERTEX_POINT('',#2217);
#688=VERTEX_POINT('',#2219);
#689=VERTEX_POINT('',#2223);
#690=VERTEX_POINT('',#2225);
#691=VERTEX_POINT('',#2235);
#692=VERTEX_POINT('',#2239);
#693=VERTEX_POINT('',#2246);
#694=VERTEX_POINT('',#2250);
#695=VERTEX_POINT('',#2253);
#696=VERTEX_POINT('',#2257);
#697=VERTEX_POINT('',#2264);
#698=VERTEX_POINT('',#2266);
#699=VERTEX_POINT('',#2277);
#700=VERTEX_POINT('',#2278);
#701=VERTEX_POINT('',#2283);
#702=VERTEX_POINT('',#2285);
#703=VERTEX_POINT('',#2287);
#704=VERTEX_POINT('',#2291);
#705=VERTEX_POINT('',#2293);
#706=VERTEX_POINT('',#2295);
#707=VERTEX_POINT('',#2297);
#708=VERTEX_POINT('',#2299);
#709=VERTEX_POINT('',#2301);
#710=VERTEX_POINT('',#2304);
#711=VERTEX_POINT('',#2310);
#712=VERTEX_POINT('',#2312);
#713=VERTEX_POINT('',#2316);
#714=VERTEX_POINT('',#2317);
#715=VERTEX_POINT('',#2322);
#716=VERTEX_POINT('',#2334);
#717=VERTEX_POINT('',#2342);
#718=EDGE_CURVE('',#585,#586,#213,.T.);
#719=EDGE_CURVE('',#585,#587,#214,.T.);
#720=EDGE_CURVE('',#587,#588,#215,.T.);
#721=EDGE_CURVE('',#588,#589,#216,.T.);
#722=EDGE_CURVE('',#589,#590,#217,.T.);
#723=EDGE_CURVE('',#590,#591,#218,.T.);
#724=EDGE_CURVE('',#591,#592,#219,.T.);
#725=EDGE_CURVE('',#593,#592,#220,.T.);
#726=EDGE_CURVE('',#594,#593,#221,.T.);
#727=EDGE_CURVE('',#586,#594,#222,.T.);
#728=EDGE_CURVE('',#586,#595,#223,.T.);
#729=EDGE_CURVE('',#596,#595,#224,.T.);
#730=EDGE_CURVE('',#585,#596,#225,.T.);
#731=EDGE_CURVE('',#597,#594,#226,.T.);
#732=EDGE_CURVE('',#595,#597,#227,.T.);
#733=EDGE_CURVE('',#598,#593,#228,.T.);
#734=EDGE_CURVE('',#597,#598,#229,.T.);
#735=EDGE_CURVE('',#598,#599,#230,.T.);
#736=EDGE_CURVE('',#599,#600,#231,.T.);
#737=EDGE_CURVE('',#600,#596,#232,.T.);
#738=EDGE_CURVE('',#601,#601,#25,.T.);
#739=EDGE_CURVE('',#601,#602,#233,.T.);
#740=EDGE_CURVE('',#602,#602,#26,.T.);
#741=EDGE_CURVE('',#603,#604,#234,.F.);
#742=EDGE_CURVE('',#604,#605,#235,.T.);
#743=EDGE_CURVE('',#605,#606,#236,.T.);
#744=EDGE_CURVE('',#606,#607,#237,.T.);
#745=EDGE_CURVE('',#607,#608,#238,.F.);
#746=EDGE_CURVE('',#603,#608,#239,.T.);
#747=EDGE_CURVE('',#609,#610,#240,.T.);
#748=EDGE_CURVE('',#609,#611,#241,.T.);
#749=EDGE_CURVE('',#611,#612,#242,.T.);
#750=EDGE_CURVE('',#612,#613,#243,.T.);
#751=EDGE_CURVE('',#613,#614,#244,.T.);
#752=EDGE_CURVE('',#614,#610,#245,.T.);
#753=EDGE_CURVE('',#610,#608,#246,.T.);
#754=EDGE_CURVE('',#615,#607,#247,.T.);
#755=EDGE_CURVE('',#615,#616,#248,.T.);
#756=EDGE_CURVE('',#616,#617,#249,.T.);
#757=EDGE_CURVE('',#618,#617,#250,.T.);
#758=EDGE_CURVE('',#618,#619,#251,.T.);
#759=EDGE_CURVE('',#620,#619,#252,.T.);
#760=EDGE_CURVE('',#620,#621,#253,.T.);
#761=EDGE_CURVE('',#622,#621,#254,.T.);
#762=EDGE_CURVE('',#623,#622,#255,.T.);
#763=EDGE_CURVE('',#624,#623,#256,.T.);
#764=EDGE_CURVE('',#625,#624,#257,.T.);
#765=EDGE_CURVE('',#626,#625,#258,.T.);
#766=EDGE_CURVE('',#627,#626,#259,.T.);
#767=EDGE_CURVE('',#628,#627,#260,.T.);
#768=EDGE_CURVE('',#628,#629,#261,.T.);
#769=EDGE_CURVE('',#629,#630,#262,.T.);
#770=EDGE_CURVE('',#631,#630,#263,.T.);
#771=EDGE_CURVE('',#631,#632,#264,.T.);
#772=EDGE_CURVE('',#632,#609,#265,.T.);
#773=EDGE_CURVE('',#633,#633,#27,.T.);
#774=EDGE_CURVE('',#634,#631,#266,.T.);
#775=EDGE_CURVE('',#630,#635,#267,.T.);
#776=EDGE_CURVE('',#634,#635,#268,.T.);
#777=EDGE_CURVE('',#634,#636,#269,.T.);
#778=EDGE_CURVE('',#636,#632,#270,.T.);
#779=EDGE_CURVE('',#637,#637,#28,.T.);
#780=EDGE_CURVE('',#637,#638,#271,.T.);
#781=EDGE_CURVE('',#638,#638,#29,.T.);
#782=EDGE_CURVE('',#639,#640,#272,.T.);
#783=EDGE_CURVE('',#641,#639,#273,.T.);
#784=EDGE_CURVE('',#642,#641,#274,.T.);
#785=EDGE_CURVE('',#640,#642,#275,.T.);
#786=EDGE_CURVE('',#643,#644,#276,.T.);
#787=EDGE_CURVE('',#644,#645,#277,.T.);
#788=EDGE_CURVE('',#645,#642,#278,.T.);
#789=EDGE_CURVE('',#646,#641,#279,.T.);
#790=EDGE_CURVE('',#647,#646,#280,.T.);
#791=EDGE_CURVE('',#648,#647,#281,.T.);
#792=EDGE_CURVE('',#649,#648,#282,.T.);
#793=EDGE_CURVE('',#636,#649,#283,.T.);
#794=EDGE_CURVE('',#635,#650,#284,.T.);
#795=EDGE_CURVE('',#650,#651,#285,.T.);
#796=EDGE_CURVE('',#651,#652,#286,.T.);
#797=EDGE_CURVE('',#652,#653,#287,.T.);
#798=EDGE_CURVE('',#653,#654,#288,.T.);
#799=EDGE_CURVE('',#654,#655,#289,.T.);
#800=EDGE_CURVE('',#655,#656,#290,.T.);
#801=EDGE_CURVE('',#656,#657,#291,.T.);
#802=EDGE_CURVE('',#657,#658,#292,.T.);
#803=EDGE_CURVE('',#658,#659,#293,.T.);
#804=EDGE_CURVE('',#659,#660,#294,.T.);
#805=EDGE_CURVE('',#660,#643,#295,.T.);
#806=EDGE_CURVE('',#661,#661,#30,.T.);
#807=EDGE_CURVE('',#662,#662,#31,.T.);
#808=EDGE_CURVE('',#646,#663,#296,.T.);
#809=EDGE_CURVE('',#664,#663,#297,.T.);
#810=EDGE_CURVE('',#647,#664,#298,.T.);
#811=EDGE_CURVE('',#665,#666,#299,.T.);
#812=EDGE_CURVE('',#665,#667,#300,.T.);
#813=EDGE_CURVE('',#668,#667,#301,.T.);
#814=EDGE_CURVE('',#666,#668,#302,.T.);
#815=EDGE_CURVE('',#666,#639,#303,.T.);
#816=EDGE_CURVE('',#663,#668,#304,.T.);
#817=EDGE_CURVE('',#669,#664,#305,.T.);
#818=EDGE_CURVE('',#648,#669,#306,.T.);
#819=EDGE_CURVE('',#670,#587,#307,.T.);
#820=EDGE_CURVE('',#670,#669,#308,.T.);
#821=EDGE_CURVE('',#667,#588,#309,.T.);
#822=EDGE_CURVE('',#592,#671,#310,.T.);
#823=EDGE_CURVE('',#672,#671,#311,.T.);
#824=EDGE_CURVE('',#599,#672,#312,.T.);
#825=EDGE_CURVE('',#670,#649,#313,.T.);
#826=EDGE_CURVE('',#611,#600,#314,.T.);
#827=EDGE_CURVE('',#673,#615,#315,.T.);
#828=EDGE_CURVE('',#674,#673,#316,.T.);
#829=EDGE_CURVE('',#675,#674,#317,.T.);
#830=EDGE_CURVE('',#676,#675,#318,.T.);
#831=EDGE_CURVE('',#616,#676,#319,.T.);
#832=EDGE_CURVE('',#676,#677,#320,.T.);
#833=EDGE_CURVE('',#617,#677,#321,.T.);
#834=EDGE_CURVE('',#678,#589,#322,.T.);
#835=EDGE_CURVE('',#679,#678,#323,.T.);
#836=EDGE_CURVE('',#680,#679,#324,.T.);
#837=EDGE_CURVE('',#677,#680,#325,.T.);
#838=EDGE_CURVE('',#590,#675,#326,.T.);
#839=EDGE_CURVE('',#674,#591,#327,.T.);
#840=EDGE_CURVE('',#681,#673,#328,.T.);
#841=EDGE_CURVE('',#671,#681,#329,.T.);
#842=EDGE_CURVE('',#682,#681,#330,.T.);
#843=EDGE_CURVE('',#672,#682,#331,.T.);
#844=EDGE_CURVE('',#678,#665,#332,.T.);
#845=EDGE_CURVE('',#683,#684,#333,.T.);
#846=EDGE_CURVE('',#684,#683,#32,.T.);
#847=EDGE_CURVE('',#685,#686,#334,.T.);
#848=EDGE_CURVE('',#686,#685,#33,.T.);
#849=EDGE_CURVE('',#685,#687,#335,.T.);
#850=EDGE_CURVE('',#688,#687,#34,.T.);
#851=EDGE_CURVE('',#688,#686,#336,.T.);
#852=EDGE_CURVE('',#683,#689,#337,.T.);
#853=EDGE_CURVE('',#690,#689,#35,.T.);
#854=EDGE_CURVE('',#690,#684,#338,.T.);
#855=EDGE_CURVE('',#687,#688,#339,.T.);
#856=EDGE_CURVE('',#682,#606,#340,.T.);
#857=EDGE_CURVE('',#603,#614,#341,.T.);
#858=EDGE_CURVE('',#691,#613,#342,.T.);
#859=EDGE_CURVE('',#604,#691,#343,.T.);
#860=EDGE_CURVE('',#692,#691,#344,.T.);
#861=EDGE_CURVE('',#605,#692,#345,.T.);
#862=EDGE_CURVE('',#692,#612,#346,.T.);
#863=EDGE_CURVE('',#633,#693,#347,.T.);
#864=EDGE_CURVE('',#693,#693,#36,.T.);
#865=EDGE_CURVE('',#694,#694,#37,.T.);
#866=EDGE_CURVE('',#661,#695,#348,.T.);
#867=EDGE_CURVE('',#695,#695,#38,.T.);
#868=EDGE_CURVE('',#662,#696,#349,.T.);
#869=EDGE_CURVE('',#696,#696,#39,.T.);
#870=EDGE_CURVE('',#643,#620,#350,.T.);
#871=EDGE_CURVE('',#619,#644,#351,.T.);
#872=EDGE_CURVE('',#697,#660,#352,.T.);
#873=EDGE_CURVE('',#698,#697,#353,.T.);
#874=EDGE_CURVE('',#698,#621,#354,.T.);
#875=EDGE_CURVE('',#640,#679,#355,.T.);
#876=EDGE_CURVE('',#618,#645,#356,.T.);
#877=EDGE_CURVE('',#629,#650,#357,.T.);
#878=EDGE_CURVE('',#699,#700,#358,.T.);
#879=EDGE_CURVE('',#651,#699,#359,.T.);
#880=EDGE_CURVE('',#700,#628,#360,.T.);
#881=EDGE_CURVE('',#701,#699,#361,.T.);
#882=EDGE_CURVE('',#701,#702,#362,.T.);
#883=EDGE_CURVE('',#703,#702,#363,.T.);
#884=EDGE_CURVE('',#703,#652,#364,.T.);
#885=EDGE_CURVE('',#700,#704,#365,.T.);
#886=EDGE_CURVE('',#704,#705,#366,.T.);
#887=EDGE_CURVE('',#705,#706,#367,.T.);
#888=EDGE_CURVE('',#706,#707,#368,.T.);
#889=EDGE_CURVE('',#707,#708,#369,.T.);
#890=EDGE_CURVE('',#708,#709,#370,.T.);
#891=EDGE_CURVE('',#709,#698,#371,.T.);
#892=EDGE_CURVE('',#697,#710,#372,.T.);
#893=EDGE_CURVE('',#710,#701,#373,.T.);
#894=EDGE_CURVE('',#704,#627,#374,.T.);
#895=EDGE_CURVE('',#711,#702,#375,.T.);
#896=EDGE_CURVE('',#712,#711,#376,.T.);
#897=EDGE_CURVE('',#703,#712,#377,.T.);
#898=EDGE_CURVE('',#713,#714,#378,.T.);
#899=EDGE_CURVE('',#714,#658,#379,.T.);
#900=EDGE_CURVE('',#713,#657,#380,.T.);
#901=EDGE_CURVE('',#715,#713,#381,.T.);
#902=EDGE_CURVE('',#715,#656,#382,.T.);
#903=EDGE_CURVE('',#702,#715,#383,.T.);
#904=EDGE_CURVE('',#702,#655,#384,.T.);
#905=EDGE_CURVE('',#711,#654,#385,.T.);
#906=EDGE_CURVE('',#712,#653,#386,.T.);
#907=EDGE_CURVE('',#714,#716,#387,.T.);
#908=EDGE_CURVE('',#716,#659,#388,.T.);
#909=EDGE_CURVE('',#702,#716,#389,.T.);
#910=EDGE_CURVE('',#716,#710,#390,.T.);
#911=EDGE_CURVE('',#717,#717,#40,.T.);
#912=EDGE_CURVE('',#689,#690,#391,.T.);
#913=EDGE_CURVE('',#694,#717,#392,.T.);
#914=EDGE_CURVE('',#707,#624,#393,.T.);
#915=EDGE_CURVE('',#706,#625,#394,.T.);
#916=EDGE_CURVE('',#708,#623,#395,.T.);
#917=EDGE_CURVE('',#709,#622,#396,.T.);
#918=EDGE_CURVE('',#705,#626,#397,.T.);
#919=EDGE_CURVE('',#680,#618,#398,.T.);
#920=ORIENTED_EDGE('',*,*,#718,.F.);
#921=ORIENTED_EDGE('',*,*,#719,.T.);
#922=ORIENTED_EDGE('',*,*,#720,.T.);
#923=ORIENTED_EDGE('',*,*,#721,.T.);
#924=ORIENTED_EDGE('',*,*,#722,.T.);
#925=ORIENTED_EDGE('',*,*,#723,.T.);
#926=ORIENTED_EDGE('',*,*,#724,.T.);
#927=ORIENTED_EDGE('',*,*,#725,.F.);
#928=ORIENTED_EDGE('',*,*,#726,.F.);
#929=ORIENTED_EDGE('',*,*,#727,.F.);
#930=ORIENTED_EDGE('',*,*,#718,.T.);
#931=ORIENTED_EDGE('',*,*,#728,.T.);
#932=ORIENTED_EDGE('',*,*,#729,.F.);
#933=ORIENTED_EDGE('',*,*,#730,.F.);
#934=ORIENTED_EDGE('',*,*,#727,.T.);
#935=ORIENTED_EDGE('',*,*,#731,.F.);
#936=ORIENTED_EDGE('',*,*,#732,.F.);
#937=ORIENTED_EDGE('',*,*,#728,.F.);
#938=ORIENTED_EDGE('',*,*,#726,.T.);
#939=ORIENTED_EDGE('',*,*,#733,.F.);
#940=ORIENTED_EDGE('',*,*,#734,.F.);
#941=ORIENTED_EDGE('',*,*,#731,.T.);
#942=ORIENTED_EDGE('',*,*,#735,.T.);
#943=ORIENTED_EDGE('',*,*,#736,.T.);
#944=ORIENTED_EDGE('',*,*,#737,.T.);
#945=ORIENTED_EDGE('',*,*,#729,.T.);
#946=ORIENTED_EDGE('',*,*,#732,.T.);
#947=ORIENTED_EDGE('',*,*,#734,.T.);
#948=ORIENTED_EDGE('',*,*,#738,.F.);
#949=ORIENTED_EDGE('',*,*,#739,.T.);
#950=ORIENTED_EDGE('',*,*,#740,.T.);
#951=ORIENTED_EDGE('',*,*,#739,.F.);
#952=ORIENTED_EDGE('',*,*,#740,.F.);
#953=ORIENTED_EDGE('',*,*,#741,.T.);
#954=ORIENTED_EDGE('',*,*,#742,.T.);
#955=ORIENTED_EDGE('',*,*,#743,.T.);
#956=ORIENTED_EDGE('',*,*,#744,.T.);
#957=ORIENTED_EDGE('',*,*,#745,.T.);
#958=ORIENTED_EDGE('',*,*,#746,.F.);
#959=ORIENTED_EDGE('',*,*,#747,.F.);
#960=ORIENTED_EDGE('',*,*,#748,.T.);
#961=ORIENTED_EDGE('',*,*,#749,.T.);
#962=ORIENTED_EDGE('',*,*,#750,.T.);
#963=ORIENTED_EDGE('',*,*,#751,.T.);
#964=ORIENTED_EDGE('',*,*,#752,.T.);
#965=ORIENTED_EDGE('',*,*,#747,.T.);
#966=ORIENTED_EDGE('',*,*,#753,.T.);
#967=ORIENTED_EDGE('',*,*,#745,.F.);
#968=ORIENTED_EDGE('',*,*,#754,.F.);
#969=ORIENTED_EDGE('',*,*,#755,.T.);
#970=ORIENTED_EDGE('',*,*,#756,.T.);
#971=ORIENTED_EDGE('',*,*,#757,.F.);
#972=ORIENTED_EDGE('',*,*,#758,.T.);
#973=ORIENTED_EDGE('',*,*,#759,.F.);
#974=ORIENTED_EDGE('',*,*,#760,.T.);
#975=ORIENTED_EDGE('',*,*,#761,.F.);
#976=ORIENTED_EDGE('',*,*,#762,.F.);
#977=ORIENTED_EDGE('',*,*,#763,.F.);
#978=ORIENTED_EDGE('',*,*,#764,.F.);
#979=ORIENTED_EDGE('',*,*,#765,.F.);
#980=ORIENTED_EDGE('',*,*,#766,.F.);
#981=ORIENTED_EDGE('',*,*,#767,.F.);
#982=ORIENTED_EDGE('',*,*,#768,.T.);
#983=ORIENTED_EDGE('',*,*,#769,.T.);
#984=ORIENTED_EDGE('',*,*,#770,.F.);
#985=ORIENTED_EDGE('',*,*,#771,.T.);
#986=ORIENTED_EDGE('',*,*,#772,.T.);
#987=ORIENTED_EDGE('',*,*,#773,.F.);
#988=ORIENTED_EDGE('',*,*,#774,.T.);
#989=ORIENTED_EDGE('',*,*,#770,.T.);
#990=ORIENTED_EDGE('',*,*,#775,.T.);
#991=ORIENTED_EDGE('',*,*,#776,.F.);
#992=ORIENTED_EDGE('',*,*,#774,.F.);
#993=ORIENTED_EDGE('',*,*,#777,.T.);
#994=ORIENTED_EDGE('',*,*,#778,.T.);
#995=ORIENTED_EDGE('',*,*,#771,.F.);
#996=ORIENTED_EDGE('',*,*,#779,.F.);
#997=ORIENTED_EDGE('',*,*,#780,.T.);
#998=ORIENTED_EDGE('',*,*,#781,.F.);
#999=ORIENTED_EDGE('',*,*,#780,.F.);
#1000=ORIENTED_EDGE('',*,*,#782,.F.);
#1001=ORIENTED_EDGE('',*,*,#783,.F.);
#1002=ORIENTED_EDGE('',*,*,#784,.F.);
#1003=ORIENTED_EDGE('',*,*,#785,.F.);
#1004=ORIENTED_EDGE('',*,*,#786,.T.);
#1005=ORIENTED_EDGE('',*,*,#787,.T.);
#1006=ORIENTED_EDGE('',*,*,#788,.T.);
#1007=ORIENTED_EDGE('',*,*,#784,.T.);
#1008=ORIENTED_EDGE('',*,*,#789,.F.);
#1009=ORIENTED_EDGE('',*,*,#790,.F.);
#1010=ORIENTED_EDGE('',*,*,#791,.F.);
#1011=ORIENTED_EDGE('',*,*,#792,.F.);
#1012=ORIENTED_EDGE('',*,*,#793,.F.);
#1013=ORIENTED_EDGE('',*,*,#777,.F.);
#1014=ORIENTED_EDGE('',*,*,#776,.T.);
#1015=ORIENTED_EDGE('',*,*,#794,.T.);
#1016=ORIENTED_EDGE('',*,*,#795,.T.);
#1017=ORIENTED_EDGE('',*,*,#796,.T.);
#1018=ORIENTED_EDGE('',*,*,#797,.T.);
#1019=ORIENTED_EDGE('',*,*,#798,.T.);
#1020=ORIENTED_EDGE('',*,*,#799,.T.);
#1021=ORIENTED_EDGE('',*,*,#800,.T.);
#1022=ORIENTED_EDGE('',*,*,#801,.T.);
#1023=ORIENTED_EDGE('',*,*,#802,.T.);
#1024=ORIENTED_EDGE('',*,*,#803,.T.);
#1025=ORIENTED_EDGE('',*,*,#804,.T.);
#1026=ORIENTED_EDGE('',*,*,#805,.T.);
#1027=ORIENTED_EDGE('',*,*,#806,.T.);
#1028=ORIENTED_EDGE('',*,*,#807,.T.);
#1029=ORIENTED_EDGE('',*,*,#781,.T.);
#1030=ORIENTED_EDGE('',*,*,#790,.T.);
#1031=ORIENTED_EDGE('',*,*,#808,.T.);
#1032=ORIENTED_EDGE('',*,*,#809,.F.);
#1033=ORIENTED_EDGE('',*,*,#810,.F.);
#1034=ORIENTED_EDGE('',*,*,#811,.F.);
#1035=ORIENTED_EDGE('',*,*,#812,.T.);
#1036=ORIENTED_EDGE('',*,*,#813,.F.);
#1037=ORIENTED_EDGE('',*,*,#814,.F.);
#1038=ORIENTED_EDGE('',*,*,#783,.T.);
#1039=ORIENTED_EDGE('',*,*,#815,.F.);
#1040=ORIENTED_EDGE('',*,*,#814,.T.);
#1041=ORIENTED_EDGE('',*,*,#816,.F.);
#1042=ORIENTED_EDGE('',*,*,#808,.F.);
#1043=ORIENTED_EDGE('',*,*,#789,.T.);
#1044=ORIENTED_EDGE('',*,*,#791,.T.);
#1045=ORIENTED_EDGE('',*,*,#810,.T.);
#1046=ORIENTED_EDGE('',*,*,#817,.F.);
#1047=ORIENTED_EDGE('',*,*,#818,.F.);
#1048=ORIENTED_EDGE('',*,*,#819,.F.);
#1049=ORIENTED_EDGE('',*,*,#820,.T.);
#1050=ORIENTED_EDGE('',*,*,#817,.T.);
#1051=ORIENTED_EDGE('',*,*,#809,.T.);
#1052=ORIENTED_EDGE('',*,*,#816,.T.);
#1053=ORIENTED_EDGE('',*,*,#813,.T.);
#1054=ORIENTED_EDGE('',*,*,#821,.T.);
#1055=ORIENTED_EDGE('',*,*,#720,.F.);
#1056=ORIENTED_EDGE('',*,*,#738,.T.);
#1057=ORIENTED_EDGE('',*,*,#822,.T.);
#1058=ORIENTED_EDGE('',*,*,#823,.F.);
#1059=ORIENTED_EDGE('',*,*,#824,.F.);
#1060=ORIENTED_EDGE('',*,*,#735,.F.);
#1061=ORIENTED_EDGE('',*,*,#733,.T.);
#1062=ORIENTED_EDGE('',*,*,#725,.T.);
#1063=ORIENTED_EDGE('',*,*,#825,.F.);
#1064=ORIENTED_EDGE('',*,*,#819,.T.);
#1065=ORIENTED_EDGE('',*,*,#719,.F.);
#1066=ORIENTED_EDGE('',*,*,#730,.T.);
#1067=ORIENTED_EDGE('',*,*,#737,.F.);
#1068=ORIENTED_EDGE('',*,*,#826,.F.);
#1069=ORIENTED_EDGE('',*,*,#748,.F.);
#1070=ORIENTED_EDGE('',*,*,#772,.F.);
#1071=ORIENTED_EDGE('',*,*,#778,.F.);
#1072=ORIENTED_EDGE('',*,*,#793,.T.);
#1073=ORIENTED_EDGE('',*,*,#827,.F.);
#1074=ORIENTED_EDGE('',*,*,#828,.F.);
#1075=ORIENTED_EDGE('',*,*,#829,.F.);
#1076=ORIENTED_EDGE('',*,*,#830,.F.);
#1077=ORIENTED_EDGE('',*,*,#831,.F.);
#1078=ORIENTED_EDGE('',*,*,#755,.F.);
#1079=ORIENTED_EDGE('',*,*,#831,.T.);
#1080=ORIENTED_EDGE('',*,*,#832,.T.);
#1081=ORIENTED_EDGE('',*,*,#833,.F.);
#1082=ORIENTED_EDGE('',*,*,#756,.F.);
#1083=ORIENTED_EDGE('',*,*,#834,.F.);
#1084=ORIENTED_EDGE('',*,*,#835,.F.);
#1085=ORIENTED_EDGE('',*,*,#836,.F.);
#1086=ORIENTED_EDGE('',*,*,#837,.F.);
#1087=ORIENTED_EDGE('',*,*,#832,.F.);
#1088=ORIENTED_EDGE('',*,*,#830,.T.);
#1089=ORIENTED_EDGE('',*,*,#838,.F.);
#1090=ORIENTED_EDGE('',*,*,#722,.F.);
#1091=ORIENTED_EDGE('',*,*,#839,.F.);
#1092=ORIENTED_EDGE('',*,*,#828,.T.);
#1093=ORIENTED_EDGE('',*,*,#840,.F.);
#1094=ORIENTED_EDGE('',*,*,#841,.F.);
#1095=ORIENTED_EDGE('',*,*,#822,.F.);
#1096=ORIENTED_EDGE('',*,*,#724,.F.);
#1097=ORIENTED_EDGE('',*,*,#838,.T.);
#1098=ORIENTED_EDGE('',*,*,#829,.T.);
#1099=ORIENTED_EDGE('',*,*,#839,.T.);
#1100=ORIENTED_EDGE('',*,*,#723,.F.);
#1101=ORIENTED_EDGE('',*,*,#841,.T.);
#1102=ORIENTED_EDGE('',*,*,#842,.F.);
#1103=ORIENTED_EDGE('',*,*,#843,.F.);
#1104=ORIENTED_EDGE('',*,*,#823,.T.);
#1105=ORIENTED_EDGE('',*,*,#821,.F.);
#1106=ORIENTED_EDGE('',*,*,#812,.F.);
#1107=ORIENTED_EDGE('',*,*,#844,.F.);
#1108=ORIENTED_EDGE('',*,*,#834,.T.);
#1109=ORIENTED_EDGE('',*,*,#721,.F.);
#1110=ORIENTED_EDGE('',*,*,#845,.F.);
#1111=ORIENTED_EDGE('',*,*,#846,.F.);
#1112=ORIENTED_EDGE('',*,*,#847,.F.);
#1113=ORIENTED_EDGE('',*,*,#848,.F.);
#1114=ORIENTED_EDGE('',*,*,#848,.T.);
#1115=ORIENTED_EDGE('',*,*,#849,.T.);
#1116=ORIENTED_EDGE('',*,*,#850,.F.);
#1117=ORIENTED_EDGE('',*,*,#851,.T.);
#1118=ORIENTED_EDGE('',*,*,#846,.T.);
#1119=ORIENTED_EDGE('',*,*,#852,.T.);
#1120=ORIENTED_EDGE('',*,*,#853,.F.);
#1121=ORIENTED_EDGE('',*,*,#854,.T.);
#1122=ORIENTED_EDGE('',*,*,#847,.T.);
#1123=ORIENTED_EDGE('',*,*,#851,.F.);
#1124=ORIENTED_EDGE('',*,*,#855,.F.);
#1125=ORIENTED_EDGE('',*,*,#849,.F.);
#1126=ORIENTED_EDGE('',*,*,#744,.F.);
#1127=ORIENTED_EDGE('',*,*,#856,.F.);
#1128=ORIENTED_EDGE('',*,*,#842,.T.);
#1129=ORIENTED_EDGE('',*,*,#840,.T.);
#1130=ORIENTED_EDGE('',*,*,#827,.T.);
#1131=ORIENTED_EDGE('',*,*,#754,.T.);
#1132=ORIENTED_EDGE('',*,*,#753,.F.);
#1133=ORIENTED_EDGE('',*,*,#752,.F.);
#1134=ORIENTED_EDGE('',*,*,#857,.F.);
#1135=ORIENTED_EDGE('',*,*,#746,.T.);
#1136=ORIENTED_EDGE('',*,*,#857,.T.);
#1137=ORIENTED_EDGE('',*,*,#751,.F.);
#1138=ORIENTED_EDGE('',*,*,#858,.F.);
#1139=ORIENTED_EDGE('',*,*,#859,.F.);
#1140=ORIENTED_EDGE('',*,*,#741,.F.);
#1141=ORIENTED_EDGE('',*,*,#742,.F.);
#1142=ORIENTED_EDGE('',*,*,#859,.T.);
#1143=ORIENTED_EDGE('',*,*,#860,.F.);
#1144=ORIENTED_EDGE('',*,*,#861,.F.);
#1145=ORIENTED_EDGE('',*,*,#858,.T.);
#1146=ORIENTED_EDGE('',*,*,#750,.F.);
#1147=ORIENTED_EDGE('',*,*,#862,.F.);
#1148=ORIENTED_EDGE('',*,*,#860,.T.);
#1149=ORIENTED_EDGE('',*,*,#743,.F.);
#1150=ORIENTED_EDGE('',*,*,#861,.T.);
#1151=ORIENTED_EDGE('',*,*,#862,.T.);
#1152=ORIENTED_EDGE('',*,*,#749,.F.);
#1153=ORIENTED_EDGE('',*,*,#826,.T.);
#1154=ORIENTED_EDGE('',*,*,#736,.F.);
#1155=ORIENTED_EDGE('',*,*,#824,.T.);
#1156=ORIENTED_EDGE('',*,*,#843,.T.);
#1157=ORIENTED_EDGE('',*,*,#856,.T.);
#1158=ORIENTED_EDGE('',*,*,#773,.T.);
#1159=ORIENTED_EDGE('',*,*,#863,.T.);
#1160=ORIENTED_EDGE('',*,*,#864,.T.);
#1161=ORIENTED_EDGE('',*,*,#863,.F.);
#1162=ORIENTED_EDGE('',*,*,#864,.F.);
#1163=ORIENTED_EDGE('',*,*,#865,.F.);
#1164=ORIENTED_EDGE('',*,*,#806,.F.);
#1165=ORIENTED_EDGE('',*,*,#866,.T.);
#1166=ORIENTED_EDGE('',*,*,#867,.F.);
#1167=ORIENTED_EDGE('',*,*,#866,.F.);
#1168=ORIENTED_EDGE('',*,*,#807,.F.);
#1169=ORIENTED_EDGE('',*,*,#868,.T.);
#1170=ORIENTED_EDGE('',*,*,#869,.F.);
#1171=ORIENTED_EDGE('',*,*,#868,.F.);
#1172=ORIENTED_EDGE('',*,*,#870,.T.);
#1173=ORIENTED_EDGE('',*,*,#759,.T.);
#1174=ORIENTED_EDGE('',*,*,#871,.T.);
#1175=ORIENTED_EDGE('',*,*,#786,.F.);
#1176=ORIENTED_EDGE('',*,*,#870,.F.);
#1177=ORIENTED_EDGE('',*,*,#805,.F.);
#1178=ORIENTED_EDGE('',*,*,#872,.F.);
#1179=ORIENTED_EDGE('',*,*,#873,.F.);
#1180=ORIENTED_EDGE('',*,*,#874,.T.);
#1181=ORIENTED_EDGE('',*,*,#760,.F.);
#1182=ORIENTED_EDGE('',*,*,#835,.T.);
#1183=ORIENTED_EDGE('',*,*,#844,.T.);
#1184=ORIENTED_EDGE('',*,*,#811,.T.);
#1185=ORIENTED_EDGE('',*,*,#815,.T.);
#1186=ORIENTED_EDGE('',*,*,#782,.T.);
#1187=ORIENTED_EDGE('',*,*,#875,.T.);
#1188=ORIENTED_EDGE('',*,*,#792,.T.);
#1189=ORIENTED_EDGE('',*,*,#818,.T.);
#1190=ORIENTED_EDGE('',*,*,#820,.F.);
#1191=ORIENTED_EDGE('',*,*,#825,.T.);
#1192=ORIENTED_EDGE('',*,*,#871,.F.);
#1193=ORIENTED_EDGE('',*,*,#758,.F.);
#1194=ORIENTED_EDGE('',*,*,#876,.T.);
#1195=ORIENTED_EDGE('',*,*,#787,.F.);
#1196=ORIENTED_EDGE('',*,*,#775,.F.);
#1197=ORIENTED_EDGE('',*,*,#769,.F.);
#1198=ORIENTED_EDGE('',*,*,#877,.T.);
#1199=ORIENTED_EDGE('',*,*,#794,.F.);
#1200=ORIENTED_EDGE('',*,*,#878,.F.);
#1201=ORIENTED_EDGE('',*,*,#879,.F.);
#1202=ORIENTED_EDGE('',*,*,#795,.F.);
#1203=ORIENTED_EDGE('',*,*,#877,.F.);
#1204=ORIENTED_EDGE('',*,*,#768,.F.);
#1205=ORIENTED_EDGE('',*,*,#880,.F.);
#1206=ORIENTED_EDGE('',*,*,#879,.T.);
#1207=ORIENTED_EDGE('',*,*,#881,.F.);
#1208=ORIENTED_EDGE('',*,*,#882,.T.);
#1209=ORIENTED_EDGE('',*,*,#883,.F.);
#1210=ORIENTED_EDGE('',*,*,#884,.T.);
#1211=ORIENTED_EDGE('',*,*,#796,.F.);
#1212=ORIENTED_EDGE('',*,*,#878,.T.);
#1213=ORIENTED_EDGE('',*,*,#885,.T.);
#1214=ORIENTED_EDGE('',*,*,#886,.T.);
#1215=ORIENTED_EDGE('',*,*,#887,.T.);
#1216=ORIENTED_EDGE('',*,*,#888,.T.);
#1217=ORIENTED_EDGE('',*,*,#889,.T.);
#1218=ORIENTED_EDGE('',*,*,#890,.T.);
#1219=ORIENTED_EDGE('',*,*,#891,.T.);
#1220=ORIENTED_EDGE('',*,*,#873,.T.);
#1221=ORIENTED_EDGE('',*,*,#892,.T.);
#1222=ORIENTED_EDGE('',*,*,#893,.T.);
#1223=ORIENTED_EDGE('',*,*,#881,.T.);
#1224=ORIENTED_EDGE('',*,*,#880,.T.);
#1225=ORIENTED_EDGE('',*,*,#767,.T.);
#1226=ORIENTED_EDGE('',*,*,#894,.F.);
#1227=ORIENTED_EDGE('',*,*,#885,.F.);
#1228=ORIENTED_EDGE('',*,*,#883,.T.);
#1229=ORIENTED_EDGE('',*,*,#895,.F.);
#1230=ORIENTED_EDGE('',*,*,#896,.F.);
#1231=ORIENTED_EDGE('',*,*,#897,.F.);
#1232=ORIENTED_EDGE('',*,*,#869,.T.);
#1233=ORIENTED_EDGE('',*,*,#898,.T.);
#1234=ORIENTED_EDGE('',*,*,#899,.T.);
#1235=ORIENTED_EDGE('',*,*,#802,.F.);
#1236=ORIENTED_EDGE('',*,*,#900,.F.);
#1237=ORIENTED_EDGE('',*,*,#901,.T.);
#1238=ORIENTED_EDGE('',*,*,#900,.T.);
#1239=ORIENTED_EDGE('',*,*,#801,.F.);
#1240=ORIENTED_EDGE('',*,*,#902,.F.);
#1241=ORIENTED_EDGE('',*,*,#903,.T.);
#1242=ORIENTED_EDGE('',*,*,#902,.T.);
#1243=ORIENTED_EDGE('',*,*,#800,.F.);
#1244=ORIENTED_EDGE('',*,*,#904,.F.);
#1245=ORIENTED_EDGE('',*,*,#895,.T.);
#1246=ORIENTED_EDGE('',*,*,#904,.T.);
#1247=ORIENTED_EDGE('',*,*,#799,.F.);
#1248=ORIENTED_EDGE('',*,*,#905,.F.);
#1249=ORIENTED_EDGE('',*,*,#896,.T.);
#1250=ORIENTED_EDGE('',*,*,#905,.T.);
#1251=ORIENTED_EDGE('',*,*,#798,.F.);
#1252=ORIENTED_EDGE('',*,*,#906,.F.);
#1253=ORIENTED_EDGE('',*,*,#897,.T.);
#1254=ORIENTED_EDGE('',*,*,#906,.T.);
#1255=ORIENTED_EDGE('',*,*,#797,.F.);
#1256=ORIENTED_EDGE('',*,*,#884,.F.);
#1257=ORIENTED_EDGE('',*,*,#907,.T.);
#1258=ORIENTED_EDGE('',*,*,#908,.T.);
#1259=ORIENTED_EDGE('',*,*,#803,.F.);
#1260=ORIENTED_EDGE('',*,*,#899,.F.);
#1261=ORIENTED_EDGE('',*,*,#909,.T.);
#1262=ORIENTED_EDGE('',*,*,#907,.F.);
#1263=ORIENTED_EDGE('',*,*,#898,.F.);
#1264=ORIENTED_EDGE('',*,*,#901,.F.);
#1265=ORIENTED_EDGE('',*,*,#903,.F.);
#1266=ORIENTED_EDGE('',*,*,#867,.T.);
#1267=ORIENTED_EDGE('',*,*,#893,.F.);
#1268=ORIENTED_EDGE('',*,*,#910,.F.);
#1269=ORIENTED_EDGE('',*,*,#909,.F.);
#1270=ORIENTED_EDGE('',*,*,#882,.F.);
#1271=ORIENTED_EDGE('',*,*,#911,.F.);
#1272=ORIENTED_EDGE('',*,*,#853,.T.);
#1273=ORIENTED_EDGE('',*,*,#912,.T.);
#1274=ORIENTED_EDGE('',*,*,#845,.T.);
#1275=ORIENTED_EDGE('',*,*,#854,.F.);
#1276=ORIENTED_EDGE('',*,*,#912,.F.);
#1277=ORIENTED_EDGE('',*,*,#852,.F.);
#1278=ORIENTED_EDGE('',*,*,#779,.T.);
#1279=ORIENTED_EDGE('',*,*,#850,.T.);
#1280=ORIENTED_EDGE('',*,*,#855,.T.);
#1281=ORIENTED_EDGE('',*,*,#865,.T.);
#1282=ORIENTED_EDGE('',*,*,#913,.T.);
#1283=ORIENTED_EDGE('',*,*,#911,.T.);
#1284=ORIENTED_EDGE('',*,*,#913,.F.);
#1285=ORIENTED_EDGE('',*,*,#764,.T.);
#1286=ORIENTED_EDGE('',*,*,#914,.F.);
#1287=ORIENTED_EDGE('',*,*,#888,.F.);
#1288=ORIENTED_EDGE('',*,*,#915,.T.);
#1289=ORIENTED_EDGE('',*,*,#763,.T.);
#1290=ORIENTED_EDGE('',*,*,#916,.F.);
#1291=ORIENTED_EDGE('',*,*,#889,.F.);
#1292=ORIENTED_EDGE('',*,*,#914,.T.);
#1293=ORIENTED_EDGE('',*,*,#762,.T.);
#1294=ORIENTED_EDGE('',*,*,#917,.F.);
#1295=ORIENTED_EDGE('',*,*,#890,.F.);
#1296=ORIENTED_EDGE('',*,*,#916,.T.);
#1297=ORIENTED_EDGE('',*,*,#761,.T.);
#1298=ORIENTED_EDGE('',*,*,#874,.F.);
#1299=ORIENTED_EDGE('',*,*,#891,.F.);
#1300=ORIENTED_EDGE('',*,*,#917,.T.);
#1301=ORIENTED_EDGE('',*,*,#766,.T.);
#1302=ORIENTED_EDGE('',*,*,#918,.F.);
#1303=ORIENTED_EDGE('',*,*,#886,.F.);
#1304=ORIENTED_EDGE('',*,*,#894,.T.);
#1305=ORIENTED_EDGE('',*,*,#765,.T.);
#1306=ORIENTED_EDGE('',*,*,#915,.F.);
#1307=ORIENTED_EDGE('',*,*,#887,.F.);
#1308=ORIENTED_EDGE('',*,*,#918,.T.);
#1309=ORIENTED_EDGE('',*,*,#910,.T.);
#1310=ORIENTED_EDGE('',*,*,#892,.F.);
#1311=ORIENTED_EDGE('',*,*,#872,.T.);
#1312=ORIENTED_EDGE('',*,*,#804,.F.);
#1313=ORIENTED_EDGE('',*,*,#908,.F.);
#1314=ORIENTED_EDGE('',*,*,#836,.T.);
#1315=ORIENTED_EDGE('',*,*,#875,.F.);
#1316=ORIENTED_EDGE('',*,*,#785,.T.);
#1317=ORIENTED_EDGE('',*,*,#788,.F.);
#1318=ORIENTED_EDGE('',*,*,#876,.F.);
#1319=ORIENTED_EDGE('',*,*,#919,.F.);
#1320=ORIENTED_EDGE('',*,*,#837,.T.);
#1321=ORIENTED_EDGE('',*,*,#919,.T.);
#1322=ORIENTED_EDGE('',*,*,#757,.T.);
#1323=ORIENTED_EDGE('',*,*,#833,.T.);
#1324=PLANE('',#1484);
#1325=PLANE('',#1485);
#1326=PLANE('',#1486);
#1327=PLANE('',#1487);
#1328=PLANE('',#1488);
#1329=PLANE('',#1492);
#1330=PLANE('',#1493);
#1331=PLANE('',#1494);
#1332=PLANE('',#1495);
#1333=PLANE('',#1497);
#1334=PLANE('',#1498);
#1335=PLANE('',#1502);
#1336=PLANE('',#1503);
#1337=PLANE('',#1506);
#1338=PLANE('',#1507);
#1339=PLANE('',#1508);
#1340=PLANE('',#1509);
#1341=PLANE('',#1510);
#1342=PLANE('',#1511);
#1343=PLANE('',#1512);
#1344=PLANE('',#1513);
#1345=PLANE('',#1514);
#1346=PLANE('',#1515);
#1347=PLANE('',#1516);
#1348=PLANE('',#1517);
#1349=PLANE('',#1518);
#1350=PLANE('',#1519);
#1351=PLANE('',#1520);
#1352=PLANE('',#1522);
#1353=PLANE('',#1528);
#1354=PLANE('',#1529);
#1355=PLANE('',#1530);
#1356=PLANE('',#1531);
#1357=PLANE('',#1532);
#1358=PLANE('',#1533);
#1359=PLANE('',#1534);
#1360=PLANE('',#1537);
#1361=PLANE('',#1543);
#1362=PLANE('',#1544);
#1363=PLANE('',#1545);
#1364=PLANE('',#1546);
#1365=PLANE('',#1547);
#1366=PLANE('',#1548);
#1367=PLANE('',#1549);
#1368=PLANE('',#1550);
#1369=PLANE('',#1551);
#1370=PLANE('',#1552);
#1371=PLANE('',#1553);
#1372=PLANE('',#1554);
#1373=PLANE('',#1555);
#1374=PLANE('',#1556);
#1375=PLANE('',#1557);
#1376=PLANE('',#1558);
#1377=PLANE('',#1559);
#1378=PLANE('',#1560);
#1379=PLANE('',#1561);
#1380=PLANE('',#1562);
#1381=PLANE('',#1563);
#1382=PLANE('',#1565);
#1383=PLANE('',#1566);
#1384=PLANE('',#1568);
#1385=PLANE('',#1569);
#1386=PLANE('',#1570);
#1387=PLANE('',#1571);
#1388=PLANE('',#1572);
#1389=PLANE('',#1573);
#1390=PLANE('',#1574);
#1391=PLANE('',#1575);
#1392=PLANE('',#1576);
#1393=ADVANCED_FACE('',(#49),#1324,.T.);
#1394=ADVANCED_FACE('',(#50),#1325,.F.);
#1395=ADVANCED_FACE('',(#51),#1326,.T.);
#1396=ADVANCED_FACE('',(#52),#1327,.F.);
#1397=ADVANCED_FACE('',(#53),#1328,.T.);
#1398=ADVANCED_FACE('',(#54),#41,.F.);
#1399=ADVANCED_FACE('',(#55),#1329,.T.);
#1400=ADVANCED_FACE('',(#56),#1330,.T.);
#1401=ADVANCED_FACE('',(#57),#1331,.T.);
#1402=ADVANCED_FACE('',(#58,#15),#1332,.T.);
#1403=ADVANCED_FACE('',(#59),#1333,.T.);
#1404=ADVANCED_FACE('',(#60),#1334,.T.);
#1405=ADVANCED_FACE('',(#61),#42,.T.);
#1406=ADVANCED_FACE('',(#62),#1335,.T.);
#1407=ADVANCED_FACE('',(#63,#16,#17,#18),#1336,.T.);
#1408=ADVANCED_FACE('',(#64),#1337,.T.);
#1409=ADVANCED_FACE('',(#65),#1338,.T.);
#1410=ADVANCED_FACE('',(#66),#1339,.T.);
#1411=ADVANCED_FACE('',(#67),#1340,.T.);
#1412=ADVANCED_FACE('',(#68,#19),#1341,.T.);
#1413=ADVANCED_FACE('',(#69),#1342,.T.);
#1414=ADVANCED_FACE('',(#70),#1343,.T.);
#1415=ADVANCED_FACE('',(#71),#1344,.F.);
#1416=ADVANCED_FACE('',(#72),#1345,.T.);
#1417=ADVANCED_FACE('',(#73),#1346,.T.);
#1418=ADVANCED_FACE('',(#74),#1347,.T.);
#1419=ADVANCED_FACE('',(#75),#1348,.T.);
#1420=ADVANCED_FACE('',(#76),#1349,.T.);
#1421=ADVANCED_FACE('',(#77),#1350,.T.);
#1422=ADVANCED_FACE('',(#78),#1351,.T.);
#1423=ADVANCED_FACE('',(#79),#1352,.T.);
#1424=ADVANCED_FACE('',(#80),#43,.F.);
#1425=ADVANCED_FACE('',(#81),#44,.F.);
#1426=ADVANCED_FACE('',(#82),#1353,.T.);
#1427=ADVANCED_FACE('',(#83),#1354,.T.);
#1428=ADVANCED_FACE('',(#84),#1355,.T.);
#1429=ADVANCED_FACE('',(#85),#1356,.T.);
#1430=ADVANCED_FACE('',(#86),#1357,.T.);
#1431=ADVANCED_FACE('',(#87),#1358,.T.);
#1432=ADVANCED_FACE('',(#88),#1359,.F.);
#1433=ADVANCED_FACE('',(#89),#45,.F.);
#1434=ADVANCED_FACE('',(#90,#20),#1360,.F.);
#1435=ADVANCED_FACE('',(#91),#46,.F.);
#1436=ADVANCED_FACE('',(#92),#47,.F.);
#1437=ADVANCED_FACE('',(#93),#1361,.T.);
#1438=ADVANCED_FACE('',(#94),#1362,.T.);
#1439=ADVANCED_FACE('',(#95),#1363,.T.);
#1440=ADVANCED_FACE('',(#96),#1364,.T.);
#1441=ADVANCED_FACE('',(#97),#1365,.F.);
#1442=ADVANCED_FACE('',(#98),#1366,.T.);
#1443=ADVANCED_FACE('',(#99),#1367,.F.);
#1444=ADVANCED_FACE('',(#100),#1368,.T.);
#1445=ADVANCED_FACE('',(#101),#1369,.F.);
#1446=ADVANCED_FACE('',(#102),#1370,.T.);
#1447=ADVANCED_FACE('',(#103,#21),#1371,.F.);
#1448=ADVANCED_FACE('',(#104),#1372,.T.);
#1449=ADVANCED_FACE('',(#105),#1373,.T.);
#1450=ADVANCED_FACE('',(#106),#1374,.T.);
#1451=ADVANCED_FACE('',(#107),#1375,.T.);
#1452=ADVANCED_FACE('',(#108),#1376,.T.);
#1453=ADVANCED_FACE('',(#109),#1377,.T.);
#1454=ADVANCED_FACE('',(#110),#1378,.T.);
#1455=ADVANCED_FACE('',(#111,#22),#1379,.F.);
#1456=ADVANCED_FACE('',(#112),#1380,.F.);
#1457=ADVANCED_FACE('',(#113,#23),#1381,.F.);
#1458=ADVANCED_FACE('',(#114),#1382,.T.);
#1459=ADVANCED_FACE('',(#115,#24),#1383,.T.);
#1460=ADVANCED_FACE('',(#116),#48,.F.);
#1461=ADVANCED_FACE('',(#117),#1384,.T.);
#1462=ADVANCED_FACE('',(#118),#1385,.T.);
#1463=ADVANCED_FACE('',(#119),#1386,.T.);
#1464=ADVANCED_FACE('',(#120),#1387,.T.);
#1465=ADVANCED_FACE('',(#121),#1388,.T.);
#1466=ADVANCED_FACE('',(#122),#1389,.T.);
#1467=ADVANCED_FACE('',(#123),#1390,.T.);
#1468=ADVANCED_FACE('',(#124),#1391,.T.);
#1469=ADVANCED_FACE('',(#125),#1392,.T.);
#1470=CLOSED_SHELL('',(#1393,#1394,#1395,#1396,#1397,#1398,#1399,#1400,
#1401,#1402,#1403,#1404,#1405,#1406,#1407,#1408,#1409,#1410,#1411,#1412,
#1413,#1414,#1415,#1416,#1417,#1418,#1419,#1420,#1421,#1422,#1423,#1424,
#1425,#1426,#1427,#1428,#1429,#1430,#1431,#1432,#1433,#1434,#1435,#1436,
#1437,#1438,#1439,#1440,#1441,#1442,#1443,#1444,#1445,#1446,#1447,#1448,
#1449,#1450,#1451,#1452,#1453,#1454,#1455,#1456,#1457,#1458,#1459,#1460,
#1461,#1462,#1463,#1464,#1465,#1466,#1467,#1468,#1469));
#1471=DERIVED_UNIT_ELEMENT(#1473,1.);
#1472=DERIVED_UNIT_ELEMENT(#2369,-3.);
#1473=(
MASS_UNIT()
NAMED_UNIT(*)
SI_UNIT(.KILO.,.GRAM.)
);
#1474=DERIVED_UNIT((#1471,#1472));
#1475=MEASURE_REPRESENTATION_ITEM('density measure',
POSITIVE_RATIO_MEASURE(7850.),#1474);
#1476=PROPERTY_DEFINITION_REPRESENTATION(#1481,#1478);
#1477=PROPERTY_DEFINITION_REPRESENTATION(#1482,#1479);
#1478=REPRESENTATION('material name',(#1480),#2366);
#1479=REPRESENTATION('density',(#1475),#2366);
#1480=DESCRIPTIVE_REPRESENTATION_ITEM('Steel','Steel');
#1481=PROPERTY_DEFINITION('material property','material name',#2376);
#1482=PROPERTY_DEFINITION('material property','density of part',#2376);
#1483=AXIS2_PLACEMENT_3D('',#1951,#1577,#1578);
#1484=AXIS2_PLACEMENT_3D('',#1952,#1579,#1580);
#1485=AXIS2_PLACEMENT_3D('',#1973,#1591,#1592);
#1486=AXIS2_PLACEMENT_3D('',#1979,#1596,#1597);
#1487=AXIS2_PLACEMENT_3D('',#1983,#1600,#1601);
#1488=AXIS2_PLACEMENT_3D('',#1987,#1604,#1605);
#1489=AXIS2_PLACEMENT_3D('',#1993,#1609,#1610);
#1490=AXIS2_PLACEMENT_3D('',#1995,#1611,#1612);
#1491=AXIS2_PLACEMENT_3D('',#1998,#1614,#1615);
#1492=AXIS2_PLACEMENT_3D('',#1999,#1616,#1617);
#1493=AXIS2_PLACEMENT_3D('',#2000,#1618,#1619);
#1494=AXIS2_PLACEMENT_3D('',#2013,#1626,#1627);
#1495=AXIS2_PLACEMENT_3D('',#2026,#1634,#1635);
#1496=AXIS2_PLACEMENT_3D('',#2066,#1656,#1657);
#1497=AXIS2_PLACEMENT_3D('',#2067,#1658,#1659);
#1498=AXIS2_PLACEMENT_3D('',#2073,#1663,#1664);
#1499=AXIS2_PLACEMENT_3D('',#2077,#1667,#1668);
#1500=AXIS2_PLACEMENT_3D('',#2079,#1669,#1670);
#1501=AXIS2_PLACEMENT_3D('',#2082,#1672,#1673);
#1502=AXIS2_PLACEMENT_3D('',#2083,#1674,#1675);
#1503=AXIS2_PLACEMENT_3D('',#2092,#1680,#1681);
#1504=AXIS2_PLACEMENT_3D('',#2132,#1702,#1703);
#1505=AXIS2_PLACEMENT_3D('',#2134,#1704,#1705);
#1506=AXIS2_PLACEMENT_3D('',#2135,#1706,#1707);
#1507=AXIS2_PLACEMENT_3D('',#2141,#1711,#1712);
#1508=AXIS2_PLACEMENT_3D('',#2150,#1717,#1718);
#1509=AXIS2_PLACEMENT_3D('',#2153,#1721,#1722);
#1510=AXIS2_PLACEMENT_3D('',#2157,#1725,#1726);
#1511=AXIS2_PLACEMENT_3D('',#2162,#1730,#1731);
#1512=AXIS2_PLACEMENT_3D('',#2168,#1735,#1736);
#1513=AXIS2_PLACEMENT_3D('',#2171,#1739,#1740);
#1514=AXIS2_PLACEMENT_3D('',#2181,#1746,#1747);
#1515=AXIS2_PLACEMENT_3D('',#2185,#1750,#1751);
#1516=AXIS2_PLACEMENT_3D('',#2194,#1757,#1758);
#1517=AXIS2_PLACEMENT_3D('',#2199,#1762,#1763);
#1518=AXIS2_PLACEMENT_3D('',#2200,#1764,#1765);
#1519=AXIS2_PLACEMENT_3D('',#2204,#1768,#1769);
#1520=AXIS2_PLACEMENT_3D('',#2206,#1771,#1772);
#1521=AXIS2_PLACEMENT_3D('',#2210,#1774,#1775);
#1522=AXIS2_PLACEMENT_3D('',#2211,#1776,#1777);
#1523=AXIS2_PLACEMENT_3D('',#2215,#1779,#1780);
#1524=AXIS2_PLACEMENT_3D('',#2216,#1781,#1782);
#1525=AXIS2_PLACEMENT_3D('',#2220,#1784,#1785);
#1526=AXIS2_PLACEMENT_3D('',#2222,#1787,#1788);
#1527=AXIS2_PLACEMENT_3D('',#2226,#1790,#1791);
#1528=AXIS2_PLACEMENT_3D('',#2228,#1793,#1794);
#1529=AXIS2_PLACEMENT_3D('',#2230,#1796,#1797);
#1530=AXIS2_PLACEMENT_3D('',#2232,#1799,#1800);
#1531=AXIS2_PLACEMENT_3D('',#2234,#1802,#1803);
#1532=AXIS2_PLACEMENT_3D('',#2238,#1806,#1807);
#1533=AXIS2_PLACEMENT_3D('',#2242,#1810,#1811);
#1534=AXIS2_PLACEMENT_3D('',#2244,#1813,#1814);
#1535=AXIS2_PLACEMENT_3D('',#2245,#1815,#1816);
#1536=AXIS2_PLACEMENT_3D('',#2248,#1818,#1819);
#1537=AXIS2_PLACEMENT_3D('',#2249,#1820,#1821);
#1538=AXIS2_PLACEMENT_3D('',#2251,#1822,#1823);
#1539=AXIS2_PLACEMENT_3D('',#2252,#1824,#1825);
#1540=AXIS2_PLACEMENT_3D('',#2255,#1827,#1828);
#1541=AXIS2_PLACEMENT_3D('',#2256,#1829,#1830);
#1542=AXIS2_PLACEMENT_3D('',#2259,#1832,#1833);
#1543=AXIS2_PLACEMENT_3D('',#2260,#1834,#1835);
#1544=AXIS2_PLACEMENT_3D('',#2263,#1838,#1839);
#1545=AXIS2_PLACEMENT_3D('',#2269,#1843,#1844);
#1546=AXIS2_PLACEMENT_3D('',#2271,#1846,#1847);
#1547=AXIS2_PLACEMENT_3D('',#2272,#1848,#1849);
#1548=AXIS2_PLACEMENT_3D('',#2274,#1851,#1852);
#1549=AXIS2_PLACEMENT_3D('',#2276,#1854,#1855);
#1550=AXIS2_PLACEMENT_3D('',#2282,#1859,#1860);
#1551=AXIS2_PLACEMENT_3D('',#2290,#1865,#1866);
#1552=AXIS2_PLACEMENT_3D('',#2307,#1876,#1877);
#1553=AXIS2_PLACEMENT_3D('',#2309,#1879,#1880);
#1554=AXIS2_PLACEMENT_3D('',#2315,#1884,#1885);
#1555=AXIS2_PLACEMENT_3D('',#2321,#1889,#1890);
#1556=AXIS2_PLACEMENT_3D('',#2325,#1893,#1894);
#1557=AXIS2_PLACEMENT_3D('',#2328,#1897,#1898);
#1558=AXIS2_PLACEMENT_3D('',#2330,#1900,#1901);
#1559=AXIS2_PLACEMENT_3D('',#2332,#1903,#1904);
#1560=AXIS2_PLACEMENT_3D('',#2333,#1905,#1906);
#1561=AXIS2_PLACEMENT_3D('',#2337,#1909,#1910);
#1562=AXIS2_PLACEMENT_3D('',#2339,#1912,#1913);
#1563=AXIS2_PLACEMENT_3D('',#2341,#1915,#1916);
#1564=AXIS2_PLACEMENT_3D('',#2343,#1917,#1918);
#1565=AXIS2_PLACEMENT_3D('',#2345,#1920,#1921);
#1566=AXIS2_PLACEMENT_3D('',#2346,#1922,#1923);
#1567=AXIS2_PLACEMENT_3D('',#2347,#1924,#1925);
#1568=AXIS2_PLACEMENT_3D('',#2349,#1927,#1928);
#1569=AXIS2_PLACEMENT_3D('',#2352,#1931,#1932);
#1570=AXIS2_PLACEMENT_3D('',#2354,#1934,#1935);
#1571=AXIS2_PLACEMENT_3D('',#2356,#1937,#1938);
#1572=AXIS2_PLACEMENT_3D('',#2357,#1939,#1940);
#1573=AXIS2_PLACEMENT_3D('',#2359,#1942,#1943);
#1574=AXIS2_PLACEMENT_3D('',#2360,#1944,#1945);
#1575=AXIS2_PLACEMENT_3D('',#2361,#1946,#1947);
#1576=AXIS2_PLACEMENT_3D('',#2363,#1949,#1950);
#1577=DIRECTION('axis',(0.,0.,1.));
#1578=DIRECTION('refdir',(1.,0.,0.));
#1579=DIRECTION('center_axis',(0.,-0.707106781186542,-0.707106781186553));
#1580=DIRECTION('ref_axis',(-1.,0.,0.));
#1581=DIRECTION('',(1.,1.39563774105226E-15,-1.39563774105223E-15));
#1582=DIRECTION('',(0.,0.707106781186547,-0.707106781186547));
#1583=DIRECTION('',(1.,0.,0.));
#1584=DIRECTION('',(0.,-0.707106781186547,0.707106781186547));
#1585=DIRECTION('',(1.,0.,0.));
#1586=DIRECTION('',(0.,-0.707106781186553,0.707106781186542));
#1587=DIRECTION('',(-1.,0.,0.));
#1588=DIRECTION('',(-3.73034936274052E-14,-0.707106781186553,0.707106781186542));
#1589=DIRECTION('',(1.,1.82126677564752E-12,-1.82126677564748E-12));
#1590=DIRECTION('',(0.,0.707106781186553,-0.707106781186542));
#1591=DIRECTION('center_axis',(1.97372982155583E-15,-0.707106781186553,
0.707106781186542));
#1592=DIRECTION('ref_axis',(1.,0.,-2.79127548210451E-15));
#1593=DIRECTION('',(-4.14483262526722E-14,-0.707106781186542,-0.707106781186553));
#1594=DIRECTION('',(1.,-2.79127548210445E-14,-3.07040303031494E-14));
#1595=DIRECTION('',(-3.81225158737665E-14,-0.707106781186542,-0.707106781186553));
#1596=DIRECTION('center_axis',(-1.,0.,0.));
#1597=DIRECTION('ref_axis',(0.,0.,1.));
#1598=DIRECTION('',(0.,0.707106781186542,0.707106781186553));
#1599=DIRECTION('',(0.,0.707106781186548,-0.707106781186548));
#1600=DIRECTION('center_axis',(2.57566017482021E-12,-0.707106781186553,
0.707106781186542));
#1601=DIRECTION('ref_axis',(1.,1.82126677564751E-12,-1.82126677564749E-12));
#1602=DIRECTION('',(0.,0.707106781186542,0.707106781186553));
#1603=DIRECTION('',(1.,1.79371022452501E-12,-1.84882332676999E-12));
#1604=DIRECTION('center_axis',(-4.14483262526722E-14,-0.707106781186542,
-0.707106781186553));
#1605=DIRECTION('ref_axis',(-1.,0.,5.86167851241934E-14));
#1606=DIRECTION('',(-3.73034936274049E-14,-0.707106781186548,0.707106781186548));
#1607=DIRECTION('',(-1.,5.55649688841336E-14,3.05181624006077E-15));
#1608=DIRECTION('',(3.73034936274052E-14,0.707106781186553,-0.707106781186542));
#1609=DIRECTION('center_axis',(0.,-0.707106781186548,0.707106781186548));
#1610=DIRECTION('ref_axis',(-1.,0.,0.));
#1611=DIRECTION('center_axis',(0.,-0.707106781186548,0.707106781186548));
#1612=DIRECTION('ref_axis',(-1.,0.,0.));
#1613=DIRECTION('',(0.,-0.707106781186548,0.707106781186548));
#1614=DIRECTION('center_axis',(0.,-0.707106781186548,0.707106781186548));
#1615=DIRECTION('ref_axis',(-1.,0.,0.));
#1616=DIRECTION('center_axis',(0.,0.707106781186548,-0.707106781186548));
#1617=DIRECTION('ref_axis',(-1.,0.,0.));
#1618=DIRECTION('center_axis',(0.795233449444369,0.428721215293089,0.42872121529314));
#1619=DIRECTION('ref_axis',(0.474544757800114,0.,-0.880231374608081));
#1620=DIRECTION('',(0.606303357144598,-0.562314964728472,-0.562314964728494));
#1621=DIRECTION('',(-3.73034936274052E-14,-0.707106781186555,0.70710678118654));
#1622=DIRECTION('',(0.606303357144598,-0.562314964728493,-0.562314964728473));
#1623=DIRECTION('',(3.73034936274052E-14,0.707106781186555,-0.70710678118654));
#1624=DIRECTION('',(0.606303357144598,-0.562314964728483,-0.562314964728482));
#1625=DIRECTION('',(0.,0.707106781186589,-0.707106781186506));
#1626=DIRECTION('center_axis',(3.58136459556505E-14,0.707106781186539,0.707106781186556));
#1627=DIRECTION('ref_axis',(1.,0.,-5.06481438285086E-14));
#1628=DIRECTION('',(1.,-3.36978983605679E-14,-1.69502454679415E-14));
#1629=DIRECTION('',(-2.23123558197897E-30,-0.707106781186554,0.70710678118654));
#1630=DIRECTION('',(1.,-5.51131022450129E-14,7.88860905221012E-31));
#1631=DIRECTION('',(3.73034936274052E-14,0.707106781186555,-0.70710678118654));
#1632=DIRECTION('',(1.,2.00812494194044E-14,2.23124993548959E-15));
#1633=DIRECTION('',(2.23123558197897E-30,0.707106781186555,-0.70710678118654));
#1634=DIRECTION('center_axis',(-1.18423789293349E-14,-0.707106781186553,
0.707106781186542));
#1635=DIRECTION('ref_axis',(1.,0.,1.6747652892627E-14));
#1636=DIRECTION('',(0.,-0.707106781186542,-0.707106781186553));
#1637=DIRECTION('',(3.89708483296758E-14,0.707106781186542,0.707106781186553));
#1638=DIRECTION('',(1.,-8.37382644631348E-15,8.37382644631335E-15));
#1639=DIRECTION('',(0.,-0.707106781186542,-0.707106781186553));
#1640=DIRECTION('',(-1.,3.59303775688194E-14,1.91827246761931E-14));
#1641=DIRECTION('',(1.,-3.59303775688194E-14,-1.91827246761931E-14));
#1642=DIRECTION('',(-0.449805517390157,-0.63153582500336,-0.631535825003379));
#1643=DIRECTION('',(0.,0.70710678118654,0.707106781186554));
#1644=DIRECTION('',(1.,-3.59303775688194E-14,-1.91827246761931E-14));
#1645=DIRECTION('',(-3.89708483296758E-14,-0.707106781186542,-0.707106781186553));
#1646=DIRECTION('',(1.,-3.59303775688194E-14,-1.91827246761931E-14));
#1647=DIRECTION('',(-3.89708483296758E-14,-0.707106781186542,-0.707106781186553));
#1648=DIRECTION('',(1.,-3.59303775688194E-14,-1.91827246761931E-14));
#1649=DIRECTION('',(-3.89708483296758E-14,-0.707106781186542,-0.707106781186553));
#1650=DIRECTION('',(1.,-3.59303775688194E-14,-1.91827246761931E-14));
#1651=DIRECTION('',(0.,-0.707106781186542,-0.707106781186553));
#1652=DIRECTION('',(-1.,8.37382644631341E-15,-8.37382644631341E-15));
#1653=DIRECTION('',(0.584497180822618,0.573743429422242,0.573743429422261));
#1654=DIRECTION('',(-1.,-1.756372824957E-12,1.80966353013901E-12));
#1655=DIRECTION('',(-3.8122515873766E-14,-0.70710678118654,-0.707106781186555));
#1656=DIRECTION('center_axis',(-1.18423789293349E-14,-0.707106781186553,
0.707106781186542));
#1657=DIRECTION('ref_axis',(-1.,5.43194907591614E-14,7.93611485851424E-16));
#1658=DIRECTION('center_axis',(-0.811395739211399,0.413301920144096,0.41330192014409));
#1659=DIRECTION('ref_axis',(0.453881639590981,0.,0.891061982828469));
#1660=DIRECTION('',(-1.5598482798329E-14,-0.707106781186557,0.707106781186538));
#1661=DIRECTION('',(1.18423789293349E-14,0.707106781186553,-0.707106781186542));
#1662=DIRECTION('',(0.584497180822618,0.573743429423294,0.573743429421209));
#1663=DIRECTION('center_axis',(3.76822190084107E-14,0.707106781186548,0.707106781186548));
#1664=DIRECTION('ref_axis',(-2.52242671194836E-12,0.707106781186548,-0.707106781186548));
#1665=DIRECTION('',(-1.,-1.756372824957E-12,1.80966353013901E-12));
#1666=DIRECTION('',(2.5202022477195E-12,-0.707106781186557,0.707106781186538));
#1667=DIRECTION('center_axis',(3.55271367880051E-14,0.707106781186548,-0.707106781186548));
#1668=DIRECTION('ref_axis',(-1.,5.26780304614469E-14,2.43507178356599E-15));
#1669=DIRECTION('center_axis',(3.89708483296765E-14,0.707106781186555,-0.70710678118654));
#1670=DIRECTION('ref_axis',(-1.,5.51131022450129E-14,5.52202633654708E-30));
#1671=DIRECTION('',(-3.55271367880051E-14,-0.707106781186547,0.707106781186547));
#1672=DIRECTION('center_axis',(7.21600274114258E-28,-0.707106781186555,
0.70710678118654));
#1673=DIRECTION('ref_axis',(-1.,1.00455360795278E-27,5.18835073011485E-30));
#1674=DIRECTION('center_axis',(-3.89708483296502E-14,-0.707106781186548,
-0.707106781186548));
#1675=DIRECTION('ref_axis',(-1.,-1.76591880765278E-12,1.82103190989775E-12));
#1676=DIRECTION('',(1.,1.76591880765278E-12,-1.82103190989775E-12));
#1677=DIRECTION('',(0.,-0.707106781186548,0.707106781186548));
#1678=DIRECTION('',(-1.,-1.76591880765278E-12,1.82103190989775E-12));
#1679=DIRECTION('',(-2.52242671194836E-12,0.707106781186548,-0.707106781186548));
#1680=DIRECTION('center_axis',(-2.53635717616193E-12,0.707106781186555,
-0.70710678118654));
#1681=DIRECTION('ref_axis',(-1.,-1.79347535877528E-12,1.79347535877525E-12));
#1682=DIRECTION('',(-0.449805517390157,-0.63153582500417,-0.631535825002569));
#1683=DIRECTION('',(-1.,-1.76591880765277E-12,1.82103190989776E-12));
#1684=DIRECTION('',(-3.39954796251796E-14,-0.70710678118654,-0.707106781186555));
#1685=DIRECTION('',(0.,-0.70710678118654,-0.707106781186555));
#1686=DIRECTION('',(1.,1.783018177548E-12,-1.783018177548E-12));
#1687=DIRECTION('',(-3.84725954293096E-14,-0.70710678118654,-0.707106781186555));
#1688=DIRECTION('',(1.,1.75546162642551E-12,-1.81057472867049E-12));
#1689=DIRECTION('',(-3.81225158737662E-14,-0.70710678118654,-0.707106781186555));
#1690=DIRECTION('',(1.,2.14015013023917E-14,-2.14015013023923E-14));
#1691=DIRECTION('',(-1.42799077246651E-28,0.70710678118654,0.707106781186555));
#1692=DIRECTION('',(1.,-6.32873918814554E-16,6.32873918813532E-16));
#1693=DIRECTION('',(-7.13995386233255E-28,0.707106781186541,0.707106781186555));
#1694=DIRECTION('',(1.,-1.0097419586829E-27,0.));
#1695=DIRECTION('',(7.13995386233256E-28,-0.707106781186542,-0.707106781186553));
#1696=DIRECTION('',(1.,1.31398260964088E-15,-1.31398260964186E-15));
#1697=DIRECTION('',(7.13995386233255E-28,-0.707106781186541,-0.707106781186555));
#1698=DIRECTION('',(-1.,1.0097419586829E-27,0.));
#1699=DIRECTION('',(-7.13995386233253E-28,0.707106781186539,0.707106781186556));
#1700=DIRECTION('',(-1.,-1.79347535877528E-12,1.79347535877525E-12));
#1701=DIRECTION('',(3.31628894608701E-14,-0.70710678118654,-0.707106781186555));
#1702=DIRECTION('center_axis',(2.53635717616193E-12,-0.707106781186555,
0.70710678118654));
#1703=DIRECTION('ref_axis',(-1.,2.01948391736579E-28,0.));
#1704=DIRECTION('center_axis',(2.53635717616193E-12,-0.707106781186555,
0.70710678118654));
#1705=DIRECTION('ref_axis',(-1.,2.01948391736579E-28,0.));
#1706=DIRECTION('center_axis',(0.,0.707106781186548,0.707106781186548));
#1707=DIRECTION('ref_axis',(1.,0.,0.));
#1708=DIRECTION('',(0.,0.707106781186547,-0.707106781186547));
#1709=DIRECTION('',(1.,0.,0.));
#1710=DIRECTION('',(0.,0.707106781186547,-0.707106781186547));
#1711=DIRECTION('center_axis',(2.55389322566447E-12,0.707106781186548,0.707106781186548));
#1712=DIRECTION('ref_axis',(1.,-1.80587521829371E-12,-1.80587521829375E-12));
#1713=DIRECTION('',(-1.,1.80587521829371E-12,1.80587521829375E-12));
#1714=DIRECTION('',(0.,0.707106781186547,-0.707106781186547));
#1715=DIRECTION('',(1.,-1.80587521829371E-12,-1.80587521829375E-12));
#1716=DIRECTION('',(0.,0.707106781186547,-0.707106781186547));
#1717=DIRECTION('center_axis',(1.,0.,0.));
#1718=DIRECTION('ref_axis',(0.,-0.707106781186541,-0.707106781186554));
#1719=DIRECTION('',(0.,0.999990996732494,-0.00424340122474927));
#1720=DIRECTION('',(0.,-0.707106781186541,-0.707106781186554));
#1721=DIRECTION('center_axis',(1.,-2.72042331179114E-14,-2.72042331179114E-14));
#1722=DIRECTION('ref_axis',(-3.84725954293096E-14,-0.707106781186541,-0.707106781186554));
#1723=DIRECTION('',(-3.84725954293096E-14,-0.707106781186541,-0.707106781186554));
#1724=DIRECTION('',(0.,0.707106781186547,-0.707106781186547));
#1725=DIRECTION('center_axis',(0.,0.707106781186548,-0.707106781186548));
#1726=DIRECTION('ref_axis',(-1.,0.,0.));
#1727=DIRECTION('',(0.,-0.707106781186542,-0.707106781186553));
#1728=DIRECTION('',(1.,0.,0.));
#1729=DIRECTION('',(0.,-0.707106781186541,-0.707106781186554));
#1730=DIRECTION('center_axis',(1.,-5.04159874785411E-14,2.3391191332332E-15));
#1731=DIRECTION('ref_axis',(-3.39954796251797E-14,-0.70710678118654,-0.707106781186555));
#1732=DIRECTION('',(3.39954796251798E-14,0.707106781186542,0.707106781186553));
#1733=DIRECTION('',(3.73034936274052E-14,0.707106781186555,-0.70710678118654));
#1734=DIRECTION('',(3.39954796251797E-14,0.70710678118654,0.707106781186555));
#1735=DIRECTION('center_axis',(-1.,5.33342427961194E-14,5.7913618434515E-16));
#1736=DIRECTION('ref_axis',(3.81225158737665E-14,0.707106781186541,0.707106781186553));
#1737=DIRECTION('',(0.,-0.707106781186554,0.70710678118654));
#1738=DIRECTION('',(-3.81225158737665E-14,-0.707106781186541,-0.707106781186553));
#1739=DIRECTION('center_axis',(0.,-0.707106781186548,-0.707106781186548));
#1740=DIRECTION('ref_axis',(-1.,0.,0.));
#1741=DIRECTION('',(3.73034936274052E-14,0.707106781186553,-0.707106781186542));
#1742=DIRECTION('',(-1.,0.,0.));
#1743=DIRECTION('',(0.,-0.707106781186548,0.707106781186548));
#1744=DIRECTION('',(1.,0.,0.));
#1745=DIRECTION('',(0.,-0.707106781186548,0.707106781186548));
#1746=DIRECTION('center_axis',(1.,0.,0.));
#1747=DIRECTION('ref_axis',(0.,0.,-1.));
#1748=DIRECTION('',(0.,-0.707106781186541,-0.707106781186554));
#1749=DIRECTION('',(0.,-0.707106781186555,0.70710678118654));
#1750=DIRECTION('center_axis',(0.,0.707106781186554,-0.707106781186541));
#1751=DIRECTION('ref_axis',(0.,0.707106781186541,0.707106781186554));
#1752=DIRECTION('',(0.,-0.707106781186541,-0.707106781186554));
#1753=DIRECTION('',(-1.,1.80587521829371E-12,1.80587521829375E-12));
#1754=DIRECTION('',(-3.39954796251797E-14,-0.707106781186541,-0.707106781186554));
#1755=DIRECTION('',(1.,-2.75565511225059E-14,-2.75565511225064E-14));
#1756=DIRECTION('',(0.,0.707106781186541,0.707106781186554));
#1757=DIRECTION('center_axis',(0.,-0.707106781186553,0.707106781186542));
#1758=DIRECTION('ref_axis',(0.,-0.707106781186542,-0.707106781186553));
#1759=DIRECTION('',(0.,-0.707106781186542,-0.707106781186553));
#1760=DIRECTION('',(3.89708483296758E-14,0.707106781186542,0.707106781186553));
#1761=DIRECTION('',(-1.,2.75565511225059E-14,2.75565511225064E-14));
#1762=DIRECTION('center_axis',(1.,0.,0.));
#1763=DIRECTION('ref_axis',(0.,0.,-1.));
#1764=DIRECTION('center_axis',(3.89708483296758E-14,0.70710678118654,0.707106781186555));
#1765=DIRECTION('ref_axis',(1.,-6.8994821335953E-14,1.38817190909399E-14));
#1766=DIRECTION('',(3.73034936274052E-14,0.707106781186555,-0.70710678118654));
#1767=DIRECTION('',(-1.,6.8994821335953E-14,-1.38817190909399E-14));
#1768=DIRECTION('center_axis',(1.,0.,0.));
#1769=DIRECTION('ref_axis',(0.,0.,-1.));
#1770=DIRECTION('',(0.,0.999990996732494,-0.00424340122474927));
#1771=DIRECTION('center_axis',(0.,-0.707106781186585,0.70710678118651));
#1772=DIRECTION('ref_axis',(0.,-0.70710678118651,-0.707106781186585));
#1773=DIRECTION('',(-1.,-1.16766082032038E-14,-1.1676608203205E-14));
#1774=DIRECTION('center_axis',(0.,0.707106781186585,-0.70710678118651));
#1775=DIRECTION('ref_axis',(-0.304910677972857,-0.67343502970149,-0.673435029701519));
#1776=DIRECTION('center_axis',(0.,0.707106781186554,-0.707106781186541));
#1777=DIRECTION('ref_axis',(0.,0.707106781186541,0.707106781186554));
#1778=DIRECTION('',(1.,1.16766082032043E-14,1.16766082032045E-14));
#1779=DIRECTION('center_axis',(0.,-0.707106781186554,0.707106781186541));
#1780=DIRECTION('ref_axis',(-0.304910677972857,-0.67343502970149,-0.673435029701519));
#1781=DIRECTION('center_axis',(4.14483262526722E-14,0.707106781186553,-0.707106781186542));
#1782=DIRECTION('ref_axis',(-6.57542803275047E-15,0.707106781186542,0.707106781186553));
#1783=DIRECTION('',(4.14483262526722E-14,0.707106781186553,-0.707106781186542));
#1784=DIRECTION('center_axis',(-4.41556647657226E-14,-0.707106781186566,
0.707106781186529));
#1785=DIRECTION('ref_axis',(-0.304910677972857,-0.673435029701477,-0.673435029701532));
#1786=DIRECTION('',(-4.03030479727793E-14,-0.707106781186553,0.707106781186543));
#1787=DIRECTION('center_axis',(4.14483262526722E-14,0.707106781186553,-0.707106781186542));
#1788=DIRECTION('ref_axis',(-1.18787255164512E-14,0.707106781186542,0.707106781186553));
#1789=DIRECTION('',(-4.03030479727793E-14,-0.707106781186552,0.707106781186542));
#1790=DIRECTION('center_axis',(4.41556647657226E-14,0.707106781186566,-0.707106781186529));
#1791=DIRECTION('ref_axis',(-0.304910677972857,-0.673435029701477,-0.673435029701532));
#1792=DIRECTION('',(4.14483262526722E-14,0.707106781186553,-0.707106781186542));
#1793=DIRECTION('center_axis',(-1.65132176834886E-14,0.707106781186542,
0.707106781186553));
#1794=DIRECTION('ref_axis',(1.,-1.58799429193027E-14,3.9233159325711E-14));
#1795=DIRECTION('',(1.,-1.58799429193027E-14,3.9233159325711E-14));
#1796=DIRECTION('center_axis',(1.,-5.39341044283936E-14,-1.17899781661929E-15));
#1797=DIRECTION('ref_axis',(-3.89708483296757E-14,-0.70710678118654,-0.707106781186554));
#1798=DIRECTION('',(3.89708483296757E-14,0.70710678118654,0.707106781186554));
#1799=DIRECTION('center_axis',(1.,0.,0.));
#1800=DIRECTION('ref_axis',(0.,-0.707106781186555,0.70710678118654));
#1801=DIRECTION('',(3.58136459556505E-14,0.707106781186539,0.707106781186556));
#1802=DIRECTION('center_axis',(1.26218556792527E-14,-0.707106781186554,
0.707106781186541));
#1803=DIRECTION('ref_axis',(-1.,-2.00812494194044E-14,-2.23124993548959E-15));
#1804=DIRECTION('',(3.89708483296756E-14,0.707106781186541,0.707106781186554));
#1805=DIRECTION('',(-1.,1.86315513805483E-14,3.64815508644639E-14));
#1806=DIRECTION('center_axis',(3.89708483296757E-14,0.70710678118654,0.707106781186555));
#1807=DIRECTION('ref_axis',(1.,-5.51131022450129E-14,7.88860905221012E-31));
#1808=DIRECTION('',(3.73034936274052E-14,0.707106781186555,-0.70710678118654));
#1809=DIRECTION('',(-1.,5.51131022450129E-14,-7.88860905221012E-31));
#1810=DIRECTION('center_axis',(1.,-5.39341044283935E-14,-1.17899781661921E-15));
#1811=DIRECTION('ref_axis',(-3.89708483296732E-14,-0.707106781186494,-0.707106781186601));
#1812=DIRECTION('',(3.58136459556505E-14,0.707106781186539,0.707106781186556));
#1813=DIRECTION('center_axis',(3.71324063361086E-14,0.707106781186555,-0.707106781186541));
#1814=DIRECTION('ref_axis',(-1.,5.38131274445428E-14,1.29997480047E-15));
#1815=DIRECTION('center_axis',(5.08984767736456E-14,0.707106781186548,-0.707106781186548));
#1816=DIRECTION('ref_axis',(-1.,6.35472092012172E-14,-8.43410695620433E-15));
#1817=DIRECTION('',(5.08984767736456E-14,0.707106781186547,-0.707106781186547));
#1818=DIRECTION('center_axis',(3.89708483296765E-14,0.707106781186555,-0.70710678118654));
#1819=DIRECTION('ref_axis',(-1.,5.51131022450129E-14,-7.88860905221012E-31));
#1820=DIRECTION('center_axis',(3.89708483296765E-14,0.707106781186555,-0.70710678118654));
#1821=DIRECTION('ref_axis',(-1.,5.51131022450129E-14,-7.88860905221012E-31));
#1822=DIRECTION('center_axis',(-3.89708483296765E-14,-0.707106781186555,
0.70710678118654));
#1823=DIRECTION('ref_axis',(-1.,5.43194907591614E-14,7.93611485851429E-16));
#1824=DIRECTION('center_axis',(0.,-0.707106781186553,0.707106781186542));
#1825=DIRECTION('ref_axis',(-1.,0.,0.));
#1826=DIRECTION('',(0.,-0.707106781186553,0.707106781186542));
#1827=DIRECTION('center_axis',(-2.53635717616193E-12,0.707106781186555,
-0.70710678118654));
#1828=DIRECTION('ref_axis',(-1.,0.,0.));
#1829=DIRECTION('center_axis',(0.,-0.707106781186553,0.707106781186542));
#1830=DIRECTION('ref_axis',(-1.,0.,0.));
#1831=DIRECTION('',(0.,-0.707106781186553,0.707106781186542));
#1832=DIRECTION('center_axis',(-2.53635717616193E-12,0.707106781186555,
-0.70710678118654));
#1833=DIRECTION('ref_axis',(-1.,0.,0.));
#1834=DIRECTION('center_axis',(0.893126528844247,-0.318060531561728,-0.318060531561679));
#1835=DIRECTION('ref_axis',(-0.335481973621671,0.,-0.942046625902831));
#1836=DIRECTION('',(-4.11366847019004E-14,-0.707106781186551,0.707106781186544));
#1837=DIRECTION('',(4.11366847019004E-14,0.707106781186551,-0.707106781186544));
#1838=DIRECTION('center_axis',(1.,-5.6644579830753E-14,1.5314775857401E-15));
#1839=DIRECTION('ref_axis',(-3.89708483296756E-14,-0.707106781186539,-0.707106781186556));
#1840=DIRECTION('',(4.11366847019006E-14,0.707106781186554,-0.707106781186541));
#1841=DIRECTION('',(3.89708483296756E-14,0.707106781186539,0.707106781186556));
#1842=DIRECTION('',(4.11366847019006E-14,0.707106781186554,-0.707106781186541));
#1843=DIRECTION('center_axis',(-1.81352201262913E-12,-0.00424340122474927,
-0.999990996732493));
#1844=DIRECTION('ref_axis',(-1.,0.,1.81353834039994E-12));
#1845=DIRECTION('',(-5.0425459390914E-14,-0.999990996732494,0.00424340122474927));
#1846=DIRECTION('center_axis',(3.89708483296757E-14,0.70710678118654,0.707106781186555));
#1847=DIRECTION('ref_axis',(1.,-5.51131022450129E-14,7.88860905221012E-31));
#1848=DIRECTION('center_axis',(3.89708483296758E-14,0.707106781186544,0.707106781186551));
#1849=DIRECTION('ref_axis',(1.,-3.59303775688194E-14,-1.91827246761931E-14));
#1850=DIRECTION('',(1.28581747332628E-14,0.707106781186551,-0.707106781186544));
#1851=DIRECTION('center_axis',(-1.51461293802434E-27,0.707106781186542,
0.707106781186553));
#1852=DIRECTION('ref_axis',(-1.,-6.99570030083863E-13,6.99570030083849E-13));
#1853=DIRECTION('',(-2.52242671194836E-12,0.707106781186548,-0.707106781186548));
#1854=DIRECTION('center_axis',(1.,0.,0.));
#1855=DIRECTION('ref_axis',(0.,0.,-1.));
#1856=DIRECTION('',(0.,-0.707106781186541,-0.707106781186554));
#1857=DIRECTION('',(0.,-0.707106781186554,0.707106781186541));
#1858=DIRECTION('',(0.,0.707106781186554,-0.707106781186541));
#1859=DIRECTION('center_axis',(3.89708483296758E-14,0.707106781186541,0.707106781186554));
#1860=DIRECTION('ref_axis',(1.,-5.37949571502917E-14,-1.31814509472113E-15));
#1861=DIRECTION('',(-1.,5.37949571502917E-14,1.31814509472113E-15));
#1862=DIRECTION('',(4.32383465386245E-14,0.707106781186554,-0.707106781186541));
#1863=DIRECTION('',(1.,-5.37949571502917E-14,-1.31814509472114E-15));
#1864=DIRECTION('',(-2.54019028034236E-12,0.707106781186548,-0.707106781186548));
#1865=DIRECTION('center_axis',(4.10398878503957E-14,0.707106781186554,-0.707106781186541));
#1866=DIRECTION('ref_axis',(-1.,5.65761341206564E-14,-1.46303187564351E-15));
#1867=DIRECTION('',(1.,-5.51131022450129E-14,7.88860905221012E-31));
#1868=DIRECTION('',(-3.89708483296758E-14,-0.707106781186541,-0.707106781186554));
#1869=DIRECTION('',(1.,-5.52756613423066E-14,1.62559097293724E-16));
#1870=DIRECTION('',(-3.89708483296757E-14,-0.70710678118654,-0.707106781186555));
#1871=DIRECTION('',(1.,-5.51131022450129E-14,7.88860905221012E-31));
#1872=DIRECTION('',(-3.89708483296757E-14,-0.70710678118654,-0.707106781186555));
#1873=DIRECTION('',(1.,-5.51131022450129E-14,7.88860905221012E-31));
#1874=DIRECTION('',(1.,-5.52756613423066E-14,1.62559097293724E-16));
#1875=DIRECTION('',(4.32383465386236E-14,0.707106781186541,0.707106781186554));
#1876=DIRECTION('center_axis',(-3.89708483296758E-14,-0.707106781186541,
-0.707106781186554));
#1877=DIRECTION('ref_axis',(-1.,5.51131022450129E-14,-7.88860905221012E-31));
#1878=DIRECTION('',(4.11366847019006E-14,0.707106781186554,-0.707106781186541));
#1879=DIRECTION('center_axis',(-2.53635717616193E-12,0.707106781186555,
-0.70710678118654));
#1880=DIRECTION('ref_axis',(-1.,-1.79347535877528E-12,1.79347535877525E-12));
#1881=DIRECTION('',(0.,-0.707106781186542,-0.707106781186553));
#1882=DIRECTION('',(1.,0.,0.));
#1883=DIRECTION('',(0.,0.70710678118654,0.707106781186554));
#1884=DIRECTION('center_axis',(0.,-0.707106781186548,-0.707106781186548));
#1885=DIRECTION('ref_axis',(-1.,0.,0.));
#1886=DIRECTION('',(-1.,0.,0.));
#1887=DIRECTION('',(-2.54019028034236E-12,0.707106781186548,-0.707106781186548));
#1888=DIRECTION('',(-2.54019028034236E-12,0.707106781186548,-0.707106781186548));
#1889=DIRECTION('center_axis',(1.,1.79618577273426E-12,-1.79618577273422E-12));
#1890=DIRECTION('ref_axis',(0.,-0.70710678118654,-0.707106781186554));
#1891=DIRECTION('',(0.,-0.70710678118654,-0.707106781186554));
#1892=DIRECTION('',(-2.54019028034236E-12,0.707106781186548,-0.707106781186548));
#1893=DIRECTION('center_axis',(-1.83410160463885E-29,0.707106781186548,
0.707106781186548));
#1894=DIRECTION('ref_axis',(1.,1.31398260964189E-15,-1.31398260964186E-15));
#1895=DIRECTION('',(1.,1.31398260964189E-15,-1.31398260964186E-15));
#1896=DIRECTION('',(-2.54019028034236E-12,0.707106781186548,-0.707106781186548));
#1897=DIRECTION('center_axis',(1.,1.79618577273426E-12,-1.79618577273423E-12));
#1898=DIRECTION('ref_axis',(0.,-0.707106781186542,-0.707106781186553));
#1899=DIRECTION('',(-2.54019028034236E-12,0.707106781186548,-0.707106781186548));
#1900=DIRECTION('center_axis',(0.,0.707106781186548,0.707106781186548));
#1901=DIRECTION('ref_axis',(1.,0.,0.));
#1902=DIRECTION('',(-2.54019028034236E-12,0.707106781186548,-0.707106781186548));
#1903=DIRECTION('center_axis',(-1.,-1.79618577273426E-12,1.79618577273422E-12));
#1904=DIRECTION('ref_axis',(0.,0.70710678118654,0.707106781186554));
#1905=DIRECTION('center_axis',(-1.,-1.79618577273426E-12,1.79618577273422E-12));
#1906=DIRECTION('ref_axis',(0.,0.707106781186539,0.707106781186556));
#1907=DIRECTION('',(0.,0.707106781186539,0.707106781186556));
#1908=DIRECTION('',(-2.54019028034236E-12,0.707106781186548,-0.707106781186548));
#1909=DIRECTION('center_axis',(-2.53635717616193E-12,0.707106781186555,
-0.70710678118654));
#1910=DIRECTION('ref_axis',(-1.,-1.79347535877528E-12,1.79347535877525E-12));
#1911=DIRECTION('',(-4.32383465386236E-14,-0.70710678118654,-0.707106781186555));
#1912=DIRECTION('center_axis',(-1.,6.11482560895099E-14,0.));
#1913=DIRECTION('ref_axis',(0.,0.,1.));
#1914=DIRECTION('',(-4.32383465386245E-14,-0.707106781186554,0.707106781186541));
#1915=DIRECTION('center_axis',(3.89708483296765E-14,0.707106781186555,-0.70710678118654));
#1916=DIRECTION('ref_axis',(-1.,5.51131022450129E-14,-7.09974814698911E-30));
#1917=DIRECTION('center_axis',(3.89708483296765E-14,0.707106781186555,-0.70710678118654));
#1918=DIRECTION('ref_axis',(-1.,5.43194907591614E-14,7.93611485851429E-16));
#1919=DIRECTION('',(-1.,1.58799429193027E-14,-3.9233159325711E-14));
#1920=DIRECTION('center_axis',(-1.65132176834886E-14,0.707106781186542,
0.707106781186553));
#1921=DIRECTION('ref_axis',(1.,-1.58799429193027E-14,3.9233159325711E-14));
#1922=DIRECTION('center_axis',(3.89708483296765E-14,0.707106781186555,-0.70710678118654));
#1923=DIRECTION('ref_axis',(-1.,5.51131022450129E-14,-7.88860905221012E-31));
#1924=DIRECTION('center_axis',(-3.78485122031304E-14,-0.707106781186556,
0.707106781186539));
#1925=DIRECTION('ref_axis',(-1.,5.43194907591614E-14,7.93611485851429E-16));
#1926=DIRECTION('',(3.78485122031304E-14,0.707106781186556,-0.707106781186539));
#1927=DIRECTION('center_axis',(-1.,5.6644579830753E-14,-1.5314775857401E-15));
#1928=DIRECTION('ref_axis',(3.89708483296757E-14,0.70710678118654,0.707106781186555));
#1929=DIRECTION('',(4.11366847019006E-14,0.707106781186554,-0.707106781186541));
#1930=DIRECTION('',(4.11366847019006E-14,0.707106781186554,-0.707106781186541));
#1931=DIRECTION('center_axis',(-3.89708483296758E-14,-0.707106781186541,
-0.707106781186554));
#1932=DIRECTION('ref_axis',(-1.,5.51131022450129E-14,-7.88860905221012E-31));
#1933=DIRECTION('',(4.11366847019006E-14,0.707106781186554,-0.707106781186541));
#1934=DIRECTION('center_axis',(-1.,5.6644579830753E-14,-1.5314775857401E-15));
#1935=DIRECTION('ref_axis',(3.89708483296757E-14,0.70710678118654,0.707106781186555));
#1936=DIRECTION('',(4.11366847019006E-14,0.707106781186554,-0.707106781186541));
#1937=DIRECTION('center_axis',(-3.89708483296758E-14,-0.707106781186541,
-0.707106781186554));
#1938=DIRECTION('ref_axis',(-1.,5.51131022450129E-14,-7.88860905221012E-31));
#1939=DIRECTION('center_axis',(-1.,5.6644579830753E-14,-1.5314775857401E-15));
#1940=DIRECTION('ref_axis',(3.89708483296758E-14,0.707106781186541,0.707106781186554));
#1941=DIRECTION('',(4.11366847019006E-14,0.707106781186554,-0.707106781186541));
#1942=DIRECTION('center_axis',(-3.89708483296758E-14,-0.707106781186541,
-0.707106781186554));
#1943=DIRECTION('ref_axis',(-1.,5.52756613423066E-14,-1.62559097293724E-16));
#1944=DIRECTION('center_axis',(-3.89708483296758E-14,-0.707106781186541,
-0.707106781186554));
#1945=DIRECTION('ref_axis',(-1.,5.52756613423066E-14,-1.62559097293724E-16));
#1946=DIRECTION('center_axis',(1.,-5.04159874785411E-14,2.3391191332332E-15));
#1947=DIRECTION('ref_axis',(-3.39954796251797E-14,-0.70710678118654,-0.707106781186555));
#1948=DIRECTION('',(3.73034936274052E-14,0.707106781186555,-0.70710678118654));
#1949=DIRECTION('center_axis',(3.89708483296758E-14,0.70710678118654,0.707106781186555));
#1950=DIRECTION('ref_axis',(1.,-6.8994821335953E-14,1.38817190909399E-14));
#1951=CARTESIAN_POINT('',(0.,0.,0.));
#1952=CARTESIAN_POINT('Origin',(133.052132370101,177.110922881147,278.265571983578));
#1953=CARTESIAN_POINT('',(125.063000000019,172.354039464495,283.02245540023));
#1954=CARTESIAN_POINT('',(141.074838307051,172.354039464495,283.02245540023));
#1955=CARTESIAN_POINT('',(133.260275761814,172.354039464495,283.02245540023));
#1956=CARTESIAN_POINT('',(125.063000000019,185.789420505974,269.587074358752));
#1957=CARTESIAN_POINT('',(125.063000000019,185.068171589163,270.308323275562));
#1958=CARTESIAN_POINT('',(154.413264740184,185.789420505974,269.587074358752));
#1959=CARTESIAN_POINT('',(129.05756618506,185.789420505974,269.587074358752));
#1960=CARTESIAN_POINT('',(154.413264740184,181.173126537118,274.203368327607));
#1961=CARTESIAN_POINT('',(154.413264740184,185.068171589163,270.308323275562));
#1962=CARTESIAN_POINT('',(154.413898910197,181.173126537118,274.203368327607));
#1963=CARTESIAN_POINT('',(137.046515640149,181.173126537118,274.203368327607));
#1964=CARTESIAN_POINT('',(154.413898910197,172.354039464495,283.02245540023));
#1965=CARTESIAN_POINT('',(154.413898910197,179.142024709132,276.234470155593));
#1966=CARTESIAN_POINT('',(154.413570705358,172.354039464495,283.02245540023));
#1967=CARTESIAN_POINT('',(137.046515640149,172.354039464495,283.02245540023));
#1968=CARTESIAN_POINT('',(154.413570705358,172.364015845143,283.012479019582));
#1969=CARTESIAN_POINT('',(154.413570705358,173.132298527138,282.244196337587));
#1970=CARTESIAN_POINT('',(141.074838307051,172.364015845119,283.012479019606));
#1971=CARTESIAN_POINT('',(137.063485338585,172.364015845111,283.012479019614));
#1972=CARTESIAN_POINT('',(141.074838307051,181.0964422035,274.280052661225));
#1973=CARTESIAN_POINT('Origin',(133.468419153527,178.732013114964,289.4004290507));
#1974=CARTESIAN_POINT('',(141.074838307051,172.353963228561,283.022379164297));
#1975=CARTESIAN_POINT('',(141.074838307051,174.475283572121,285.143699507857));
#1976=CARTESIAN_POINT('',(125.063000000003,172.353963228561,283.022379164297));
#1977=CARTESIAN_POINT('',(143.940994929442,172.353963228558,283.022379164293));
#1978=CARTESIAN_POINT('',(125.063000000018,175.542988171761,286.211404107497));
#1979=CARTESIAN_POINT('Origin',(141.074838307051,185.081885289919,270.294457102939));
#1980=CARTESIAN_POINT('',(141.074838307051,172.363939609182,283.012402783669));
#1981=CARTESIAN_POINT('',(141.074838307051,172.364015845119,283.012479019606));
#1982=CARTESIAN_POINT('',(141.074838307051,178.722874006699,276.653468386152));
#1983=CARTESIAN_POINT('Origin',(141.074838307051,172.364015845119,283.012479019606));
#1984=CARTESIAN_POINT('',(154.413570705358,172.363939609206,283.012402783645));
#1985=CARTESIAN_POINT('',(154.413570705358,172.364015845143,283.012479019582));
#1986=CARTESIAN_POINT('',(141.074838307051,172.363939609182,283.012402783669));
#1987=CARTESIAN_POINT('Origin',(154.413570705358,169.153597937193,286.222744455657));
#1988=CARTESIAN_POINT('',(154.413570705358,169.153597937193,286.222744455657));
#1989=CARTESIAN_POINT('',(154.413570705358,170.758730330337,284.617612062513));
#1990=CARTESIAN_POINT('',(125.063000000017,169.153597937195,286.222744455657));
#1991=CARTESIAN_POINT('',(147.075928029022,169.153597937193,286.222744455657));
#1992=CARTESIAN_POINT('',(125.063000000017,169.153597937195,286.222744455657));
#1993=CARTESIAN_POINT('Origin',(133.50870298314,195.261008159963,279.058662012741));
#1994=CARTESIAN_POINT('',(135.00870298314,195.261008159963,279.058662012741));
#1995=CARTESIAN_POINT('Origin',(133.50870298314,195.261008159963,279.058662012741));
#1996=CARTESIAN_POINT('',(135.00870298314,178.625614025769,295.694056146936));
#1997=CARTESIAN_POINT('',(135.00870298314,195.261008159963,279.058662012741));
#1998=CARTESIAN_POINT('Origin',(133.50870298314,178.625614025769,295.694056146936));
#1999=CARTESIAN_POINT('Origin',(133.50870298314,178.625614025769,295.694056146936));
#2000=CARTESIAN_POINT('Origin',(140.813515785267,182.885537388623,299.954683907087));
#2001=CARTESIAN_POINT('',(141.041264740184,194.693764391507,287.724006181997));
#2002=CARTESIAN_POINT('',(139.655015785267,195.979438506623,289.009680297113));
#2003=CARTESIAN_POINT('',(137.489658176502,197.987695549981,291.017937340471));
#2004=CARTESIAN_POINT('',(139.655015785267,183.959986142636,301.0291326611));
#2005=CARTESIAN_POINT('',(139.655015785267,183.959986142636,301.0291326611));
#2006=CARTESIAN_POINT('',(141.972015785266,181.81108863461,298.880235153074));
#2007=CARTESIAN_POINT('',(141.273866014653,182.458586391321,299.527732909785));
#2008=CARTESIAN_POINT('',(141.972015785267,193.831903914781,286.859419872903));
#2009=CARTESIAN_POINT('',(141.972015785266,181.81108863461,298.880235153074));
#2010=CARTESIAN_POINT('',(141.041264740184,194.695127307691,287.722643265813));
#2011=CARTESIAN_POINT('',(142.077252755618,193.734302074755,286.761818032877));
#2012=CARTESIAN_POINT('',(141.041264740184,190.631560735536,291.786209837967));
#2013=CARTESIAN_POINT('Origin',(125.063000000019,194.160505489793,311.229652008257));
#2014=CARTESIAN_POINT('',(125.063000000033,206.181320769902,299.208836728148));
#2015=CARTESIAN_POINT('',(141.041264740184,206.181320769964,299.208836728086));
#2016=CARTESIAN_POINT('',(137.294615296694,206.181320769964,299.208836728086));
#2017=CARTESIAN_POINT('',(125.063000000019,194.160505489793,311.229652008257));
#2018=CARTESIAN_POINT('',(125.063000000019,210.075002905825,295.315154592224));
#2019=CARTESIAN_POINT('',(139.633898910192,194.160505489792,311.229652008257));
#2020=CARTESIAN_POINT('',(139.633898910192,194.160505489792,311.229652008257));
#2021=CARTESIAN_POINT('',(139.633898910197,206.17995785378,299.21019964427));
#2022=CARTESIAN_POINT('',(139.633898910192,194.160505489792,311.229652008257));
#2023=CARTESIAN_POINT('',(141.041264740184,206.17995785378,299.21019964427));
#2024=CARTESIAN_POINT('',(141.041264740184,206.17995785378,299.21019964427));
#2025=CARTESIAN_POINT('',(141.041264740184,210.075002905825,295.315154592224));
#2026=CARTESIAN_POINT('Origin',(149.526230593368,195.896799321234,288.924315279356));
#2027=CARTESIAN_POINT('',(141.041264740184,200.337610118662,293.365126076784));
#2028=CARTESIAN_POINT('',(141.972015785267,193.797576915311,286.825092873433));
#2029=CARTESIAN_POINT('',(141.972015785267,195.938800372021,288.966316330143));
#2030=CARTESIAN_POINT('',(154.413264740184,193.797576915311,286.825092873433));
#2031=CARTESIAN_POINT('',(145.283747666776,193.797576915311,286.825092873433));
#2032=CARTESIAN_POINT('',(154.413264740184,193.797336678413,286.824852636535));
#2033=CARTESIAN_POINT('',(154.413264740184,200.337610118662,293.365126076784));
#2034=CARTESIAN_POINT('',(154.413570705349,193.797336678417,286.824852636539));
#2035=CARTESIAN_POINT('',(145.749123189317,193.797336678413,286.824852636535));
#2036=CARTESIAN_POINT('',(154.493562276554,193.797336678413,286.824852636535));
#2037=CARTESIAN_POINT('',(150.663259858682,193.797336678413,286.824852636535));
#2038=CARTESIAN_POINT('',(159.418562276554,200.712133891636,293.739649849758));
#2039=CARTESIAN_POINT('',(155.818695357268,195.657849680174,288.685365638296));
#2040=CARTESIAN_POINT('',(159.418562276554,206.192274989297,299.219790947419));
#2041=CARTESIAN_POINT('',(159.418562276554,210.6191854251,303.646701383222));
#2042=CARTESIAN_POINT('',(156.083478011786,206.192274989297,299.219790947419));
#2043=CARTESIAN_POINT('',(154.472396434961,206.192274989297,299.219790947419));
#2044=CARTESIAN_POINT('',(156.083478011786,208.343670715107,301.37118667323));
#2045=CARTESIAN_POINT('',(156.083478011786,201.044537155265,294.072053113388));
#2046=CARTESIAN_POINT('',(154.094129502977,208.343670715108,301.37118667323));
#2047=CARTESIAN_POINT('',(152.804854302577,208.343670715108,301.37118667323));
#2048=CARTESIAN_POINT('',(154.094129502977,209.202572121844,302.230088079966));
#2049=CARTESIAN_POINT('',(154.094129502977,202.120235018171,295.147750976293));
#2050=CARTESIAN_POINT('',(150.341405157748,209.202572121844,302.230088079966));
#2051=CARTESIAN_POINT('',(151.810180048173,209.202572121844,302.230088079966));
#2052=CARTESIAN_POINT('',(150.341405157748,210.619185425107,303.646701383215));
#2053=CARTESIAN_POINT('',(150.341405157747,202.549685721539,295.577201679661));
#2054=CARTESIAN_POINT('',(141.075302694163,210.619185425114,303.646701383208));
#2055=CARTESIAN_POINT('',(149.933817875558,210.6191854251,303.646701383222));
#2056=CARTESIAN_POINT('',(141.075302694163,206.192274989305,299.219790947411));
#2057=CARTESIAN_POINT('',(141.075302694162,203.257992373167,296.285508331289));
#2058=CARTESIAN_POINT('',(141.073898910182,206.192274989297,299.219790947419));
#2059=CARTESIAN_POINT('',(145.169266643765,206.192274989297,299.219790947419));
#2060=CARTESIAN_POINT('',(141.063000000018,206.181576600447,299.209092558635));
#2061=CARTESIAN_POINT('',(138.705110982943,203.867068720491,296.894584678613));
#2062=CARTESIAN_POINT('',(125.063000000018,206.181576600419,299.209092558664));
#2063=CARTESIAN_POINT('',(141.063000000018,206.181576600447,299.209092558635));
#2064=CARTESIAN_POINT('',(125.063000000017,192.596142356471,285.623658314716));
#2065=CARTESIAN_POINT('',(156.692318590047,201.598053471127,294.62556942925));
#2066=CARTESIAN_POINT('Origin',(149.166493001968,201.598053471128,294.62556942925));
#2067=CARTESIAN_POINT('Origin',(140.353898910182,207.606842105061,296.391717376063));
#2068=CARTESIAN_POINT('',(141.063000000001,210.796155454471,294.594513704612));
#2069=CARTESIAN_POINT('',(141.063000000004,209.195972808662,296.19469635042));
#2070=CARTESIAN_POINT('',(141.073898910179,210.806853843324,294.6052120934));
#2071=CARTESIAN_POINT('',(141.073898910182,208.313595332857,297.098470603859));
#2072=CARTESIAN_POINT('',(141.816975259564,211.536258854991,295.33461710513));
#2073=CARTESIAN_POINT('Origin',(141.063000000004,210.089048673284,295.301620485799));
#2074=CARTESIAN_POINT('',(125.063000000001,210.796155454442,294.594513704641));
#2075=CARTESIAN_POINT('',(141.063000000001,210.796155454471,294.594513704612));
#2076=CARTESIAN_POINT('',(125.063000000004,210.089048673256,295.301620485827));
#2077=CARTESIAN_POINT('Origin',(149.166493001968,205.505566128889,290.718056771488));
#2078=CARTESIAN_POINT('',(156.692318590048,206.212672910075,290.010949990302));
#2079=CARTESIAN_POINT('Origin',(149.166493001968,206.212672910076,290.010949990302));
#2080=CARTESIAN_POINT('',(156.692318590029,206.212632325155,290.010990575231));
#2081=CARTESIAN_POINT('',(156.692318590048,205.505566128889,290.718056771488));
#2082=CARTESIAN_POINT('Origin',(149.166493001949,206.212632325155,290.010990575231));
#2083=CARTESIAN_POINT('Origin',(154.413570705359,197.692427625877,282.904999438343));
#2084=CARTESIAN_POINT('',(141.074838307051,197.692427625855,282.904999438366));
#2085=CARTESIAN_POINT('',(154.413570705359,197.692427625877,282.904999438343));
#2086=CARTESIAN_POINT('',(153.106929914648,197.692427625874,282.904999438346));
#2087=CARTESIAN_POINT('',(141.074838307049,198.399534407041,282.19789265718));
#2088=CARTESIAN_POINT('',(141.074838307051,197.685532657394,282.911894406827));
#2089=CARTESIAN_POINT('',(154.413570705356,198.399534407063,282.197892657157));
#2090=CARTESIAN_POINT('',(153.106929914645,198.399534407061,282.197892657159));
#2091=CARTESIAN_POINT('',(154.413570705359,197.692427625877,282.904999438343));
#2092=CARTESIAN_POINT('Origin',(151.800289123992,208.632450349709,292.430808599812));
#2093=CARTESIAN_POINT('',(159.418562276536,205.326712745659,289.125070995735));
#2094=CARTESIAN_POINT('',(154.493562276551,198.411915532427,282.210273782521));
#2095=CARTESIAN_POINT('',(158.355683962044,203.834410612225,287.632768862305));
#2096=CARTESIAN_POINT('',(154.413570705346,198.411915532441,282.210273782516));
#2097=CARTESIAN_POINT('',(153.106929914662,198.411915532425,282.210273782523));
#2098=CARTESIAN_POINT('',(154.413570705356,197.210721210548,281.009079460642));
#2099=CARTESIAN_POINT('',(141.074838307049,198.545091843911,282.343450094559));
#2100=CARTESIAN_POINT('',(141.074838307051,203.588771096927,287.387129347069));
#2101=CARTESIAN_POINT('',(141.045664963694,198.545091844164,282.343450094306));
#2102=CARTESIAN_POINT('',(141.054332481846,198.545091844164,282.343450094306));
#2103=CARTESIAN_POINT('',(141.045664963694,209.39299977008,293.191358020222));
#2104=CARTESIAN_POINT('',(141.045664963694,210.094577612275,293.892935862417));
#2105=CARTESIAN_POINT('',(125.063000000019,209.392999770052,293.19135802025));
#2106=CARTESIAN_POINT('',(133.06299999998,209.392999770066,293.191358020236));
#2107=CARTESIAN_POINT('',(125.063,197.210721210495,281.009079460693));
#2108=CARTESIAN_POINT('',(141.075302694144,210.806853843324,294.6052120934));
#2109=CARTESIAN_POINT('',(139.633898910163,210.806853843324,294.6052120934));
#2110=CARTESIAN_POINT('',(141.075302694144,219.46212409828,303.260482348356));
#2111=CARTESIAN_POINT('',(141.07530269416,211.93310731439,295.731465564532));
#2112=CARTESIAN_POINT('',(141.07532910134,219.46212409828,303.260482348356));
#2113=CARTESIAN_POINT('',(140.812302694144,219.46212409828,303.260482348356));
#2114=CARTESIAN_POINT('',(141.07532910134,231.475908628054,315.27426687813));
#2115=CARTESIAN_POINT('',(141.07532910134,219.46212409828,303.260482348356));
#2116=CARTESIAN_POINT('',(159.41899999999,231.475908628054,315.27426687813));
#2117=CARTESIAN_POINT('',(141.07532910134,231.475908628054,315.27426687813));
#2118=CARTESIAN_POINT('',(159.41899999999,219.46212409828,303.260482348356));
#2119=CARTESIAN_POINT('',(159.41899999999,231.475908628054,315.27426687813));
#2120=CARTESIAN_POINT('',(178.537578247983,219.46212409828,303.260482348356));
#2121=CARTESIAN_POINT('',(159.41899999999,219.46212409828,303.260482348356));
#2122=CARTESIAN_POINT('',(178.537578247983,205.37647444667,289.174832696745));
#2123=CARTESIAN_POINT('',(178.537578247983,219.46212409828,303.260482348356));
#2124=CARTESIAN_POINT('',(159.41899999999,205.37647444667,289.174832696745));
#2125=CARTESIAN_POINT('',(178.537578247983,205.37647444667,289.174832696745));
#2126=CARTESIAN_POINT('',(159.41899999999,213.817150975871,297.615509225947));
#2127=CARTESIAN_POINT('',(159.41899999999,205.37647444667,289.174832696745));
#2128=CARTESIAN_POINT('',(159.418562276536,213.817150975871,297.615509225947));
#2129=CARTESIAN_POINT('',(159.41899999999,213.817150975871,297.615509225947));
#2130=CARTESIAN_POINT('',(159.418562276536,213.817150975871,297.615509225947));
#2131=CARTESIAN_POINT('',(171.10159971473,212.237946448045,296.036304698692));
#2132=CARTESIAN_POINT('Origin',(169.60159971473,212.237946448317,296.03630469842));
#2133=CARTESIAN_POINT('',(151.880084002181,226.533191909857,310.331550160504));
#2134=CARTESIAN_POINT('Origin',(150.380084002181,226.533191910129,310.331550160232));
#2135=CARTESIAN_POINT('Origin',(141.045664963694,197.824195126036,283.064346812434));
#2136=CARTESIAN_POINT('',(141.074838307051,198.545444042846,282.343097895624));
#2137=CARTESIAN_POINT('',(141.074838307051,197.824195126036,283.064346812434));
#2138=CARTESIAN_POINT('',(141.045664963694,198.545444042846,282.343097895624));
#2139=CARTESIAN_POINT('',(141.457551523618,198.545444042846,282.343097895624));
#2140=CARTESIAN_POINT('',(141.045664963694,197.824195126036,283.064346812434));
#2141=CARTESIAN_POINT('Origin',(141.074838307051,197.664964290967,282.905115977366));
#2142=CARTESIAN_POINT('',(154.413264740184,197.664964290943,282.905115977341));
#2143=CARTESIAN_POINT('',(141.074838307051,197.664964290967,282.905115977366));
#2144=CARTESIAN_POINT('',(147.074097327461,197.664964290956,282.905115977355));
#2145=CARTESIAN_POINT('',(154.413264740184,198.386213207753,282.183867060531));
#2146=CARTESIAN_POINT('',(154.413264740184,197.664964290943,282.905115977341));
#2147=CARTESIAN_POINT('',(141.074838307051,198.386213207777,282.183867060555));
#2148=CARTESIAN_POINT('',(147.074097327461,198.386213207766,282.183867060544));
#2149=CARTESIAN_POINT('',(141.074838307051,197.664964290967,282.905115977366));
#2150=CARTESIAN_POINT('Origin',(141.074838307051,197.824195126036,283.064346812434));
#2151=CARTESIAN_POINT('',(141.074838307051,185.081884322385,282.95851151505));
#2152=CARTESIAN_POINT('',(141.074838307051,185.789382388007,269.587036240785));
#2153=CARTESIAN_POINT('Origin',(141.045664963694,208.672103051951,293.91225473835));
#2154=CARTESIAN_POINT('',(141.045664963694,209.393351968762,293.19100582154));
#2155=CARTESIAN_POINT('',(141.045664963693,191.500246957589,275.297900810367));
#2156=CARTESIAN_POINT('',(141.045664963694,208.672103051951,293.91225473835));
#2157=CARTESIAN_POINT('Origin',(125.063000000019,209.393351968762,293.19100582154));
#2158=CARTESIAN_POINT('',(125.063000000019,209.393351968762,293.19100582154));
#2159=CARTESIAN_POINT('',(125.063000000019,187.910740849533,271.708394702311));
#2160=CARTESIAN_POINT('',(139.633898910197,209.393351968762,293.19100582154));
#2161=CARTESIAN_POINT('',(154.413264740184,209.393351968762,293.19100582154));
#2162=CARTESIAN_POINT('Origin',(154.413570705358,181.776521398242,298.845667916706));
#2163=CARTESIAN_POINT('',(154.413570705358,184.976886689606,295.645302625342));
#2164=CARTESIAN_POINT('',(154.413570705358,185.043474845486,295.711890781222));
#2165=CARTESIAN_POINT('',(154.413570705358,181.776521398242,298.845667916706));
#2166=CARTESIAN_POINT('',(154.413570705358,181.776521398242,298.845667916706));
#2167=CARTESIAN_POINT('',(154.413570705358,169.153597937193,286.222744455657));
#2168=CARTESIAN_POINT('Origin',(125.063000000017,169.153597937195,286.222744455657));
#2169=CARTESIAN_POINT('',(125.063000000019,208.672103051951,293.91225473835));
#2170=CARTESIAN_POINT('',(125.063000000018,183.959986142637,301.0291326611));
#2171=CARTESIAN_POINT('Origin',(141.041264740184,197.687758694805,282.934911093939));
#2172=CARTESIAN_POINT('',(141.972015785267,184.977126926504,295.64554286224));
#2173=CARTESIAN_POINT('',(141.972015785267,187.786487817134,292.83618197161));
#2174=CARTESIAN_POINT('',(154.413898910197,184.977126926504,295.64554286224));
#2175=CARTESIAN_POINT('',(141.041081825191,184.977126926504,295.64554286224));
#2176=CARTESIAN_POINT('',(154.413898910197,193.796213999127,286.826455789617));
#2177=CARTESIAN_POINT('',(154.413898910197,195.741986346966,284.880683441778));
#2178=CARTESIAN_POINT('',(154.413264740184,193.796213999127,286.826455789617));
#2179=CARTESIAN_POINT('',(141.041081825191,193.796213999127,286.826455789617));
#2180=CARTESIAN_POINT('',(154.413264740184,197.689508872989,282.933160915755));
#2181=CARTESIAN_POINT('Origin',(154.413264740184,208.672103051951,293.91225473835));
#2182=CARTESIAN_POINT('',(154.413264740184,193.795973762229,286.826215552719));
#2183=CARTESIAN_POINT('',(154.413264740184,204.777057999906,297.807299790396));
#2184=CARTESIAN_POINT('',(154.413264740184,189.733770106258,290.888419208689));
#2185=CARTESIAN_POINT('Origin',(141.040898910197,181.173126537118,274.203368327607));
#2186=CARTESIAN_POINT('',(154.413264740184,189.907791280666,282.938033071155));
#2187=CARTESIAN_POINT('',(154.413264740184,204.777057999906,297.807299790396));
#2188=CARTESIAN_POINT('',(154.413570705359,189.907791280666,282.938033071155));
#2189=CARTESIAN_POINT('',(147.073914412454,189.907791280679,282.938033071169));
#2190=CARTESIAN_POINT('',(154.413570705359,193.795973762229,286.826215552719));
#2191=CARTESIAN_POINT('',(154.413570705358,187.484550149673,280.514791940163));
#2192=CARTESIAN_POINT('',(141.506457347732,193.79597376223,286.826215552719));
#2193=CARTESIAN_POINT('',(154.413898910197,204.777057999906,297.807299790396));
#2194=CARTESIAN_POINT('Origin',(141.040898910197,185.110063001367,295.778478937103));
#2195=CARTESIAN_POINT('',(154.413898910197,187.344992021123,298.013407956859));
#2196=CARTESIAN_POINT('',(141.972015785267,184.976886689606,295.645302625342));
#2197=CARTESIAN_POINT('',(141.972015785267,186.135207217683,296.803623153419));
#2198=CARTESIAN_POINT('',(141.506457347732,184.976886689606,295.645302625342));
#2199=CARTESIAN_POINT('Origin',(154.413898910197,204.777057999906,297.807299790396));
#2200=CARTESIAN_POINT('Origin',(141.972015785266,181.776521398243,298.845667916706));
#2201=CARTESIAN_POINT('',(141.972015785266,181.776521398243,298.845667916706));
#2202=CARTESIAN_POINT('',(141.972015785266,181.776521398243,298.845667916706));
#2203=CARTESIAN_POINT('',(154.413570705358,181.776521398242,298.845667916706));
#2204=CARTESIAN_POINT('Origin',(154.413264740184,208.672103051951,293.91225473835));
#2205=CARTESIAN_POINT('',(154.413264740184,196.826671370763,282.908673222573));
#2206=CARTESIAN_POINT('Origin',(141.041264740184,208.668602695583,293.915755094718));
#2207=CARTESIAN_POINT('',(149.806805425711,204.074021688248,289.321174087383));
#2208=CARTESIAN_POINT('',(148.526180578225,204.074021688248,289.321174087383));
#2209=CARTESIAN_POINT('',(144.783722659204,204.074021688248,289.321174087383));
#2210=CARTESIAN_POINT('Origin',(149.166493001968,205.488235250621,290.735387649757));
#2211=CARTESIAN_POINT('Origin',(141.041264740184,185.068171589163,270.308323275562));
#2212=CARTESIAN_POINT('',(148.526180578225,204.077522044616,289.317673731015));
#2213=CARTESIAN_POINT('',(149.806805425711,204.077522044616,289.317673731015));
#2214=CARTESIAN_POINT('',(144.783722659204,204.077522044616,289.317673731015));
#2215=CARTESIAN_POINT('Origin',(149.166493001968,205.491735606989,290.731887293389));
#2216=CARTESIAN_POINT('Origin',(149.166493001968,204.091352566516,292.132270333861));
#2217=CARTESIAN_POINT('',(148.526180578225,204.798459347703,288.596736427929));
#2218=CARTESIAN_POINT('',(148.526180578225,202.677139004143,290.718056771488));
#2219=CARTESIAN_POINT('',(149.806805425711,204.798459347703,288.596736427929));
#2220=CARTESIAN_POINT('Origin',(149.166493001968,206.212672910076,290.010949990302));
#2221=CARTESIAN_POINT('',(149.806805425711,204.798459347703,288.596736427929));
#2222=CARTESIAN_POINT('Origin',(149.166493001968,204.091352566516,292.132270333861));
#2223=CARTESIAN_POINT('',(149.806805425711,202.305200837239,291.089994938392));
#2224=CARTESIAN_POINT('',(149.806805425711,204.798459347703,288.596736427929));
#2225=CARTESIAN_POINT('',(148.526180578225,202.305200837239,291.089994938392));
#2226=CARTESIAN_POINT('Origin',(149.166493001968,203.719414399612,292.504208500765));
#2227=CARTESIAN_POINT('',(148.526180578225,202.677139004143,290.718056771488));
#2228=CARTESIAN_POINT('Origin',(148.526180578225,202.677139004143,290.718056771488));
#2229=CARTESIAN_POINT('',(149.806805425711,204.798459347703,288.596736427929));
#2230=CARTESIAN_POINT('Origin',(141.972015785267,183.959986142636,301.0291326611));
#2231=CARTESIAN_POINT('',(141.972015785266,169.153597937194,286.222744455657));
#2232=CARTESIAN_POINT('Origin',(141.041264740184,208.672103051951,293.91225473835));
#2233=CARTESIAN_POINT('',(141.041264740184,204.777057999906,297.807299790396));
#2234=CARTESIAN_POINT('Origin',(141.041264740184,204.777057999906,297.807299790396));
#2235=CARTESIAN_POINT('',(139.633898910197,195.979438506623,289.009680297113));
#2236=CARTESIAN_POINT('',(139.633898910193,204.777057999906,297.807299790396));
#2237=CARTESIAN_POINT('',(140.337581825187,195.979438506623,289.009680297113));
#2238=CARTESIAN_POINT('Origin',(139.633898910192,183.959986142636,301.0291326611));
#2239=CARTESIAN_POINT('',(139.633898910192,183.959986142636,301.0291326611));
#2240=CARTESIAN_POINT('',(139.633898910192,183.959986142636,301.0291326611));
#2241=CARTESIAN_POINT('',(141.972015785267,183.959986142636,301.0291326611));
#2242=CARTESIAN_POINT('Origin',(139.633898910192,192.757605635918,309.826752154383));
#2243=CARTESIAN_POINT('',(139.633898910192,192.757605635918,309.826752154383));
#2244=CARTESIAN_POINT('Origin',(139.738285352688,180.955601786556,298.02474830502));
#2245=CARTESIAN_POINT('Origin',(149.166493001967,201.104533522784,295.119089377593));
#2246=CARTESIAN_POINT('',(156.692318590047,201.598094056052,294.625528844325));
#2247=CARTESIAN_POINT('',(156.692318590047,201.104533522784,295.119089377593));
#2248=CARTESIAN_POINT('Origin',(149.166493001968,201.598094056053,294.625528844325));
#2249=CARTESIAN_POINT('Origin',(149.166493001968,201.598094056053,294.625528844325));
#2250=CARTESIAN_POINT('',(155.166493001968,201.598094056052,294.625528844325));
#2251=CARTESIAN_POINT('Origin',(149.166493001968,201.598094056052,294.625528844325));
#2252=CARTESIAN_POINT('Origin',(169.601599714733,211.530839666858,296.743411479879));
#2253=CARTESIAN_POINT('',(171.101599714733,210.116626104757,298.157625041979));
#2254=CARTESIAN_POINT('',(171.101599714733,211.530839666858,296.743411479879));
#2255=CARTESIAN_POINT('Origin',(169.601599714733,210.116626104757,298.157625041979));
#2256=CARTESIAN_POINT('Origin',(150.380084002183,225.82608512867,311.038656941691));
#2257=CARTESIAN_POINT('',(151.880084002183,224.411871566569,312.452870503792));
#2258=CARTESIAN_POINT('',(151.880084002183,225.82608512867,311.038656941691));
#2259=CARTESIAN_POINT('Origin',(150.380084002183,224.411871566569,312.452870503792));
#2260=CARTESIAN_POINT('Origin',(156.956062276553,191.597881035539,295.939105492632));
#2261=CARTESIAN_POINT('',(159.418562276554,195.05527964215,299.396504099244));
#2262=CARTESIAN_POINT('',(154.493562276553,188.140482428927,292.48170688602));
#2263=CARTESIAN_POINT('Origin',(159.418562276554,197.888863622872,313.543796578937));
#2264=CARTESIAN_POINT('',(159.418562276554,197.888863622872,313.543796578937));
#2265=CARTESIAN_POINT('',(159.418562276554,197.888863622872,313.543796578937));
#2266=CARTESIAN_POINT('',(159.418562276554,194.878566490326,310.53349944639));
#2267=CARTESIAN_POINT('',(159.418562276554,194.878566490326,310.53349944639));
#2268=CARTESIAN_POINT('',(159.418562276554,194.878566490326,310.53349944639));
#2269=CARTESIAN_POINT('Origin',(153.10692991467,185.028145174689,282.958739553846));
#2270=CARTESIAN_POINT('',(154.413570705358,183.368655559412,282.96578149751));
#2271=CARTESIAN_POINT('Origin',(125.063000000019,192.757605635919,309.826752154383));
#2272=CARTESIAN_POINT('Origin',(154.413570705349,193.797336678413,286.824852636535));
#2273=CARTESIAN_POINT('',(154.413570705349,193.797336678417,286.824852636539));
#2274=CARTESIAN_POINT('Origin',(140.812302694163,208.313595332857,297.098470603859));
#2275=CARTESIAN_POINT('',(141.075302694147,210.099747062137,295.312318874586));
#2276=CARTESIAN_POINT('Origin',(141.075302694162,199.305476926129,314.960409882193));
#2277=CARTESIAN_POINT('',(141.075302694162,203.533836745282,319.188769701345));
#2278=CARTESIAN_POINT('',(141.075302694162,199.305476926129,314.960409882193));
#2279=CARTESIAN_POINT('',(141.075302694162,199.255839271967,314.91077222803));
#2280=CARTESIAN_POINT('',(141.075302694162,203.533836745282,319.188769701345));
#2281=CARTESIAN_POINT('',(141.075302694162,199.305476926129,314.960409882193));
#2282=CARTESIAN_POINT('Origin',(140.812302694162,203.533836745282,319.188769701345));
#2283=CARTESIAN_POINT('',(159.419000000009,203.533836745281,319.188769701345));
#2284=CARTESIAN_POINT('',(150.341405157747,203.533836745282,319.188769701345));
#2285=CARTESIAN_POINT('',(159.419000000009,217.34080375473,305.381802691897));
#2286=CARTESIAN_POINT('',(159.419000000009,203.533836745281,319.188769701345));
#2287=CARTESIAN_POINT('',(141.075329101347,217.34080375472,305.381802691915));
#2288=CARTESIAN_POINT('',(150.341405157748,217.34080375473,305.381802691897));
#2289=CARTESIAN_POINT('',(141.075329101347,217.34080375472,305.381802691915));
#2290=CARTESIAN_POINT('Origin',(150.406151347085,199.206201617804,314.861134573868));
#2291=CARTESIAN_POINT('',(150.341405157747,199.305476926129,314.960409882193));
#2292=CARTESIAN_POINT('',(140.812302694162,199.305476926129,314.960409882193));
#2293=CARTESIAN_POINT('',(150.341405157747,197.888863622873,313.543796578937));
#2294=CARTESIAN_POINT('',(150.341405157747,203.533836745282,319.188769701345));
#2295=CARTESIAN_POINT('',(154.094129502976,197.888863622873,313.543796578937));
#2296=CARTESIAN_POINT('',(150.341405157747,197.888863622873,313.543796578937));
#2297=CARTESIAN_POINT('',(154.094129502976,197.029962216137,312.6848951722));
#2298=CARTESIAN_POINT('',(154.094129502976,197.888863622873,313.543796578937));
#2299=CARTESIAN_POINT('',(156.083478011785,197.029962216137,312.6848951722));
#2300=CARTESIAN_POINT('',(154.094129502976,197.029962216137,312.6848951722));
#2301=CARTESIAN_POINT('',(156.083478011785,194.878566490326,310.53349944639));
#2302=CARTESIAN_POINT('',(156.083478011785,197.888863622873,313.543796578937));
#2303=CARTESIAN_POINT('',(156.083478011785,194.878566490326,310.53349944639));
#2304=CARTESIAN_POINT('',(159.419000000008,197.888863622872,313.543796578937));
#2305=CARTESIAN_POINT('',(150.341405157747,197.888863622873,313.543796578937));
#2306=CARTESIAN_POINT('',(159.419000000008,201.370019181542,317.024952137607));
#2307=CARTESIAN_POINT('Origin',(150.341405157747,199.305476926129,314.960409882193));
#2308=CARTESIAN_POINT('',(150.341405157747,199.305476926129,314.960409882193));
#2309=CARTESIAN_POINT('Origin',(151.800289124,206.51113000615,294.552128943372));
#2310=CARTESIAN_POINT('',(159.418999999998,229.354588284495,317.39558722169));
#2311=CARTESIAN_POINT('',(159.418999999998,229.354588284495,317.39558722169));
#2312=CARTESIAN_POINT('',(141.075329101347,229.354588284495,317.39558722169));
#2313=CARTESIAN_POINT('',(141.075329101347,229.354588284495,317.39558722169));
#2314=CARTESIAN_POINT('',(141.075329101347,217.34080375472,305.381802691915));
#2315=CARTESIAN_POINT('Origin',(178.537578247991,203.25515410311,291.296153040305));
#2316=CARTESIAN_POINT('',(178.537578247991,203.25515410311,291.296153040305));
#2317=CARTESIAN_POINT('',(159.418999999998,203.25515410311,291.296153040305));
#2318=CARTESIAN_POINT('',(178.537578247991,203.25515410311,291.296153040305));
#2319=CARTESIAN_POINT('',(159.418999999998,203.25515410311,291.296153040305));
#2320=CARTESIAN_POINT('',(178.537578247991,203.25515410311,291.296153040305));
#2321=CARTESIAN_POINT('Origin',(178.537578247991,217.34080375472,305.381802691915));
#2322=CARTESIAN_POINT('',(178.537578247991,217.34080375472,305.381802691915));
#2323=CARTESIAN_POINT('',(178.537578247991,217.34080375472,305.381802691915));
#2324=CARTESIAN_POINT('',(178.537578247991,217.34080375472,305.381802691915));
#2325=CARTESIAN_POINT('Origin',(159.418999999998,217.34080375472,305.381802691915));
#2326=CARTESIAN_POINT('',(159.418999999998,217.34080375472,305.381802691915));
#2327=CARTESIAN_POINT('',(159.418999999998,217.34080375472,305.381802691915));
#2328=CARTESIAN_POINT('Origin',(159.418999999998,229.354588284495,317.39558722169));
#2329=CARTESIAN_POINT('',(159.418999999998,229.354588284495,317.39558722169));
#2330=CARTESIAN_POINT('Origin',(141.075329101347,229.354588284495,317.39558722169));
#2331=CARTESIAN_POINT('',(141.075329101347,229.354588284495,317.39558722169));
#2332=CARTESIAN_POINT('Origin',(141.075329101347,217.34080375472,305.381802691915));
#2333=CARTESIAN_POINT('Origin',(159.418999999998,203.25515410311,291.296153040305));
#2334=CARTESIAN_POINT('',(159.419000000009,211.695830632321,299.736829569488));
#2335=CARTESIAN_POINT('',(159.418999999998,203.25515410311,291.296153040305));
#2336=CARTESIAN_POINT('',(159.418999999998,211.695830632311,299.736829569506));
#2337=CARTESIAN_POINT('Origin',(151.800289124,206.51113000615,294.552128943372));
#2338=CARTESIAN_POINT('',(159.419000000009,206.405239665953,294.446238603148));
#2339=CARTESIAN_POINT('Origin',(159.419000000009,203.533836745281,319.188769701345));
#2340=CARTESIAN_POINT('',(159.419000000008,197.888863622872,313.543796578937));
#2341=CARTESIAN_POINT('Origin',(149.166493001968,203.719414399612,292.504208500765));
#2342=CARTESIAN_POINT('',(155.166493001968,203.719414399612,292.504208500766));
#2343=CARTESIAN_POINT('Origin',(149.166493001968,203.719414399612,292.504208500766));
#2344=CARTESIAN_POINT('',(149.806805425711,202.305200837239,291.089994938392));
#2345=CARTESIAN_POINT('Origin',(148.526180578225,202.677139004143,290.718056771488));
#2346=CARTESIAN_POINT('Origin',(149.166493001968,206.212672910076,290.010949990302));
#2347=CARTESIAN_POINT('Origin',(149.166493001968,204.091352566516,292.132270333861));
#2348=CARTESIAN_POINT('',(155.166493001968,204.091352566516,292.132270333861));
#2349=CARTESIAN_POINT('Origin',(154.094129502976,197.029962216137,312.6848951722));
#2350=CARTESIAN_POINT('',(154.094129502976,197.029962216137,312.6848951722));
#2351=CARTESIAN_POINT('',(154.094129502976,197.888863622873,313.543796578937));
#2352=CARTESIAN_POINT('Origin',(156.083478011785,197.029962216137,312.6848951722));
#2353=CARTESIAN_POINT('',(156.083478011785,197.029962216137,312.6848951722));
#2354=CARTESIAN_POINT('Origin',(156.083478011785,194.878566490326,310.53349944639));
#2355=CARTESIAN_POINT('',(156.083478011785,194.878566490326,310.53349944639));
#2356=CARTESIAN_POINT('Origin',(159.418562276554,194.878566490326,310.53349944639));
#2357=CARTESIAN_POINT('Origin',(150.341405157747,197.888863622873,313.543796578937));
#2358=CARTESIAN_POINT('',(150.341405157747,197.888863622873,313.543796578937));
#2359=CARTESIAN_POINT('Origin',(154.094129502976,197.888863622873,313.543796578937));
#2360=CARTESIAN_POINT('Origin',(160.000000000008,197.888863622872,313.543796578937));
#2361=CARTESIAN_POINT('Origin',(154.413570705358,181.776521398242,298.845667916706));
#2362=CARTESIAN_POINT('',(154.413570705358,181.776521398242,298.845667916706));
#2363=CARTESIAN_POINT('Origin',(141.972015785266,181.776521398243,298.845667916706));
#2364=UNCERTAINTY_MEASURE_WITH_UNIT(LENGTH_MEASURE(0.01),#2368,
'DISTANCE_ACCURACY_VALUE',
'Maximum model space distance between geometric entities at asserted c
onnectivities');
#2365=UNCERTAINTY_MEASURE_WITH_UNIT(LENGTH_MEASURE(0.01),#2368,
'DISTANCE_ACCURACY_VALUE',
'Maximum model space distance between geometric entities at asserted c
onnectivities');
#2366=(
GEOMETRIC_REPRESENTATION_CONTEXT(3)
GLOBAL_UNCERTAINTY_ASSIGNED_CONTEXT((#2364))
GLOBAL_UNIT_ASSIGNED_CONTEXT((#2368,#2370,#2371))
REPRESENTATION_CONTEXT('','3D')
);
#2367=(
GEOMETRIC_REPRESENTATION_CONTEXT(3)
GLOBAL_UNCERTAINTY_ASSIGNED_CONTEXT((#2365))
GLOBAL_UNIT_ASSIGNED_CONTEXT((#2368,#2370,#2371))
REPRESENTATION_CONTEXT('','3D')
);
#2368=(
LENGTH_UNIT()
NAMED_UNIT(*)
SI_UNIT(.MILLI.,.METRE.)
);
#2369=(
LENGTH_UNIT()
NAMED_UNIT(*)
SI_UNIT($,.METRE.)
);
#2370=(
NAMED_UNIT(*)
PLANE_ANGLE_UNIT()
SI_UNIT($,.RADIAN.)
);
#2371=(
NAMED_UNIT(*)
SI_UNIT($,.STERADIAN.)
SOLID_ANGLE_UNIT()
);
#2372=SHAPE_DEFINITION_REPRESENTATION(#2373,#2374);
#2373=PRODUCT_DEFINITION_SHAPE('',$,#2376);
#2374=SHAPE_REPRESENTATION('',(#1483),#2366);
#2375=PRODUCT_DEFINITION_CONTEXT('part definition',#2380,'design');
#2376=PRODUCT_DEFINITION('doubleshear1(!x)','doubleshear1(!x) v1',#2377,
#2375);
#2377=PRODUCT_DEFINITION_FORMATION('',$,#2382);
#2378=PRODUCT_RELATED_PRODUCT_CATEGORY('doubleshear1(!x) v1',
'doubleshear1(!x) v1',(#2382));
#2379=APPLICATION_PROTOCOL_DEFINITION('international standard',
'automotive_design',2009,#2380);
#2380=APPLICATION_CONTEXT(
'Core Data for Automotive Mechanical Design Process');
#2381=PRODUCT_CONTEXT('part definition',#2380,'mechanical');
#2382=PRODUCT('doubleshear1(!x)','doubleshear1(!x) v1',$,(#2381));
#2383=PRESENTATION_STYLE_ASSIGNMENT((#2384));
#2384=SURFACE_STYLE_USAGE(.BOTH.,#2385);
#2385=SURFACE_SIDE_STYLE('',(#2386));
#2386=SURFACE_STYLE_FILL_AREA(#2387);
#2387=FILL_AREA_STYLE('Steel - Satin',(#2388));
#2388=FILL_AREA_STYLE_COLOUR('Steel - Satin',#2389);
#2389=COLOUR_RGB('Steel - Satin',0.627450980392157,0.627450980392157,0.627450980392157);
ENDSEC;
END-ISO-10303-21;
