ISO-10303-21;
HEADER;
/* Generated by software containing ST-Developer
 * from STEP Tools, Inc. (www.steptools.com) 
 */

FILE_DESCRIPTION(
/* description */ (''),
/* implementation_level */ '2;1');

FILE_NAME(
/* name */ 'doubleshear2(!x).step',
/* time_stamp */ '2025-12-01T16:02:14+05:30',
/* author */ (''),
/* organization */ (''),
/* preprocessor_version */ 'ST-DEVELOPER v20.1',
/* originating_system */ 'Autodesk Translation Framework v14.21.0.0',
/* authorisation */ '');

FILE_SCHEMA (('AUTOMOTIVE_DESIGN { 1 0 10303 214 3 1 1 }'));
ENDSEC;

DATA;
#10=MECHANICAL_DESIGN_GEOMETRIC_PRESENTATION_REPRESENTATION('',(#13),#2229);
#11=SHAPE_REPRESENTATION_RELATIONSHIP('SRR','None',#2236,#12);
#12=ADVANCED_BREP_SHAPE_REPRESENTATION('',(#14),#2228);
#13=STYLED_ITEM('',(#2245),#14);
#14=MANIFOLD_SOLID_BREP('Body2',#1391);
#15=FACE_BOUND('',#162,.T.);
#16=FACE_BOUND('',#168,.T.);
#17=FACE_BOUND('',#169,.T.);
#18=FACE_BOUND('',#170,.T.);
#19=FACE_BOUND('',#172,.T.);
#20=FACE_BOUND('',#175,.T.);
#21=FACE_BOUND('',#189,.T.);
#22=FACE_BOUND('',#198,.T.);
#23=FACE_BOUND('',#230,.T.);
#24=PLANE('',#1408);
#25=PLANE('',#1410);
#26=PLANE('',#1411);
#27=PLANE('',#1412);
#28=PLANE('',#1413);
#29=PLANE('',#1414);
#30=PLANE('',#1417);
#31=PLANE('',#1421);
#32=PLANE('',#1423);
#33=PLANE('',#1424);
#34=PLANE('',#1425);
#35=PLANE('',#1426);
#36=PLANE('',#1427);
#37=PLANE('',#1428);
#38=PLANE('',#1429);
#39=PLANE('',#1430);
#40=PLANE('',#1431);
#41=PLANE('',#1432);
#42=PLANE('',#1433);
#43=PLANE('',#1434);
#44=PLANE('',#1435);
#45=PLANE('',#1437);
#46=PLANE('',#1438);
#47=PLANE('',#1439);
#48=PLANE('',#1440);
#49=PLANE('',#1441);
#50=PLANE('',#1442);
#51=PLANE('',#1443);
#52=PLANE('',#1444);
#53=PLANE('',#1446);
#54=PLANE('',#1447);
#55=PLANE('',#1448);
#56=PLANE('',#1449);
#57=PLANE('',#1450);
#58=PLANE('',#1451);
#59=PLANE('',#1452);
#60=PLANE('',#1453);
#61=PLANE('',#1454);
#62=PLANE('',#1459);
#63=PLANE('',#1460);
#64=PLANE('',#1461);
#65=PLANE('',#1462);
#66=PLANE('',#1463);
#67=PLANE('',#1464);
#68=PLANE('',#1465);
#69=PLANE('',#1466);
#70=PLANE('',#1467);
#71=PLANE('',#1468);
#72=PLANE('',#1469);
#73=PLANE('',#1470);
#74=PLANE('',#1471);
#75=PLANE('',#1472);
#76=PLANE('',#1473);
#77=PLANE('',#1474);
#78=PLANE('',#1475);
#79=PLANE('',#1476);
#80=PLANE('',#1477);
#81=PLANE('',#1478);
#82=PLANE('',#1479);
#83=PLANE('',#1480);
#84=PLANE('',#1483);
#85=PLANE('',#1484);
#86=PLANE('',#1485);
#87=PLANE('',#1486);
#88=PLANE('',#1487);
#89=FACE_OUTER_BOUND('',#160,.T.);
#90=FACE_OUTER_BOUND('',#161,.T.);
#91=FACE_OUTER_BOUND('',#163,.T.);
#92=FACE_OUTER_BOUND('',#164,.T.);
#93=FACE_OUTER_BOUND('',#165,.T.);
#94=FACE_OUTER_BOUND('',#166,.T.);
#95=FACE_OUTER_BOUND('',#167,.T.);
#96=FACE_OUTER_BOUND('',#171,.T.);
#97=FACE_OUTER_BOUND('',#173,.T.);
#98=FACE_OUTER_BOUND('',#174,.T.);
#99=FACE_OUTER_BOUND('',#176,.T.);
#100=FACE_OUTER_BOUND('',#177,.T.);
#101=FACE_OUTER_BOUND('',#178,.T.);
#102=FACE_OUTER_BOUND('',#179,.T.);
#103=FACE_OUTER_BOUND('',#180,.T.);
#104=FACE_OUTER_BOUND('',#181,.T.);
#105=FACE_OUTER_BOUND('',#182,.T.);
#106=FACE_OUTER_BOUND('',#183,.T.);
#107=FACE_OUTER_BOUND('',#184,.T.);
#108=FACE_OUTER_BOUND('',#185,.T.);
#109=FACE_OUTER_BOUND('',#186,.T.);
#110=FACE_OUTER_BOUND('',#187,.T.);
#111=FACE_OUTER_BOUND('',#188,.T.);
#112=FACE_OUTER_BOUND('',#190,.T.);
#113=FACE_OUTER_BOUND('',#191,.T.);
#114=FACE_OUTER_BOUND('',#192,.T.);
#115=FACE_OUTER_BOUND('',#193,.T.);
#116=FACE_OUTER_BOUND('',#194,.T.);
#117=FACE_OUTER_BOUND('',#195,.T.);
#118=FACE_OUTER_BOUND('',#196,.T.);
#119=FACE_OUTER_BOUND('',#197,.T.);
#120=FACE_OUTER_BOUND('',#199,.T.);
#121=FACE_OUTER_BOUND('',#200,.T.);
#122=FACE_OUTER_BOUND('',#201,.T.);
#123=FACE_OUTER_BOUND('',#202,.T.);
#124=FACE_OUTER_BOUND('',#203,.T.);
#125=FACE_OUTER_BOUND('',#204,.T.);
#126=FACE_OUTER_BOUND('',#205,.T.);
#127=FACE_OUTER_BOUND('',#206,.T.);
#128=FACE_OUTER_BOUND('',#207,.T.);
#129=FACE_OUTER_BOUND('',#208,.T.);
#130=FACE_OUTER_BOUND('',#209,.T.);
#131=FACE_OUTER_BOUND('',#210,.T.);
#132=FACE_OUTER_BOUND('',#211,.T.);
#133=FACE_OUTER_BOUND('',#212,.T.);
#134=FACE_OUTER_BOUND('',#213,.T.);
#135=FACE_OUTER_BOUND('',#214,.T.);
#136=FACE_OUTER_BOUND('',#215,.T.);
#137=FACE_OUTER_BOUND('',#216,.T.);
#138=FACE_OUTER_BOUND('',#217,.T.);
#139=FACE_OUTER_BOUND('',#218,.T.);
#140=FACE_OUTER_BOUND('',#219,.T.);
#141=FACE_OUTER_BOUND('',#220,.T.);
#142=FACE_OUTER_BOUND('',#221,.T.);
#143=FACE_OUTER_BOUND('',#222,.T.);
#144=FACE_OUTER_BOUND('',#223,.T.);
#145=FACE_OUTER_BOUND('',#224,.T.);
#146=FACE_OUTER_BOUND('',#225,.T.);
#147=FACE_OUTER_BOUND('',#226,.T.);
#148=FACE_OUTER_BOUND('',#227,.T.);
#149=FACE_OUTER_BOUND('',#228,.T.);
#150=FACE_OUTER_BOUND('',#229,.T.);
#151=FACE_OUTER_BOUND('',#231,.T.);
#152=FACE_OUTER_BOUND('',#232,.T.);
#153=FACE_OUTER_BOUND('',#233,.T.);
#154=FACE_OUTER_BOUND('',#234,.T.);
#155=FACE_OUTER_BOUND('',#235,.T.);
#156=FACE_OUTER_BOUND('',#236,.T.);
#157=FACE_OUTER_BOUND('',#237,.T.);
#158=FACE_OUTER_BOUND('',#238,.T.);
#159=FACE_OUTER_BOUND('',#239,.T.);
#160=EDGE_LOOP('',(#930,#931,#932,#933));
#161=EDGE_LOOP('',(#934));
#162=EDGE_LOOP('',(#935));
#163=EDGE_LOOP('',(#936,#937,#938,#939));
#164=EDGE_LOOP('',(#940,#941,#942,#943));
#165=EDGE_LOOP('',(#944,#945,#946,#947));
#166=EDGE_LOOP('',(#948,#949,#950,#951));
#167=EDGE_LOOP('',(#952,#953,#954,#955,#956,#957,#958,#959,#960,#961,#962,
#963,#964,#965,#966,#967,#968,#969,#970,#971,#972,#973,#974));
#168=EDGE_LOOP('',(#975));
#169=EDGE_LOOP('',(#976));
#170=EDGE_LOOP('',(#977));
#171=EDGE_LOOP('',(#978,#979,#980,#981,#982,#983,#984,#985,#986));
#172=EDGE_LOOP('',(#987));
#173=EDGE_LOOP('',(#988,#989,#990,#991));
#174=EDGE_LOOP('',(#992));
#175=EDGE_LOOP('',(#993));
#176=EDGE_LOOP('',(#994,#995,#996,#997,#998,#999,#1000,#1001,#1002));
#177=EDGE_LOOP('',(#1003,#1004,#1005,#1006));
#178=EDGE_LOOP('',(#1007,#1008,#1009,#1010));
#179=EDGE_LOOP('',(#1011,#1012,#1013,#1014,#1015,#1016));
#180=EDGE_LOOP('',(#1017,#1018,#1019,#1020,#1021));
#181=EDGE_LOOP('',(#1022,#1023,#1024,#1025));
#182=EDGE_LOOP('',(#1026,#1027,#1028,#1029));
#183=EDGE_LOOP('',(#1030,#1031,#1032,#1033));
#184=EDGE_LOOP('',(#1034,#1035,#1036,#1037));
#185=EDGE_LOOP('',(#1038,#1039,#1040,#1041));
#186=EDGE_LOOP('',(#1042,#1043,#1044,#1045));
#187=EDGE_LOOP('',(#1046,#1047,#1048,#1049));
#188=EDGE_LOOP('',(#1050,#1051,#1052,#1053,#1054));
#189=EDGE_LOOP('',(#1055));
#190=EDGE_LOOP('',(#1056,#1057,#1058,#1059));
#191=EDGE_LOOP('',(#1060,#1061,#1062,#1063));
#192=EDGE_LOOP('',(#1064,#1065,#1066,#1067));
#193=EDGE_LOOP('',(#1068,#1069,#1070,#1071));
#194=EDGE_LOOP('',(#1072,#1073,#1074,#1075));
#195=EDGE_LOOP('',(#1076,#1077,#1078,#1079));
#196=EDGE_LOOP('',(#1080,#1081,#1082,#1083));
#197=EDGE_LOOP('',(#1084,#1085,#1086,#1087));
#198=EDGE_LOOP('',(#1088));
#199=EDGE_LOOP('',(#1089,#1090,#1091,#1092));
#200=EDGE_LOOP('',(#1093,#1094,#1095,#1096,#1097,#1098,#1099,#1100,#1101,
#1102,#1103,#1104));
#201=EDGE_LOOP('',(#1105,#1106,#1107,#1108,#1109,#1110));
#202=EDGE_LOOP('',(#1111,#1112,#1113,#1114,#1115,#1116));
#203=EDGE_LOOP('',(#1117,#1118,#1119,#1120));
#204=EDGE_LOOP('',(#1121,#1122,#1123,#1124));
#205=EDGE_LOOP('',(#1125,#1126,#1127,#1128,#1129,#1130));
#206=EDGE_LOOP('',(#1131,#1132,#1133,#1134,#1135,#1136));
#207=EDGE_LOOP('',(#1137,#1138,#1139,#1140));
#208=EDGE_LOOP('',(#1141,#1142,#1143,#1144));
#209=EDGE_LOOP('',(#1145,#1146,#1147,#1148));
#210=EDGE_LOOP('',(#1149,#1150,#1151,#1152));
#211=EDGE_LOOP('',(#1153,#1154,#1155,#1156));
#212=EDGE_LOOP('',(#1157,#1158,#1159,#1160));
#213=EDGE_LOOP('',(#1161,#1162,#1163,#1164,#1165));
#214=EDGE_LOOP('',(#1166,#1167,#1168,#1169,#1170,#1171));
#215=EDGE_LOOP('',(#1172,#1173,#1174,#1175,#1176));
#216=EDGE_LOOP('',(#1177,#1178,#1179,#1180));
#217=EDGE_LOOP('',(#1181,#1182,#1183,#1184));
#218=EDGE_LOOP('',(#1185,#1186,#1187,#1188,#1189,#1190));
#219=EDGE_LOOP('',(#1191,#1192,#1193,#1194,#1195,#1196,#1197,#1198));
#220=EDGE_LOOP('',(#1199,#1200,#1201,#1202));
#221=EDGE_LOOP('',(#1203,#1204,#1205,#1206,#1207,#1208));
#222=EDGE_LOOP('',(#1209,#1210,#1211,#1212,#1213,#1214,#1215,#1216,#1217,
#1218));
#223=EDGE_LOOP('',(#1219,#1220,#1221,#1222,#1223,#1224));
#224=EDGE_LOOP('',(#1225,#1226,#1227,#1228));
#225=EDGE_LOOP('',(#1229,#1230,#1231,#1232));
#226=EDGE_LOOP('',(#1233,#1234,#1235,#1236,#1237));
#227=EDGE_LOOP('',(#1238,#1239,#1240,#1241));
#228=EDGE_LOOP('',(#1242,#1243,#1244,#1245));
#229=EDGE_LOOP('',(#1246,#1247,#1248,#1249,#1250,#1251,#1252,#1253,#1254,
#1255,#1256,#1257,#1258,#1259,#1260,#1261,#1262,#1263,#1264,#1265,#1266,
#1267));
#230=EDGE_LOOP('',(#1268));
#231=EDGE_LOOP('',(#1269,#1270,#1271,#1272,#1273,#1274));
#232=EDGE_LOOP('',(#1275,#1276,#1277,#1278,#1279,#1280));
#233=EDGE_LOOP('',(#1281));
#234=EDGE_LOOP('',(#1282,#1283,#1284,#1285));
#235=EDGE_LOOP('',(#1286,#1287,#1288,#1289,#1290,#1291));
#236=EDGE_LOOP('',(#1292,#1293,#1294,#1295));
#237=EDGE_LOOP('',(#1296,#1297,#1298,#1299));
#238=EDGE_LOOP('',(#1300,#1301,#1302,#1303));
#239=EDGE_LOOP('',(#1304,#1305,#1306,#1307,#1308,#1309,#1310,#1311,#1312,
#1313));
#240=LINE('',#1841,#420);
#241=LINE('',#1849,#421);
#242=LINE('',#1851,#422);
#243=LINE('',#1853,#423);
#244=LINE('',#1854,#424);
#245=LINE('',#1857,#425);
#246=LINE('',#1859,#426);
#247=LINE('',#1860,#427);
#248=LINE('',#1863,#428);
#249=LINE('',#1865,#429);
#250=LINE('',#1866,#430);
#251=LINE('',#1869,#431);
#252=LINE('',#1871,#432);
#253=LINE('',#1872,#433);
#254=LINE('',#1876,#434);
#255=LINE('',#1878,#435);
#256=LINE('',#1880,#436);
#257=LINE('',#1882,#437);
#258=LINE('',#1884,#438);
#259=LINE('',#1886,#439);
#260=LINE('',#1888,#440);
#261=LINE('',#1890,#441);
#262=LINE('',#1892,#442);
#263=LINE('',#1894,#443);
#264=LINE('',#1896,#444);
#265=LINE('',#1898,#445);
#266=LINE('',#1900,#446);
#267=LINE('',#1902,#447);
#268=LINE('',#1904,#448);
#269=LINE('',#1905,#449);
#270=LINE('',#1907,#450);
#271=LINE('',#1909,#451);
#272=LINE('',#1910,#452);
#273=LINE('',#1917,#453);
#274=LINE('',#1919,#454);
#275=LINE('',#1921,#455);
#276=LINE('',#1923,#456);
#277=LINE('',#1924,#457);
#278=LINE('',#1930,#458);
#279=LINE('',#1937,#459);
#280=LINE('',#1939,#460);
#281=LINE('',#1941,#461);
#282=LINE('',#1943,#462);
#283=LINE('',#1945,#463);
#284=LINE('',#1947,#464);
#285=LINE('',#1949,#465);
#286=LINE('',#1951,#466);
#287=LINE('',#1952,#467);
#288=LINE('',#1955,#468);
#289=LINE('',#1957,#469);
#290=LINE('',#1958,#470);
#291=LINE('',#1962,#471);
#292=LINE('',#1964,#472);
#293=LINE('',#1966,#473);
#294=LINE('',#1967,#474);
#295=LINE('',#1970,#475);
#296=LINE('',#1971,#476);
#297=LINE('',#1973,#477);
#298=LINE('',#1974,#478);
#299=LINE('',#1978,#479);
#300=LINE('',#1979,#480);
#301=LINE('',#1981,#481);
#302=LINE('',#1982,#482);
#303=LINE('',#1986,#483);
#304=LINE('',#1988,#484);
#305=LINE('',#1990,#485);
#306=LINE('',#1991,#486);
#307=LINE('',#1994,#487);
#308=LINE('',#1996,#488);
#309=LINE('',#1997,#489);
#310=LINE('',#2001,#490);
#311=LINE('',#2003,#491);
#312=LINE('',#2005,#492);
#313=LINE('',#2006,#493);
#314=LINE('',#2009,#494);
#315=LINE('',#2011,#495);
#316=LINE('',#2012,#496);
#317=LINE('',#2015,#497);
#318=LINE('',#2017,#498);
#319=LINE('',#2018,#499);
#320=LINE('',#2020,#500);
#321=LINE('',#2021,#501);
#322=LINE('',#2024,#502);
#323=LINE('',#2026,#503);
#324=LINE('',#2027,#504);
#325=LINE('',#2030,#505);
#326=LINE('',#2032,#506);
#327=LINE('',#2034,#507);
#328=LINE('',#2035,#508);
#329=LINE('',#2039,#509);
#330=LINE('',#2043,#510);
#331=LINE('',#2044,#511);
#332=LINE('',#2045,#512);
#333=LINE('',#2048,#513);
#334=LINE('',#2049,#514);
#335=LINE('',#2051,#515);
#336=LINE('',#2052,#516);
#337=LINE('',#2054,#517);
#338=LINE('',#2056,#518);
#339=LINE('',#2059,#519);
#340=LINE('',#2065,#520);
#341=LINE('',#2066,#521);
#342=LINE('',#2067,#522);
#343=LINE('',#2070,#523);
#344=LINE('',#2071,#524);
#345=LINE('',#2072,#525);
#346=LINE('',#2074,#526);
#347=LINE('',#2077,#527);
#348=LINE('',#2078,#528);
#349=LINE('',#2081,#529);
#350=LINE('',#2082,#530);
#351=LINE('',#2085,#531);
#352=LINE('',#2086,#532);
#353=LINE('',#2089,#533);
#354=LINE('',#2091,#534);
#355=LINE('',#2093,#535);
#356=LINE('',#2095,#536);
#357=LINE('',#2096,#537);
#358=LINE('',#2099,#538);
#359=LINE('',#2100,#539);
#360=LINE('',#2102,#540);
#361=LINE('',#2104,#541);
#362=LINE('',#2106,#542);
#363=LINE('',#2110,#543);
#364=LINE('',#2113,#544);
#365=LINE('',#2114,#545);
#366=LINE('',#2118,#546);
#367=LINE('',#2120,#547);
#368=LINE('',#2122,#548);
#369=LINE('',#2123,#549);
#370=LINE('',#2125,#550);
#371=LINE('',#2126,#551);
#372=LINE('',#2129,#552);
#373=LINE('',#2131,#553);
#374=LINE('',#2133,#554);
#375=LINE('',#2135,#555);
#376=LINE('',#2136,#556);
#377=LINE('',#2139,#557);
#378=LINE('',#2140,#558);
#379=LINE('',#2141,#559);
#380=LINE('',#2144,#560);
#381=LINE('',#2145,#561);
#382=LINE('',#2149,#562);
#383=LINE('',#2151,#563);
#384=LINE('',#2153,#564);
#385=LINE('',#2154,#565);
#386=LINE('',#2157,#566);
#387=LINE('',#2158,#567);
#388=LINE('',#2159,#568);
#389=LINE('',#2161,#569);
#390=LINE('',#2163,#570);
#391=LINE('',#2164,#571);
#392=LINE('',#2167,#572);
#393=LINE('',#2168,#573);
#394=LINE('',#2170,#574);
#395=LINE('',#2173,#575);
#396=LINE('',#2175,#576);
#397=LINE('',#2176,#577);
#398=LINE('',#2178,#578);
#399=LINE('',#2180,#579);
#400=LINE('',#2181,#580);
#401=LINE('',#2184,#581);
#402=LINE('',#2186,#582);
#403=LINE('',#2187,#583);
#404=LINE('',#2189,#584);
#405=LINE('',#2190,#585);
#406=LINE('',#2195,#586);
#407=LINE('',#2196,#587);
#408=LINE('',#2198,#588);
#409=LINE('',#2200,#589);
#410=LINE('',#2201,#590);
#411=LINE('',#2208,#591);
#412=LINE('',#2211,#592);
#413=LINE('',#2213,#593);
#414=LINE('',#2214,#594);
#415=LINE('',#2217,#595);
#416=LINE('',#2218,#596);
#417=LINE('',#2221,#597);
#418=LINE('',#2222,#598);
#419=LINE('',#2224,#599);
#420=VECTOR('',#1494,4.3169174992882);
#421=VECTOR('',#1503,10.);
#422=VECTOR('',#1504,10.);
#423=VECTOR('',#1505,10.);
#424=VECTOR('',#1506,10.);
#425=VECTOR('',#1509,10.);
#426=VECTOR('',#1510,10.);
#427=VECTOR('',#1511,10.);
#428=VECTOR('',#1514,10.);
#429=VECTOR('',#1515,10.);
#430=VECTOR('',#1516,10.);
#431=VECTOR('',#1519,10.);
#432=VECTOR('',#1520,10.);
#433=VECTOR('',#1521,10.);
#434=VECTOR('',#1524,10.);
#435=VECTOR('',#1525,10.);
#436=VECTOR('',#1526,10.);
#437=VECTOR('',#1527,10.);
#438=VECTOR('',#1528,10.);
#439=VECTOR('',#1529,10.);
#440=VECTOR('',#1530,10.);
#441=VECTOR('',#1531,10.);
#442=VECTOR('',#1532,10.);
#443=VECTOR('',#1533,10.);
#444=VECTOR('',#1534,10.);
#445=VECTOR('',#1535,10.);
#446=VECTOR('',#1536,10.);
#447=VECTOR('',#1537,10.);
#448=VECTOR('',#1538,10.);
#449=VECTOR('',#1539,10.);
#450=VECTOR('',#1540,10.);
#451=VECTOR('',#1541,10.);
#452=VECTOR('',#1542,10.);
#453=VECTOR('',#1549,10.);
#454=VECTOR('',#1550,10.);
#455=VECTOR('',#1551,10.);
#456=VECTOR('',#1552,10.);
#457=VECTOR('',#1553,10.);
#458=VECTOR('',#1560,6.24999999999996);
#459=VECTOR('',#1567,10.);
#460=VECTOR('',#1568,10.);
#461=VECTOR('',#1569,10.);
#462=VECTOR('',#1570,10.);
#463=VECTOR('',#1571,10.);
#464=VECTOR('',#1572,10.);
#465=VECTOR('',#1573,10.);
#466=VECTOR('',#1574,10.);
#467=VECTOR('',#1575,10.);
#468=VECTOR('',#1578,10.);
#469=VECTOR('',#1579,10.);
#470=VECTOR('',#1580,10.);
#471=VECTOR('',#1583,10.);
#472=VECTOR('',#1584,10.);
#473=VECTOR('',#1585,10.);
#474=VECTOR('',#1586,10.);
#475=VECTOR('',#1589,10.);
#476=VECTOR('',#1590,10.);
#477=VECTOR('',#1591,10.);
#478=VECTOR('',#1592,10.);
#479=VECTOR('',#1595,10.);
#480=VECTOR('',#1596,10.);
#481=VECTOR('',#1597,10.);
#482=VECTOR('',#1598,10.);
#483=VECTOR('',#1601,10.);
#484=VECTOR('',#1602,10.);
#485=VECTOR('',#1603,10.);
#486=VECTOR('',#1604,10.);
#487=VECTOR('',#1607,10.);
#488=VECTOR('',#1608,10.);
#489=VECTOR('',#1609,10.);
#490=VECTOR('',#1612,10.);
#491=VECTOR('',#1613,10.);
#492=VECTOR('',#1614,10.);
#493=VECTOR('',#1615,10.);
#494=VECTOR('',#1618,10.);
#495=VECTOR('',#1619,10.);
#496=VECTOR('',#1620,10.);
#497=VECTOR('',#1623,10.);
#498=VECTOR('',#1624,10.);
#499=VECTOR('',#1625,10.);
#500=VECTOR('',#1628,10.);
#501=VECTOR('',#1629,10.);
#502=VECTOR('',#1632,10.);
#503=VECTOR('',#1633,10.);
#504=VECTOR('',#1634,10.);
#505=VECTOR('',#1637,10.);
#506=VECTOR('',#1638,10.);
#507=VECTOR('',#1639,10.);
#508=VECTOR('',#1640,10.);
#509=VECTOR('',#1645,10.);
#510=VECTOR('',#1648,10.);
#511=VECTOR('',#1649,10.);
#512=VECTOR('',#1650,10.);
#513=VECTOR('',#1653,10.);
#514=VECTOR('',#1654,10.);
#515=VECTOR('',#1657,10.);
#516=VECTOR('',#1658,10.);
#517=VECTOR('',#1661,10.);
#518=VECTOR('',#1664,10.);
#519=VECTOR('',#1669,10.);
#520=VECTOR('',#1674,10.);
#521=VECTOR('',#1675,10.);
#522=VECTOR('',#1676,10.);
#523=VECTOR('',#1679,10.);
#524=VECTOR('',#1680,10.);
#525=VECTOR('',#1681,10.);
#526=VECTOR('',#1684,10.);
#527=VECTOR('',#1687,10.);
#528=VECTOR('',#1688,10.);
#529=VECTOR('',#1691,10.);
#530=VECTOR('',#1692,10.);
#531=VECTOR('',#1695,10.);
#532=VECTOR('',#1696,10.);
#533=VECTOR('',#1699,10.);
#534=VECTOR('',#1700,10.);
#535=VECTOR('',#1701,10.);
#536=VECTOR('',#1702,10.);
#537=VECTOR('',#1703,10.);
#538=VECTOR('',#1706,10.);
#539=VECTOR('',#1707,10.);
#540=VECTOR('',#1710,10.);
#541=VECTOR('',#1713,1.5);
#542=VECTOR('',#1716,1.49999999999999);
#543=VECTOR('',#1721,7.52582558807985);
#544=VECTOR('',#1724,10.);
#545=VECTOR('',#1725,10.);
#546=VECTOR('',#1728,10.);
#547=VECTOR('',#1729,10.);
#548=VECTOR('',#1730,10.);
#549=VECTOR('',#1731,10.);
#550=VECTOR('',#1734,10.);
#551=VECTOR('',#1735,10.);
#552=VECTOR('',#1738,10.);
#553=VECTOR('',#1739,10.);
#554=VECTOR('',#1740,10.);
#555=VECTOR('',#1741,10.);
#556=VECTOR('',#1742,10.);
#557=VECTOR('',#1745,10.);
#558=VECTOR('',#1746,10.);
#559=VECTOR('',#1747,10.);
#560=VECTOR('',#1750,10.);
#561=VECTOR('',#1751,10.);
#562=VECTOR('',#1754,10.);
#563=VECTOR('',#1755,10.);
#564=VECTOR('',#1756,10.);
#565=VECTOR('',#1757,10.);
#566=VECTOR('',#1760,10.);
#567=VECTOR('',#1761,10.);
#568=VECTOR('',#1762,10.);
#569=VECTOR('',#1765,10.);
#570=VECTOR('',#1766,10.);
#571=VECTOR('',#1767,10.);
#572=VECTOR('',#1770,10.);
#573=VECTOR('',#1771,10.);
#574=VECTOR('',#1774,10.);
#575=VECTOR('',#1777,10.);
#576=VECTOR('',#1778,10.);
#577=VECTOR('',#1779,10.);
#578=VECTOR('',#1780,10.);
#579=VECTOR('',#1781,10.);
#580=VECTOR('',#1782,10.);
#581=VECTOR('',#1785,10.);
#582=VECTOR('',#1786,10.);
#583=VECTOR('',#1787,10.);
#584=VECTOR('',#1790,10.);
#585=VECTOR('',#1791,10.);
#586=VECTOR('',#1798,10.);
#587=VECTOR('',#1799,10.);
#588=VECTOR('',#1802,10.);
#589=VECTOR('',#1805,10.);
#590=VECTOR('',#1806,10.);
#591=VECTOR('',#1817,1.50000000000002);
#592=VECTOR('',#1820,10.);
#593=VECTOR('',#1821,10.);
#594=VECTOR('',#1822,10.);
#595=VECTOR('',#1825,10.);
#596=VECTOR('',#1826,10.);
#597=VECTOR('',#1829,10.);
#598=VECTOR('',#1830,10.);
#599=VECTOR('',#1833,10.);
#600=CIRCLE('',#1406,4.3169174992882);
#601=CIRCLE('',#1407,4.3169174992882);
#602=CIRCLE('',#1409,6.24999999999996);
#603=CIRCLE('',#1415,1.49999999999999);
#604=CIRCLE('',#1416,1.5);
#605=CIRCLE('',#1418,1.50000000000002);
#606=CIRCLE('',#1420,6.24999999999996);
#607=CIRCLE('',#1422,7.52582558807985);
#608=CIRCLE('',#1436,1.49999999999999);
#609=CIRCLE('',#1445,1.5);
#610=CIRCLE('',#1458,7.52582558807985);
#611=CIRCLE('',#1481,1.50000000000002);
#612=VERTEX_POINT('',#1838);
#613=VERTEX_POINT('',#1840);
#614=VERTEX_POINT('',#1844);
#615=VERTEX_POINT('',#1847);
#616=VERTEX_POINT('',#1848);
#617=VERTEX_POINT('',#1850);
#618=VERTEX_POINT('',#1852);
#619=VERTEX_POINT('',#1856);
#620=VERTEX_POINT('',#1858);
#621=VERTEX_POINT('',#1862);
#622=VERTEX_POINT('',#1864);
#623=VERTEX_POINT('',#1868);
#624=VERTEX_POINT('',#1870);
#625=VERTEX_POINT('',#1874);
#626=VERTEX_POINT('',#1875);
#627=VERTEX_POINT('',#1877);
#628=VERTEX_POINT('',#1879);
#629=VERTEX_POINT('',#1881);
#630=VERTEX_POINT('',#1883);
#631=VERTEX_POINT('',#1885);
#632=VERTEX_POINT('',#1887);
#633=VERTEX_POINT('',#1889);
#634=VERTEX_POINT('',#1891);
#635=VERTEX_POINT('',#1893);
#636=VERTEX_POINT('',#1895);
#637=VERTEX_POINT('',#1897);
#638=VERTEX_POINT('',#1899);
#639=VERTEX_POINT('',#1901);
#640=VERTEX_POINT('',#1903);
#641=VERTEX_POINT('',#1906);
#642=VERTEX_POINT('',#1908);
#643=VERTEX_POINT('',#1911);
#644=VERTEX_POINT('',#1913);
#645=VERTEX_POINT('',#1916);
#646=VERTEX_POINT('',#1918);
#647=VERTEX_POINT('',#1920);
#648=VERTEX_POINT('',#1922);
#649=VERTEX_POINT('',#1925);
#650=VERTEX_POINT('',#1928);
#651=VERTEX_POINT('',#1932);
#652=VERTEX_POINT('',#1935);
#653=VERTEX_POINT('',#1936);
#654=VERTEX_POINT('',#1938);
#655=VERTEX_POINT('',#1940);
#656=VERTEX_POINT('',#1942);
#657=VERTEX_POINT('',#1944);
#658=VERTEX_POINT('',#1946);
#659=VERTEX_POINT('',#1948);
#660=VERTEX_POINT('',#1950);
#661=VERTEX_POINT('',#1954);
#662=VERTEX_POINT('',#1956);
#663=VERTEX_POINT('',#1960);
#664=VERTEX_POINT('',#1961);
#665=VERTEX_POINT('',#1963);
#666=VERTEX_POINT('',#1965);
#667=VERTEX_POINT('',#1969);
#668=VERTEX_POINT('',#1972);
#669=VERTEX_POINT('',#1976);
#670=VERTEX_POINT('',#1977);
#671=VERTEX_POINT('',#1980);
#672=VERTEX_POINT('',#1984);
#673=VERTEX_POINT('',#1985);
#674=VERTEX_POINT('',#1987);
#675=VERTEX_POINT('',#1989);
#676=VERTEX_POINT('',#1993);
#677=VERTEX_POINT('',#1995);
#678=VERTEX_POINT('',#1999);
#679=VERTEX_POINT('',#2000);
#680=VERTEX_POINT('',#2002);
#681=VERTEX_POINT('',#2004);
#682=VERTEX_POINT('',#2008);
#683=VERTEX_POINT('',#2010);
#684=VERTEX_POINT('',#2014);
#685=VERTEX_POINT('',#2016);
#686=VERTEX_POINT('',#2023);
#687=VERTEX_POINT('',#2025);
#688=VERTEX_POINT('',#2029);
#689=VERTEX_POINT('',#2031);
#690=VERTEX_POINT('',#2033);
#691=VERTEX_POINT('',#2036);
#692=VERTEX_POINT('',#2041);
#693=VERTEX_POINT('',#2042);
#694=VERTEX_POINT('',#2047);
#695=VERTEX_POINT('',#2060);
#696=VERTEX_POINT('',#2063);
#697=VERTEX_POINT('',#2064);
#698=VERTEX_POINT('',#2069);
#699=VERTEX_POINT('',#2076);
#700=VERTEX_POINT('',#2080);
#701=VERTEX_POINT('',#2084);
#702=VERTEX_POINT('',#2088);
#703=VERTEX_POINT('',#2090);
#704=VERTEX_POINT('',#2092);
#705=VERTEX_POINT('',#2094);
#706=VERTEX_POINT('',#2098);
#707=VERTEX_POINT('',#2108);
#708=VERTEX_POINT('',#2112);
#709=VERTEX_POINT('',#2116);
#710=VERTEX_POINT('',#2117);
#711=VERTEX_POINT('',#2119);
#712=VERTEX_POINT('',#2121);
#713=VERTEX_POINT('',#2128);
#714=VERTEX_POINT('',#2130);
#715=VERTEX_POINT('',#2132);
#716=VERTEX_POINT('',#2134);
#717=VERTEX_POINT('',#2138);
#718=VERTEX_POINT('',#2143);
#719=VERTEX_POINT('',#2147);
#720=VERTEX_POINT('',#2148);
#721=VERTEX_POINT('',#2150);
#722=VERTEX_POINT('',#2152);
#723=VERTEX_POINT('',#2156);
#724=VERTEX_POINT('',#2162);
#725=VERTEX_POINT('',#2166);
#726=VERTEX_POINT('',#2172);
#727=VERTEX_POINT('',#2174);
#728=VERTEX_POINT('',#2177);
#729=VERTEX_POINT('',#2179);
#730=VERTEX_POINT('',#2183);
#731=VERTEX_POINT('',#2185);
#732=VERTEX_POINT('',#2194);
#733=VERTEX_POINT('',#2205);
#734=VERTEX_POINT('',#2210);
#735=VERTEX_POINT('',#2212);
#736=VERTEX_POINT('',#2216);
#737=VERTEX_POINT('',#2220);
#738=EDGE_CURVE('',#612,#612,#600,.T.);
#739=EDGE_CURVE('',#612,#613,#240,.T.);
#740=EDGE_CURVE('',#613,#613,#601,.T.);
#741=EDGE_CURVE('',#614,#614,#602,.T.);
#742=EDGE_CURVE('',#615,#616,#241,.T.);
#743=EDGE_CURVE('',#615,#617,#242,.T.);
#744=EDGE_CURVE('',#618,#617,#243,.T.);
#745=EDGE_CURVE('',#616,#618,#244,.T.);
#746=EDGE_CURVE('',#619,#615,#245,.T.);
#747=EDGE_CURVE('',#619,#620,#246,.T.);
#748=EDGE_CURVE('',#617,#620,#247,.T.);
#749=EDGE_CURVE('',#621,#619,#248,.T.);
#750=EDGE_CURVE('',#621,#622,#249,.T.);
#751=EDGE_CURVE('',#620,#622,#250,.T.);
#752=EDGE_CURVE('',#623,#621,#251,.T.);
#753=EDGE_CURVE('',#623,#624,#252,.T.);
#754=EDGE_CURVE('',#622,#624,#253,.T.);
#755=EDGE_CURVE('',#625,#626,#254,.T.);
#756=EDGE_CURVE('',#626,#627,#255,.T.);
#757=EDGE_CURVE('',#627,#628,#256,.T.);
#758=EDGE_CURVE('',#628,#629,#257,.T.);
#759=EDGE_CURVE('',#629,#630,#258,.T.);
#760=EDGE_CURVE('',#630,#631,#259,.T.);
#761=EDGE_CURVE('',#631,#632,#260,.T.);
#762=EDGE_CURVE('',#632,#633,#261,.T.);
#763=EDGE_CURVE('',#633,#634,#262,.T.);
#764=EDGE_CURVE('',#634,#635,#263,.T.);
#765=EDGE_CURVE('',#635,#636,#264,.T.);
#766=EDGE_CURVE('',#636,#637,#265,.T.);
#767=EDGE_CURVE('',#637,#638,#266,.T.);
#768=EDGE_CURVE('',#638,#639,#267,.T.);
#769=EDGE_CURVE('',#639,#640,#268,.T.);
#770=EDGE_CURVE('',#640,#618,#269,.T.);
#771=EDGE_CURVE('',#624,#641,#270,.T.);
#772=EDGE_CURVE('',#641,#642,#271,.T.);
#773=EDGE_CURVE('',#642,#625,#272,.T.);
#774=EDGE_CURVE('',#643,#643,#603,.T.);
#775=EDGE_CURVE('',#644,#644,#604,.T.);
#776=EDGE_CURVE('',#616,#645,#273,.T.);
#777=EDGE_CURVE('',#645,#646,#274,.T.);
#778=EDGE_CURVE('',#646,#647,#275,.T.);
#779=EDGE_CURVE('',#647,#648,#276,.T.);
#780=EDGE_CURVE('',#648,#623,#277,.T.);
#781=EDGE_CURVE('',#649,#649,#605,.T.);
#782=EDGE_CURVE('',#650,#650,#606,.T.);
#783=EDGE_CURVE('',#650,#614,#278,.T.);
#784=EDGE_CURVE('',#651,#651,#607,.T.);
#785=EDGE_CURVE('',#652,#653,#279,.T.);
#786=EDGE_CURVE('',#654,#653,#280,.T.);
#787=EDGE_CURVE('',#655,#654,#281,.T.);
#788=EDGE_CURVE('',#656,#655,#282,.T.);
#789=EDGE_CURVE('',#656,#657,#283,.T.);
#790=EDGE_CURVE('',#658,#657,#284,.T.);
#791=EDGE_CURVE('',#658,#659,#285,.T.);
#792=EDGE_CURVE('',#660,#659,#286,.T.);
#793=EDGE_CURVE('',#652,#660,#287,.T.);
#794=EDGE_CURVE('',#661,#652,#288,.T.);
#795=EDGE_CURVE('',#660,#662,#289,.T.);
#796=EDGE_CURVE('',#661,#662,#290,.T.);
#797=EDGE_CURVE('',#663,#664,#291,.T.);
#798=EDGE_CURVE('',#665,#663,#292,.T.);
#799=EDGE_CURVE('',#666,#665,#293,.T.);
#800=EDGE_CURVE('',#664,#666,#294,.T.);
#801=EDGE_CURVE('',#664,#667,#295,.T.);
#802=EDGE_CURVE('',#666,#642,#296,.T.);
#803=EDGE_CURVE('',#668,#641,#297,.T.);
#804=EDGE_CURVE('',#668,#667,#298,.T.);
#805=EDGE_CURVE('',#669,#670,#299,.T.);
#806=EDGE_CURVE('',#669,#628,#300,.T.);
#807=EDGE_CURVE('',#671,#627,#301,.T.);
#808=EDGE_CURVE('',#671,#670,#302,.T.);
#809=EDGE_CURVE('',#672,#673,#303,.T.);
#810=EDGE_CURVE('',#674,#672,#304,.T.);
#811=EDGE_CURVE('',#674,#675,#305,.T.);
#812=EDGE_CURVE('',#675,#673,#306,.T.);
#813=EDGE_CURVE('',#676,#672,#307,.T.);
#814=EDGE_CURVE('',#677,#676,#308,.T.);
#815=EDGE_CURVE('',#677,#674,#309,.T.);
#816=EDGE_CURVE('',#678,#679,#310,.T.);
#817=EDGE_CURVE('',#680,#678,#311,.T.);
#818=EDGE_CURVE('',#680,#681,#312,.T.);
#819=EDGE_CURVE('',#681,#679,#313,.T.);
#820=EDGE_CURVE('',#682,#678,#314,.T.);
#821=EDGE_CURVE('',#683,#682,#315,.T.);
#822=EDGE_CURVE('',#683,#680,#316,.T.);
#823=EDGE_CURVE('',#684,#682,#317,.T.);
#824=EDGE_CURVE('',#685,#684,#318,.T.);
#825=EDGE_CURVE('',#685,#683,#319,.T.);
#826=EDGE_CURVE('',#673,#684,#320,.T.);
#827=EDGE_CURVE('',#675,#685,#321,.T.);
#828=EDGE_CURVE('',#670,#686,#322,.T.);
#829=EDGE_CURVE('',#686,#687,#323,.T.);
#830=EDGE_CURVE('',#687,#669,#324,.T.);
#831=EDGE_CURVE('',#687,#688,#325,.T.);
#832=EDGE_CURVE('',#688,#689,#326,.T.);
#833=EDGE_CURVE('',#689,#690,#327,.T.);
#834=EDGE_CURVE('',#690,#669,#328,.T.);
#835=EDGE_CURVE('',#691,#691,#608,.T.);
#836=EDGE_CURVE('',#690,#629,#329,.T.);
#837=EDGE_CURVE('',#692,#693,#330,.T.);
#838=EDGE_CURVE('',#692,#635,#331,.T.);
#839=EDGE_CURVE('',#693,#634,#332,.T.);
#840=EDGE_CURVE('',#693,#694,#333,.T.);
#841=EDGE_CURVE('',#694,#633,#334,.T.);
#842=EDGE_CURVE('',#694,#687,#335,.T.);
#843=EDGE_CURVE('',#687,#632,#336,.T.);
#844=EDGE_CURVE('',#688,#631,#337,.T.);
#845=EDGE_CURVE('',#689,#630,#338,.T.);
#846=EDGE_CURVE('',#692,#687,#339,.T.);
#847=EDGE_CURVE('',#695,#695,#609,.T.);
#848=EDGE_CURVE('',#696,#697,#340,.T.);
#849=EDGE_CURVE('',#696,#677,#341,.T.);
#850=EDGE_CURVE('',#697,#676,#342,.T.);
#851=EDGE_CURVE('',#698,#696,#343,.T.);
#852=EDGE_CURVE('',#686,#698,#344,.T.);
#853=EDGE_CURVE('',#681,#671,#345,.T.);
#854=EDGE_CURVE('',#636,#698,#346,.T.);
#855=EDGE_CURVE('',#697,#699,#347,.T.);
#856=EDGE_CURVE('',#699,#637,#348,.T.);
#857=EDGE_CURVE('',#700,#638,#349,.T.);
#858=EDGE_CURVE('',#699,#700,#350,.T.);
#859=EDGE_CURVE('',#701,#625,#351,.T.);
#860=EDGE_CURVE('',#666,#701,#352,.T.);
#861=EDGE_CURVE('',#667,#702,#353,.T.);
#862=EDGE_CURVE('',#703,#668,#354,.T.);
#863=EDGE_CURVE('',#704,#703,#355,.T.);
#864=EDGE_CURVE('',#705,#704,#356,.T.);
#865=EDGE_CURVE('',#702,#705,#357,.T.);
#866=EDGE_CURVE('',#626,#706,#358,.T.);
#867=EDGE_CURVE('',#706,#679,#359,.T.);
#868=EDGE_CURVE('',#706,#701,#360,.T.);
#869=EDGE_CURVE('',#644,#695,#361,.T.);
#870=EDGE_CURVE('',#643,#691,#362,.T.);
#871=EDGE_CURVE('',#707,#707,#610,.T.);
#872=EDGE_CURVE('',#707,#651,#363,.T.);
#873=EDGE_CURVE('',#662,#708,#364,.T.);
#874=EDGE_CURVE('',#659,#708,#365,.T.);
#875=EDGE_CURVE('',#709,#710,#366,.T.);
#876=EDGE_CURVE('',#711,#710,#367,.T.);
#877=EDGE_CURVE('',#711,#712,#368,.T.);
#878=EDGE_CURVE('',#712,#709,#369,.T.);
#879=EDGE_CURVE('',#711,#661,#370,.F.);
#880=EDGE_CURVE('',#708,#712,#371,.T.);
#881=EDGE_CURVE('',#653,#713,#372,.T.);
#882=EDGE_CURVE('',#714,#713,#373,.T.);
#883=EDGE_CURVE('',#715,#714,#374,.T.);
#884=EDGE_CURVE('',#716,#715,#375,.T.);
#885=EDGE_CURVE('',#654,#716,#376,.T.);
#886=EDGE_CURVE('',#646,#717,#377,.T.);
#887=EDGE_CURVE('',#702,#717,#378,.T.);
#888=EDGE_CURVE('',#705,#647,#379,.T.);
#889=EDGE_CURVE('',#718,#716,#380,.T.);
#890=EDGE_CURVE('',#655,#718,#381,.T.);
#891=EDGE_CURVE('',#719,#720,#382,.T.);
#892=EDGE_CURVE('',#719,#721,#383,.T.);
#893=EDGE_CURVE('',#722,#721,#384,.T.);
#894=EDGE_CURVE('',#720,#722,#385,.T.);
#895=EDGE_CURVE('',#721,#723,#386,.T.);
#896=EDGE_CURVE('',#723,#718,#387,.T.);
#897=EDGE_CURVE('',#722,#715,#388,.T.);
#898=EDGE_CURVE('',#717,#719,#389,.T.);
#899=EDGE_CURVE('',#724,#720,#390,.T.);
#900=EDGE_CURVE('',#724,#663,#391,.T.);
#901=EDGE_CURVE('',#725,#724,#392,.T.);
#902=EDGE_CURVE('',#725,#665,#393,.T.);
#903=EDGE_CURVE('',#714,#725,#394,.T.);
#904=EDGE_CURVE('',#726,#640,#395,.T.);
#905=EDGE_CURVE('',#726,#727,#396,.T.);
#906=EDGE_CURVE('',#727,#658,#397,.T.);
#907=EDGE_CURVE('',#657,#728,#398,.T.);
#908=EDGE_CURVE('',#729,#728,#399,.T.);
#909=EDGE_CURVE('',#729,#645,#400,.T.);
#910=EDGE_CURVE('',#730,#723,#401,.T.);
#911=EDGE_CURVE('',#731,#730,#402,.T.);
#912=EDGE_CURVE('',#731,#656,#403,.T.);
#913=EDGE_CURVE('',#623,#703,#404,.T.);
#914=EDGE_CURVE('',#704,#648,#405,.T.);
#915=EDGE_CURVE('',#639,#732,#406,.T.);
#916=EDGE_CURVE('',#732,#726,#407,.T.);
#917=EDGE_CURVE('',#732,#700,#408,.T.);
#918=EDGE_CURVE('',#727,#709,#409,.T.);
#919=EDGE_CURVE('',#713,#710,#410,.F.);
#920=EDGE_CURVE('',#733,#733,#611,.T.);
#921=EDGE_CURVE('',#649,#733,#411,.T.);
#922=EDGE_CURVE('',#734,#731,#412,.T.);
#923=EDGE_CURVE('',#735,#734,#413,.T.);
#924=EDGE_CURVE('',#728,#735,#414,.T.);
#925=EDGE_CURVE('',#736,#730,#415,.T.);
#926=EDGE_CURVE('',#734,#736,#416,.T.);
#927=EDGE_CURVE('',#737,#736,#417,.T.);
#928=EDGE_CURVE('',#737,#735,#418,.T.);
#929=EDGE_CURVE('',#729,#737,#419,.T.);
#930=ORIENTED_EDGE('',*,*,#738,.F.);
#931=ORIENTED_EDGE('',*,*,#739,.T.);
#932=ORIENTED_EDGE('',*,*,#740,.T.);
#933=ORIENTED_EDGE('',*,*,#739,.F.);
#934=ORIENTED_EDGE('',*,*,#741,.F.);
#935=ORIENTED_EDGE('',*,*,#740,.F.);
#936=ORIENTED_EDGE('',*,*,#742,.F.);
#937=ORIENTED_EDGE('',*,*,#743,.T.);
#938=ORIENTED_EDGE('',*,*,#744,.F.);
#939=ORIENTED_EDGE('',*,*,#745,.F.);
#940=ORIENTED_EDGE('',*,*,#746,.F.);
#941=ORIENTED_EDGE('',*,*,#747,.T.);
#942=ORIENTED_EDGE('',*,*,#748,.F.);
#943=ORIENTED_EDGE('',*,*,#743,.F.);
#944=ORIENTED_EDGE('',*,*,#749,.F.);
#945=ORIENTED_EDGE('',*,*,#750,.T.);
#946=ORIENTED_EDGE('',*,*,#751,.F.);
#947=ORIENTED_EDGE('',*,*,#747,.F.);
#948=ORIENTED_EDGE('',*,*,#752,.F.);
#949=ORIENTED_EDGE('',*,*,#753,.T.);
#950=ORIENTED_EDGE('',*,*,#754,.F.);
#951=ORIENTED_EDGE('',*,*,#750,.F.);
#952=ORIENTED_EDGE('',*,*,#755,.T.);
#953=ORIENTED_EDGE('',*,*,#756,.T.);
#954=ORIENTED_EDGE('',*,*,#757,.T.);
#955=ORIENTED_EDGE('',*,*,#758,.T.);
#956=ORIENTED_EDGE('',*,*,#759,.T.);
#957=ORIENTED_EDGE('',*,*,#760,.T.);
#958=ORIENTED_EDGE('',*,*,#761,.T.);
#959=ORIENTED_EDGE('',*,*,#762,.T.);
#960=ORIENTED_EDGE('',*,*,#763,.T.);
#961=ORIENTED_EDGE('',*,*,#764,.T.);
#962=ORIENTED_EDGE('',*,*,#765,.T.);
#963=ORIENTED_EDGE('',*,*,#766,.T.);
#964=ORIENTED_EDGE('',*,*,#767,.T.);
#965=ORIENTED_EDGE('',*,*,#768,.T.);
#966=ORIENTED_EDGE('',*,*,#769,.T.);
#967=ORIENTED_EDGE('',*,*,#770,.T.);
#968=ORIENTED_EDGE('',*,*,#744,.T.);
#969=ORIENTED_EDGE('',*,*,#748,.T.);
#970=ORIENTED_EDGE('',*,*,#751,.T.);
#971=ORIENTED_EDGE('',*,*,#754,.T.);
#972=ORIENTED_EDGE('',*,*,#771,.T.);
#973=ORIENTED_EDGE('',*,*,#772,.T.);
#974=ORIENTED_EDGE('',*,*,#773,.T.);
#975=ORIENTED_EDGE('',*,*,#738,.T.);
#976=ORIENTED_EDGE('',*,*,#774,.T.);
#977=ORIENTED_EDGE('',*,*,#775,.T.);
#978=ORIENTED_EDGE('',*,*,#776,.T.);
#979=ORIENTED_EDGE('',*,*,#777,.T.);
#980=ORIENTED_EDGE('',*,*,#778,.T.);
#981=ORIENTED_EDGE('',*,*,#779,.T.);
#982=ORIENTED_EDGE('',*,*,#780,.T.);
#983=ORIENTED_EDGE('',*,*,#752,.T.);
#984=ORIENTED_EDGE('',*,*,#749,.T.);
#985=ORIENTED_EDGE('',*,*,#746,.T.);
#986=ORIENTED_EDGE('',*,*,#742,.T.);
#987=ORIENTED_EDGE('',*,*,#781,.T.);
#988=ORIENTED_EDGE('',*,*,#782,.F.);
#989=ORIENTED_EDGE('',*,*,#783,.T.);
#990=ORIENTED_EDGE('',*,*,#741,.T.);
#991=ORIENTED_EDGE('',*,*,#783,.F.);
#992=ORIENTED_EDGE('',*,*,#784,.F.);
#993=ORIENTED_EDGE('',*,*,#782,.T.);
#994=ORIENTED_EDGE('',*,*,#785,.T.);
#995=ORIENTED_EDGE('',*,*,#786,.F.);
#996=ORIENTED_EDGE('',*,*,#787,.F.);
#997=ORIENTED_EDGE('',*,*,#788,.F.);
#998=ORIENTED_EDGE('',*,*,#789,.T.);
#999=ORIENTED_EDGE('',*,*,#790,.F.);
#1000=ORIENTED_EDGE('',*,*,#791,.T.);
#1001=ORIENTED_EDGE('',*,*,#792,.F.);
#1002=ORIENTED_EDGE('',*,*,#793,.F.);
#1003=ORIENTED_EDGE('',*,*,#794,.T.);
#1004=ORIENTED_EDGE('',*,*,#793,.T.);
#1005=ORIENTED_EDGE('',*,*,#795,.T.);
#1006=ORIENTED_EDGE('',*,*,#796,.F.);
#1007=ORIENTED_EDGE('',*,*,#797,.F.);
#1008=ORIENTED_EDGE('',*,*,#798,.F.);
#1009=ORIENTED_EDGE('',*,*,#799,.F.);
#1010=ORIENTED_EDGE('',*,*,#800,.F.);
#1011=ORIENTED_EDGE('',*,*,#801,.F.);
#1012=ORIENTED_EDGE('',*,*,#800,.T.);
#1013=ORIENTED_EDGE('',*,*,#802,.T.);
#1014=ORIENTED_EDGE('',*,*,#772,.F.);
#1015=ORIENTED_EDGE('',*,*,#803,.F.);
#1016=ORIENTED_EDGE('',*,*,#804,.T.);
#1017=ORIENTED_EDGE('',*,*,#805,.F.);
#1018=ORIENTED_EDGE('',*,*,#806,.T.);
#1019=ORIENTED_EDGE('',*,*,#757,.F.);
#1020=ORIENTED_EDGE('',*,*,#807,.F.);
#1021=ORIENTED_EDGE('',*,*,#808,.T.);
#1022=ORIENTED_EDGE('',*,*,#809,.F.);
#1023=ORIENTED_EDGE('',*,*,#810,.F.);
#1024=ORIENTED_EDGE('',*,*,#811,.T.);
#1025=ORIENTED_EDGE('',*,*,#812,.T.);
#1026=ORIENTED_EDGE('',*,*,#813,.F.);
#1027=ORIENTED_EDGE('',*,*,#814,.F.);
#1028=ORIENTED_EDGE('',*,*,#815,.T.);
#1029=ORIENTED_EDGE('',*,*,#810,.T.);
#1030=ORIENTED_EDGE('',*,*,#816,.F.);
#1031=ORIENTED_EDGE('',*,*,#817,.F.);
#1032=ORIENTED_EDGE('',*,*,#818,.T.);
#1033=ORIENTED_EDGE('',*,*,#819,.T.);
#1034=ORIENTED_EDGE('',*,*,#820,.F.);
#1035=ORIENTED_EDGE('',*,*,#821,.F.);
#1036=ORIENTED_EDGE('',*,*,#822,.T.);
#1037=ORIENTED_EDGE('',*,*,#817,.T.);
#1038=ORIENTED_EDGE('',*,*,#823,.F.);
#1039=ORIENTED_EDGE('',*,*,#824,.F.);
#1040=ORIENTED_EDGE('',*,*,#825,.T.);
#1041=ORIENTED_EDGE('',*,*,#821,.T.);
#1042=ORIENTED_EDGE('',*,*,#826,.F.);
#1043=ORIENTED_EDGE('',*,*,#812,.F.);
#1044=ORIENTED_EDGE('',*,*,#827,.T.);
#1045=ORIENTED_EDGE('',*,*,#824,.T.);
#1046=ORIENTED_EDGE('',*,*,#828,.T.);
#1047=ORIENTED_EDGE('',*,*,#829,.T.);
#1048=ORIENTED_EDGE('',*,*,#830,.T.);
#1049=ORIENTED_EDGE('',*,*,#805,.T.);
#1050=ORIENTED_EDGE('',*,*,#830,.F.);
#1051=ORIENTED_EDGE('',*,*,#831,.T.);
#1052=ORIENTED_EDGE('',*,*,#832,.T.);
#1053=ORIENTED_EDGE('',*,*,#833,.T.);
#1054=ORIENTED_EDGE('',*,*,#834,.T.);
#1055=ORIENTED_EDGE('',*,*,#835,.F.);
#1056=ORIENTED_EDGE('',*,*,#834,.F.);
#1057=ORIENTED_EDGE('',*,*,#836,.T.);
#1058=ORIENTED_EDGE('',*,*,#758,.F.);
#1059=ORIENTED_EDGE('',*,*,#806,.F.);
#1060=ORIENTED_EDGE('',*,*,#837,.F.);
#1061=ORIENTED_EDGE('',*,*,#838,.T.);
#1062=ORIENTED_EDGE('',*,*,#764,.F.);
#1063=ORIENTED_EDGE('',*,*,#839,.F.);
#1064=ORIENTED_EDGE('',*,*,#840,.F.);
#1065=ORIENTED_EDGE('',*,*,#839,.T.);
#1066=ORIENTED_EDGE('',*,*,#763,.F.);
#1067=ORIENTED_EDGE('',*,*,#841,.F.);
#1068=ORIENTED_EDGE('',*,*,#842,.F.);
#1069=ORIENTED_EDGE('',*,*,#841,.T.);
#1070=ORIENTED_EDGE('',*,*,#762,.F.);
#1071=ORIENTED_EDGE('',*,*,#843,.F.);
#1072=ORIENTED_EDGE('',*,*,#831,.F.);
#1073=ORIENTED_EDGE('',*,*,#843,.T.);
#1074=ORIENTED_EDGE('',*,*,#761,.F.);
#1075=ORIENTED_EDGE('',*,*,#844,.F.);
#1076=ORIENTED_EDGE('',*,*,#832,.F.);
#1077=ORIENTED_EDGE('',*,*,#844,.T.);
#1078=ORIENTED_EDGE('',*,*,#760,.F.);
#1079=ORIENTED_EDGE('',*,*,#845,.F.);
#1080=ORIENTED_EDGE('',*,*,#833,.F.);
#1081=ORIENTED_EDGE('',*,*,#845,.T.);
#1082=ORIENTED_EDGE('',*,*,#759,.F.);
#1083=ORIENTED_EDGE('',*,*,#836,.F.);
#1084=ORIENTED_EDGE('',*,*,#846,.F.);
#1085=ORIENTED_EDGE('',*,*,#837,.T.);
#1086=ORIENTED_EDGE('',*,*,#840,.T.);
#1087=ORIENTED_EDGE('',*,*,#842,.T.);
#1088=ORIENTED_EDGE('',*,*,#847,.F.);
#1089=ORIENTED_EDGE('',*,*,#848,.F.);
#1090=ORIENTED_EDGE('',*,*,#849,.T.);
#1091=ORIENTED_EDGE('',*,*,#814,.T.);
#1092=ORIENTED_EDGE('',*,*,#850,.F.);
#1093=ORIENTED_EDGE('',*,*,#851,.F.);
#1094=ORIENTED_EDGE('',*,*,#852,.F.);
#1095=ORIENTED_EDGE('',*,*,#828,.F.);
#1096=ORIENTED_EDGE('',*,*,#808,.F.);
#1097=ORIENTED_EDGE('',*,*,#853,.F.);
#1098=ORIENTED_EDGE('',*,*,#818,.F.);
#1099=ORIENTED_EDGE('',*,*,#822,.F.);
#1100=ORIENTED_EDGE('',*,*,#825,.F.);
#1101=ORIENTED_EDGE('',*,*,#827,.F.);
#1102=ORIENTED_EDGE('',*,*,#811,.F.);
#1103=ORIENTED_EDGE('',*,*,#815,.F.);
#1104=ORIENTED_EDGE('',*,*,#849,.F.);
#1105=ORIENTED_EDGE('',*,*,#854,.F.);
#1106=ORIENTED_EDGE('',*,*,#765,.F.);
#1107=ORIENTED_EDGE('',*,*,#838,.F.);
#1108=ORIENTED_EDGE('',*,*,#846,.T.);
#1109=ORIENTED_EDGE('',*,*,#829,.F.);
#1110=ORIENTED_EDGE('',*,*,#852,.T.);
#1111=ORIENTED_EDGE('',*,*,#851,.T.);
#1112=ORIENTED_EDGE('',*,*,#848,.T.);
#1113=ORIENTED_EDGE('',*,*,#855,.T.);
#1114=ORIENTED_EDGE('',*,*,#856,.T.);
#1115=ORIENTED_EDGE('',*,*,#766,.F.);
#1116=ORIENTED_EDGE('',*,*,#854,.T.);
#1117=ORIENTED_EDGE('',*,*,#857,.T.);
#1118=ORIENTED_EDGE('',*,*,#767,.F.);
#1119=ORIENTED_EDGE('',*,*,#856,.F.);
#1120=ORIENTED_EDGE('',*,*,#858,.T.);
#1121=ORIENTED_EDGE('',*,*,#859,.T.);
#1122=ORIENTED_EDGE('',*,*,#773,.F.);
#1123=ORIENTED_EDGE('',*,*,#802,.F.);
#1124=ORIENTED_EDGE('',*,*,#860,.T.);
#1125=ORIENTED_EDGE('',*,*,#861,.F.);
#1126=ORIENTED_EDGE('',*,*,#804,.F.);
#1127=ORIENTED_EDGE('',*,*,#862,.F.);
#1128=ORIENTED_EDGE('',*,*,#863,.F.);
#1129=ORIENTED_EDGE('',*,*,#864,.F.);
#1130=ORIENTED_EDGE('',*,*,#865,.F.);
#1131=ORIENTED_EDGE('',*,*,#866,.T.);
#1132=ORIENTED_EDGE('',*,*,#867,.T.);
#1133=ORIENTED_EDGE('',*,*,#819,.F.);
#1134=ORIENTED_EDGE('',*,*,#853,.T.);
#1135=ORIENTED_EDGE('',*,*,#807,.T.);
#1136=ORIENTED_EDGE('',*,*,#756,.F.);
#1137=ORIENTED_EDGE('',*,*,#866,.F.);
#1138=ORIENTED_EDGE('',*,*,#755,.F.);
#1139=ORIENTED_EDGE('',*,*,#859,.F.);
#1140=ORIENTED_EDGE('',*,*,#868,.F.);
#1141=ORIENTED_EDGE('',*,*,#775,.F.);
#1142=ORIENTED_EDGE('',*,*,#869,.T.);
#1143=ORIENTED_EDGE('',*,*,#847,.T.);
#1144=ORIENTED_EDGE('',*,*,#869,.F.);
#1145=ORIENTED_EDGE('',*,*,#774,.F.);
#1146=ORIENTED_EDGE('',*,*,#870,.T.);
#1147=ORIENTED_EDGE('',*,*,#835,.T.);
#1148=ORIENTED_EDGE('',*,*,#870,.F.);
#1149=ORIENTED_EDGE('',*,*,#871,.F.);
#1150=ORIENTED_EDGE('',*,*,#872,.T.);
#1151=ORIENTED_EDGE('',*,*,#784,.T.);
#1152=ORIENTED_EDGE('',*,*,#872,.F.);
#1153=ORIENTED_EDGE('',*,*,#873,.F.);
#1154=ORIENTED_EDGE('',*,*,#795,.F.);
#1155=ORIENTED_EDGE('',*,*,#792,.T.);
#1156=ORIENTED_EDGE('',*,*,#874,.T.);
#1157=ORIENTED_EDGE('',*,*,#875,.T.);
#1158=ORIENTED_EDGE('',*,*,#876,.F.);
#1159=ORIENTED_EDGE('',*,*,#877,.T.);
#1160=ORIENTED_EDGE('',*,*,#878,.T.);
#1161=ORIENTED_EDGE('',*,*,#877,.F.);
#1162=ORIENTED_EDGE('',*,*,#879,.T.);
#1163=ORIENTED_EDGE('',*,*,#796,.T.);
#1164=ORIENTED_EDGE('',*,*,#873,.T.);
#1165=ORIENTED_EDGE('',*,*,#880,.T.);
#1166=ORIENTED_EDGE('',*,*,#881,.T.);
#1167=ORIENTED_EDGE('',*,*,#882,.F.);
#1168=ORIENTED_EDGE('',*,*,#883,.F.);
#1169=ORIENTED_EDGE('',*,*,#884,.F.);
#1170=ORIENTED_EDGE('',*,*,#885,.F.);
#1171=ORIENTED_EDGE('',*,*,#786,.T.);
#1172=ORIENTED_EDGE('',*,*,#886,.T.);
#1173=ORIENTED_EDGE('',*,*,#887,.F.);
#1174=ORIENTED_EDGE('',*,*,#865,.T.);
#1175=ORIENTED_EDGE('',*,*,#888,.T.);
#1176=ORIENTED_EDGE('',*,*,#778,.F.);
#1177=ORIENTED_EDGE('',*,*,#889,.F.);
#1178=ORIENTED_EDGE('',*,*,#890,.F.);
#1179=ORIENTED_EDGE('',*,*,#787,.T.);
#1180=ORIENTED_EDGE('',*,*,#885,.T.);
#1181=ORIENTED_EDGE('',*,*,#891,.F.);
#1182=ORIENTED_EDGE('',*,*,#892,.T.);
#1183=ORIENTED_EDGE('',*,*,#893,.F.);
#1184=ORIENTED_EDGE('',*,*,#894,.F.);
#1185=ORIENTED_EDGE('',*,*,#893,.T.);
#1186=ORIENTED_EDGE('',*,*,#895,.T.);
#1187=ORIENTED_EDGE('',*,*,#896,.T.);
#1188=ORIENTED_EDGE('',*,*,#889,.T.);
#1189=ORIENTED_EDGE('',*,*,#884,.T.);
#1190=ORIENTED_EDGE('',*,*,#897,.F.);
#1191=ORIENTED_EDGE('',*,*,#887,.T.);
#1192=ORIENTED_EDGE('',*,*,#898,.T.);
#1193=ORIENTED_EDGE('',*,*,#891,.T.);
#1194=ORIENTED_EDGE('',*,*,#899,.F.);
#1195=ORIENTED_EDGE('',*,*,#900,.T.);
#1196=ORIENTED_EDGE('',*,*,#797,.T.);
#1197=ORIENTED_EDGE('',*,*,#801,.T.);
#1198=ORIENTED_EDGE('',*,*,#861,.T.);
#1199=ORIENTED_EDGE('',*,*,#901,.F.);
#1200=ORIENTED_EDGE('',*,*,#902,.T.);
#1201=ORIENTED_EDGE('',*,*,#798,.T.);
#1202=ORIENTED_EDGE('',*,*,#900,.F.);
#1203=ORIENTED_EDGE('',*,*,#883,.T.);
#1204=ORIENTED_EDGE('',*,*,#903,.T.);
#1205=ORIENTED_EDGE('',*,*,#901,.T.);
#1206=ORIENTED_EDGE('',*,*,#899,.T.);
#1207=ORIENTED_EDGE('',*,*,#894,.T.);
#1208=ORIENTED_EDGE('',*,*,#897,.T.);
#1209=ORIENTED_EDGE('',*,*,#904,.F.);
#1210=ORIENTED_EDGE('',*,*,#905,.T.);
#1211=ORIENTED_EDGE('',*,*,#906,.T.);
#1212=ORIENTED_EDGE('',*,*,#790,.T.);
#1213=ORIENTED_EDGE('',*,*,#907,.T.);
#1214=ORIENTED_EDGE('',*,*,#908,.F.);
#1215=ORIENTED_EDGE('',*,*,#909,.T.);
#1216=ORIENTED_EDGE('',*,*,#776,.F.);
#1217=ORIENTED_EDGE('',*,*,#745,.T.);
#1218=ORIENTED_EDGE('',*,*,#770,.F.);
#1219=ORIENTED_EDGE('',*,*,#896,.F.);
#1220=ORIENTED_EDGE('',*,*,#910,.F.);
#1221=ORIENTED_EDGE('',*,*,#911,.F.);
#1222=ORIENTED_EDGE('',*,*,#912,.T.);
#1223=ORIENTED_EDGE('',*,*,#788,.T.);
#1224=ORIENTED_EDGE('',*,*,#890,.T.);
#1225=ORIENTED_EDGE('',*,*,#913,.F.);
#1226=ORIENTED_EDGE('',*,*,#780,.F.);
#1227=ORIENTED_EDGE('',*,*,#914,.F.);
#1228=ORIENTED_EDGE('',*,*,#863,.T.);
#1229=ORIENTED_EDGE('',*,*,#864,.T.);
#1230=ORIENTED_EDGE('',*,*,#914,.T.);
#1231=ORIENTED_EDGE('',*,*,#779,.F.);
#1232=ORIENTED_EDGE('',*,*,#888,.F.);
#1233=ORIENTED_EDGE('',*,*,#862,.T.);
#1234=ORIENTED_EDGE('',*,*,#803,.T.);
#1235=ORIENTED_EDGE('',*,*,#771,.F.);
#1236=ORIENTED_EDGE('',*,*,#753,.F.);
#1237=ORIENTED_EDGE('',*,*,#913,.T.);
#1238=ORIENTED_EDGE('',*,*,#915,.T.);
#1239=ORIENTED_EDGE('',*,*,#916,.T.);
#1240=ORIENTED_EDGE('',*,*,#904,.T.);
#1241=ORIENTED_EDGE('',*,*,#769,.F.);
#1242=ORIENTED_EDGE('',*,*,#915,.F.);
#1243=ORIENTED_EDGE('',*,*,#768,.F.);
#1244=ORIENTED_EDGE('',*,*,#857,.F.);
#1245=ORIENTED_EDGE('',*,*,#917,.F.);
#1246=ORIENTED_EDGE('',*,*,#918,.F.);
#1247=ORIENTED_EDGE('',*,*,#905,.F.);
#1248=ORIENTED_EDGE('',*,*,#916,.F.);
#1249=ORIENTED_EDGE('',*,*,#917,.T.);
#1250=ORIENTED_EDGE('',*,*,#858,.F.);
#1251=ORIENTED_EDGE('',*,*,#855,.F.);
#1252=ORIENTED_EDGE('',*,*,#850,.T.);
#1253=ORIENTED_EDGE('',*,*,#813,.T.);
#1254=ORIENTED_EDGE('',*,*,#809,.T.);
#1255=ORIENTED_EDGE('',*,*,#826,.T.);
#1256=ORIENTED_EDGE('',*,*,#823,.T.);
#1257=ORIENTED_EDGE('',*,*,#820,.T.);
#1258=ORIENTED_EDGE('',*,*,#816,.T.);
#1259=ORIENTED_EDGE('',*,*,#867,.F.);
#1260=ORIENTED_EDGE('',*,*,#868,.T.);
#1261=ORIENTED_EDGE('',*,*,#860,.F.);
#1262=ORIENTED_EDGE('',*,*,#799,.T.);
#1263=ORIENTED_EDGE('',*,*,#902,.F.);
#1264=ORIENTED_EDGE('',*,*,#903,.F.);
#1265=ORIENTED_EDGE('',*,*,#882,.T.);
#1266=ORIENTED_EDGE('',*,*,#919,.T.);
#1267=ORIENTED_EDGE('',*,*,#875,.F.);
#1268=ORIENTED_EDGE('',*,*,#871,.T.);
#1269=ORIENTED_EDGE('',*,*,#918,.T.);
#1270=ORIENTED_EDGE('',*,*,#878,.F.);
#1271=ORIENTED_EDGE('',*,*,#880,.F.);
#1272=ORIENTED_EDGE('',*,*,#874,.F.);
#1273=ORIENTED_EDGE('',*,*,#791,.F.);
#1274=ORIENTED_EDGE('',*,*,#906,.F.);
#1275=ORIENTED_EDGE('',*,*,#879,.F.);
#1276=ORIENTED_EDGE('',*,*,#876,.T.);
#1277=ORIENTED_EDGE('',*,*,#919,.F.);
#1278=ORIENTED_EDGE('',*,*,#881,.F.);
#1279=ORIENTED_EDGE('',*,*,#785,.F.);
#1280=ORIENTED_EDGE('',*,*,#794,.F.);
#1281=ORIENTED_EDGE('',*,*,#920,.T.);
#1282=ORIENTED_EDGE('',*,*,#781,.F.);
#1283=ORIENTED_EDGE('',*,*,#921,.T.);
#1284=ORIENTED_EDGE('',*,*,#920,.F.);
#1285=ORIENTED_EDGE('',*,*,#921,.F.);
#1286=ORIENTED_EDGE('',*,*,#912,.F.);
#1287=ORIENTED_EDGE('',*,*,#922,.F.);
#1288=ORIENTED_EDGE('',*,*,#923,.F.);
#1289=ORIENTED_EDGE('',*,*,#924,.F.);
#1290=ORIENTED_EDGE('',*,*,#907,.F.);
#1291=ORIENTED_EDGE('',*,*,#789,.F.);
#1292=ORIENTED_EDGE('',*,*,#925,.F.);
#1293=ORIENTED_EDGE('',*,*,#926,.F.);
#1294=ORIENTED_EDGE('',*,*,#922,.T.);
#1295=ORIENTED_EDGE('',*,*,#911,.T.);
#1296=ORIENTED_EDGE('',*,*,#927,.F.);
#1297=ORIENTED_EDGE('',*,*,#928,.T.);
#1298=ORIENTED_EDGE('',*,*,#923,.T.);
#1299=ORIENTED_EDGE('',*,*,#926,.T.);
#1300=ORIENTED_EDGE('',*,*,#929,.F.);
#1301=ORIENTED_EDGE('',*,*,#908,.T.);
#1302=ORIENTED_EDGE('',*,*,#924,.T.);
#1303=ORIENTED_EDGE('',*,*,#928,.F.);
#1304=ORIENTED_EDGE('',*,*,#929,.T.);
#1305=ORIENTED_EDGE('',*,*,#927,.T.);
#1306=ORIENTED_EDGE('',*,*,#925,.T.);
#1307=ORIENTED_EDGE('',*,*,#910,.T.);
#1308=ORIENTED_EDGE('',*,*,#895,.F.);
#1309=ORIENTED_EDGE('',*,*,#892,.F.);
#1310=ORIENTED_EDGE('',*,*,#898,.F.);
#1311=ORIENTED_EDGE('',*,*,#886,.F.);
#1312=ORIENTED_EDGE('',*,*,#777,.F.);
#1313=ORIENTED_EDGE('',*,*,#909,.F.);
#1314=CYLINDRICAL_SURFACE('',#1405,4.3169174992882);
#1315=CYLINDRICAL_SURFACE('',#1419,6.24999999999996);
#1316=CYLINDRICAL_SURFACE('',#1455,1.5);
#1317=CYLINDRICAL_SURFACE('',#1456,1.49999999999999);
#1318=CYLINDRICAL_SURFACE('',#1457,7.52582558807985);
#1319=CYLINDRICAL_SURFACE('',#1482,1.50000000000002);
#1320=ADVANCED_FACE('',(#89),#1314,.F.);
#1321=ADVANCED_FACE('',(#90,#15),#24,.F.);
#1322=ADVANCED_FACE('',(#91),#25,.T.);
#1323=ADVANCED_FACE('',(#92),#26,.T.);
#1324=ADVANCED_FACE('',(#93),#27,.T.);
#1325=ADVANCED_FACE('',(#94),#28,.T.);
#1326=ADVANCED_FACE('',(#95,#16,#17,#18),#29,.F.);
#1327=ADVANCED_FACE('',(#96,#19),#30,.F.);
#1328=ADVANCED_FACE('',(#97),#1315,.F.);
#1329=ADVANCED_FACE('',(#98,#20),#31,.F.);
#1330=ADVANCED_FACE('',(#99),#32,.T.);
#1331=ADVANCED_FACE('',(#100),#33,.F.);
#1332=ADVANCED_FACE('',(#101),#34,.F.);
#1333=ADVANCED_FACE('',(#102),#35,.F.);
#1334=ADVANCED_FACE('',(#103),#36,.F.);
#1335=ADVANCED_FACE('',(#104),#37,.F.);
#1336=ADVANCED_FACE('',(#105),#38,.F.);
#1337=ADVANCED_FACE('',(#106),#39,.F.);
#1338=ADVANCED_FACE('',(#107),#40,.F.);
#1339=ADVANCED_FACE('',(#108),#41,.F.);
#1340=ADVANCED_FACE('',(#109),#42,.F.);
#1341=ADVANCED_FACE('',(#110),#43,.T.);
#1342=ADVANCED_FACE('',(#111,#21),#44,.T.);
#1343=ADVANCED_FACE('',(#112),#45,.F.);
#1344=ADVANCED_FACE('',(#113),#46,.F.);
#1345=ADVANCED_FACE('',(#114),#47,.F.);
#1346=ADVANCED_FACE('',(#115),#48,.F.);
#1347=ADVANCED_FACE('',(#116),#49,.F.);
#1348=ADVANCED_FACE('',(#117),#50,.F.);
#1349=ADVANCED_FACE('',(#118),#51,.F.);
#1350=ADVANCED_FACE('',(#119,#22),#52,.T.);
#1351=ADVANCED_FACE('',(#120),#53,.F.);
#1352=ADVANCED_FACE('',(#121),#54,.T.);
#1353=ADVANCED_FACE('',(#122),#55,.F.);
#1354=ADVANCED_FACE('',(#123),#56,.T.);
#1355=ADVANCED_FACE('',(#124),#57,.F.);
#1356=ADVANCED_FACE('',(#125),#58,.T.);
#1357=ADVANCED_FACE('',(#126),#59,.F.);
#1358=ADVANCED_FACE('',(#127),#60,.F.);
#1359=ADVANCED_FACE('',(#128),#61,.F.);
#1360=ADVANCED_FACE('',(#129),#1316,.F.);
#1361=ADVANCED_FACE('',(#130),#1317,.F.);
#1362=ADVANCED_FACE('',(#131),#1318,.F.);
#1363=ADVANCED_FACE('',(#132),#62,.F.);
#1364=ADVANCED_FACE('',(#133),#63,.F.);
#1365=ADVANCED_FACE('',(#134),#64,.F.);
#1366=ADVANCED_FACE('',(#135),#65,.F.);
#1367=ADVANCED_FACE('',(#136),#66,.F.);
#1368=ADVANCED_FACE('',(#137),#67,.F.);
#1369=ADVANCED_FACE('',(#138),#68,.F.);
#1370=ADVANCED_FACE('',(#139),#69,.F.);
#1371=ADVANCED_FACE('',(#140),#70,.F.);
#1372=ADVANCED_FACE('',(#141),#71,.F.);
#1373=ADVANCED_FACE('',(#142),#72,.T.);
#1374=ADVANCED_FACE('',(#143),#73,.F.);
#1375=ADVANCED_FACE('',(#144),#74,.F.);
#1376=ADVANCED_FACE('',(#145),#75,.F.);
#1377=ADVANCED_FACE('',(#146),#76,.F.);
#1378=ADVANCED_FACE('',(#147),#77,.F.);
#1379=ADVANCED_FACE('',(#148),#78,.F.);
#1380=ADVANCED_FACE('',(#149),#79,.F.);
#1381=ADVANCED_FACE('',(#150,#23),#80,.F.);
#1382=ADVANCED_FACE('',(#151),#81,.F.);
#1383=ADVANCED_FACE('',(#152),#82,.F.);
#1384=ADVANCED_FACE('',(#153),#83,.F.);
#1385=ADVANCED_FACE('',(#154),#1319,.F.);
#1386=ADVANCED_FACE('',(#155),#84,.F.);
#1387=ADVANCED_FACE('',(#156),#85,.T.);
#1388=ADVANCED_FACE('',(#157),#86,.F.);
#1389=ADVANCED_FACE('',(#158),#87,.T.);
#1390=ADVANCED_FACE('',(#159),#88,.F.);
#1391=CLOSED_SHELL('',(#1320,#1321,#1322,#1323,#1324,#1325,#1326,#1327,
#1328,#1329,#1330,#1331,#1332,#1333,#1334,#1335,#1336,#1337,#1338,#1339,
#1340,#1341,#1342,#1343,#1344,#1345,#1346,#1347,#1348,#1349,#1350,#1351,
#1352,#1353,#1354,#1355,#1356,#1357,#1358,#1359,#1360,#1361,#1362,#1363,
#1364,#1365,#1366,#1367,#1368,#1369,#1370,#1371,#1372,#1373,#1374,#1375,
#1376,#1377,#1378,#1379,#1380,#1381,#1382,#1383,#1384,#1385,#1386,#1387,
#1388,#1389,#1390));
#1392=DERIVED_UNIT_ELEMENT(#1394,1.);
#1393=DERIVED_UNIT_ELEMENT(#2231,-3.);
#1394=(
MASS_UNIT()
NAMED_UNIT(*)
SI_UNIT(.KILO.,.GRAM.)
);
#1395=DERIVED_UNIT((#1392,#1393));
#1396=MEASURE_REPRESENTATION_ITEM('density measure',
POSITIVE_RATIO_MEASURE(7850.),#1395);
#1397=PROPERTY_DEFINITION_REPRESENTATION(#1402,#1399);
#1398=PROPERTY_DEFINITION_REPRESENTATION(#1403,#1400);
#1399=REPRESENTATION('material name',(#1401),#2228);
#1400=REPRESENTATION('density',(#1396),#2228);
#1401=DESCRIPTIVE_REPRESENTATION_ITEM('Steel','Steel');
#1402=PROPERTY_DEFINITION('material property','material name',#2238);
#1403=PROPERTY_DEFINITION('material property','density of part',#2238);
#1404=AXIS2_PLACEMENT_3D('',#1836,#1488,#1489);
#1405=AXIS2_PLACEMENT_3D('',#1837,#1490,#1491);
#1406=AXIS2_PLACEMENT_3D('',#1839,#1492,#1493);
#1407=AXIS2_PLACEMENT_3D('',#1842,#1495,#1496);
#1408=AXIS2_PLACEMENT_3D('',#1843,#1497,#1498);
#1409=AXIS2_PLACEMENT_3D('',#1845,#1499,#1500);
#1410=AXIS2_PLACEMENT_3D('',#1846,#1501,#1502);
#1411=AXIS2_PLACEMENT_3D('',#1855,#1507,#1508);
#1412=AXIS2_PLACEMENT_3D('',#1861,#1512,#1513);
#1413=AXIS2_PLACEMENT_3D('',#1867,#1517,#1518);
#1414=AXIS2_PLACEMENT_3D('',#1873,#1522,#1523);
#1415=AXIS2_PLACEMENT_3D('',#1912,#1543,#1544);
#1416=AXIS2_PLACEMENT_3D('',#1914,#1545,#1546);
#1417=AXIS2_PLACEMENT_3D('',#1915,#1547,#1548);
#1418=AXIS2_PLACEMENT_3D('',#1926,#1554,#1555);
#1419=AXIS2_PLACEMENT_3D('',#1927,#1556,#1557);
#1420=AXIS2_PLACEMENT_3D('',#1929,#1558,#1559);
#1421=AXIS2_PLACEMENT_3D('',#1931,#1561,#1562);
#1422=AXIS2_PLACEMENT_3D('',#1933,#1563,#1564);
#1423=AXIS2_PLACEMENT_3D('',#1934,#1565,#1566);
#1424=AXIS2_PLACEMENT_3D('',#1953,#1576,#1577);
#1425=AXIS2_PLACEMENT_3D('',#1959,#1581,#1582);
#1426=AXIS2_PLACEMENT_3D('',#1968,#1587,#1588);
#1427=AXIS2_PLACEMENT_3D('',#1975,#1593,#1594);
#1428=AXIS2_PLACEMENT_3D('',#1983,#1599,#1600);
#1429=AXIS2_PLACEMENT_3D('',#1992,#1605,#1606);
#1430=AXIS2_PLACEMENT_3D('',#1998,#1610,#1611);
#1431=AXIS2_PLACEMENT_3D('',#2007,#1616,#1617);
#1432=AXIS2_PLACEMENT_3D('',#2013,#1621,#1622);
#1433=AXIS2_PLACEMENT_3D('',#2019,#1626,#1627);
#1434=AXIS2_PLACEMENT_3D('',#2022,#1630,#1631);
#1435=AXIS2_PLACEMENT_3D('',#2028,#1635,#1636);
#1436=AXIS2_PLACEMENT_3D('',#2037,#1641,#1642);
#1437=AXIS2_PLACEMENT_3D('',#2038,#1643,#1644);
#1438=AXIS2_PLACEMENT_3D('',#2040,#1646,#1647);
#1439=AXIS2_PLACEMENT_3D('',#2046,#1651,#1652);
#1440=AXIS2_PLACEMENT_3D('',#2050,#1655,#1656);
#1441=AXIS2_PLACEMENT_3D('',#2053,#1659,#1660);
#1442=AXIS2_PLACEMENT_3D('',#2055,#1662,#1663);
#1443=AXIS2_PLACEMENT_3D('',#2057,#1665,#1666);
#1444=AXIS2_PLACEMENT_3D('',#2058,#1667,#1668);
#1445=AXIS2_PLACEMENT_3D('',#2061,#1670,#1671);
#1446=AXIS2_PLACEMENT_3D('',#2062,#1672,#1673);
#1447=AXIS2_PLACEMENT_3D('',#2068,#1677,#1678);
#1448=AXIS2_PLACEMENT_3D('',#2073,#1682,#1683);
#1449=AXIS2_PLACEMENT_3D('',#2075,#1685,#1686);
#1450=AXIS2_PLACEMENT_3D('',#2079,#1689,#1690);
#1451=AXIS2_PLACEMENT_3D('',#2083,#1693,#1694);
#1452=AXIS2_PLACEMENT_3D('',#2087,#1697,#1698);
#1453=AXIS2_PLACEMENT_3D('',#2097,#1704,#1705);
#1454=AXIS2_PLACEMENT_3D('',#2101,#1708,#1709);
#1455=AXIS2_PLACEMENT_3D('',#2103,#1711,#1712);
#1456=AXIS2_PLACEMENT_3D('',#2105,#1714,#1715);
#1457=AXIS2_PLACEMENT_3D('',#2107,#1717,#1718);
#1458=AXIS2_PLACEMENT_3D('',#2109,#1719,#1720);
#1459=AXIS2_PLACEMENT_3D('',#2111,#1722,#1723);
#1460=AXIS2_PLACEMENT_3D('',#2115,#1726,#1727);
#1461=AXIS2_PLACEMENT_3D('',#2124,#1732,#1733);
#1462=AXIS2_PLACEMENT_3D('',#2127,#1736,#1737);
#1463=AXIS2_PLACEMENT_3D('',#2137,#1743,#1744);
#1464=AXIS2_PLACEMENT_3D('',#2142,#1748,#1749);
#1465=AXIS2_PLACEMENT_3D('',#2146,#1752,#1753);
#1466=AXIS2_PLACEMENT_3D('',#2155,#1758,#1759);
#1467=AXIS2_PLACEMENT_3D('',#2160,#1763,#1764);
#1468=AXIS2_PLACEMENT_3D('',#2165,#1768,#1769);
#1469=AXIS2_PLACEMENT_3D('',#2169,#1772,#1773);
#1470=AXIS2_PLACEMENT_3D('',#2171,#1775,#1776);
#1471=AXIS2_PLACEMENT_3D('',#2182,#1783,#1784);
#1472=AXIS2_PLACEMENT_3D('',#2188,#1788,#1789);
#1473=AXIS2_PLACEMENT_3D('',#2191,#1792,#1793);
#1474=AXIS2_PLACEMENT_3D('',#2192,#1794,#1795);
#1475=AXIS2_PLACEMENT_3D('',#2193,#1796,#1797);
#1476=AXIS2_PLACEMENT_3D('',#2197,#1800,#1801);
#1477=AXIS2_PLACEMENT_3D('',#2199,#1803,#1804);
#1478=AXIS2_PLACEMENT_3D('',#2202,#1807,#1808);
#1479=AXIS2_PLACEMENT_3D('',#2203,#1809,#1810);
#1480=AXIS2_PLACEMENT_3D('',#2204,#1811,#1812);
#1481=AXIS2_PLACEMENT_3D('',#2206,#1813,#1814);
#1482=AXIS2_PLACEMENT_3D('',#2207,#1815,#1816);
#1483=AXIS2_PLACEMENT_3D('',#2209,#1818,#1819);
#1484=AXIS2_PLACEMENT_3D('',#2215,#1823,#1824);
#1485=AXIS2_PLACEMENT_3D('',#2219,#1827,#1828);
#1486=AXIS2_PLACEMENT_3D('',#2223,#1831,#1832);
#1487=AXIS2_PLACEMENT_3D('',#2225,#1834,#1835);
#1488=DIRECTION('axis',(0.,0.,1.));
#1489=DIRECTION('refdir',(1.,0.,0.));
#1490=DIRECTION('center_axis',(3.55271367879961E-15,0.707106781186548,0.707106781186548));
#1491=DIRECTION('ref_axis',(1.,-3.67042030258369E-15,-1.35387556520312E-15));
#1492=DIRECTION('center_axis',(-2.47505109013092E-29,-0.707106781186555,
-0.707106781186541));
#1493=DIRECTION('ref_axis',(1.,-1.15827236869028E-15,1.15827236869027E-15));
#1494=DIRECTION('',(-3.55271367879961E-15,-0.707106781186548,-0.707106781186548));
#1495=DIRECTION('center_axis',(-2.48491185144619E-29,-0.707106781186555,
-0.70710678118654));
#1496=DIRECTION('ref_axis',(1.,-1.1582723686903E-15,1.15827236869028E-15));
#1497=DIRECTION('center_axis',(2.48491185144619E-29,0.707106781186555,0.70710678118654));
#1498=DIRECTION('ref_axis',(1.,-1.1582723686903E-15,1.15827236869028E-15));
#1499=DIRECTION('center_axis',(2.48491185144619E-29,0.707106781186555,0.70710678118654));
#1500=DIRECTION('ref_axis',(-1.,1.15827236869028E-15,-1.1582723686903E-15));
#1501=DIRECTION('center_axis',(-3.89708483296504E-14,-0.707106781186548,
0.707106781186548));
#1502=DIRECTION('ref_axis',(1.,1.75546162642551E-12,1.81057472867049E-12));
#1503=DIRECTION('',(-1.,2.14658841203276E-43,0.));
#1504=DIRECTION('',(-2.55795384873637E-12,0.707106781186548,0.707106781186548));
#1505=DIRECTION('',(1.,1.75546162642551E-12,1.81057472867049E-12));
#1506=DIRECTION('',(-2.55795384873637E-12,0.707106781186548,0.707106781186548));
#1507=DIRECTION('center_axis',(-1.,-1.78154227928582E-12,-1.83595074552161E-12));
#1508=DIRECTION('ref_axis',(-3.84725954293097E-14,-0.70710678118654,0.707106781186555));
#1509=DIRECTION('',(3.84725954293096E-14,0.707106781186541,-0.707106781186554));
#1510=DIRECTION('',(-2.55795384873637E-12,0.707106781186548,0.707106781186548));
#1511=DIRECTION('',(-3.84725954293094E-14,-0.70710678118654,0.707106781186555));
#1512=DIRECTION('center_axis',(0.,-0.707106781186548,0.707106781186548));
#1513=DIRECTION('ref_axis',(1.,1.783018177548E-12,1.783018177548E-12));
#1514=DIRECTION('',(-1.,2.14658841203276E-43,0.));
#1515=DIRECTION('',(-2.55795384873637E-12,0.707106781186548,0.707106781186548));
#1516=DIRECTION('',(1.,1.783018177548E-12,1.783018177548E-12));
#1517=DIRECTION('center_axis',(-1.,-1.80874651240373E-12,-1.80874651240369E-12));
#1518=DIRECTION('ref_axis',(-1.51786722256481E-43,-0.70710678118654,0.707106781186555));
#1519=DIRECTION('',(1.51786722256481E-43,0.707106781186541,-0.707106781186554));
#1520=DIRECTION('',(-2.55795384873637E-12,0.707106781186548,0.707106781186548));
#1521=DIRECTION('',(2.85598154493299E-28,-0.70710678118654,0.707106781186555));
#1522=DIRECTION('center_axis',(2.53635717616193E-12,-0.707106781186555,
-0.70710678118654));
#1523=DIRECTION('ref_axis',(-1.,-1.79347535877528E-12,-1.79347535877525E-12));
#1524=DIRECTION('',(0.449805517390157,0.63153582500417,-0.631535825002569));
#1525=DIRECTION('',(-3.31628894608703E-14,0.70710678118654,-0.707106781186555));
#1526=DIRECTION('',(1.,1.79347535877528E-12,1.79347535877525E-12));
#1527=DIRECTION('',(9.99593540726551E-28,-0.707106781186539,0.707106781186556));
#1528=DIRECTION('',(1.,-1.61558713389263E-27,-2.01948391736579E-28));
#1529=DIRECTION('',(-9.99593540726553E-28,0.707106781186541,-0.707106781186555));
#1530=DIRECTION('',(-1.,-1.31398260964027E-15,-1.31398260964166E-15));
#1531=DIRECTION('',(-9.99593540726556E-28,0.707106781186542,-0.707106781186553));
#1532=DIRECTION('',(-1.,1.61558713389263E-27,2.01948391736579E-28));
#1533=DIRECTION('',(9.99593540726553E-28,-0.70710678118654,0.707106781186555));
#1534=DIRECTION('',(-1.,6.3287391881516E-16,6.32873918813734E-16));
#1535=DIRECTION('',(4.2839723173995E-28,-0.70710678118654,0.707106781186555));
#1536=DIRECTION('',(-1.,-2.14015013023911E-14,-2.14015013023921E-14));
#1537=DIRECTION('',(-0.584497180822618,-0.573743429423294,0.573743429421209));
#1538=DIRECTION('',(-1.,-1.756372824957E-12,-1.80966353013901E-12));
#1539=DIRECTION('',(-3.8122515873766E-14,-0.70710678118654,0.707106781186555));
#1540=DIRECTION('',(1.,1.76591880765278E-12,1.82103190989775E-12));
#1541=DIRECTION('',(3.39954796251793E-14,0.70710678118654,-0.707106781186555));
#1542=DIRECTION('',(1.,1.76591880765277E-12,1.82103190989776E-12));
#1543=DIRECTION('center_axis',(2.53635717616193E-12,-0.707106781186555,
-0.70710678118654));
#1544=DIRECTION('ref_axis',(-1.,8.07793566946316E-28,2.01948391736579E-28));
#1545=DIRECTION('center_axis',(2.53635717616193E-12,-0.707106781186555,
-0.70710678118654));
#1546=DIRECTION('ref_axis',(-1.,8.07793566946316E-28,2.01948391736579E-28));
#1547=DIRECTION('center_axis',(-1.51786722256482E-43,-0.707106781186548,
-0.707106781186548));
#1548=DIRECTION('ref_axis',(-1.,2.14658841203276E-43,0.));
#1549=DIRECTION('',(-1.51786722256481E-43,-0.707106781186542,0.707106781186553));
#1550=DIRECTION('',(1.,-2.14658841203276E-43,0.));
#1551=DIRECTION('',(1.51786722256481E-43,0.707106781186541,-0.707106781186554));
#1552=DIRECTION('',(-1.,1.80587521829371E-12,-1.80587521829375E-12));
#1553=DIRECTION('',(1.51786722256481E-43,0.707106781186541,-0.707106781186554));
#1554=DIRECTION('center_axis',(-1.51786722256482E-43,-0.707106781186548,
-0.707106781186548));
#1555=DIRECTION('ref_axis',(-1.,2.14658841203276E-43,0.));
#1556=DIRECTION('center_axis',(0.,-0.707106781186555,-0.70710678118654));
#1557=DIRECTION('ref_axis',(-1.,1.15827236869028E-15,-1.1582723686903E-15));
#1558=DIRECTION('center_axis',(2.96808915589406E-29,0.707106781186555,0.70710678118654));
#1559=DIRECTION('ref_axis',(-1.,1.1582723686903E-15,-1.15827236869028E-15));
#1560=DIRECTION('',(0.,0.707106781186555,0.70710678118654));
#1561=DIRECTION('center_axis',(2.96808915589406E-29,0.707106781186555,0.70710678118654));
#1562=DIRECTION('ref_axis',(1.,-1.1582723686903E-15,1.15827236869028E-15));
#1563=DIRECTION('center_axis',(2.96808915589406E-29,0.707106781186555,0.70710678118654));
#1564=DIRECTION('ref_axis',(-1.,6.35472092012172E-14,8.43410695620433E-15));
#1565=DIRECTION('center_axis',(-3.71324063361086E-14,-0.707106781186555,
-0.707106781186541));
#1566=DIRECTION('ref_axis',(-1.,5.38131274445428E-14,-1.29997480047E-15));
#1567=DIRECTION('',(0.606303357144598,-0.562314964728493,0.562314964728473));
#1568=DIRECTION('',(3.89708483296757E-14,0.70710678118654,-0.707106781186554));
#1569=DIRECTION('',(-1.,6.8994821335953E-14,1.38817190909399E-14));
#1570=DIRECTION('',(3.39954796251797E-14,0.70710678118654,-0.707106781186555));
#1571=DIRECTION('',(-1.,5.55649688841336E-14,-3.05181624006077E-15));
#1572=DIRECTION('',(-3.81225158737665E-14,-0.707106781186541,0.707106781186553));
#1573=DIRECTION('',(1.,-5.51131022450129E-14,-7.88860905221012E-31));
#1574=DIRECTION('',(3.58136459556505E-14,0.707106781186539,-0.707106781186556));
#1575=DIRECTION('',(-1.,5.51131022450129E-14,7.88860905221012E-31));
#1576=DIRECTION('center_axis',(-3.89708483296757E-14,-0.70710678118654,
0.707106781186555));
#1577=DIRECTION('ref_axis',(1.,-5.51131022450129E-14,-7.88860905221012E-31));
#1578=DIRECTION('',(-3.73034936274052E-14,-0.707106781186555,-0.70710678118654));
#1579=DIRECTION('',(3.73034936274052E-14,0.707106781186555,0.70710678118654));
#1580=DIRECTION('',(-1.,2.75565511225059E-14,-2.75565511225064E-14));
#1581=DIRECTION('center_axis',(-3.89708483296758E-14,-0.70710678118654,
0.707106781186555));
#1582=DIRECTION('ref_axis',(1.,-6.8994821335953E-14,-1.38817190909399E-14));
#1583=DIRECTION('',(1.,-2.75565511225059E-14,2.75565511225064E-14));
#1584=DIRECTION('',(-1.51786722256484E-43,-0.707106781186555,-0.70710678118654));
#1585=DIRECTION('',(-1.,3.59303775688194E-14,-1.91827246761931E-14));
#1586=DIRECTION('',(3.73034936274052E-14,0.707106781186555,0.70710678118654));
#1587=DIRECTION('center_axis',(-1.,5.04159874785411E-14,2.3391191332332E-15));
#1588=DIRECTION('ref_axis',(-3.39954796251797E-14,-0.70710678118654,0.707106781186555));
#1589=DIRECTION('',(-3.39954796251797E-14,-0.707106781186541,0.707106781186554));
#1590=DIRECTION('',(1.28581747332628E-14,0.707106781186551,0.707106781186544));
#1591=DIRECTION('',(-2.52242671194836E-12,0.707106781186548,0.707106781186548));
#1592=DIRECTION('',(-5.0425459390914E-14,-0.999990996732494,-0.00424340122474927));
#1593=DIRECTION('center_axis',(3.89708483296758E-14,0.707106781186541,-0.707106781186554));
#1594=DIRECTION('ref_axis',(-1.,5.52756613423066E-14,1.62559097293724E-16));
#1595=DIRECTION('',(-4.32383465386245E-14,-0.707106781186554,-0.707106781186541));
#1596=DIRECTION('',(-2.54019028034236E-12,0.707106781186548,0.707106781186548));
#1597=DIRECTION('',(4.11366847019006E-14,0.707106781186554,0.707106781186541));
#1598=DIRECTION('',(1.,-5.52756613423066E-14,-1.62559097293724E-16));
#1599=DIRECTION('center_axis',(3.89708483296758E-14,0.707106781186541,-0.707106781186554));
#1600=DIRECTION('ref_axis',(-1.,5.52756613423066E-14,1.62559097293724E-16));
#1601=DIRECTION('',(1.,-3.59303775688194E-14,1.91827246761931E-14));
#1602=DIRECTION('',(4.11366847019006E-14,0.707106781186554,0.707106781186541));
#1603=DIRECTION('',(1.,-5.52756613423066E-14,-1.62559097293724E-16));
#1604=DIRECTION('',(4.11366847019006E-14,0.707106781186554,0.707106781186541));
#1605=DIRECTION('center_axis',(1.,-5.6644579830753E-14,-1.5314775857401E-15));
#1606=DIRECTION('ref_axis',(3.89708483296758E-14,0.707106781186541,-0.707106781186554));
#1607=DIRECTION('',(-3.89708483296758E-14,-0.707106781186542,0.707106781186553));
#1608=DIRECTION('',(4.11366847019006E-14,0.707106781186554,0.707106781186541));
#1609=DIRECTION('',(-3.89708483296758E-14,-0.707106781186541,0.707106781186554));
#1610=DIRECTION('center_axis',(3.89708483296758E-14,0.707106781186541,-0.707106781186554));
#1611=DIRECTION('ref_axis',(-1.,5.51131022450129E-14,7.88860905221012E-31));
#1612=DIRECTION('',(1.,-3.59303775688194E-14,1.91827246761931E-14));
#1613=DIRECTION('',(4.11366847019006E-14,0.707106781186554,0.707106781186541));
#1614=DIRECTION('',(1.,-5.51131022450129E-14,-7.88860905221012E-31));
#1615=DIRECTION('',(4.11366847019006E-14,0.707106781186554,0.707106781186541));
#1616=DIRECTION('center_axis',(1.,-5.6644579830753E-14,-1.5314775857401E-15));
#1617=DIRECTION('ref_axis',(3.89708483296757E-14,0.70710678118654,-0.707106781186555));
#1618=DIRECTION('',(-3.89708483296758E-14,-0.707106781186542,0.707106781186553));
#1619=DIRECTION('',(4.11366847019006E-14,0.707106781186554,0.707106781186541));
#1620=DIRECTION('',(-3.89708483296757E-14,-0.70710678118654,0.707106781186555));
#1621=DIRECTION('center_axis',(3.89708483296758E-14,0.707106781186541,-0.707106781186554));
#1622=DIRECTION('ref_axis',(-1.,5.51131022450129E-14,7.88860905221012E-31));
#1623=DIRECTION('',(1.,-3.59303775688194E-14,1.91827246761931E-14));
#1624=DIRECTION('',(4.11366847019006E-14,0.707106781186554,0.707106781186541));
#1625=DIRECTION('',(1.,-5.51131022450129E-14,-7.88860905221012E-31));
#1626=DIRECTION('center_axis',(1.,-5.6644579830753E-14,-1.5314775857401E-15));
#1627=DIRECTION('ref_axis',(3.89708483296757E-14,0.70710678118654,-0.707106781186555));
#1628=DIRECTION('',(-3.89708483296758E-14,-0.707106781186542,0.707106781186553));
#1629=DIRECTION('',(-3.89708483296757E-14,-0.70710678118654,0.707106781186555));
#1630=DIRECTION('center_axis',(1.,-6.11482560895099E-14,0.));
#1631=DIRECTION('ref_axis',(0.,0.,-1.));
#1632=DIRECTION('',(4.32383465386236E-14,0.707106781186541,-0.707106781186554));
#1633=DIRECTION('',(4.32383465386245E-14,0.707106781186554,0.707106781186541));
#1634=DIRECTION('',(-4.32383465386236E-14,-0.70710678118654,0.707106781186555));
#1635=DIRECTION('center_axis',(2.53635717616193E-12,-0.707106781186555,
-0.70710678118654));
#1636=DIRECTION('ref_axis',(-1.,-1.79347535877528E-12,-1.79347535877525E-12));
#1637=DIRECTION('',(1.,1.31398260964189E-15,1.31398260964186E-15));
#1638=DIRECTION('',(-1.51786722256481E-43,-0.70710678118654,0.707106781186554));
#1639=DIRECTION('',(-1.,2.14658841203276E-43,0.));
#1640=DIRECTION('',(1.51786722256481E-43,0.707106781186539,-0.707106781186556));
#1641=DIRECTION('center_axis',(2.53635717616193E-12,-0.707106781186555,
-0.70710678118654));
#1642=DIRECTION('ref_axis',(-1.,2.14658841203276E-43,0.));
#1643=DIRECTION('center_axis',(1.,1.79618577273426E-12,1.79618577273422E-12));
#1644=DIRECTION('ref_axis',(1.51786722256481E-43,0.707106781186539,-0.707106781186556));
#1645=DIRECTION('',(-2.54019028034236E-12,0.707106781186548,0.707106781186548));
#1646=DIRECTION('center_axis',(1.,1.79618577273426E-12,1.79618577273422E-12));
#1647=DIRECTION('ref_axis',(1.51786722256481E-43,0.70710678118654,-0.707106781186554));
#1648=DIRECTION('',(1.51786722256481E-43,0.70710678118654,-0.707106781186554));
#1649=DIRECTION('',(-2.54019028034236E-12,0.707106781186548,0.707106781186548));
#1650=DIRECTION('',(-2.54019028034236E-12,0.707106781186548,0.707106781186548));
#1651=DIRECTION('center_axis',(-1.51786722256482E-43,-0.707106781186548,
0.707106781186548));
#1652=DIRECTION('ref_axis',(1.,-2.14658841203276E-43,0.));
#1653=DIRECTION('',(1.,-2.14658841203276E-43,0.));
#1654=DIRECTION('',(-2.54019028034236E-12,0.707106781186548,0.707106781186548));
#1655=DIRECTION('center_axis',(-1.,-1.79618577273426E-12,-1.79618577273423E-12));
#1656=DIRECTION('ref_axis',(-1.51786722256481E-43,-0.707106781186542,0.707106781186553));
#1657=DIRECTION('',(-1.51786722256481E-43,-0.707106781186542,0.707106781186553));
#1658=DIRECTION('',(-2.54019028034236E-12,0.707106781186548,0.707106781186548));
#1659=DIRECTION('center_axis',(1.83410160463884E-29,-0.707106781186548,
0.707106781186548));
#1660=DIRECTION('ref_axis',(1.,1.31398260964189E-15,1.31398260964186E-15));
#1661=DIRECTION('',(-2.54019028034236E-12,0.707106781186548,0.707106781186548));
#1662=DIRECTION('center_axis',(-1.,-1.79618577273426E-12,-1.79618577273422E-12));
#1663=DIRECTION('ref_axis',(-1.51786722256481E-43,-0.70710678118654,0.707106781186554));
#1664=DIRECTION('',(-2.54019028034236E-12,0.707106781186548,0.707106781186548));
#1665=DIRECTION('center_axis',(1.51786722256482E-43,0.707106781186548,-0.707106781186548));
#1666=DIRECTION('ref_axis',(-1.,2.14658841203276E-43,0.));
#1667=DIRECTION('center_axis',(2.53635717616193E-12,-0.707106781186555,
-0.70710678118654));
#1668=DIRECTION('ref_axis',(-1.,-1.79347535877528E-12,-1.79347535877525E-12));
#1669=DIRECTION('',(1.,-5.37949571502917E-14,1.31814509472114E-15));
#1670=DIRECTION('center_axis',(2.53635717616193E-12,-0.707106781186555,
-0.70710678118654));
#1671=DIRECTION('ref_axis',(-1.,2.14658841203276E-43,0.));
#1672=DIRECTION('center_axis',(3.89708483296758E-14,0.707106781186541,-0.707106781186554));
#1673=DIRECTION('ref_axis',(-1.,5.51131022450129E-14,7.88860905221012E-31));
#1674=DIRECTION('',(1.51786722256484E-43,0.707106781186554,0.707106781186541));
#1675=DIRECTION('',(1.,-5.51131022450129E-14,-7.88860905221012E-31));
#1676=DIRECTION('',(1.,-3.59303775688194E-14,1.91827246761931E-14));
#1677=DIRECTION('center_axis',(-4.10398878503957E-14,-0.707106781186554,
-0.707106781186541));
#1678=DIRECTION('ref_axis',(-1.,5.65761341206564E-14,1.46303187564351E-15));
#1679=DIRECTION('',(-1.51786722256481E-43,-0.707106781186541,0.707106781186554));
#1680=DIRECTION('',(-1.,5.37949571502917E-14,-1.31814509472113E-15));
#1681=DIRECTION('',(3.89708483296756E-14,0.707106781186539,-0.707106781186556));
#1682=DIRECTION('center_axis',(-3.89708483296758E-14,-0.707106781186541,
0.707106781186554));
#1683=DIRECTION('ref_axis',(1.,-5.37949571502917E-14,1.31814509472113E-15));
#1684=DIRECTION('',(-1.51786722256484E-43,-0.707106781186554,-0.707106781186541));
#1685=DIRECTION('center_axis',(-1.,2.14658841203276E-43,0.));
#1686=DIRECTION('ref_axis',(0.,0.,1.));
#1687=DIRECTION('',(-1.51786722256481E-43,-0.707106781186542,0.707106781186553));
#1688=DIRECTION('',(-2.52242671194836E-12,0.707106781186548,0.707106781186548));
#1689=DIRECTION('center_axis',(1.51461293802434E-27,-0.707106781186542,
0.707106781186553));
#1690=DIRECTION('ref_axis',(-1.,-6.99570030083863E-13,-6.99570030083849E-13));
#1691=DIRECTION('',(1.18423789293349E-14,0.707106781186553,0.707106781186542));
#1692=DIRECTION('',(-1.,8.37382644631341E-15,8.37382644631341E-15));
#1693=DIRECTION('center_axis',(-3.89708483296758E-14,-0.707106781186544,
0.707106781186551));
#1694=DIRECTION('ref_axis',(1.,-3.59303775688194E-14,1.91827246761931E-14));
#1695=DIRECTION('',(4.11366847019004E-14,0.707106781186551,0.707106781186544));
#1696=DIRECTION('',(1.,-3.59303775688194E-14,1.91827246761931E-14));
#1697=DIRECTION('center_axis',(1.81352201262913E-12,0.00424340122474927,
-0.999990996732493));
#1698=DIRECTION('ref_axis',(-1.,2.14658841203276E-43,-1.81353834039994E-12));
#1699=DIRECTION('',(-1.,1.80587521829371E-12,-1.80587521829375E-12));
#1700=DIRECTION('',(1.,1.76591880765278E-12,1.82103190989775E-12));
#1701=DIRECTION('',(2.14656908572306E-43,0.999990996732494,0.00424340122474927));
#1702=DIRECTION('',(-1.,1.80587521829371E-12,-1.80587521829375E-12));
#1703=DIRECTION('',(2.14656908572306E-43,0.999990996732494,0.00424340122474927));
#1704=DIRECTION('center_axis',(-1.,5.6644579830753E-14,1.5314775857401E-15));
#1705=DIRECTION('ref_axis',(-3.89708483296756E-14,-0.707106781186539,0.707106781186556));
#1706=DIRECTION('',(-4.11366847019004E-14,-0.707106781186551,-0.707106781186544));
#1707=DIRECTION('',(1.51786722256481E-43,0.70710678118654,-0.707106781186554));
#1708=DIRECTION('center_axis',(-0.893126528844247,0.318060531561728,-0.318060531561679));
#1709=DIRECTION('ref_axis',(-0.335481973621671,7.20141717022158E-44,0.942046625902831));
#1710=DIRECTION('',(-0.449805517390157,-0.63153582500336,0.631535825003379));
#1711=DIRECTION('center_axis',(1.51786722256484E-43,0.707106781186553,0.707106781186542));
#1712=DIRECTION('ref_axis',(-1.,2.14658841203276E-43,0.));
#1713=DIRECTION('',(-1.51786722256484E-43,-0.707106781186553,-0.707106781186542));
#1714=DIRECTION('center_axis',(1.51786722256484E-43,0.707106781186553,0.707106781186542));
#1715=DIRECTION('ref_axis',(-1.,2.14658841203276E-43,0.));
#1716=DIRECTION('',(-1.51786722256484E-43,-0.707106781186553,-0.707106781186542));
#1717=DIRECTION('center_axis',(-5.08984767736456E-14,-0.707106781186548,
-0.707106781186548));
#1718=DIRECTION('ref_axis',(-1.,6.35472092012172E-14,8.43410695620433E-15));
#1719=DIRECTION('center_axis',(1.18423789293349E-14,0.707106781186553,0.707106781186542));
#1720=DIRECTION('ref_axis',(-1.,5.43194907591614E-14,-7.93611485851424E-16));
#1721=DIRECTION('',(5.08984767736456E-14,0.707106781186547,0.707106781186547));
#1722=DIRECTION('center_axis',(-1.,5.39341044283935E-14,-1.17899781661921E-15));
#1723=DIRECTION('ref_axis',(-3.89708483296732E-14,-0.707106781186494,0.707106781186601));
#1724=DIRECTION('',(3.89708483296756E-14,0.707106781186541,-0.707106781186554));
#1725=DIRECTION('',(3.73034936274052E-14,0.707106781186555,0.70710678118654));
#1726=DIRECTION('center_axis',(-1.,2.14658841203276E-43,0.));
#1727=DIRECTION('ref_axis',(-1.51786722256484E-43,-0.707106781186555,-0.70710678118654));
#1728=DIRECTION('',(-1.51786722256481E-43,-0.707106781186542,0.707106781186553));
#1729=DIRECTION('',(1.51786722256491E-43,0.707106781186589,0.707106781186506));
#1730=DIRECTION('',(3.58136459556505E-14,0.707106781186539,-0.707106781186556));
#1731=DIRECTION('',(2.23123558197912E-30,0.707106781186555,0.70710678118654));
#1732=DIRECTION('center_axis',(1.51786722256484E-43,0.707106781186554,0.707106781186541));
#1733=DIRECTION('ref_axis',(-1.,2.14658841203276E-43,0.));
#1734=DIRECTION('',(0.606303357144598,-0.562314964728477,0.562314964728488));
#1735=DIRECTION('',(1.,3.15544362088383E-30,0.));
#1736=DIRECTION('center_axis',(-1.,5.39341044283936E-14,-1.17899781661929E-15));
#1737=DIRECTION('ref_axis',(-3.89708483296757E-14,-0.70710678118654,0.707106781186554));
#1738=DIRECTION('',(3.73034936274052E-14,0.707106781186555,0.70710678118654));
#1739=DIRECTION('',(3.89708483296758E-14,0.707106781186542,-0.707106781186553));
#1740=DIRECTION('',(3.73034936274052E-14,0.707106781186553,0.707106781186542));
#1741=DIRECTION('',(3.89708483296758E-14,0.707106781186542,-0.707106781186553));
#1742=DIRECTION('',(3.73034936274052E-14,0.707106781186555,0.70710678118654));
#1743=DIRECTION('center_axis',(-1.,2.14658841203276E-43,0.));
#1744=DIRECTION('ref_axis',(0.,0.,1.));
#1745=DIRECTION('',(-1.51786722256482E-43,-0.707106781186547,-0.707106781186547));
#1746=DIRECTION('',(-1.51786722256481E-43,-0.707106781186541,0.707106781186554));
#1747=DIRECTION('',(1.51786722256482E-43,0.707106781186547,0.707106781186547));
#1748=DIRECTION('center_axis',(-3.89708483296758E-14,-0.70710678118654,
0.707106781186555));
#1749=DIRECTION('ref_axis',(1.,-6.8994821335953E-14,-1.38817190909399E-14));
#1750=DIRECTION('',(-1.,2.75565511225059E-14,-2.75565511225064E-14));
#1751=DIRECTION('',(3.73034936274052E-14,0.707106781186555,0.70710678118654));
#1752=DIRECTION('center_axis',(-1.,2.14658841203276E-43,0.));
#1753=DIRECTION('ref_axis',(0.,0.,1.));
#1754=DIRECTION('',(1.51786722256481E-43,0.707106781186541,-0.707106781186554));
#1755=DIRECTION('',(-1.51786722256484E-43,-0.707106781186553,-0.707106781186542));
#1756=DIRECTION('',(-1.51786722256481E-43,-0.707106781186542,0.707106781186553));
#1757=DIRECTION('',(-1.51786722256482E-43,-0.707106781186548,-0.707106781186548));
#1758=DIRECTION('center_axis',(1.51786722256484E-43,0.707106781186553,0.707106781186542));
#1759=DIRECTION('ref_axis',(-1.51786722256481E-43,-0.707106781186542,0.707106781186553));
#1760=DIRECTION('',(-1.,2.14658841203276E-43,0.));
#1761=DIRECTION('',(3.39954796251798E-14,0.707106781186542,-0.707106781186553));
#1762=DIRECTION('',(-1.,2.14658841203276E-43,0.));
#1763=DIRECTION('center_axis',(-1.51786722256484E-43,-0.707106781186554,
-0.707106781186541));
#1764=DIRECTION('ref_axis',(1.51786722256481E-43,0.707106781186541,-0.707106781186554));
#1765=DIRECTION('',(1.,-2.14658841203276E-43,0.));
#1766=DIRECTION('',(1.,-2.14658841203276E-43,0.));
#1767=DIRECTION('',(-1.51786722256481E-43,-0.707106781186541,0.707106781186554));
#1768=DIRECTION('center_axis',(-1.,2.14658841203276E-43,0.));
#1769=DIRECTION('ref_axis',(0.,0.,1.));
#1770=DIRECTION('',(-1.51786722256482E-43,-0.707106781186548,-0.707106781186548));
#1771=DIRECTION('',(-1.51786722256481E-43,-0.707106781186542,0.707106781186553));
#1772=DIRECTION('center_axis',(1.51786722256482E-43,0.707106781186548,-0.707106781186548));
#1773=DIRECTION('ref_axis',(-1.,2.14658841203276E-43,0.));
#1774=DIRECTION('',(1.,-8.37382644631348E-15,-8.37382644631335E-15));
#1775=DIRECTION('center_axis',(1.,-5.33342427961194E-14,5.7913618434515E-16));
#1776=DIRECTION('ref_axis',(3.81225158737665E-14,0.707106781186541,-0.707106781186553));
#1777=DIRECTION('',(-2.55795384873637E-12,0.707106781186548,0.707106781186548));
#1778=DIRECTION('',(-3.8122515873766E-14,-0.70710678118654,0.707106781186555));
#1779=DIRECTION('',(-2.23123558197912E-30,-0.707106781186556,-0.707106781186539));
#1780=DIRECTION('',(3.73034936274052E-14,0.707106781186553,0.707106781186542));
#1781=DIRECTION('',(-3.81225158737665E-14,-0.707106781186542,0.707106781186553));
#1782=DIRECTION('',(0.,0.707106781186548,0.707106781186548));
#1783=DIRECTION('center_axis',(-1.,5.04159874785411E-14,2.3391191332332E-15));
#1784=DIRECTION('ref_axis',(-3.39954796251797E-14,-0.70710678118654,0.707106781186555));
#1785=DIRECTION('',(-3.73034936274052E-14,-0.707106781186553,-0.707106781186542));
#1786=DIRECTION('',(1.51786722256481E-43,0.707106781186542,-0.707106781186553));
#1787=DIRECTION('',(-3.73034936274049E-14,-0.707106781186548,-0.707106781186548));
#1788=DIRECTION('center_axis',(-1.,2.14658841203276E-43,0.));
#1789=DIRECTION('ref_axis',(-1.51786722256481E-43,-0.707106781186541,0.707106781186554));
#1790=DIRECTION('',(-1.51786722256482E-43,-0.707106781186548,-0.707106781186548));
#1791=DIRECTION('',(1.51786722256482E-43,0.707106781186547,0.707106781186547));
#1792=DIRECTION('center_axis',(-2.55389322566447E-12,-0.707106781186548,
0.707106781186548));
#1793=DIRECTION('ref_axis',(1.,-1.80587521829371E-12,1.80587521829375E-12));
#1794=DIRECTION('center_axis',(3.89708483296502E-14,0.707106781186548,-0.707106781186548));
#1795=DIRECTION('ref_axis',(-1.,-1.76591880765278E-12,-1.82103190989775E-12));
#1796=DIRECTION('center_axis',(-3.76822190084107E-14,-0.707106781186548,
0.707106781186548));
#1797=DIRECTION('ref_axis',(-2.52242671194836E-12,0.707106781186548,0.707106781186548));
#1798=DIRECTION('',(-1.5598482798329E-14,-0.707106781186557,-0.707106781186538));
#1799=DIRECTION('',(-1.,-1.756372824957E-12,-1.80966353013901E-12));
#1800=DIRECTION('center_axis',(0.811395739211399,-0.413301920144096,0.41330192014409));
#1801=DIRECTION('ref_axis',(0.453881639590981,-9.74297067980428E-44,-0.891061982828469));
#1802=DIRECTION('',(0.584497180822618,0.573743429422242,-0.573743429422261));
#1803=DIRECTION('center_axis',(1.18423789293349E-14,0.707106781186553,0.707106781186542));
#1804=DIRECTION('ref_axis',(1.,-2.14658841203276E-43,-1.6747652892627E-14));
#1805=DIRECTION('',(1.,-3.36978983605679E-14,1.69502454679415E-14));
#1806=DIRECTION('',(0.606303357144598,-0.562314964728483,0.562314964728482));
#1807=DIRECTION('center_axis',(-3.58136459556505E-14,-0.707106781186539,
0.707106781186556));
#1808=DIRECTION('ref_axis',(1.,-2.14658841203276E-43,5.06481438285086E-14));
#1809=DIRECTION('center_axis',(-0.795233449444369,-0.428721215293089,0.42872121529314));
#1810=DIRECTION('ref_axis',(0.474544757800114,-1.01865227808462E-43,0.880231374608081));
#1811=DIRECTION('center_axis',(-1.51786722256482E-43,-0.707106781186548,
-0.707106781186548));
#1812=DIRECTION('ref_axis',(-1.,2.14658841203276E-43,0.));
#1813=DIRECTION('center_axis',(1.51786722256482E-43,0.707106781186548,0.707106781186548));
#1814=DIRECTION('ref_axis',(-1.,2.14658841203276E-43,0.));
#1815=DIRECTION('center_axis',(1.51786722256482E-43,0.707106781186548,0.707106781186548));
#1816=DIRECTION('ref_axis',(-1.,2.14658841203276E-43,0.));
#1817=DIRECTION('',(-1.51786722256482E-43,-0.707106781186548,-0.707106781186548));
#1818=DIRECTION('center_axis',(4.14483262526722E-14,0.707106781186542,-0.707106781186553));
#1819=DIRECTION('ref_axis',(-1.,2.14658841203276E-43,-5.86167851241934E-14));
#1820=DIRECTION('',(1.,1.79371022452502E-12,1.84882332676999E-12));
#1821=DIRECTION('',(1.51786722256482E-43,0.707106781186548,0.707106781186548));
#1822=DIRECTION('',(1.,-2.79127548210445E-14,3.07040303031494E-14));
#1823=DIRECTION('center_axis',(-2.57566017482022E-12,0.707106781186553,
0.707106781186542));
#1824=DIRECTION('ref_axis',(1.,1.82126677564752E-12,1.82126677564749E-12));
#1825=DIRECTION('',(1.,1.82126677564752E-12,1.82126677564749E-12));
#1826=DIRECTION('',(1.51786722256481E-43,0.707106781186542,-0.707106781186553));
#1827=DIRECTION('center_axis',(1.,-2.14658841203276E-43,0.));
#1828=DIRECTION('ref_axis',(0.,0.,-1.));
#1829=DIRECTION('',(1.51786722256484E-43,0.707106781186553,0.707106781186542));
#1830=DIRECTION('',(-4.14483262526722E-14,-0.707106781186542,0.707106781186553));
#1831=DIRECTION('center_axis',(-1.97372982155583E-15,0.707106781186553,
0.707106781186542));
#1832=DIRECTION('ref_axis',(1.,-2.14658841203276E-43,2.79127548210451E-15));
#1833=DIRECTION('',(1.,1.39563774105226E-15,1.39563774105223E-15));
#1834=DIRECTION('center_axis',(1.51786722256481E-43,0.707106781186542,-0.707106781186553));
#1835=DIRECTION('ref_axis',(-1.,2.14658841203276E-43,0.));
#1836=CARTESIAN_POINT('',(0.,0.,0.));
#1837=CARTESIAN_POINT('Origin',(429.166493001949,206.2126323248,-290.010990575569));
#1838=CARTESIAN_POINT('',(424.849575502661,206.919739105987,-289.303883794383));
#1839=CARTESIAN_POINT('Origin',(429.166493001949,206.919739105987,-289.303883794383));
#1840=CARTESIAN_POINT('',(424.849575502661,206.2126323248,-290.010990575569));
#1841=CARTESIAN_POINT('',(424.849575502661,206.2126323248,-290.010990575569));
#1842=CARTESIAN_POINT('Origin',(429.166493001949,206.2126323248,-290.010990575569));
#1843=CARTESIAN_POINT('Origin',(429.166493001949,206.2126323248,-290.010990575569));
#1844=CARTESIAN_POINT('',(435.416493001949,206.2126323248,-290.010990575569));
#1845=CARTESIAN_POINT('Origin',(429.166493001949,206.2126323248,-290.010990575569));
#1846=CARTESIAN_POINT('Origin',(405.063000000019,209.392999770036,-293.191358020249));
#1847=CARTESIAN_POINT('',(421.045664963694,210.099751643151,-292.484606147134));
#1848=CARTESIAN_POINT('',(405.063000000019,210.099751643151,-292.484606147134));
#1849=CARTESIAN_POINT('',(419.633898910197,210.099751643151,-292.484606147134));
#1850=CARTESIAN_POINT('',(421.045664963692,210.100106551251,-292.484251239034));
#1851=CARTESIAN_POINT('',(421.045664963694,209.392999770065,-293.191358020221));
#1852=CARTESIAN_POINT('',(405.063000000016,210.100106551223,-292.484251239063));
#1853=CARTESIAN_POINT('',(413.062999999978,210.100106551237,-292.484251239048));
#1854=CARTESIAN_POINT('',(405.063000000019,209.392999770036,-293.191358020249));
#1855=CARTESIAN_POINT('Origin',(421.045664963694,209.392999770065,-293.191358020221));
#1856=CARTESIAN_POINT('',(421.045664963694,199.251843717236,-281.636698221218));
#1857=CARTESIAN_POINT('',(421.045664963693,192.206646631979,-274.591501135961));
#1858=CARTESIAN_POINT('',(421.045664963691,199.252198625335,-281.636343313118));
#1859=CARTESIAN_POINT('',(421.045664963694,198.545091844149,-282.343450094305));
#1860=CARTESIAN_POINT('',(421.045664963692,210.801684393446,-293.185829081229));
#1861=CARTESIAN_POINT('Origin',(421.045664963694,198.545091844149,-282.343450094305));
#1862=CARTESIAN_POINT('',(421.074838307051,199.251843717236,-281.636698221218));
#1863=CARTESIAN_POINT('',(421.457551523618,199.251843717236,-281.636698221218));
#1864=CARTESIAN_POINT('',(421.074838307046,199.252198625082,-281.636343313371));
#1865=CARTESIAN_POINT('',(421.074838307049,198.545091843896,-282.343450094558));
#1866=CARTESIAN_POINT('',(421.054332481844,199.252198625335,-281.636343313118));
#1867=CARTESIAN_POINT('Origin',(421.074838307051,198.545091844149,-282.343450094305));
#1868=CARTESIAN_POINT('',(421.074838307046,199.106286280111,-281.491140784093));
#1869=CARTESIAN_POINT('',(421.074838307051,186.495782062397,-268.880636566379));
#1870=CARTESIAN_POINT('',(421.074838307046,199.106641188212,-281.490785875992));
#1871=CARTESIAN_POINT('',(421.074838307049,198.399534407026,-282.197892657179));
#1872=CARTESIAN_POINT('',(421.074838307049,204.295877878098,-286.680022565881));
#1873=CARTESIAN_POINT('Origin',(431.80028912399,209.33955713088,-291.723701818625));
#1874=CARTESIAN_POINT('',(434.493562276549,199.119022313599,-281.503167001333));
#1875=CARTESIAN_POINT('',(439.418562276534,206.03381952683,-288.417964214548));
#1876=CARTESIAN_POINT('',(438.355683962041,204.541517393396,-286.925662081117));
#1877=CARTESIAN_POINT('',(439.418562276533,214.524257757042,-296.908402444759));
#1878=CARTESIAN_POINT('',(439.418562276533,214.524257757042,-296.908402444759));
#1879=CARTESIAN_POINT('',(439.418999999988,214.524257757042,-296.908402444759));
#1880=CARTESIAN_POINT('',(439.418999999988,214.524257757042,-296.908402444759));
#1881=CARTESIAN_POINT('',(439.418999999988,206.083581227841,-288.467725915558));
#1882=CARTESIAN_POINT('',(439.418999999988,206.083581227841,-288.467725915558));
#1883=CARTESIAN_POINT('',(458.537578247981,206.083581227841,-288.467725915558));
#1884=CARTESIAN_POINT('',(458.537578247981,206.083581227841,-288.467725915558));
#1885=CARTESIAN_POINT('',(458.537578247981,220.169230879451,-302.553375567168));
#1886=CARTESIAN_POINT('',(458.537578247981,220.169230879451,-302.553375567168));
#1887=CARTESIAN_POINT('',(439.418999999988,220.169230879451,-302.553375567168));
#1888=CARTESIAN_POINT('',(439.418999999988,220.169230879451,-302.553375567168));
#1889=CARTESIAN_POINT('',(439.418999999988,232.183015409225,-314.567160096943));
#1890=CARTESIAN_POINT('',(439.418999999988,232.183015409225,-314.567160096943));
#1891=CARTESIAN_POINT('',(421.075329101337,232.183015409225,-314.567160096943));
#1892=CARTESIAN_POINT('',(421.075329101337,232.183015409225,-314.567160096943));
#1893=CARTESIAN_POINT('',(421.075329101337,220.169230879451,-302.553375567168));
#1894=CARTESIAN_POINT('',(421.075329101337,220.169230879451,-302.553375567168));
#1895=CARTESIAN_POINT('',(421.075302694141,220.169230879451,-302.553375567168));
#1896=CARTESIAN_POINT('',(420.812302694141,220.169230879451,-302.553375567168));
#1897=CARTESIAN_POINT('',(421.075302694142,211.513960624495,-293.898105312212));
#1898=CARTESIAN_POINT('',(421.075302694157,212.640214095561,-295.024358783344));
#1899=CARTESIAN_POINT('',(421.073898910177,211.513960624495,-293.898105312212));
#1900=CARTESIAN_POINT('',(419.633898910161,211.513960624495,-293.898105312212));
#1901=CARTESIAN_POINT('',(421.062999999999,211.503262235642,-293.887406923425));
#1902=CARTESIAN_POINT('',(421.816975259561,212.243365636163,-294.627510323943));
#1903=CARTESIAN_POINT('',(405.062999999999,211.503262235614,-293.887406923454));
#1904=CARTESIAN_POINT('',(421.062999999999,211.503262235642,-293.887406923425));
#1905=CARTESIAN_POINT('',(405.062999999998,197.917827991666,-280.301972679506));
#1906=CARTESIAN_POINT('',(434.413570705354,199.106641188234,-281.490785875969));
#1907=CARTESIAN_POINT('',(433.106929914642,199.106641188232,-281.490785875972));
#1908=CARTESIAN_POINT('',(434.413570705344,199.119022313612,-281.503167001328));
#1909=CARTESIAN_POINT('',(434.413570705354,197.917827991719,-280.301972679454));
#1910=CARTESIAN_POINT('',(433.106929914659,199.119022313596,-281.503167001336));
#1911=CARTESIAN_POINT('',(451.101599714728,212.945053229216,-295.329197917505));
#1912=CARTESIAN_POINT('Origin',(449.601599714728,212.945053229488,-295.329197917233));
#1913=CARTESIAN_POINT('',(431.880084002178,227.240298691028,-309.624443379317));
#1914=CARTESIAN_POINT('Origin',(430.380084002178,227.2402986913,-309.624443379045));
#1915=CARTESIAN_POINT('Origin',(405.063000000019,210.099751643152,-292.484606147134));
#1916=CARTESIAN_POINT('',(405.063000000019,186.495820180364,-268.880674684345));
#1917=CARTESIAN_POINT('',(405.063000000019,188.617140523923,-271.001995027905));
#1918=CARTESIAN_POINT('',(434.413264740184,186.495820180364,-268.880674684345));
#1919=CARTESIAN_POINT('',(409.05756618506,186.495820180363,-268.880674684345));
#1920=CARTESIAN_POINT('',(434.413264740184,199.092612882143,-281.477467386125));
#1921=CARTESIAN_POINT('',(434.413264740184,210.099751643151,-292.484606147134));
#1922=CARTESIAN_POINT('',(421.074838307051,199.092612882167,-281.477467386149));
#1923=CARTESIAN_POINT('',(427.074097327461,199.092612882156,-281.477467386138));
#1924=CARTESIAN_POINT('',(421.074838307051,186.495782062397,-268.880636566379));
#1925=CARTESIAN_POINT('',(415.00870298314,195.967407834353,-278.352262338335));
#1926=CARTESIAN_POINT('Origin',(413.50870298314,195.967407834353,-278.352262338335));
#1927=CARTESIAN_POINT('Origin',(429.166493001949,206.2126323248,-290.010990575569));
#1928=CARTESIAN_POINT('',(435.416493001949,202.953577170311,-293.270045730058));
#1929=CARTESIAN_POINT('Origin',(429.166493001949,202.953577170311,-293.270045730058));
#1930=CARTESIAN_POINT('',(435.416493001949,206.2126323248,-290.010990575569));
#1931=CARTESIAN_POINT('Origin',(429.166493001949,202.953577170311,-293.270045730058));
#1932=CARTESIAN_POINT('',(436.692318590048,202.953577170307,-293.270045730054));
#1933=CARTESIAN_POINT('Origin',(429.166493001968,202.953577170307,-293.270045730054));
#1934=CARTESIAN_POINT('Origin',(419.738285352688,180.955601786541,-298.024748305019));
#1935=CARTESIAN_POINT('',(419.655015785267,183.959986142621,-301.029132661099));
#1936=CARTESIAN_POINT('',(421.972015785266,181.811088634595,-298.880235153073));
#1937=CARTESIAN_POINT('',(421.273866014653,182.458586391306,-299.527732909784));
#1938=CARTESIAN_POINT('',(421.972015785266,181.776521398227,-298.845667916705));
#1939=CARTESIAN_POINT('',(421.972015785266,169.153597937178,-286.222744455656));
#1940=CARTESIAN_POINT('',(434.413570705358,181.776521398226,-298.845667916705));
#1941=CARTESIAN_POINT('',(434.413570705358,181.776521398226,-298.845667916705));
#1942=CARTESIAN_POINT('',(434.413570705358,169.153597937178,-286.222744455656));
#1943=CARTESIAN_POINT('',(434.413570705358,169.153597937178,-286.222744455656));
#1944=CARTESIAN_POINT('',(405.063000000017,169.153597937179,-286.222744455656));
#1945=CARTESIAN_POINT('',(427.075928029022,169.153597937178,-286.222744455656));
#1946=CARTESIAN_POINT('',(405.063000000019,194.160505489777,-311.229652008256));
#1947=CARTESIAN_POINT('',(405.063000000018,183.959986142621,-301.029132661099));
#1948=CARTESIAN_POINT('',(419.633898910192,194.160505489777,-311.229652008256));
#1949=CARTESIAN_POINT('',(419.633898910192,194.160505489777,-311.229652008256));
#1950=CARTESIAN_POINT('',(419.633898910192,183.959986142621,-301.029132661099));
#1951=CARTESIAN_POINT('',(419.633898910192,192.757605635903,-309.826752154382));
#1952=CARTESIAN_POINT('',(421.972015785267,183.95998614262,-301.029132661099));
#1953=CARTESIAN_POINT('Origin',(419.633898910192,183.959986142621,-301.029132661099));
#1954=CARTESIAN_POINT('',(419.655015785267,195.979438506608,-289.009680297112));
#1955=CARTESIAN_POINT('',(419.655015785267,183.959986142621,-301.029132661099));
#1956=CARTESIAN_POINT('',(419.633898910197,195.979438506608,-289.009680297112));
#1957=CARTESIAN_POINT('',(419.633898910192,183.959986142621,-301.029132661099));
#1958=CARTESIAN_POINT('',(420.337581825187,195.979438506608,-289.009680297112));
#1959=CARTESIAN_POINT('Origin',(421.972015785266,181.776521398227,-298.845667916705));
#1960=CARTESIAN_POINT('',(434.413264740184,193.795973762214,-286.826215552718));
#1961=CARTESIAN_POINT('',(434.413570705359,193.795973762214,-286.826215552718));
#1962=CARTESIAN_POINT('',(421.506457347732,193.795973762214,-286.826215552718));
#1963=CARTESIAN_POINT('',(434.413264740184,193.797336678397,-286.824852636534));
#1964=CARTESIAN_POINT('',(434.413264740184,189.733770106243,-290.888419208689));
#1965=CARTESIAN_POINT('',(434.413570705349,193.797336678402,-286.824852636538));
#1966=CARTESIAN_POINT('',(425.749123189317,193.797336678398,-286.824852636534));
#1967=CARTESIAN_POINT('',(434.413570705358,181.776521398226,-298.845667916705));
#1968=CARTESIAN_POINT('Origin',(434.413570705358,181.776521398226,-298.845667916705));
#1969=CARTESIAN_POINT('',(434.413570705359,189.90779128065,-282.938033071154));
#1970=CARTESIAN_POINT('',(434.413570705358,187.484550149658,-280.514791940162));
#1971=CARTESIAN_POINT('',(434.413570705349,193.797336678402,-286.824852636538));
#1972=CARTESIAN_POINT('',(434.413570705359,197.692427625861,-282.904999438342));
#1973=CARTESIAN_POINT('',(434.413570705359,197.692427625861,-282.904999438342));
#1974=CARTESIAN_POINT('',(434.413570705358,183.368655559396,-282.965781497509));
#1975=CARTESIAN_POINT('Origin',(440.000000000008,197.888863622857,-313.543796578936));
#1976=CARTESIAN_POINT('',(439.419000000009,211.695830632306,-299.736829569487));
#1977=CARTESIAN_POINT('',(439.419000000008,197.888863622857,-313.543796578936));
#1978=CARTESIAN_POINT('',(439.419000000008,197.888863622857,-313.543796578936));
#1979=CARTESIAN_POINT('',(439.418999999998,211.695830632296,-299.736829569505));
#1980=CARTESIAN_POINT('',(439.418562276554,197.888863622857,-313.543796578936));
#1981=CARTESIAN_POINT('',(439.418562276554,197.888863622857,-313.543796578936));
#1982=CARTESIAN_POINT('',(430.341405157747,197.888863622857,-313.543796578936));
#1983=CARTESIAN_POINT('Origin',(434.094129502976,197.888863622857,-313.543796578936));
#1984=CARTESIAN_POINT('',(430.341405157748,209.202572121828,-302.230088079965));
#1985=CARTESIAN_POINT('',(434.094129502977,209.202572121828,-302.230088079965));
#1986=CARTESIAN_POINT('',(431.810180048173,209.202572121828,-302.230088079965));
#1987=CARTESIAN_POINT('',(430.341405157747,197.888863622857,-313.543796578936));
#1988=CARTESIAN_POINT('',(430.341405157747,197.888863622857,-313.543796578936));
#1989=CARTESIAN_POINT('',(434.094129502976,197.888863622857,-313.543796578936));
#1990=CARTESIAN_POINT('',(430.341405157747,197.888863622857,-313.543796578936));
#1991=CARTESIAN_POINT('',(434.094129502976,197.888863622857,-313.543796578936));
#1992=CARTESIAN_POINT('Origin',(430.341405157747,197.888863622857,-313.543796578936));
#1993=CARTESIAN_POINT('',(430.341405157748,210.619185425091,-303.646701383214));
#1994=CARTESIAN_POINT('',(430.341405157747,202.549685721523,-295.57720167966));
#1995=CARTESIAN_POINT('',(430.341405157747,199.305476926113,-314.960409882192));
#1996=CARTESIAN_POINT('',(430.341405157747,199.305476926113,-314.960409882192));
#1997=CARTESIAN_POINT('',(430.341405157747,203.533836745266,-319.188769701345));
#1998=CARTESIAN_POINT('Origin',(439.418562276554,194.87856649031,-310.533499446389));
#1999=CARTESIAN_POINT('',(436.083478011786,206.192274989281,-299.219790947418));
#2000=CARTESIAN_POINT('',(439.418562276554,206.192274989281,-299.219790947418));
#2001=CARTESIAN_POINT('',(434.472396434961,206.192274989281,-299.219790947418));
#2002=CARTESIAN_POINT('',(436.083478011785,194.87856649031,-310.533499446389));
#2003=CARTESIAN_POINT('',(436.083478011785,194.87856649031,-310.533499446389));
#2004=CARTESIAN_POINT('',(439.418562276554,194.87856649031,-310.533499446389));
#2005=CARTESIAN_POINT('',(436.083478011785,194.87856649031,-310.533499446389));
#2006=CARTESIAN_POINT('',(439.418562276554,194.87856649031,-310.533499446389));
#2007=CARTESIAN_POINT('Origin',(436.083478011785,194.87856649031,-310.533499446389));
#2008=CARTESIAN_POINT('',(436.083478011786,208.343670715092,-301.371186673229));
#2009=CARTESIAN_POINT('',(436.083478011786,201.04453715525,-294.072053113387));
#2010=CARTESIAN_POINT('',(436.083478011785,197.029962216121,-312.6848951722));
#2011=CARTESIAN_POINT('',(436.083478011785,197.029962216121,-312.6848951722));
#2012=CARTESIAN_POINT('',(436.083478011785,197.888863622857,-313.543796578936));
#2013=CARTESIAN_POINT('Origin',(436.083478011785,197.029962216121,-312.6848951722));
#2014=CARTESIAN_POINT('',(434.094129502977,208.343670715092,-301.371186673229));
#2015=CARTESIAN_POINT('',(432.804854302577,208.343670715092,-301.371186673229));
#2016=CARTESIAN_POINT('',(434.094129502976,197.029962216121,-312.6848951722));
#2017=CARTESIAN_POINT('',(434.094129502976,197.029962216121,-312.6848951722));
#2018=CARTESIAN_POINT('',(434.094129502976,197.029962216121,-312.6848951722));
#2019=CARTESIAN_POINT('Origin',(434.094129502976,197.029962216121,-312.6848951722));
#2020=CARTESIAN_POINT('',(434.094129502977,202.120235018155,-295.147750976292));
#2021=CARTESIAN_POINT('',(434.094129502976,197.888863622857,-313.543796578936));
#2022=CARTESIAN_POINT('Origin',(439.419000000009,203.533836745266,-319.188769701345));
#2023=CARTESIAN_POINT('',(439.419000000009,203.533836745266,-319.188769701345));
#2024=CARTESIAN_POINT('',(439.419000000008,201.370019181527,-317.024952137606));
#2025=CARTESIAN_POINT('',(439.419000000009,217.340803754714,-305.381802691896));
#2026=CARTESIAN_POINT('',(439.419000000009,203.533836745266,-319.188769701345));
#2027=CARTESIAN_POINT('',(439.419000000009,206.405239665937,-294.446238603147));
#2028=CARTESIAN_POINT('Origin',(431.800289124,206.511130006134,-294.552128943371));
#2029=CARTESIAN_POINT('',(458.537578247991,217.340803754705,-305.381802691914));
#2030=CARTESIAN_POINT('',(439.418999999998,217.340803754705,-305.381802691914));
#2031=CARTESIAN_POINT('',(458.537578247991,203.255154103095,-291.296153040304));
#2032=CARTESIAN_POINT('',(458.537578247991,217.340803754705,-305.381802691914));
#2033=CARTESIAN_POINT('',(439.418999999998,203.255154103095,-291.296153040304));
#2034=CARTESIAN_POINT('',(458.537578247991,203.255154103095,-291.296153040304));
#2035=CARTESIAN_POINT('',(439.418999999998,203.255154103095,-291.296153040304));
#2036=CARTESIAN_POINT('',(451.101599714733,210.116626104742,-298.157625041979));
#2037=CARTESIAN_POINT('Origin',(449.601599714733,210.116626104742,-298.157625041979));
#2038=CARTESIAN_POINT('Origin',(439.418999999998,203.255154103095,-291.296153040304));
#2039=CARTESIAN_POINT('',(439.418999999998,203.255154103095,-291.296153040304));
#2040=CARTESIAN_POINT('Origin',(421.075329101347,217.340803754705,-305.381802691914));
#2041=CARTESIAN_POINT('',(421.075329101347,217.340803754705,-305.381802691914));
#2042=CARTESIAN_POINT('',(421.075329101347,229.354588284479,-317.395587221689));
#2043=CARTESIAN_POINT('',(421.075329101347,217.340803754705,-305.381802691914));
#2044=CARTESIAN_POINT('',(421.075329101347,217.340803754705,-305.381802691914));
#2045=CARTESIAN_POINT('',(421.075329101347,229.354588284479,-317.395587221689));
#2046=CARTESIAN_POINT('Origin',(421.075329101347,229.354588284479,-317.395587221689));
#2047=CARTESIAN_POINT('',(439.418999999998,229.354588284479,-317.395587221689));
#2048=CARTESIAN_POINT('',(421.075329101347,229.354588284479,-317.395587221689));
#2049=CARTESIAN_POINT('',(439.418999999998,229.354588284479,-317.395587221689));
#2050=CARTESIAN_POINT('Origin',(439.418999999998,229.354588284479,-317.395587221689));
#2051=CARTESIAN_POINT('',(439.418999999998,229.354588284479,-317.395587221689));
#2052=CARTESIAN_POINT('',(439.418999999998,217.340803754705,-305.381802691914));
#2053=CARTESIAN_POINT('Origin',(439.418999999998,217.340803754705,-305.381802691914));
#2054=CARTESIAN_POINT('',(458.537578247991,217.340803754705,-305.381802691914));
#2055=CARTESIAN_POINT('Origin',(458.537578247991,217.340803754705,-305.381802691914));
#2056=CARTESIAN_POINT('',(458.537578247991,203.255154103095,-291.296153040304));
#2057=CARTESIAN_POINT('Origin',(458.537578247991,203.255154103095,-291.296153040304));
#2058=CARTESIAN_POINT('Origin',(431.800289124,206.511130006134,-294.552128943371));
#2059=CARTESIAN_POINT('',(430.341405157748,217.340803754715,-305.381802691896));
#2060=CARTESIAN_POINT('',(431.880084002183,224.411871566554,-312.452870503791));
#2061=CARTESIAN_POINT('Origin',(430.380084002183,224.411871566554,-312.452870503791));
#2062=CARTESIAN_POINT('Origin',(430.341405157747,199.305476926113,-314.960409882192));
#2063=CARTESIAN_POINT('',(421.075302694162,199.305476926114,-314.960409882192));
#2064=CARTESIAN_POINT('',(421.075302694163,210.619185425099,-303.646701383207));
#2065=CARTESIAN_POINT('',(421.075302694162,199.305476926114,-314.960409882192));
#2066=CARTESIAN_POINT('',(420.812302694162,199.305476926114,-314.960409882192));
#2067=CARTESIAN_POINT('',(429.933817875558,210.619185425084,-303.646701383221));
#2068=CARTESIAN_POINT('Origin',(430.406151347085,199.206201617788,-314.861134573867));
#2069=CARTESIAN_POINT('',(421.075302694162,203.533836745267,-319.188769701345));
#2070=CARTESIAN_POINT('',(421.075302694162,199.255839271951,-314.910772228029));
#2071=CARTESIAN_POINT('',(430.341405157747,203.533836745266,-319.188769701345));
#2072=CARTESIAN_POINT('',(439.418562276554,194.87856649031,-310.533499446389));
#2073=CARTESIAN_POINT('Origin',(420.812302694162,203.533836745267,-319.188769701345));
#2074=CARTESIAN_POINT('',(421.075302694162,203.533836745267,-319.188769701345));
#2075=CARTESIAN_POINT('Origin',(421.075302694162,199.305476926114,-314.960409882192));
#2076=CARTESIAN_POINT('',(421.075302694163,206.192274989289,-299.21979094741));
#2077=CARTESIAN_POINT('',(421.075302694162,203.257992373152,-296.285508331288));
#2078=CARTESIAN_POINT('',(421.075302694147,210.099747062122,-295.312318874585));
#2079=CARTESIAN_POINT('Origin',(420.812302694163,208.313595332842,-297.098470603858));
#2080=CARTESIAN_POINT('',(421.073898910182,206.192274989281,-299.219790947418));
#2081=CARTESIAN_POINT('',(421.073898910182,208.313595332841,-297.098470603858));
#2082=CARTESIAN_POINT('',(425.169266643765,206.192274989281,-299.219790947418));
#2083=CARTESIAN_POINT('Origin',(434.413570705349,193.797336678397,-286.824852636534));
#2084=CARTESIAN_POINT('',(434.493562276554,193.797336678397,-286.824852636534));
#2085=CARTESIAN_POINT('',(434.493562276553,188.140482428912,-292.48170688602));
#2086=CARTESIAN_POINT('',(430.663259858682,193.797336678398,-286.824852636534));
#2087=CARTESIAN_POINT('Origin',(433.10692991467,185.028145174674,-282.958739553845));
#2088=CARTESIAN_POINT('',(434.413264740184,189.90779128065,-282.938033071154));
#2089=CARTESIAN_POINT('',(427.073914412454,189.907791280663,-282.938033071168));
#2090=CARTESIAN_POINT('',(421.074838307051,197.692427625839,-282.904999438365));
#2091=CARTESIAN_POINT('',(433.106929914648,197.692427625859,-282.904999438345));
#2092=CARTESIAN_POINT('',(421.074838307051,197.664964290951,-282.905115977365));
#2093=CARTESIAN_POINT('',(421.074838307051,185.08188432237,-282.958511515049));
#2094=CARTESIAN_POINT('',(434.413264740184,197.664964290927,-282.905115977341));
#2095=CARTESIAN_POINT('',(427.074097327461,197.664964290941,-282.905115977354));
#2096=CARTESIAN_POINT('',(434.413264740184,196.826671370747,-282.908673222572));
#2097=CARTESIAN_POINT('Origin',(439.418562276554,197.888863622857,-313.543796578936));
#2098=CARTESIAN_POINT('',(439.418562276554,200.712133891621,-293.739649849757));
#2099=CARTESIAN_POINT('',(439.418562276554,195.055279642135,-299.396504099243));
#2100=CARTESIAN_POINT('',(439.418562276554,210.619185425084,-303.646701383221));
#2101=CARTESIAN_POINT('Origin',(436.956062276553,191.597881035523,-295.939105492631));
#2102=CARTESIAN_POINT('',(435.818695357268,195.657849680158,-288.685365638295));
#2103=CARTESIAN_POINT('Origin',(430.380084002183,225.826085128654,-311.03865694169));
#2104=CARTESIAN_POINT('',(431.880084002183,225.826085128654,-311.03865694169));
#2105=CARTESIAN_POINT('Origin',(449.601599714733,211.530839666843,-296.743411479878));
#2106=CARTESIAN_POINT('',(451.101599714733,211.530839666843,-296.743411479878));
#2107=CARTESIAN_POINT('Origin',(429.166493001968,201.104533522769,-295.119089377593));
#2108=CARTESIAN_POINT('',(436.692318590047,201.598053471112,-294.625569429249));
#2109=CARTESIAN_POINT('Origin',(429.166493001968,201.598053471112,-294.625569429249));
#2110=CARTESIAN_POINT('',(436.692318590047,201.104533522768,-295.119089377593));
#2111=CARTESIAN_POINT('Origin',(419.633898910192,192.757605635902,-309.826752154382));
#2112=CARTESIAN_POINT('',(419.633898910197,206.179957853764,-299.210199644269));
#2113=CARTESIAN_POINT('',(419.633898910193,204.77705799989,-297.807299790395));
#2114=CARTESIAN_POINT('',(419.633898910192,194.160505489777,-311.229652008256));
#2115=CARTESIAN_POINT('Origin',(421.041264740184,208.672103051936,-293.912254738349));
#2116=CARTESIAN_POINT('',(421.041264740184,206.181320769948,-299.208836728085));
#2117=CARTESIAN_POINT('',(421.041264740184,194.695127307675,-287.722643265812));
#2118=CARTESIAN_POINT('',(421.041264740184,200.337610118647,-293.365126076783));
#2119=CARTESIAN_POINT('',(421.041264740184,194.693764391491,-287.724006181996));
#2120=CARTESIAN_POINT('',(421.041264740184,190.631560735521,-291.786209837966));
#2121=CARTESIAN_POINT('',(421.041264740184,206.179957853764,-299.210199644269));
#2122=CARTESIAN_POINT('',(421.041264740184,204.77705799989,-297.807299790395));
#2123=CARTESIAN_POINT('',(421.041264740184,210.07500290581,-295.315154592224));
#2124=CARTESIAN_POINT('Origin',(421.041264740184,204.77705799989,-297.807299790395));
#2125=CARTESIAN_POINT('',(417.489658176502,197.987695549966,-291.01793734047));
#2126=CARTESIAN_POINT('',(421.041264740184,206.179957853764,-299.210199644269));
#2127=CARTESIAN_POINT('Origin',(421.972015785267,183.95998614262,-301.029132661099));
#2128=CARTESIAN_POINT('',(421.972015785267,193.831903914766,-286.859419872902));
#2129=CARTESIAN_POINT('',(421.972015785266,181.811088634595,-298.880235153073));
#2130=CARTESIAN_POINT('',(421.972015785267,193.797576915295,-286.825092873432));
#2131=CARTESIAN_POINT('',(421.972015785267,195.938800372005,-288.966316330142));
#2132=CARTESIAN_POINT('',(421.972015785267,184.977126926488,-295.645542862239));
#2133=CARTESIAN_POINT('',(421.972015785267,187.786487817118,-292.836181971609));
#2134=CARTESIAN_POINT('',(421.972015785267,184.976886689591,-295.645302625341));
#2135=CARTESIAN_POINT('',(421.972015785267,186.135207217668,-296.803623153419));
#2136=CARTESIAN_POINT('',(421.972015785266,181.776521398227,-298.845667916705));
#2137=CARTESIAN_POINT('Origin',(434.413264740184,208.672103051936,-293.912254738349));
#2138=CARTESIAN_POINT('',(434.413264740184,181.173126537102,-274.203368327606));
#2139=CARTESIAN_POINT('',(434.413264740184,185.068171589148,-270.308323275561));
#2140=CARTESIAN_POINT('',(434.413264740184,204.77705799989,-297.807299790395));
#2141=CARTESIAN_POINT('',(434.413264740184,197.664964290927,-282.905115977341));
#2142=CARTESIAN_POINT('Origin',(421.972015785266,181.776521398227,-298.845667916705));
#2143=CARTESIAN_POINT('',(434.413570705358,184.97688668959,-295.645302625341));
#2144=CARTESIAN_POINT('',(421.506457347732,184.976886689591,-295.645302625341));
#2145=CARTESIAN_POINT('',(434.413570705358,181.776521398226,-298.845667916705));
#2146=CARTESIAN_POINT('Origin',(434.413898910197,204.77705799989,-297.807299790395));
#2147=CARTESIAN_POINT('',(434.413898910197,181.173126537102,-274.203368327606));
#2148=CARTESIAN_POINT('',(434.413898910197,193.796213999112,-286.826455789616));
#2149=CARTESIAN_POINT('',(434.413898910197,204.77705799989,-297.807299790395));
#2150=CARTESIAN_POINT('',(434.413898910197,172.354039464479,-283.02245540023));
#2151=CARTESIAN_POINT('',(434.413898910197,179.142024709117,-276.234470155592));
#2152=CARTESIAN_POINT('',(434.413898910197,184.977126926488,-295.645542862239));
#2153=CARTESIAN_POINT('',(434.413898910197,187.344992021108,-298.013407956859));
#2154=CARTESIAN_POINT('',(434.413898910197,195.74198634695,-284.880683441777));
#2155=CARTESIAN_POINT('Origin',(421.040898910197,185.110063001351,-295.778478937102));
#2156=CARTESIAN_POINT('',(434.413570705358,172.354039464479,-283.02245540023));
#2157=CARTESIAN_POINT('',(417.046515640149,172.354039464479,-283.022455400229));
#2158=CARTESIAN_POINT('',(434.413570705358,185.043474845471,-295.711890781221));
#2159=CARTESIAN_POINT('',(421.041081825191,184.977126926488,-295.645542862239));
#2160=CARTESIAN_POINT('Origin',(421.040898910197,181.173126537102,-274.203368327606));
#2161=CARTESIAN_POINT('',(417.046515640149,181.173126537102,-274.203368327606));
#2162=CARTESIAN_POINT('',(434.413264740184,193.796213999112,-286.826455789616));
#2163=CARTESIAN_POINT('',(421.041081825191,193.796213999112,-286.826455789616));
#2164=CARTESIAN_POINT('',(434.413264740184,204.77705799989,-297.807299790395));
#2165=CARTESIAN_POINT('Origin',(434.413264740184,208.672103051936,-293.912254738349));
#2166=CARTESIAN_POINT('',(434.413264740184,193.797576915295,-286.825092873432));
#2167=CARTESIAN_POINT('',(434.413264740184,197.689508872973,-282.933160915754));
#2168=CARTESIAN_POINT('',(434.413264740184,200.337610118646,-293.365126076783));
#2169=CARTESIAN_POINT('Origin',(421.041264740184,197.687758694789,-282.934911093938));
#2170=CARTESIAN_POINT('',(425.283747666776,193.797576915295,-286.825092873432));
#2171=CARTESIAN_POINT('Origin',(405.063000000017,169.153597937179,-286.222744455656));
#2172=CARTESIAN_POINT('',(405.063000000018,206.181576600404,-299.209092558663));
#2173=CARTESIAN_POINT('',(405.063000000001,210.796155454427,-294.59451370464));
#2174=CARTESIAN_POINT('',(405.063000000033,206.181320769887,-299.208836728147));
#2175=CARTESIAN_POINT('',(405.063000000017,192.596142356456,-285.623658314715));
#2176=CARTESIAN_POINT('',(405.063000000019,210.07500290581,-295.315154592224));
#2177=CARTESIAN_POINT('',(405.063000000003,172.353963228546,-283.022379164296));
#2178=CARTESIAN_POINT('',(405.063000000017,169.153597937179,-286.222744455656));
#2179=CARTESIAN_POINT('',(405.063000000019,172.354039464479,-283.02245540023));
#2180=CARTESIAN_POINT('',(405.063000000018,175.542988171746,-286.211404107496));
#2181=CARTESIAN_POINT('',(405.063000000019,185.789420505958,-269.587074358751));
#2182=CARTESIAN_POINT('Origin',(434.413570705358,181.776521398226,-298.845667916705));
#2183=CARTESIAN_POINT('',(434.413570705358,172.364015845128,-283.012479019581));
#2184=CARTESIAN_POINT('',(434.413570705358,173.132298527123,-282.244196337586));
#2185=CARTESIAN_POINT('',(434.413570705358,172.36393960919,-283.012402783644));
#2186=CARTESIAN_POINT('',(434.413570705358,172.364015845128,-283.012479019581));
#2187=CARTESIAN_POINT('',(434.413570705358,170.758730330322,-284.617612062512));
#2188=CARTESIAN_POINT('Origin',(421.074838307051,197.82419512602,-283.064346812434));
#2189=CARTESIAN_POINT('',(421.074838307051,197.685532657379,-282.911894406826));
#2190=CARTESIAN_POINT('',(421.074838307051,197.664964290951,-282.905115977365));
#2191=CARTESIAN_POINT('Origin',(421.074838307051,197.664964290951,-282.905115977365));
#2192=CARTESIAN_POINT('Origin',(434.413570705359,197.692427625861,-282.904999438342));
#2193=CARTESIAN_POINT('Origin',(421.063000000004,210.089048673269,-295.301620485798));
#2194=CARTESIAN_POINT('',(421.063000000017,206.181576600432,-299.209092558635));
#2195=CARTESIAN_POINT('',(421.063000000004,209.195972808647,-296.19469635042));
#2196=CARTESIAN_POINT('',(421.063000000017,206.181576600432,-299.209092558635));
#2197=CARTESIAN_POINT('Origin',(420.353898910182,207.606842105045,-296.391717376062));
#2198=CARTESIAN_POINT('',(418.705110982943,203.867068720476,-296.894584678613));
#2199=CARTESIAN_POINT('Origin',(429.526230593368,195.896799321219,-288.924315279355));
#2200=CARTESIAN_POINT('',(417.294615296694,206.181320769948,-299.208836728085));
#2201=CARTESIAN_POINT('',(422.077252755618,193.73430207474,-286.761818032876));
#2202=CARTESIAN_POINT('Origin',(405.063000000019,194.160505489778,-311.229652008256));
#2203=CARTESIAN_POINT('Origin',(420.813515785267,182.885537388608,-299.954683907086));
#2204=CARTESIAN_POINT('Origin',(413.50870298314,178.625614025753,-295.694056146935));
#2205=CARTESIAN_POINT('',(415.00870298314,178.625614025753,-295.694056146935));
#2206=CARTESIAN_POINT('Origin',(413.50870298314,178.625614025753,-295.694056146935));
#2207=CARTESIAN_POINT('Origin',(413.50870298314,195.261008159948,-279.058662012741));
#2208=CARTESIAN_POINT('',(415.00870298314,195.261008159948,-279.058662012741));
#2209=CARTESIAN_POINT('Origin',(434.413570705358,169.153597937178,-286.222744455656));
#2210=CARTESIAN_POINT('',(421.074838307051,172.363939609166,-283.012402783668));
#2211=CARTESIAN_POINT('',(421.074838307051,172.363939609166,-283.012402783668));
#2212=CARTESIAN_POINT('',(421.074838307051,172.353963228546,-283.022379164296));
#2213=CARTESIAN_POINT('',(421.074838307051,178.722874006683,-276.653468386151));
#2214=CARTESIAN_POINT('',(423.940994929442,172.353963228542,-283.022379164292));
#2215=CARTESIAN_POINT('Origin',(421.074838307051,172.364015845103,-283.012479019605));
#2216=CARTESIAN_POINT('',(421.074838307051,172.364015845103,-283.012479019605));
#2217=CARTESIAN_POINT('',(417.063485338585,172.364015845096,-283.012479019613));
#2218=CARTESIAN_POINT('',(421.074838307051,172.364015845103,-283.012479019605));
#2219=CARTESIAN_POINT('Origin',(421.074838307051,185.081885289904,-270.294457102938));
#2220=CARTESIAN_POINT('',(421.074838307051,172.354039464479,-283.02245540023));
#2221=CARTESIAN_POINT('',(421.074838307051,181.096442203484,-274.280052661224));
#2222=CARTESIAN_POINT('',(421.074838307051,174.475283572105,-285.143699507856));
#2223=CARTESIAN_POINT('Origin',(413.468419153527,178.732013114949,-289.400429050699));
#2224=CARTESIAN_POINT('',(413.260275761814,172.354039464479,-283.022455400229));
#2225=CARTESIAN_POINT('Origin',(413.052132370101,177.110922881131,-278.265571983577));
#2226=UNCERTAINTY_MEASURE_WITH_UNIT(LENGTH_MEASURE(0.01),#2230,
'DISTANCE_ACCURACY_VALUE',
'Maximum model space distance between geometric entities at asserted c
onnectivities');
#2227=UNCERTAINTY_MEASURE_WITH_UNIT(LENGTH_MEASURE(0.01),#2230,
'DISTANCE_ACCURACY_VALUE',
'Maximum model space distance between geometric entities at asserted c
onnectivities');
#2228=(
GEOMETRIC_REPRESENTATION_CONTEXT(3)
GLOBAL_UNCERTAINTY_ASSIGNED_CONTEXT((#2226))
GLOBAL_UNIT_ASSIGNED_CONTEXT((#2230,#2232,#2233))
REPRESENTATION_CONTEXT('','3D')
);
#2229=(
GEOMETRIC_REPRESENTATION_CONTEXT(3)
GLOBAL_UNCERTAINTY_ASSIGNED_CONTEXT((#2227))
GLOBAL_UNIT_ASSIGNED_CONTEXT((#2230,#2232,#2233))
REPRESENTATION_CONTEXT('','3D')
);
#2230=(
LENGTH_UNIT()
NAMED_UNIT(*)
SI_UNIT(.MILLI.,.METRE.)
);
#2231=(
LENGTH_UNIT()
NAMED_UNIT(*)
SI_UNIT($,.METRE.)
);
#2232=(
NAMED_UNIT(*)
PLANE_ANGLE_UNIT()
SI_UNIT($,.RADIAN.)
);
#2233=(
NAMED_UNIT(*)
SI_UNIT($,.STERADIAN.)
SOLID_ANGLE_UNIT()
);
#2234=SHAPE_DEFINITION_REPRESENTATION(#2235,#2236);
#2235=PRODUCT_DEFINITION_SHAPE('',$,#2238);
#2236=SHAPE_REPRESENTATION('',(#1404),#2228);
#2237=PRODUCT_DEFINITION_CONTEXT('part definition',#2242,'design');
#2238=PRODUCT_DEFINITION('doubleshear2(!x)','doubleshear2(!x) v1',#2239,
#2237);
#2239=PRODUCT_DEFINITION_FORMATION('',$,#2244);
#2240=PRODUCT_RELATED_PRODUCT_CATEGORY('doubleshear2(!x) v1',
'doubleshear2(!x) v1',(#2244));
#2241=APPLICATION_PROTOCOL_DEFINITION('international standard',
'automotive_design',2009,#2242);
#2242=APPLICATION_CONTEXT(
'Core Data for Automotive Mechanical Design Process');
#2243=PRODUCT_CONTEXT('part definition',#2242,'mechanical');
#2244=PRODUCT('doubleshear2(!x)','doubleshear2(!x) v1',$,(#2243));
#2245=PRESENTATION_STYLE_ASSIGNMENT((#2246));
#2246=SURFACE_STYLE_USAGE(.BOTH.,#2247);
#2247=SURFACE_SIDE_STYLE('',(#2248));
#2248=SURFACE_STYLE_FILL_AREA(#2249);
#2249=FILL_AREA_STYLE('Steel - Satin',(#2250));
#2250=FILL_AREA_STYLE_COLOUR('Steel - Satin',#2251);
#2251=COLOUR_RGB('Steel - Satin',0.627450980392157,0.627450980392157,0.627450980392157);
ENDSEC;
END-ISO-10303-21;
