ISO-10303-21;
HEADER;
/* Generated by software containing ST-Developer
 * from STEP Tools, Inc. (www.steptools.com) 
 */

FILE_DESCRIPTION(
/* description */ (''),
/* implementation_level */ '2;1');

FILE_NAME(
/* name */ 'FAN_MOUNRT.step',
/* time_stamp */ '2025-11-23T22:21:00+05:30',
/* author */ (''),
/* organization */ (''),
/* preprocessor_version */ 'ST-DEVELOPER v20.1',
/* originating_system */ 'Autodesk Translation Framework v14.21.0.0',
/* authorisation */ '');

FILE_SCHEMA (('AUTOMOTIVE_DESIGN { 1 0 10303 214 3 1 1 }'));
ENDSEC;

DATA;
#10=MECHANICAL_DESIGN_GEOMETRIC_PRESENTATION_REPRESENTATION('',(#13),#7147);
#11=SHAPE_REPRESENTATION_RELATIONSHIP('SRR','None',#7154,#12);
#12=ADVANCED_BREP_SHAPE_REPRESENTATION('',(#3283),#7146);
#13=STYLED_ITEM('',(#7164),#3283);
#14=(
BOUNDED_CURVE()
B_SPLINE_CURVE(2,(#4758,#4759,#4760),.UNSPECIFIED.,.F.,.F.)
B_SPLINE_CURVE_WITH_KNOTS((3,3),(0.0115294822249293,1.5299666660226),
 .UNSPECIFIED.)
CURVE()
GEOMETRIC_REPRESENTATION_ITEM()
RATIONAL_B_SPLINE_CURVE((0.997969170974304,0.864744481378676,0.864744481375991))
REPRESENTATION_ITEM('')
);
#15=(
BOUNDED_CURVE()
B_SPLINE_CURVE(2,(#4828,#4829,#4830),.UNSPECIFIED.,.F.,.F.)
B_SPLINE_CURVE_WITH_KNOTS((3,3),(0.0256692595160325,0.0788745894036055),
 .UNSPECIFIED.)
CURVE()
GEOMETRIC_REPRESENTATION_ITEM()
RATIONAL_B_SPLINE_CURVE((0.99999857790978,0.999997381962702,0.999997337846972))
REPRESENTATION_ITEM('')
);
#16=(
BOUNDED_CURVE()
B_SPLINE_CURVE(2,(#5044,#5045,#5046),.UNSPECIFIED.,.F.,.F.)
B_SPLINE_CURVE_WITH_KNOTS((3,3),(0.0712413565907435,0.108487387912197),
 .UNSPECIFIED.)
CURVE()
GEOMETRIC_REPRESENTATION_ITEM()
RATIONAL_B_SPLINE_CURVE((0.998896144601944,0.99912465529269,0.999893826091932))
REPRESENTATION_ITEM('')
);
#17=(
BOUNDED_SURFACE()
B_SPLINE_SURFACE(1,2,((#4656,#4657,#4658),(#4659,#4660,#4661)),
 .UNSPECIFIED.,.F.,.F.,.F.)
B_SPLINE_SURFACE_WITH_KNOTS((2,2),(3,3),(-6.19619692840383E-14,24.999925408699),
(2.5190060594144E-14,0.748062151992521),.UNSPECIFIED.)
GEOMETRIC_REPRESENTATION_ITEM()
RATIONAL_B_SPLINE_SURFACE(((1.,0.930862075315502,1.),(1.,0.930862075315502,
1.)))
REPRESENTATION_ITEM('')
SURFACE()
);
#18=(
BOUNDED_SURFACE()
B_SPLINE_SURFACE(1,2,((#5091,#5092,#5093),(#5094,#5095,#5096)),
 .UNSPECIFIED.,.F.,.F.,.F.)
B_SPLINE_SURFACE_WITH_KNOTS((2,2),(3,3),(6.10598254436689E-15,0.501979932988929),
(-1.16832698895073,-1.06141929574484),.UNSPECIFIED.)
GEOMETRIC_REPRESENTATION_ITEM()
RATIONAL_B_SPLINE_SURFACE(((1.,0.998571683286013,1.),(1.,0.998571683286013,
1.)))
REPRESENTATION_ITEM('')
SURFACE()
);
#19=(
BOUNDED_SURFACE()
B_SPLINE_SURFACE(1,2,((#5101,#5102,#5103),(#5104,#5105,#5106)),
 .UNSPECIFIED.,.F.,.F.,.F.)
B_SPLINE_SURFACE_WITH_KNOTS((2,2),(3,3),(-2.87952585899118E-15,0.501979932988941),
(-1.5707959315916,-1.31952623722557),.UNSPECIFIED.)
GEOMETRIC_REPRESENTATION_ITEM()
RATIONAL_B_SPLINE_SURFACE(((1.,0.992118317888187,1.),(1.,0.992118317888187,
1.)))
REPRESENTATION_ITEM('')
SURFACE()
);
#20=(
BOUNDED_SURFACE()
B_SPLINE_SURFACE(1,2,((#5110,#5111,#5112),(#5113,#5114,#5115)),
 .UNSPECIFIED.,.F.,.F.,.F.)
B_SPLINE_SURFACE_WITH_KNOTS((2,2),(3,3),(-2.83800760595318E-14,0.501999999868293),
(-1.70716975642351,-1.43442289702469),.UNSPECIFIED.)
GEOMETRIC_REPRESENTATION_ITEM()
RATIONAL_B_SPLINE_SURFACE(((1.,0.9907155463593,1.),(1.,0.9907155463593,
1.)))
REPRESENTATION_ITEM('')
SURFACE()
);
#21=(
BOUNDED_SURFACE()
B_SPLINE_SURFACE(1,2,((#5117,#5118,#5119),(#5120,#5121,#5122)),
 .UNSPECIFIED.,.F.,.F.,.F.)
B_SPLINE_SURFACE_WITH_KNOTS((2,2),(3,3),(1.08757538705476E-14,0.036835926024799),
(-1.33042215738153,-1.29789661930958),.UNSPECIFIED.)
GEOMETRIC_REPRESENTATION_ITEM()
RATIONAL_B_SPLINE_SURFACE(((1.,0.999867764086133,1.),(1.,0.999867764086133,
1.)))
REPRESENTATION_ITEM('')
SURFACE()
);
#22=ELLIPSE('',#3343,26.5309778097607,4.00000000000001);
#23=ELLIPSE('',#3363,0.20000059673219,0.2);
#24=ELLIPSE('',#3364,0.200000596732191,0.2);
#25=ELLIPSE('',#3394,2.56610204775083,2.566);
#26=ELLIPSE('',#3395,2.56614742706978,2.566);
#27=ELLIPSE('',#3401,1.00003997572376,0.999999999999994);
#28=ELLIPSE('',#3403,1.00003997572377,1.);
#29=ELLIPSE('',#3408,1.00003976919362,1.);
#30=ELLIPSE('',#3410,13.6285419745707,13.628);
#31=ELLIPSE('',#3413,13.6287829836738,13.628);
#32=ELLIPSE('',#3416,13.6285419745707,13.628);
#33=ELLIPSE('',#3425,1.00003997599119,0.999999999999994);
#34=ELLIPSE('',#3427,1.00003997572377,1.);
#35=B_SPLINE_SURFACE_WITH_KNOTS('',3,3,((#4463,#4464,#4465,#4466),(#4467,
#4468,#4469,#4470),(#4471,#4472,#4473,#4474),(#4475,#4476,#4477,#4478),
(#4479,#4480,#4481,#4482)),.UNSPECIFIED.,.F.,.F.,.F.,(4,1,4),(4,4),(0.,
0.571428571428571,1.),(-0.50000000000004,3.17161905292078E-14),
 .UNSPECIFIED.);
#36=B_SPLINE_SURFACE_WITH_KNOTS('',3,1,((#4940,#4941),(#4942,#4943),(#4944,
#4945),(#4946,#4947),(#4948,#4949),(#4950,#4951)),.UNSPECIFIED.,.F.,.F.,
 .F.,(4,2,4),(2,2),(-1.63712180188917,-1.02992141680688,-0.025272161586718),
(0.,1.42),.UNSPECIFIED.);
#37=B_SPLINE_SURFACE_WITH_KNOTS('',3,3,((#4981,#4982,#4983,#4984),(#4985,
#4986,#4987,#4988),(#4989,#4990,#4991,#4992),(#4993,#4994,#4995,#4996)),
 .UNSPECIFIED.,.F.,.F.,.F.,(4,4),(4,4),(0.,0.15051388344547),(2.17213882401237,
3.26348348157369),.UNSPECIFIED.);
#38=B_SPLINE_SURFACE_WITH_KNOTS('',3,1,((#5016,#5017),(#5018,#5019),(#5020,
#5021),(#5022,#5023),(#5024,#5025),(#5026,#5027)),.UNSPECIFIED.,.F.,.F.,
 .F.,(4,2,4),(2,2),(-1.92095207975655,-0.987539695918454,-0.340100419315557),
(0.,1.42),.UNSPECIFIED.);
#39=B_SPLINE_SURFACE_WITH_KNOTS('',3,1,((#5154,#5155),(#5156,#5157),(#5158,
#5159),(#5160,#5161),(#5162,#5163),(#5164,#5165)),.UNSPECIFIED.,.F.,.F.,
 .F.,(4,2,4),(2,2),(-2.99456718119515,-1.95763257881867,-0.788839635182553),
(0.,1.42),.UNSPECIFIED.);
#40=B_SPLINE_SURFACE_WITH_KNOTS('',3,1,((#5182,#5183),(#5184,#5185),(#5186,
#5187),(#5188,#5189),(#5190,#5191),(#5192,#5193)),.UNSPECIFIED.,.F.,.F.,
 .F.,(4,2,4),(2,2),(-1.92095207975655,-0.987539695918454,-0.340100419315557),
(0.,1.42),.UNSPECIFIED.);
#41=B_SPLINE_SURFACE_WITH_KNOTS('',3,3,((#5294,#5295,#5296,#5297),(#5298,
#5299,#5300,#5301),(#5302,#5303,#5304,#5305),(#5306,#5307,#5308,#5309)),
 .UNSPECIFIED.,.F.,.F.,.F.,(4,4),(4,4),(0.,1.),(0.,1.),.UNSPECIFIED.);
#42=B_SPLINE_SURFACE_WITH_KNOTS('',3,3,((#5321,#5322,#5323,#5324),(#5325,
#5326,#5327,#5328),(#5329,#5330,#5331,#5332),(#5333,#5334,#5335,#5336)),
 .UNSPECIFIED.,.F.,.F.,.F.,(4,4),(4,4),(0.,1.),(0.,1.),.UNSPECIFIED.);
#43=B_SPLINE_SURFACE_WITH_KNOTS('',3,3,((#5343,#5344,#5345,#5346),(#5347,
#5348,#5349,#5350),(#5351,#5352,#5353,#5354),(#5355,#5356,#5357,#5358)),
 .UNSPECIFIED.,.F.,.F.,.F.,(4,4),(4,4),(0.,1.),(0.,1.),.UNSPECIFIED.);
#44=B_SPLINE_SURFACE_WITH_KNOTS('',3,3,((#5365,#5366,#5367,#5368),(#5369,
#5370,#5371,#5372),(#5373,#5374,#5375,#5376),(#5377,#5378,#5379,#5380)),
 .UNSPECIFIED.,.F.,.F.,.F.,(4,4),(4,4),(0.,1.),(0.,1.),.UNSPECIFIED.);
#45=B_SPLINE_SURFACE_WITH_KNOTS('',3,3,((#5387,#5388,#5389,#5390),(#5391,
#5392,#5393,#5394),(#5395,#5396,#5397,#5398),(#5399,#5400,#5401,#5402)),
 .UNSPECIFIED.,.F.,.F.,.F.,(4,4),(4,4),(0.,1.),(0.,1.),.UNSPECIFIED.);
#46=B_SPLINE_SURFACE_WITH_KNOTS('',3,3,((#5409,#5410,#5411,#5412),(#5413,
#5414,#5415,#5416),(#5417,#5418,#5419,#5420),(#5421,#5422,#5423,#5424)),
 .UNSPECIFIED.,.F.,.F.,.F.,(4,4),(4,4),(0.,1.),(0.,1.),.UNSPECIFIED.);
#47=B_SPLINE_SURFACE_WITH_KNOTS('',3,3,((#5431,#5432,#5433,#5434),(#5435,
#5436,#5437,#5438),(#5439,#5440,#5441,#5442),(#5443,#5444,#5445,#5446)),
 .UNSPECIFIED.,.F.,.F.,.F.,(4,4),(4,4),(0.,1.),(0.,1.),.UNSPECIFIED.);
#48=B_SPLINE_SURFACE_WITH_KNOTS('',3,3,((#5453,#5454,#5455,#5456),(#5457,
#5458,#5459,#5460),(#5461,#5462,#5463,#5464),(#5465,#5466,#5467,#5468)),
 .UNSPECIFIED.,.F.,.F.,.F.,(4,4),(4,4),(0.,1.),(0.,1.),.UNSPECIFIED.);
#49=B_SPLINE_SURFACE_WITH_KNOTS('',3,3,((#5475,#5476,#5477,#5478),(#5479,
#5480,#5481,#5482),(#5483,#5484,#5485,#5486),(#5487,#5488,#5489,#5490)),
 .UNSPECIFIED.,.F.,.F.,.F.,(4,4),(4,4),(0.,1.),(0.,1.),.UNSPECIFIED.);
#50=B_SPLINE_SURFACE_WITH_KNOTS('',3,3,((#5497,#5498,#5499,#5500),(#5501,
#5502,#5503,#5504),(#5505,#5506,#5507,#5508),(#5509,#5510,#5511,#5512)),
 .UNSPECIFIED.,.F.,.F.,.F.,(4,4),(4,4),(0.,1.),(0.,1.),.UNSPECIFIED.);
#51=B_SPLINE_SURFACE_WITH_KNOTS('',5,5,((#5514,#5515,#5516,#5517,#5518,
#5519,#5520,#5521,#5522,#5523,#5524,#5525,#5526,#5527,#5528,#5529,#5530,
#5531,#5532,#5533,#5534,#5535,#5536,#5537,#5538,#5539,#5540,#5541,#5542,
#5543,#5544,#5545,#5546),(#5547,#5548,#5549,#5550,#5551,#5552,#5553,#5554,
#5555,#5556,#5557,#5558,#5559,#5560,#5561,#5562,#5563,#5564,#5565,#5566,
#5567,#5568,#5569,#5570,#5571,#5572,#5573,#5574,#5575,#5576,#5577,#5578,
#5579),(#5580,#5581,#5582,#5583,#5584,#5585,#5586,#5587,#5588,#5589,#5590,
#5591,#5592,#5593,#5594,#5595,#5596,#5597,#5598,#5599,#5600,#5601,#5602,
#5603,#5604,#5605,#5606,#5607,#5608,#5609,#5610,#5611,#5612),(#5613,#5614,
#5615,#5616,#5617,#5618,#5619,#5620,#5621,#5622,#5623,#5624,#5625,#5626,
#5627,#5628,#5629,#5630,#5631,#5632,#5633,#5634,#5635,#5636,#5637,#5638,
#5639,#5640,#5641,#5642,#5643,#5644,#5645),(#5646,#5647,#5648,#5649,#5650,
#5651,#5652,#5653,#5654,#5655,#5656,#5657,#5658,#5659,#5660,#5661,#5662,
#5663,#5664,#5665,#5666,#5667,#5668,#5669,#5670,#5671,#5672,#5673,#5674,
#5675,#5676,#5677,#5678),(#5679,#5680,#5681,#5682,#5683,#5684,#5685,#5686,
#5687,#5688,#5689,#5690,#5691,#5692,#5693,#5694,#5695,#5696,#5697,#5698,
#5699,#5700,#5701,#5702,#5703,#5704,#5705,#5706,#5707,#5708,#5709,#5710,
#5711),(#5712,#5713,#5714,#5715,#5716,#5717,#5718,#5719,#5720,#5721,#5722,
#5723,#5724,#5725,#5726,#5727,#5728,#5729,#5730,#5731,#5732,#5733,#5734,
#5735,#5736,#5737,#5738,#5739,#5740,#5741,#5742,#5743,#5744),(#5745,#5746,
#5747,#5748,#5749,#5750,#5751,#5752,#5753,#5754,#5755,#5756,#5757,#5758,
#5759,#5760,#5761,#5762,#5763,#5764,#5765,#5766,#5767,#5768,#5769,#5770,
#5771,#5772,#5773,#5774,#5775,#5776,#5777),(#5778,#5779,#5780,#5781,#5782,
#5783,#5784,#5785,#5786,#5787,#5788,#5789,#5790,#5791,#5792,#5793,#5794,
#5795,#5796,#5797,#5798,#5799,#5800,#5801,#5802,#5803,#5804,#5805,#5806,
#5807,#5808,#5809,#5810),(#5811,#5812,#5813,#5814,#5815,#5816,#5817,#5818,
#5819,#5820,#5821,#5822,#5823,#5824,#5825,#5826,#5827,#5828,#5829,#5830,
#5831,#5832,#5833,#5834,#5835,#5836,#5837,#5838,#5839,#5840,#5841,#5842,
#5843),(#5844,#5845,#5846,#5847,#5848,#5849,#5850,#5851,#5852,#5853,#5854,
#5855,#5856,#5857,#5858,#5859,#5860,#5861,#5862,#5863,#5864,#5865,#5866,
#5867,#5868,#5869,#5870,#5871,#5872,#5873,#5874,#5875,#5876),(#5877,#5878,
#5879,#5880,#5881,#5882,#5883,#5884,#5885,#5886,#5887,#5888,#5889,#5890,
#5891,#5892,#5893,#5894,#5895,#5896,#5897,#5898,#5899,#5900,#5901,#5902,
#5903,#5904,#5905,#5906,#5907,#5908,#5909),(#5910,#5911,#5912,#5913,#5914,
#5915,#5916,#5917,#5918,#5919,#5920,#5921,#5922,#5923,#5924,#5925,#5926,
#5927,#5928,#5929,#5930,#5931,#5932,#5933,#5934,#5935,#5936,#5937,#5938,
#5939,#5940,#5941,#5942),(#5943,#5944,#5945,#5946,#5947,#5948,#5949,#5950,
#5951,#5952,#5953,#5954,#5955,#5956,#5957,#5958,#5959,#5960,#5961,#5962,
#5963,#5964,#5965,#5966,#5967,#5968,#5969,#5970,#5971,#5972,#5973,#5974,
#5975),(#5976,#5977,#5978,#5979,#5980,#5981,#5982,#5983,#5984,#5985,#5986,
#5987,#5988,#5989,#5990,#5991,#5992,#5993,#5994,#5995,#5996,#5997,#5998,
#5999,#6000,#6001,#6002,#6003,#6004,#6005,#6006,#6007,#6008),(#6009,#6010,
#6011,#6012,#6013,#6014,#6015,#6016,#6017,#6018,#6019,#6020,#6021,#6022,
#6023,#6024,#6025,#6026,#6027,#6028,#6029,#6030,#6031,#6032,#6033,#6034,
#6035,#6036,#6037,#6038,#6039,#6040,#6041),(#6042,#6043,#6044,#6045,#6046,
#6047,#6048,#6049,#6050,#6051,#6052,#6053,#6054,#6055,#6056,#6057,#6058,
#6059,#6060,#6061,#6062,#6063,#6064,#6065,#6066,#6067,#6068,#6069,#6070,
#6071,#6072,#6073,#6074),(#6075,#6076,#6077,#6078,#6079,#6080,#6081,#6082,
#6083,#6084,#6085,#6086,#6087,#6088,#6089,#6090,#6091,#6092,#6093,#6094,
#6095,#6096,#6097,#6098,#6099,#6100,#6101,#6102,#6103,#6104,#6105,#6106,
#6107),(#6108,#6109,#6110,#6111,#6112,#6113,#6114,#6115,#6116,#6117,#6118,
#6119,#6120,#6121,#6122,#6123,#6124,#6125,#6126,#6127,#6128,#6129,#6130,
#6131,#6132,#6133,#6134,#6135,#6136,#6137,#6138,#6139,#6140),(#6141,#6142,
#6143,#6144,#6145,#6146,#6147,#6148,#6149,#6150,#6151,#6152,#6153,#6154,
#6155,#6156,#6157,#6158,#6159,#6160,#6161,#6162,#6163,#6164,#6165,#6166,
#6167,#6168,#6169,#6170,#6171,#6172,#6173),(#6174,#6175,#6176,#6177,#6178,
#6179,#6180,#6181,#6182,#6183,#6184,#6185,#6186,#6187,#6188,#6189,#6190,
#6191,#6192,#6193,#6194,#6195,#6196,#6197,#6198,#6199,#6200,#6201,#6202,
#6203,#6204,#6205,#6206),(#6207,#6208,#6209,#6210,#6211,#6212,#6213,#6214,
#6215,#6216,#6217,#6218,#6219,#6220,#6221,#6222,#6223,#6224,#6225,#6226,
#6227,#6228,#6229,#6230,#6231,#6232,#6233,#6234,#6235,#6236,#6237,#6238,
#6239),(#6240,#6241,#6242,#6243,#6244,#6245,#6246,#6247,#6248,#6249,#6250,
#6251,#6252,#6253,#6254,#6255,#6256,#6257,#6258,#6259,#6260,#6261,#6262,
#6263,#6264,#6265,#6266,#6267,#6268,#6269,#6270,#6271,#6272),(#6273,#6274,
#6275,#6276,#6277,#6278,#6279,#6280,#6281,#6282,#6283,#6284,#6285,#6286,
#6287,#6288,#6289,#6290,#6291,#6292,#6293,#6294,#6295,#6296,#6297,#6298,
#6299,#6300,#6301,#6302,#6303,#6304,#6305),(#6306,#6307,#6308,#6309,#6310,
#6311,#6312,#6313,#6314,#6315,#6316,#6317,#6318,#6319,#6320,#6321,#6322,
#6323,#6324,#6325,#6326,#6327,#6328,#6329,#6330,#6331,#6332,#6333,#6334,
#6335,#6336,#6337,#6338),(#6339,#6340,#6341,#6342,#6343,#6344,#6345,#6346,
#6347,#6348,#6349,#6350,#6351,#6352,#6353,#6354,#6355,#6356,#6357,#6358,
#6359,#6360,#6361,#6362,#6363,#6364,#6365,#6366,#6367,#6368,#6369,#6370,
#6371),(#6372,#6373,#6374,#6375,#6376,#6377,#6378,#6379,#6380,#6381,#6382,
#6383,#6384,#6385,#6386,#6387,#6388,#6389,#6390,#6391,#6392,#6393,#6394,
#6395,#6396,#6397,#6398,#6399,#6400,#6401,#6402,#6403,#6404),(#6405,#6406,
#6407,#6408,#6409,#6410,#6411,#6412,#6413,#6414,#6415,#6416,#6417,#6418,
#6419,#6420,#6421,#6422,#6423,#6424,#6425,#6426,#6427,#6428,#6429,#6430,
#6431,#6432,#6433,#6434,#6435,#6436,#6437),(#6438,#6439,#6440,#6441,#6442,
#6443,#6444,#6445,#6446,#6447,#6448,#6449,#6450,#6451,#6452,#6453,#6454,
#6455,#6456,#6457,#6458,#6459,#6460,#6461,#6462,#6463,#6464,#6465,#6466,
#6467,#6468,#6469,#6470),(#6471,#6472,#6473,#6474,#6475,#6476,#6477,#6478,
#6479,#6480,#6481,#6482,#6483,#6484,#6485,#6486,#6487,#6488,#6489,#6490,
#6491,#6492,#6493,#6494,#6495,#6496,#6497,#6498,#6499,#6500,#6501,#6502,
#6503),(#6504,#6505,#6506,#6507,#6508,#6509,#6510,#6511,#6512,#6513,#6514,
#6515,#6516,#6517,#6518,#6519,#6520,#6521,#6522,#6523,#6524,#6525,#6526,
#6527,#6528,#6529,#6530,#6531,#6532,#6533,#6534,#6535,#6536),(#6537,#6538,
#6539,#6540,#6541,#6542,#6543,#6544,#6545,#6546,#6547,#6548,#6549,#6550,
#6551,#6552,#6553,#6554,#6555,#6556,#6557,#6558,#6559,#6560,#6561,#6562,
#6563,#6564,#6565,#6566,#6567,#6568,#6569),(#6570,#6571,#6572,#6573,#6574,
#6575,#6576,#6577,#6578,#6579,#6580,#6581,#6582,#6583,#6584,#6585,#6586,
#6587,#6588,#6589,#6590,#6591,#6592,#6593,#6594,#6595,#6596,#6597,#6598,
#6599,#6600,#6601,#6602)),.UNSPECIFIED.,.F.,.F.,.F.,(6,3,3,3,3,3,3,3,3,
3,6),(6,3,3,3,3,3,3,3,3,3,6),(-0.000767826239926782,0.0226926599257256,
0.0461531460913779,0.0930741184226826,0.139995090753987,0.16345557691964,
0.186916063085292,0.233837035416597,0.280758007747901,0.327678980079206,
0.374599952410511),(-0.00200006290760372,0.0607501999145636,0.123500462736731,
0.249000988381066,0.3745015140254,0.500002039669735,0.751003090958404,0.876503616602739,
0.939253879424906,0.97062901083599,1.00200414224707),.UNSPECIFIED.);
#52=B_SPLINE_SURFACE_WITH_KNOTS('',3,3,((#6636,#6637,#6638,#6639),(#6640,
#6641,#6642,#6643),(#6644,#6645,#6646,#6647),(#6648,#6649,#6650,#6651)),
 .UNSPECIFIED.,.F.,.F.,.F.,(4,4),(4,4),(-0.101823562849167,-0.0770293534345568),
(0.915635288412614,1.49989360520294),.UNSPECIFIED.);
#53=B_SPLINE_SURFACE_WITH_KNOTS('',3,3,((#6666,#6667,#6668,#6669,#6670,
#6671,#6672,#6673,#6674,#6675,#6676,#6677,#6678),(#6679,#6680,#6681,#6682,
#6683,#6684,#6685,#6686,#6687,#6688,#6689,#6690,#6691),(#6692,#6693,#6694,
#6695,#6696,#6697,#6698,#6699,#6700,#6701,#6702,#6703,#6704),(#6705,#6706,
#6707,#6708,#6709,#6710,#6711,#6712,#6713,#6714,#6715,#6716,#6717),(#6718,
#6719,#6720,#6721,#6722,#6723,#6724,#6725,#6726,#6727,#6728,#6729,#6730),
(#6731,#6732,#6733,#6734,#6735,#6736,#6737,#6738,#6739,#6740,#6741,#6742,
#6743),(#6744,#6745,#6746,#6747,#6748,#6749,#6750,#6751,#6752,#6753,#6754,
#6755,#6756),(#6757,#6758,#6759,#6760,#6761,#6762,#6763,#6764,#6765,#6766,
#6767,#6768,#6769),(#6770,#6771,#6772,#6773,#6774,#6775,#6776,#6777,#6778,
#6779,#6780,#6781,#6782),(#6783,#6784,#6785,#6786,#6787,#6788,#6789,#6790,
#6791,#6792,#6793,#6794,#6795)),.UNSPECIFIED.,.F.,.F.,.F.,(4,1,1,1,1,1,
1,4),(4,1,1,1,1,1,1,1,1,1,4),(0.0331816770232786,0.097992030894786,0.162802384766294,
0.292423092509309,0.551664507995339,0.810905923481368,0.875716277352876,
0.940526631224384),(0.,0.210813269147873,0.421626538295746,0.562168717727661,
0.59730426258564,0.632439807443619,0.667575352301597,0.702710897159576,
0.772981986875534,0.843253076591491,0.983795256023407),.UNSPECIFIED.);
#54=B_SPLINE_SURFACE_WITH_KNOTS('',3,3,((#6859,#6860,#6861,#6862,#6863,
#6864,#6865),(#6866,#6867,#6868,#6869,#6870,#6871,#6872),(#6873,#6874,#6875,
#6876,#6877,#6878,#6879),(#6880,#6881,#6882,#6883,#6884,#6885,#6886)),
 .UNSPECIFIED.,.F.,.F.,.F.,(4,4),(4,1,1,1,4),(0.0509001560688348,0.946543851940592),
(0.0214585256298021,0.301041804021287,0.44083344321703,0.720416721608515,
1.),.UNSPECIFIED.);
#55=B_SPLINE_SURFACE_WITH_KNOTS('',3,3,((#6928,#6929,#6930,#6931),(#6932,
#6933,#6934,#6935),(#6936,#6937,#6938,#6939),(#6940,#6941,#6942,#6943),
(#6944,#6945,#6946,#6947)),.UNSPECIFIED.,.F.,.F.,.F.,(4,1,4),(4,4),(0.,
0.5,1.),(0.0702707576742982,0.60147737928526),.UNSPECIFIED.);
#56=B_SPLINE_SURFACE_WITH_KNOTS('',3,3,((#6976,#6977,#6978,#6979,#6980,
#6981,#6982,#6983,#6984,#6985,#6986),(#6987,#6988,#6989,#6990,#6991,#6992,
#6993,#6994,#6995,#6996,#6997),(#6998,#6999,#7000,#7001,#7002,#7003,#7004,
#7005,#7006,#7007,#7008),(#7009,#7010,#7011,#7012,#7013,#7014,#7015,#7016,
#7017,#7018,#7019),(#7020,#7021,#7022,#7023,#7024,#7025,#7026,#7027,#7028,
#7029,#7030),(#7031,#7032,#7033,#7034,#7035,#7036,#7037,#7038,#7039,#7040,
#7041),(#7042,#7043,#7044,#7045,#7046,#7047,#7048,#7049,#7050,#7051,#7052),
(#7053,#7054,#7055,#7056,#7057,#7058,#7059,#7060,#7061,#7062,#7063),(#7064,
#7065,#7066,#7067,#7068,#7069,#7070,#7071,#7072,#7073,#7074)),
 .UNSPECIFIED.,.F.,.F.,.F.,(4,1,1,1,1,1,4),(4,1,1,1,1,1,1,1,4),(0.0307798941124106,
0.0645988699178277,0.0984178457232447,0.166055797334079,0.301331700555747,
0.571883506999083,0.977711216664088),(0.0104052931696188,0.293146637978299,
0.57588798278698,0.71725865519132,0.78794399139349,0.85862932759566,0.92931466379783,
0.964657331898915,1.),.UNSPECIFIED.);
#57=B_SPLINE_SURFACE_WITH_KNOTS('',3,3,((#7103,#7104,#7105,#7106),(#7107,
#7108,#7109,#7110),(#7111,#7112,#7113,#7114),(#7115,#7116,#7117,#7118)),
 .UNSPECIFIED.,.F.,.F.,.F.,(4,4),(4,4),(0.,1.),(0.064106571643691,0.508427550890766),
 .UNSPECIFIED.);
#58=FACE_BOUND('',#310,.T.);
#59=FACE_BOUND('',#311,.T.);
#60=FACE_BOUND('',#312,.T.);
#61=FACE_BOUND('',#364,.T.);
#62=FACE_BOUND('',#365,.T.);
#63=FACE_BOUND('',#366,.T.);
#64=FACE_BOUND('',#370,.T.);
#65=FACE_BOUND('',#371,.T.);
#66=FACE_BOUND('',#372,.T.);
#67=FACE_BOUND('',#373,.T.);
#68=FACE_BOUND('',#374,.T.);
#69=FACE_BOUND('',#375,.T.);
#70=FACE_BOUND('',#377,.T.);
#71=FACE_BOUND('',#378,.T.);
#72=FACE_BOUND('',#379,.T.);
#73=FACE_BOUND('',#380,.T.);
#74=FACE_BOUND('',#399,.T.);
#75=FACE_BOUND('',#433,.T.);
#76=FACE_BOUND('',#460,.T.);
#77=CIRCLE('',#3306,1.49999999999999);
#78=CIRCLE('',#3307,1.49999999999999);
#79=CIRCLE('',#3309,1.5);
#80=CIRCLE('',#3310,1.5);
#81=CIRCLE('',#3312,1.49999999999999);
#82=CIRCLE('',#3313,1.49999999999999);
#83=CIRCLE('',#3347,2.29999999999997);
#84=CIRCLE('',#3348,2.29999999999997);
#85=CIRCLE('',#3350,2.29999999999999);
#86=CIRCLE('',#3351,2.29999999999999);
#87=CIRCLE('',#3360,4.);
#88=CIRCLE('',#3361,4.);
#89=CIRCLE('',#3362,4.);
#90=CIRCLE('',#3384,4.);
#91=CIRCLE('',#3385,4.);
#92=CIRCLE('',#3392,1.00000059788296);
#93=CIRCLE('',#3404,1.);
#94=CIRCLE('',#3407,1.00000000026246);
#95=CIRCLE('',#3411,13.628);
#96=CIRCLE('',#3412,13.628);
#97=CIRCLE('',#3415,13.6280000036444);
#98=CIRCLE('',#3428,1.00000000026247);
#99=CIRCLE('',#3429,13.6280000036444);
#100=CIRCLE('',#3437,2.566);
#101=CIRCLE('',#3442,2.566);
#102=CYLINDRICAL_SURFACE('',#3305,1.49999999999999);
#103=CYLINDRICAL_SURFACE('',#3308,1.5);
#104=CYLINDRICAL_SURFACE('',#3311,1.49999999999999);
#105=CYLINDRICAL_SURFACE('',#3346,2.29999999999997);
#106=CYLINDRICAL_SURFACE('',#3349,2.29999999999999);
#107=CYLINDRICAL_SURFACE('',#3359,4.);
#108=CYLINDRICAL_SURFACE('',#3383,4.);
#109=CYLINDRICAL_SURFACE('',#3388,0.2);
#110=CYLINDRICAL_SURFACE('',#3393,2.566);
#111=CYLINDRICAL_SURFACE('',#3400,0.999999999999994);
#112=CYLINDRICAL_SURFACE('',#3402,1.);
#113=CYLINDRICAL_SURFACE('',#3406,1.);
#114=CYLINDRICAL_SURFACE('',#3409,13.628);
#115=CYLINDRICAL_SURFACE('',#3414,13.628);
#116=CYLINDRICAL_SURFACE('',#3443,2.566);
#117=ORIENTED_CLOSED_SHELL('',*,#3280,.F.);
#118=ORIENTED_CLOSED_SHELL('',*,#3282,.F.);
#119=FACE_OUTER_BOUND('',#290,.T.);
#120=FACE_OUTER_BOUND('',#291,.T.);
#121=FACE_OUTER_BOUND('',#292,.T.);
#122=FACE_OUTER_BOUND('',#293,.T.);
#123=FACE_OUTER_BOUND('',#294,.T.);
#124=FACE_OUTER_BOUND('',#295,.T.);
#125=FACE_OUTER_BOUND('',#296,.T.);
#126=FACE_OUTER_BOUND('',#297,.T.);
#127=FACE_OUTER_BOUND('',#298,.T.);
#128=FACE_OUTER_BOUND('',#299,.T.);
#129=FACE_OUTER_BOUND('',#300,.T.);
#130=FACE_OUTER_BOUND('',#301,.T.);
#131=FACE_OUTER_BOUND('',#302,.T.);
#132=FACE_OUTER_BOUND('',#303,.T.);
#133=FACE_OUTER_BOUND('',#304,.T.);
#134=FACE_OUTER_BOUND('',#305,.T.);
#135=FACE_OUTER_BOUND('',#306,.T.);
#136=FACE_OUTER_BOUND('',#307,.T.);
#137=FACE_OUTER_BOUND('',#308,.T.);
#138=FACE_OUTER_BOUND('',#309,.T.);
#139=FACE_OUTER_BOUND('',#313,.T.);
#140=FACE_OUTER_BOUND('',#314,.T.);
#141=FACE_OUTER_BOUND('',#315,.T.);
#142=FACE_OUTER_BOUND('',#316,.T.);
#143=FACE_OUTER_BOUND('',#317,.T.);
#144=FACE_OUTER_BOUND('',#318,.T.);
#145=FACE_OUTER_BOUND('',#319,.T.);
#146=FACE_OUTER_BOUND('',#320,.T.);
#147=FACE_OUTER_BOUND('',#321,.T.);
#148=FACE_OUTER_BOUND('',#322,.T.);
#149=FACE_OUTER_BOUND('',#323,.T.);
#150=FACE_OUTER_BOUND('',#324,.T.);
#151=FACE_OUTER_BOUND('',#325,.T.);
#152=FACE_OUTER_BOUND('',#326,.T.);
#153=FACE_OUTER_BOUND('',#327,.T.);
#154=FACE_OUTER_BOUND('',#328,.T.);
#155=FACE_OUTER_BOUND('',#329,.T.);
#156=FACE_OUTER_BOUND('',#330,.T.);
#157=FACE_OUTER_BOUND('',#331,.T.);
#158=FACE_OUTER_BOUND('',#332,.T.);
#159=FACE_OUTER_BOUND('',#333,.T.);
#160=FACE_OUTER_BOUND('',#334,.T.);
#161=FACE_OUTER_BOUND('',#335,.T.);
#162=FACE_OUTER_BOUND('',#336,.T.);
#163=FACE_OUTER_BOUND('',#337,.T.);
#164=FACE_OUTER_BOUND('',#338,.T.);
#165=FACE_OUTER_BOUND('',#339,.T.);
#166=FACE_OUTER_BOUND('',#340,.T.);
#167=FACE_OUTER_BOUND('',#341,.T.);
#168=FACE_OUTER_BOUND('',#342,.T.);
#169=FACE_OUTER_BOUND('',#343,.T.);
#170=FACE_OUTER_BOUND('',#344,.T.);
#171=FACE_OUTER_BOUND('',#345,.T.);
#172=FACE_OUTER_BOUND('',#346,.T.);
#173=FACE_OUTER_BOUND('',#347,.T.);
#174=FACE_OUTER_BOUND('',#348,.T.);
#175=FACE_OUTER_BOUND('',#349,.T.);
#176=FACE_OUTER_BOUND('',#350,.T.);
#177=FACE_OUTER_BOUND('',#351,.T.);
#178=FACE_OUTER_BOUND('',#352,.T.);
#179=FACE_OUTER_BOUND('',#353,.T.);
#180=FACE_OUTER_BOUND('',#354,.T.);
#181=FACE_OUTER_BOUND('',#355,.T.);
#182=FACE_OUTER_BOUND('',#356,.T.);
#183=FACE_OUTER_BOUND('',#357,.T.);
#184=FACE_OUTER_BOUND('',#358,.T.);
#185=FACE_OUTER_BOUND('',#359,.T.);
#186=FACE_OUTER_BOUND('',#360,.T.);
#187=FACE_OUTER_BOUND('',#361,.T.);
#188=FACE_OUTER_BOUND('',#362,.T.);
#189=FACE_OUTER_BOUND('',#363,.T.);
#190=FACE_OUTER_BOUND('',#367,.T.);
#191=FACE_OUTER_BOUND('',#368,.T.);
#192=FACE_OUTER_BOUND('',#369,.T.);
#193=FACE_OUTER_BOUND('',#376,.T.);
#194=FACE_OUTER_BOUND('',#381,.T.);
#195=FACE_OUTER_BOUND('',#382,.T.);
#196=FACE_OUTER_BOUND('',#383,.T.);
#197=FACE_OUTER_BOUND('',#384,.T.);
#198=FACE_OUTER_BOUND('',#385,.T.);
#199=FACE_OUTER_BOUND('',#386,.T.);
#200=FACE_OUTER_BOUND('',#387,.T.);
#201=FACE_OUTER_BOUND('',#388,.T.);
#202=FACE_OUTER_BOUND('',#389,.T.);
#203=FACE_OUTER_BOUND('',#390,.T.);
#204=FACE_OUTER_BOUND('',#391,.T.);
#205=FACE_OUTER_BOUND('',#392,.T.);
#206=FACE_OUTER_BOUND('',#393,.T.);
#207=FACE_OUTER_BOUND('',#394,.T.);
#208=FACE_OUTER_BOUND('',#395,.T.);
#209=FACE_OUTER_BOUND('',#396,.T.);
#210=FACE_OUTER_BOUND('',#397,.T.);
#211=FACE_OUTER_BOUND('',#398,.T.);
#212=FACE_OUTER_BOUND('',#400,.T.);
#213=FACE_OUTER_BOUND('',#401,.T.);
#214=FACE_OUTER_BOUND('',#402,.T.);
#215=FACE_OUTER_BOUND('',#403,.T.);
#216=FACE_OUTER_BOUND('',#404,.T.);
#217=FACE_OUTER_BOUND('',#405,.T.);
#218=FACE_OUTER_BOUND('',#406,.T.);
#219=FACE_OUTER_BOUND('',#407,.T.);
#220=FACE_OUTER_BOUND('',#408,.T.);
#221=FACE_OUTER_BOUND('',#409,.T.);
#222=FACE_OUTER_BOUND('',#410,.T.);
#223=FACE_OUTER_BOUND('',#411,.T.);
#224=FACE_OUTER_BOUND('',#412,.T.);
#225=FACE_OUTER_BOUND('',#413,.T.);
#226=FACE_OUTER_BOUND('',#414,.T.);
#227=FACE_OUTER_BOUND('',#415,.T.);
#228=FACE_OUTER_BOUND('',#416,.T.);
#229=FACE_OUTER_BOUND('',#417,.T.);
#230=FACE_OUTER_BOUND('',#418,.T.);
#231=FACE_OUTER_BOUND('',#419,.T.);
#232=FACE_OUTER_BOUND('',#420,.T.);
#233=FACE_OUTER_BOUND('',#421,.T.);
#234=FACE_OUTER_BOUND('',#422,.T.);
#235=FACE_OUTER_BOUND('',#423,.T.);
#236=FACE_OUTER_BOUND('',#424,.T.);
#237=FACE_OUTER_BOUND('',#425,.T.);
#238=FACE_OUTER_BOUND('',#426,.T.);
#239=FACE_OUTER_BOUND('',#427,.T.);
#240=FACE_OUTER_BOUND('',#428,.T.);
#241=FACE_OUTER_BOUND('',#429,.T.);
#242=FACE_OUTER_BOUND('',#430,.T.);
#243=FACE_OUTER_BOUND('',#431,.T.);
#244=FACE_OUTER_BOUND('',#432,.T.);
#245=FACE_OUTER_BOUND('',#434,.T.);
#246=FACE_OUTER_BOUND('',#435,.T.);
#247=FACE_OUTER_BOUND('',#436,.T.);
#248=FACE_OUTER_BOUND('',#437,.T.);
#249=FACE_OUTER_BOUND('',#438,.T.);
#250=FACE_OUTER_BOUND('',#439,.T.);
#251=FACE_OUTER_BOUND('',#440,.T.);
#252=FACE_OUTER_BOUND('',#441,.T.);
#253=FACE_OUTER_BOUND('',#442,.T.);
#254=FACE_OUTER_BOUND('',#443,.T.);
#255=FACE_OUTER_BOUND('',#444,.T.);
#256=FACE_OUTER_BOUND('',#445,.T.);
#257=FACE_OUTER_BOUND('',#446,.T.);
#258=FACE_OUTER_BOUND('',#447,.T.);
#259=FACE_OUTER_BOUND('',#448,.T.);
#260=FACE_OUTER_BOUND('',#449,.T.);
#261=FACE_OUTER_BOUND('',#450,.T.);
#262=FACE_OUTER_BOUND('',#451,.T.);
#263=FACE_OUTER_BOUND('',#452,.T.);
#264=FACE_OUTER_BOUND('',#453,.T.);
#265=FACE_OUTER_BOUND('',#454,.T.);
#266=FACE_OUTER_BOUND('',#455,.T.);
#267=FACE_OUTER_BOUND('',#456,.T.);
#268=FACE_OUTER_BOUND('',#457,.T.);
#269=FACE_OUTER_BOUND('',#458,.T.);
#270=FACE_OUTER_BOUND('',#459,.T.);
#271=FACE_OUTER_BOUND('',#461,.T.);
#272=FACE_OUTER_BOUND('',#462,.T.);
#273=FACE_OUTER_BOUND('',#463,.T.);
#274=FACE_OUTER_BOUND('',#464,.T.);
#275=FACE_OUTER_BOUND('',#465,.T.);
#276=FACE_OUTER_BOUND('',#466,.T.);
#277=FACE_OUTER_BOUND('',#467,.T.);
#278=FACE_OUTER_BOUND('',#468,.T.);
#279=FACE_OUTER_BOUND('',#469,.T.);
#280=FACE_OUTER_BOUND('',#470,.T.);
#281=FACE_OUTER_BOUND('',#471,.T.);
#282=FACE_OUTER_BOUND('',#472,.T.);
#283=FACE_OUTER_BOUND('',#473,.T.);
#284=FACE_OUTER_BOUND('',#474,.T.);
#285=FACE_OUTER_BOUND('',#475,.T.);
#286=FACE_OUTER_BOUND('',#476,.T.);
#287=FACE_OUTER_BOUND('',#477,.T.);
#288=FACE_OUTER_BOUND('',#478,.T.);
#289=FACE_OUTER_BOUND('',#479,.T.);
#290=EDGE_LOOP('',(#2043,#2044,#2045,#2046));
#291=EDGE_LOOP('',(#2047,#2048,#2049,#2050));
#292=EDGE_LOOP('',(#2051,#2052,#2053,#2054));
#293=EDGE_LOOP('',(#2055,#2056,#2057,#2058));
#294=EDGE_LOOP('',(#2059,#2060,#2061,#2062));
#295=EDGE_LOOP('',(#2063,#2064,#2065,#2066));
#296=EDGE_LOOP('',(#2067,#2068,#2069,#2070,#2071,#2072,#2073,#2074,#2075,
#2076,#2077,#2078,#2079,#2080,#2081,#2082));
#297=EDGE_LOOP('',(#2083,#2084,#2085,#2086,#2087,#2088));
#298=EDGE_LOOP('',(#2089,#2090,#2091,#2092));
#299=EDGE_LOOP('',(#2093,#2094,#2095,#2096));
#300=EDGE_LOOP('',(#2097,#2098,#2099,#2100));
#301=EDGE_LOOP('',(#2101,#2102,#2103,#2104,#2105,#2106));
#302=EDGE_LOOP('',(#2107,#2108,#2109,#2110));
#303=EDGE_LOOP('',(#2111,#2112,#2113,#2114,#2115));
#304=EDGE_LOOP('',(#2116,#2117,#2118,#2119));
#305=EDGE_LOOP('',(#2120,#2121,#2122,#2123));
#306=EDGE_LOOP('',(#2124,#2125,#2126,#2127,#2128));
#307=EDGE_LOOP('',(#2129,#2130,#2131,#2132,#2133));
#308=EDGE_LOOP('',(#2134,#2135,#2136,#2137,#2138,#2139,#2140));
#309=EDGE_LOOP('',(#2141,#2142,#2143,#2144));
#310=EDGE_LOOP('',(#2145));
#311=EDGE_LOOP('',(#2146));
#312=EDGE_LOOP('',(#2147));
#313=EDGE_LOOP('',(#2148,#2149,#2150,#2151));
#314=EDGE_LOOP('',(#2152,#2153,#2154,#2155));
#315=EDGE_LOOP('',(#2156,#2157,#2158,#2159));
#316=EDGE_LOOP('',(#2160,#2161,#2162,#2163,#2164));
#317=EDGE_LOOP('',(#2165,#2166,#2167,#2168,#2169));
#318=EDGE_LOOP('',(#2170,#2171,#2172,#2173,#2174,#2175));
#319=EDGE_LOOP('',(#2176,#2177,#2178,#2179));
#320=EDGE_LOOP('',(#2180,#2181,#2182,#2183));
#321=EDGE_LOOP('',(#2184,#2185,#2186,#2187));
#322=EDGE_LOOP('',(#2188,#2189,#2190,#2191,#2192,#2193));
#323=EDGE_LOOP('',(#2194,#2195,#2196,#2197));
#324=EDGE_LOOP('',(#2198,#2199,#2200,#2201,#2202,#2203));
#325=EDGE_LOOP('',(#2204,#2205,#2206,#2207));
#326=EDGE_LOOP('',(#2208,#2209,#2210,#2211));
#327=EDGE_LOOP('',(#2212,#2213,#2214,#2215,#2216,#2217,#2218));
#328=EDGE_LOOP('',(#2219,#2220,#2221,#2222,#2223,#2224));
#329=EDGE_LOOP('',(#2225,#2226,#2227,#2228,#2229));
#330=EDGE_LOOP('',(#2230,#2231,#2232,#2233));
#331=EDGE_LOOP('',(#2234,#2235,#2236,#2237));
#332=EDGE_LOOP('',(#2238,#2239,#2240));
#333=EDGE_LOOP('',(#2241,#2242));
#334=EDGE_LOOP('',(#2243,#2244,#2245,#2246));
#335=EDGE_LOOP('',(#2247,#2248,#2249,#2250));
#336=EDGE_LOOP('',(#2251,#2252,#2253,#2254));
#337=EDGE_LOOP('',(#2255,#2256,#2257,#2258));
#338=EDGE_LOOP('',(#2259,#2260,#2261,#2262));
#339=EDGE_LOOP('',(#2263,#2264,#2265,#2266));
#340=EDGE_LOOP('',(#2267,#2268,#2269,#2270));
#341=EDGE_LOOP('',(#2271,#2272,#2273,#2274,#2275,#2276));
#342=EDGE_LOOP('',(#2277,#2278,#2279,#2280,#2281,#2282));
#343=EDGE_LOOP('',(#2283,#2284,#2285));
#344=EDGE_LOOP('',(#2286,#2287,#2288));
#345=EDGE_LOOP('',(#2289,#2290,#2291,#2292,#2293,#2294));
#346=EDGE_LOOP('',(#2295,#2296,#2297,#2298));
#347=EDGE_LOOP('',(#2299,#2300,#2301,#2302));
#348=EDGE_LOOP('',(#2303,#2304,#2305,#2306));
#349=EDGE_LOOP('',(#2307,#2308,#2309));
#350=EDGE_LOOP('',(#2310,#2311,#2312));
#351=EDGE_LOOP('',(#2313,#2314,#2315,#2316,#2317));
#352=EDGE_LOOP('',(#2318,#2319,#2320,#2321,#2322,#2323,#2324,#2325,#2326,
#2327,#2328,#2329));
#353=EDGE_LOOP('',(#2330,#2331,#2332,#2333,#2334,#2335,#2336,#2337,#2338));
#354=EDGE_LOOP('',(#2339,#2340,#2341,#2342,#2343,#2344,#2345));
#355=EDGE_LOOP('',(#2346,#2347,#2348,#2349));
#356=EDGE_LOOP('',(#2350,#2351,#2352));
#357=EDGE_LOOP('',(#2353,#2354,#2355,#2356));
#358=EDGE_LOOP('',(#2357,#2358,#2359,#2360));
#359=EDGE_LOOP('',(#2361,#2362,#2363,#2364));
#360=EDGE_LOOP('',(#2365,#2366,#2367,#2368,#2369,#2370));
#361=EDGE_LOOP('',(#2371,#2372,#2373,#2374,#2375,#2376,#2377,#2378));
#362=EDGE_LOOP('',(#2379,#2380,#2381,#2382,#2383,#2384,#2385));
#363=EDGE_LOOP('',(#2386,#2387,#2388,#2389,#2390,#2391,#2392,#2393,#2394,
#2395,#2396));
#364=EDGE_LOOP('',(#2397));
#365=EDGE_LOOP('',(#2398));
#366=EDGE_LOOP('',(#2399));
#367=EDGE_LOOP('',(#2400,#2401,#2402));
#368=EDGE_LOOP('',(#2403,#2404,#2405,#2406));
#369=EDGE_LOOP('',(#2407,#2408,#2409,#2410,#2411,#2412,#2413,#2414,#2415,
#2416,#2417,#2418,#2419,#2420,#2421,#2422,#2423,#2424,#2425,#2426,#2427,
#2428,#2429,#2430,#2431));
#370=EDGE_LOOP('',(#2432));
#371=EDGE_LOOP('',(#2433));
#372=EDGE_LOOP('',(#2434,#2435,#2436));
#373=EDGE_LOOP('',(#2437,#2438,#2439));
#374=EDGE_LOOP('',(#2440,#2441,#2442));
#375=EDGE_LOOP('',(#2443,#2444,#2445));
#376=EDGE_LOOP('',(#2446,#2447,#2448,#2449,#2450,#2451,#2452,#2453,#2454,
#2455,#2456,#2457,#2458,#2459,#2460,#2461,#2462,#2463,#2464,#2465,#2466,
#2467,#2468,#2469,#2470,#2471,#2472,#2473,#2474,#2475));
#377=EDGE_LOOP('',(#2476));
#378=EDGE_LOOP('',(#2477));
#379=EDGE_LOOP('',(#2478,#2479,#2480));
#380=EDGE_LOOP('',(#2481,#2482,#2483));
#381=EDGE_LOOP('',(#2484,#2485,#2486));
#382=EDGE_LOOP('',(#2487,#2488,#2489,#2490,#2491));
#383=EDGE_LOOP('',(#2492,#2493,#2494,#2495,#2496,#2497));
#384=EDGE_LOOP('',(#2498,#2499,#2500,#2501,#2502,#2503,#2504,#2505));
#385=EDGE_LOOP('',(#2506,#2507,#2508,#2509,#2510,#2511));
#386=EDGE_LOOP('',(#2512,#2513,#2514,#2515,#2516));
#387=EDGE_LOOP('',(#2517,#2518,#2519,#2520,#2521,#2522));
#388=EDGE_LOOP('',(#2523,#2524,#2525,#2526));
#389=EDGE_LOOP('',(#2527,#2528,#2529,#2530));
#390=EDGE_LOOP('',(#2531,#2532,#2533,#2534));
#391=EDGE_LOOP('',(#2535,#2536,#2537,#2538,#2539));
#392=EDGE_LOOP('',(#2540,#2541,#2542,#2543));
#393=EDGE_LOOP('',(#2544,#2545,#2546,#2547));
#394=EDGE_LOOP('',(#2548,#2549,#2550,#2551,#2552,#2553,#2554,#2555));
#395=EDGE_LOOP('',(#2556,#2557,#2558,#2559));
#396=EDGE_LOOP('',(#2560,#2561,#2562,#2563,#2564,#2565,#2566,#2567,#2568));
#397=EDGE_LOOP('',(#2569,#2570,#2571,#2572));
#398=EDGE_LOOP('',(#2573,#2574,#2575,#2576));
#399=EDGE_LOOP('',(#2577,#2578,#2579,#2580));
#400=EDGE_LOOP('',(#2581,#2582,#2583,#2584,#2585));
#401=EDGE_LOOP('',(#2586,#2587,#2588,#2589));
#402=EDGE_LOOP('',(#2590,#2591,#2592));
#403=EDGE_LOOP('',(#2593,#2594,#2595,#2596));
#404=EDGE_LOOP('',(#2597,#2598,#2599,#2600));
#405=EDGE_LOOP('',(#2601,#2602,#2603,#2604));
#406=EDGE_LOOP('',(#2605,#2606,#2607,#2608));
#407=EDGE_LOOP('',(#2609,#2610,#2611,#2612,#2613,#2614,#2615,#2616));
#408=EDGE_LOOP('',(#2617,#2618,#2619,#2620,#2621,#2622,#2623,#2624,#2625,
#2626,#2627));
#409=EDGE_LOOP('',(#2628,#2629,#2630,#2631,#2632));
#410=EDGE_LOOP('',(#2633,#2634,#2635,#2636));
#411=EDGE_LOOP('',(#2637,#2638,#2639,#2640));
#412=EDGE_LOOP('',(#2641,#2642,#2643,#2644,#2645,#2646));
#413=EDGE_LOOP('',(#2647,#2648,#2649,#2650));
#414=EDGE_LOOP('',(#2651,#2652,#2653,#2654));
#415=EDGE_LOOP('',(#2655,#2656,#2657,#2658));
#416=EDGE_LOOP('',(#2659,#2660,#2661,#2662));
#417=EDGE_LOOP('',(#2663,#2664,#2665,#2666));
#418=EDGE_LOOP('',(#2667,#2668,#2669,#2670,#2671));
#419=EDGE_LOOP('',(#2672,#2673,#2674,#2675,#2676,#2677,#2678,#2679,#2680,
#2681,#2682));
#420=EDGE_LOOP('',(#2683,#2684,#2685,#2686));
#421=EDGE_LOOP('',(#2687,#2688,#2689,#2690));
#422=EDGE_LOOP('',(#2691,#2692,#2693,#2694));
#423=EDGE_LOOP('',(#2695,#2696,#2697,#2698,#2699));
#424=EDGE_LOOP('',(#2700,#2701,#2702,#2703));
#425=EDGE_LOOP('',(#2704,#2705,#2706,#2707,#2708,#2709,#2710));
#426=EDGE_LOOP('',(#2711,#2712,#2713,#2714,#2715,#2716,#2717));
#427=EDGE_LOOP('',(#2718,#2719,#2720,#2721));
#428=EDGE_LOOP('',(#2722,#2723,#2724,#2725,#2726,#2727,#2728));
#429=EDGE_LOOP('',(#2729,#2730,#2731,#2732));
#430=EDGE_LOOP('',(#2733,#2734,#2735,#2736));
#431=EDGE_LOOP('',(#2737,#2738,#2739,#2740,#2741,#2742,#2743,#2744,#2745,
#2746,#2747,#2748,#2749,#2750,#2751,#2752,#2753));
#432=EDGE_LOOP('',(#2754,#2755,#2756,#2757,#2758,#2759,#2760,#2761));
#433=EDGE_LOOP('',(#2762,#2763,#2764,#2765));
#434=EDGE_LOOP('',(#2766,#2767,#2768,#2769,#2770,#2771,#2772));
#435=EDGE_LOOP('',(#2773,#2774,#2775,#2776,#2777));
#436=EDGE_LOOP('',(#2778,#2779,#2780,#2781,#2782,#2783,#2784));
#437=EDGE_LOOP('',(#2785,#2786,#2787,#2788,#2789));
#438=EDGE_LOOP('',(#2790,#2791,#2792,#2793));
#439=EDGE_LOOP('',(#2794,#2795,#2796));
#440=EDGE_LOOP('',(#2797,#2798,#2799,#2800));
#441=EDGE_LOOP('',(#2801,#2802,#2803,#2804,#2805));
#442=EDGE_LOOP('',(#2806,#2807,#2808,#2809));
#443=EDGE_LOOP('',(#2810,#2811,#2812,#2813,#2814));
#444=EDGE_LOOP('',(#2815,#2816,#2817,#2818));
#445=EDGE_LOOP('',(#2819,#2820,#2821,#2822,#2823,#2824,#2825));
#446=EDGE_LOOP('',(#2826,#2827,#2828,#2829));
#447=EDGE_LOOP('',(#2830,#2831,#2832,#2833));
#448=EDGE_LOOP('',(#2834,#2835,#2836,#2837,#2838));
#449=EDGE_LOOP('',(#2839,#2840,#2841,#2842));
#450=EDGE_LOOP('',(#2843,#2844,#2845,#2846));
#451=EDGE_LOOP('',(#2847,#2848,#2849,#2850));
#452=EDGE_LOOP('',(#2851,#2852,#2853,#2854));
#453=EDGE_LOOP('',(#2855,#2856,#2857,#2858));
#454=EDGE_LOOP('',(#2859,#2860,#2861,#2862));
#455=EDGE_LOOP('',(#2863,#2864,#2865,#2866,#2867,#2868,#2869));
#456=EDGE_LOOP('',(#2870,#2871,#2872,#2873,#2874));
#457=EDGE_LOOP('',(#2875,#2876,#2877));
#458=EDGE_LOOP('',(#2878,#2879,#2880,#2881,#2882));
#459=EDGE_LOOP('',(#2883,#2884,#2885,#2886));
#460=EDGE_LOOP('',(#2887,#2888,#2889,#2890));
#461=EDGE_LOOP('',(#2891,#2892,#2893,#2894));
#462=EDGE_LOOP('',(#2895,#2896,#2897,#2898,#2899));
#463=EDGE_LOOP('',(#2900,#2901,#2902,#2903,#2904));
#464=EDGE_LOOP('',(#2905,#2906,#2907,#2908,#2909,#2910,#2911,#2912));
#465=EDGE_LOOP('',(#2913,#2914,#2915,#2916));
#466=EDGE_LOOP('',(#2917,#2918,#2919,#2920));
#467=EDGE_LOOP('',(#2921,#2922,#2923,#2924));
#468=EDGE_LOOP('',(#2925,#2926,#2927,#2928));
#469=EDGE_LOOP('',(#2929,#2930,#2931,#2932,#2933,#2934,#2935,#2936));
#470=EDGE_LOOP('',(#2937,#2938,#2939,#2940));
#471=EDGE_LOOP('',(#2941,#2942,#2943,#2944,#2945,#2946));
#472=EDGE_LOOP('',(#2947,#2948,#2949,#2950));
#473=EDGE_LOOP('',(#2951,#2952,#2953,#2954,#2955,#2956,#2957,#2958));
#474=EDGE_LOOP('',(#2959,#2960,#2961));
#475=EDGE_LOOP('',(#2962,#2963,#2964,#2965));
#476=EDGE_LOOP('',(#2966,#2967,#2968,#2969,#2970));
#477=EDGE_LOOP('',(#2971,#2972,#2973));
#478=EDGE_LOOP('',(#2974,#2975,#2976));
#479=EDGE_LOOP('',(#2977,#2978,#2979,#2980));
#480=B_SPLINE_CURVE_WITH_KNOTS('',3,(#4219,#4220,#4221,#4222,#4223,#4224),
 .UNSPECIFIED.,.F.,.F.,(4,2,4),(-2.3956230698699,-1.20247655955942,-0.190440855665525),
 .UNSPECIFIED.);
#481=B_SPLINE_CURVE_WITH_KNOTS('',3,(#4238,#4239,#4240,#4241,#4242,#4243),
 .UNSPECIFIED.,.F.,.F.,(4,2,4),(-2.3956230698699,-1.20247655955942,-0.190440855665525),
 .UNSPECIFIED.);
#482=B_SPLINE_CURVE_WITH_KNOTS('',3,(#4273,#4274,#4275,#4276),
 .UNSPECIFIED.,.F.,.F.,(4,4),(-0.872855279742113,-0.788839635182553),
 .UNSPECIFIED.);
#483=B_SPLINE_CURVE_WITH_KNOTS('',3,(#4278,#4279,#4280,#4281),
 .UNSPECIFIED.,.F.,.F.,(4,4),(-0.788839635182553,-0.729253755132388),
 .UNSPECIFIED.);
#484=B_SPLINE_CURVE_WITH_KNOTS('',3,(#4283,#4284,#4285,#4286),
 .UNSPECIFIED.,.F.,.F.,(4,4),(-1.68331112441102,-1.63712180188917),
 .UNSPECIFIED.);
#485=B_SPLINE_CURVE_WITH_KNOTS('',3,(#4295,#4296,#4297,#4298,#4299,#4300,
#4301),.UNSPECIFIED.,.F.,.F.,(4,3,4),(-1.63712180188917,-1.02992141680688,
-0.025272161586718),.UNSPECIFIED.);
#486=B_SPLINE_CURVE_WITH_KNOTS('',3,(#4485,#4486,#4487,#4488,#4489,#4490,
#4491),.UNSPECIFIED.,.F.,.F.,(4,3,4),(0.,0.379782785989857,0.664619875482249),
 .UNSPECIFIED.);
#487=B_SPLINE_CURVE_WITH_KNOTS('',3,(#4493,#4494,#4495,#4496),
 .UNSPECIFIED.,.F.,.F.,(4,4),(-3.17161905292078E-14,0.50000000000004),
 .UNSPECIFIED.);
#488=B_SPLINE_CURVE_WITH_KNOTS('',3,(#4498,#4499,#4500,#4501,#4502,#4503,
#4504),.UNSPECIFIED.,.F.,.F.,(4,3,4),(0.,0.379782785989853,0.664619875482242),
 .UNSPECIFIED.);
#489=B_SPLINE_CURVE_WITH_KNOTS('',3,(#4505,#4506,#4507,#4508,#4509,#4510),
 .UNSPECIFIED.,.F.,.F.,(4,2,4),(0.,0.249999999999998,0.5),.UNSPECIFIED.);
#490=B_SPLINE_CURVE_WITH_KNOTS('',3,(#4540,#4541,#4542,#4543,#4544,#4545),
 .UNSPECIFIED.,.F.,.F.,(4,2,4),(0.,0.0956449389715258,0.191259827530067),
 .UNSPECIFIED.);
#491=B_SPLINE_CURVE_WITH_KNOTS('',3,(#4790,#4791,#4792,#4793,#4794,#4795,
#4796,#4797,#4798,#4799),.UNSPECIFIED.,.F.,.F.,(4,3,3,4),(0.,0.790280078422455,
0.933241231321853,1.57904217038833),.UNSPECIFIED.);
#492=B_SPLINE_CURVE_WITH_KNOTS('',3,(#4801,#4802,#4803,#4804,#4805,#4806,
#4807,#4808,#4809,#4810,#4811,#4812,#4813,#4814,#4815,#4816,#4817,#4818,
#4819,#4820,#4821,#4822),.UNSPECIFIED.,.F.,.F.,(4,3,3,3,3,3,3,4),(0.,0.00570803561776677,
0.0139298712032189,0.0348765650112335,0.0665414585562247,0.0802353055729793,
0.114863023131899,0.148539429667229),.UNSPECIFIED.);
#493=B_SPLINE_CURVE_WITH_KNOTS('',3,(#4835,#4836,#4837,#4838),
 .UNSPECIFIED.,.F.,.F.,(4,4),(0.851122702033108,1.80221647496135),
 .UNSPECIFIED.);
#494=B_SPLINE_CURVE_WITH_KNOTS('',3,(#4842,#4843,#4844,#4845),
 .UNSPECIFIED.,.F.,.F.,(4,4),(0.,0.0229605931111071),.UNSPECIFIED.);
#495=B_SPLINE_CURVE_WITH_KNOTS('',3,(#4896,#4897,#4898,#4899,#4900,#4901,
#4902,#4903,#4904,#4905),.UNSPECIFIED.,.F.,.F.,(4,3,3,4),(0.,0.647363091450476,
0.790318605418949,1.58055018596129),.UNSPECIFIED.);
#496=B_SPLINE_CURVE_WITH_KNOTS('',3,(#4929,#4930,#4931,#4932,#4933,#4934,
#4935),.UNSPECIFIED.,.F.,.F.,(4,3,4),(-1.58056895276582,-0.933245459355794,
0.),.UNSPECIFIED.);
#497=B_SPLINE_CURVE_WITH_KNOTS('',3,(#4953,#4954,#4955,#4956,#4957,#4958,
#4959),.UNSPECIFIED.,.F.,.F.,(4,3,4),(-1.61211745235427,-1.00481617970968,
2.22044604925031E-16),.UNSPECIFIED.);
#498=B_SPLINE_CURVE_WITH_KNOTS('',3,(#4963,#4964,#4965,#4966),
 .UNSPECIFIED.,.F.,.F.,(4,4),(-0.253941763602448,-0.0716299597303135),
 .UNSPECIFIED.);
#499=B_SPLINE_CURVE_WITH_KNOTS('',3,(#4968,#4969,#4970,#4971),
 .UNSPECIFIED.,.F.,.F.,(4,4),(-0.966434077099513,-0.0664340770994679),
 .UNSPECIFIED.);
#500=B_SPLINE_CURVE_WITH_KNOTS('',3,(#4973,#4974,#4975,#4976),
 .UNSPECIFIED.,.F.,.F.,(4,4),(-0.281618901303707,-0.0998547509987229),
 .UNSPECIFIED.);
#501=B_SPLINE_CURVE_WITH_KNOTS('',3,(#4977,#4978,#4979,#4980),
 .UNSPECIFIED.,.F.,.F.,(4,4),(-1.0152545957435,-0.115254429478054),
 .UNSPECIFIED.);
#502=B_SPLINE_CURVE_WITH_KNOTS('',3,(#4998,#4999,#5000,#5001,#5002,#5003,
#5004),.UNSPECIFIED.,.F.,.F.,(4,3,4),(-0.0650066429703015,-0.0540217152857146,
-4.63963714051906E-9),.UNSPECIFIED.);
#503=B_SPLINE_CURVE_WITH_KNOTS('',3,(#5005,#5006,#5007,#5008),
 .UNSPECIFIED.,.F.,.F.,(4,4),(2.17213882401237,3.26347704665558),
 .UNSPECIFIED.);
#504=B_SPLINE_CURVE_WITH_KNOTS('',3,(#5051,#5052,#5053,#5054,#5055,#5056,
#5057,#5058),.UNSPECIFIED.,.F.,.F.,(4,2,2,4),(-2.34679320203892,-1.44152756404085,
-0.720736147562644,0.),.UNSPECIFIED.);
#505=B_SPLINE_CURVE_WITH_KNOTS('',3,(#5077,#5078,#5079,#5080),
 .UNSPECIFIED.,.F.,.F.,(4,4),(0.190440855665525,0.262820892230355),
 .UNSPECIFIED.);
#506=B_SPLINE_CURVE_WITH_KNOTS('',3,(#5081,#5082,#5083,#5084),
 .UNSPECIFIED.,.F.,.F.,(4,4),(-0.27570043142564,-0.029999999830049),
 .UNSPECIFIED.);
#507=B_SPLINE_CURVE_WITH_KNOTS('',3,(#5168,#5169,#5170,#5171,#5172,#5173),
 .UNSPECIFIED.,.F.,.F.,(4,2,4),(-2.20535335606565,-1.10266908467417,0.),
 .UNSPECIFIED.);
#508=B_SPLINE_CURVE_WITH_KNOTS('',3,(#5196,#5197,#5198,#5199),
 .UNSPECIFIED.,.F.,.F.,(4,4),(-1.58054627463433,-0.915636389451486),
 .UNSPECIFIED.);
#509=B_SPLINE_CURVE_WITH_KNOTS('',3,(#5200,#5201,#5202,#5203),
 .UNSPECIFIED.,.F.,.F.,(4,4),(-0.915636389451486,0.),.UNSPECIFIED.);
#510=B_SPLINE_CURVE_WITH_KNOTS('',3,(#5269,#5270,#5271,#5272),
 .UNSPECIFIED.,.F.,.F.,(4,4),(1.42291149214073,1.43243129064205),
 .UNSPECIFIED.);
#511=B_SPLINE_CURVE_WITH_KNOTS('',3,(#5274,#5275,#5276,#5277,#5278,#5279),
 .UNSPECIFIED.,.F.,.F.,(4,2,4),(0.,0.504608122932964,1.90025221153421),
 .UNSPECIFIED.);
#512=B_SPLINE_CURVE_WITH_KNOTS('',3,(#5281,#5282,#5283,#5284),
 .UNSPECIFIED.,.F.,.F.,(4,4),(0.,0.775044521275818),.UNSPECIFIED.);
#513=B_SPLINE_CURVE_WITH_KNOTS('',3,(#5286,#5287,#5288,#5289),
 .UNSPECIFIED.,.F.,.F.,(4,4),(0.915635288412614,1.49989292034998),
 .UNSPECIFIED.);
#514=B_SPLINE_CURVE_WITH_KNOTS('',3,(#5290,#5291,#5292,#5293),
 .UNSPECIFIED.,.F.,.F.,(4,4),(0.,0.0772926354056728),.UNSPECIFIED.);
#515=B_SPLINE_CURVE_WITH_KNOTS('',3,(#5311,#5312,#5313,#5314),
 .UNSPECIFIED.,.F.,.F.,(4,4),(0.,1.),.UNSPECIFIED.);
#516=B_SPLINE_CURVE_WITH_KNOTS('',3,(#5317,#5318,#5319,#5320),
 .UNSPECIFIED.,.F.,.F.,(4,4),(0.,1.),.UNSPECIFIED.);
#517=B_SPLINE_CURVE_WITH_KNOTS('',3,(#5339,#5340,#5341,#5342),
 .UNSPECIFIED.,.F.,.F.,(4,4),(0.,1.),.UNSPECIFIED.);
#518=B_SPLINE_CURVE_WITH_KNOTS('',3,(#5361,#5362,#5363,#5364),
 .UNSPECIFIED.,.F.,.F.,(4,4),(0.,1.),.UNSPECIFIED.);
#519=B_SPLINE_CURVE_WITH_KNOTS('',3,(#5383,#5384,#5385,#5386),
 .UNSPECIFIED.,.F.,.F.,(4,4),(0.,1.),.UNSPECIFIED.);
#520=B_SPLINE_CURVE_WITH_KNOTS('',3,(#5405,#5406,#5407,#5408),
 .UNSPECIFIED.,.F.,.F.,(4,4),(0.,1.),.UNSPECIFIED.);
#521=B_SPLINE_CURVE_WITH_KNOTS('',3,(#5427,#5428,#5429,#5430),
 .UNSPECIFIED.,.F.,.F.,(4,4),(0.,1.),.UNSPECIFIED.);
#522=B_SPLINE_CURVE_WITH_KNOTS('',3,(#5449,#5450,#5451,#5452),
 .UNSPECIFIED.,.F.,.F.,(4,4),(0.,1.),.UNSPECIFIED.);
#523=B_SPLINE_CURVE_WITH_KNOTS('',3,(#5471,#5472,#5473,#5474),
 .UNSPECIFIED.,.F.,.F.,(4,4),(0.,1.),.UNSPECIFIED.);
#524=B_SPLINE_CURVE_WITH_KNOTS('',3,(#5493,#5494,#5495,#5496),
 .UNSPECIFIED.,.F.,.F.,(4,4),(0.,1.),.UNSPECIFIED.);
#525=B_SPLINE_CURVE_WITH_KNOTS('',3,(#6605,#6606,#6607,#6608),
 .UNSPECIFIED.,.F.,.F.,(4,4),(0.064106571643691,0.508217669445132),
 .UNSPECIFIED.);
#526=B_SPLINE_CURVE_WITH_KNOTS('',3,(#6609,#6610,#6611,#6612,#6613,#6614,
#6615,#6616,#6617,#6618),.UNSPECIFIED.,.F.,.F.,(4,2,2,2,4),(0.0752496872308093,
1.78239122544023,2.29785352881571,2.89414022862792,3.83956465930211),
 .UNSPECIFIED.);
#527=B_SPLINE_CURVE_WITH_KNOTS('',3,(#6620,#6621,#6622,#6623,#6624,#6625),
 .UNSPECIFIED.,.F.,.F.,(4,2,4),(0.0207881545655855,0.742189180338645,1.44282115511607),
 .UNSPECIFIED.);
#528=B_SPLINE_CURVE_WITH_KNOTS('',3,(#6626,#6627,#6628,#6629,#6630,#6631,
#6632,#6633,#6634,#6635),.UNSPECIFIED.,.F.,.F.,(4,2,2,2,4),(-4.59331331035157,
-3.65179350152895,-2.55175879524265,-1.4562934043159,-0.131534004723741),
 .UNSPECIFIED.);
#529=B_SPLINE_CURVE_WITH_KNOTS('',3,(#6653,#6654,#6655,#6656,#6657,#6658),
 .UNSPECIFIED.,.F.,.F.,(4,1,1,4),(0.579315710839851,0.810905923481368,0.875716277352876,
0.940526631224384),.UNSPECIFIED.);
#530=B_SPLINE_CURVE_WITH_KNOTS('',3,(#6659,#6660,#6661,#6662,#6663,#6664,
#6665),.UNSPECIFIED.,.F.,.F.,(4,3,4),(-0.0223456630414794,-0.00491909818244006,
-0.00187972101791977),.UNSPECIFIED.);
#531=B_SPLINE_CURVE_WITH_KNOTS('',3,(#6798,#6799,#6800,#6801),
 .UNSPECIFIED.,.F.,.F.,(4,4),(0.0702707576742982,0.60147737928526),
 .UNSPECIFIED.);
#532=B_SPLINE_CURVE_WITH_KNOTS('',3,(#6802,#6803,#6804,#6805,#6806,#6807,
#6808,#6809),.UNSPECIFIED.,.F.,.F.,(4,2,2,4),(-2.78355854369254,-1.93968625783499,
-1.19773857926543,0.),.UNSPECIFIED.);
#533=B_SPLINE_CURVE_WITH_KNOTS('',3,(#6810,#6811,#6812,#6813,#6814,#6815,
#6816,#6817),.UNSPECIFIED.,.F.,.F.,(4,2,2,4),(-4.85070405480267,-3.38043431475995,
-1.6956288117767,-0.0877959951924869),.UNSPECIFIED.);
#534=B_SPLINE_CURVE_WITH_KNOTS('',3,(#6887,#6888,#6889,#6890,#6891,#6892,
#6893,#6894,#6895,#6896,#6897,#6898,#6899,#6900,#6901,#6902,#6903,#6904,
#6905,#6906,#6907,#6908),.UNSPECIFIED.,.F.,.F.,(4,3,3,3,3,3,3,4),(-0.142909036678984,
-0.102632445229573,-0.0745124059447729,-0.0411609007143566,-0.039317246731808,
-0.0157718502223318,-0.00623898164838919,0.),.UNSPECIFIED.);
#535=B_SPLINE_CURVE_WITH_KNOTS('',3,(#6909,#6910,#6911,#6912,#6913,#6914),
 .UNSPECIFIED.,.F.,.F.,(4,2,4),(0.117963858289695,1.02110982167473,2.05648573263441),
 .UNSPECIFIED.);
#536=B_SPLINE_CURVE_WITH_KNOTS('',3,(#6915,#6916,#6917,#6918,#6919,#6920,
#6921,#6922,#6923,#6924,#6925,#6926,#6927),.UNSPECIFIED.,.F.,.F.,(4,3,3,
3,4),(0.,0.0264551253092515,0.0390644428354804,0.0721046522674682,0.105144857201782),
 .UNSPECIFIED.);
#537=B_SPLINE_CURVE_WITH_KNOTS('',3,(#6948,#6949,#6950,#6951,#6952,#6953,
#6954,#6955,#6956,#6957,#6958,#6959,#6960,#6961,#6962,#6963,#6964,#6965,
#6966,#6967,#6968,#6969,#6970,#6971,#6972,#6973,#6974,#6975),
 .UNSPECIFIED.,.F.,.F.,(4,3,3,3,3,3,3,3,3,4),(0.,0.0132150853763347,0.0265912394208926,
0.0390644432252373,0.0524879757051222,0.0658565294147323,0.0720059049797332,
0.0853616280185659,0.0986085692723727,0.104947362544897),.UNSPECIFIED.);
#538=B_SPLINE_CURVE_WITH_KNOTS('',3,(#7075,#7076,#7077,#7078,#7079,#7080,
#7081,#7082,#7083,#7084,#7085,#7086,#7087,#7088,#7089,#7090,#7091,#7092,
#7093,#7094,#7095,#7096,#7097,#7098,#7099,#7100,#7101,#7102),
 .UNSPECIFIED.,.F.,.F.,(4,3,3,3,3,3,3,3,3,4),(-0.1435592434568,-0.138826192883458,
-0.133241890157933,-0.120503345896727,-0.0981964010998581,-0.0756805087625177,
-0.0659665492788967,-0.0434254743323331,-0.0211805149828642,0.),
 .UNSPECIFIED.);
#539=LINE('',#4215,#908);
#540=LINE('',#4217,#909);
#541=LINE('',#4225,#910);
#542=LINE('',#4228,#911);
#543=LINE('',#4230,#912);
#544=LINE('',#4231,#913);
#545=LINE('',#4234,#914);
#546=LINE('',#4235,#915);
#547=LINE('',#4244,#916);
#548=LINE('',#4246,#917);
#549=LINE('',#4251,#918);
#550=LINE('',#4253,#919);
#551=LINE('',#4255,#920);
#552=LINE('',#4257,#921);
#553=LINE('',#4259,#922);
#554=LINE('',#4261,#923);
#555=LINE('',#4263,#924);
#556=LINE('',#4265,#925);
#557=LINE('',#4267,#926);
#558=LINE('',#4269,#927);
#559=LINE('',#4271,#928);
#560=LINE('',#4288,#929);
#561=LINE('',#4289,#930);
#562=LINE('',#4293,#931);
#563=LINE('',#4294,#932);
#564=LINE('',#4306,#933);
#565=LINE('',#4312,#934);
#566=LINE('',#4318,#935);
#567=LINE('',#4323,#936);
#568=LINE('',#4325,#937);
#569=LINE('',#4327,#938);
#570=LINE('',#4329,#939);
#571=LINE('',#4331,#940);
#572=LINE('',#4332,#941);
#573=LINE('',#4335,#942);
#574=LINE('',#4337,#943);
#575=LINE('',#4338,#944);
#576=LINE('',#4341,#945);
#577=LINE('',#4343,#946);
#578=LINE('',#4344,#947);
#579=LINE('',#4347,#948);
#580=LINE('',#4348,#949);
#581=LINE('',#4351,#950);
#582=LINE('',#4353,#951);
#583=LINE('',#4354,#952);
#584=LINE('',#4356,#953);
#585=LINE('',#4358,#954);
#586=LINE('',#4359,#955);
#587=LINE('',#4362,#956);
#588=LINE('',#4363,#957);
#589=LINE('',#4366,#958);
#590=LINE('',#4368,#959);
#591=LINE('',#4370,#960);
#592=LINE('',#4372,#961);
#593=LINE('',#4373,#962);
#594=LINE('',#4378,#963);
#595=LINE('',#4380,#964);
#596=LINE('',#4382,#965);
#597=LINE('',#4383,#966);
#598=LINE('',#4386,#967);
#599=LINE('',#4388,#968);
#600=LINE('',#4389,#969);
#601=LINE('',#4391,#970);
#602=LINE('',#4392,#971);
#603=LINE('',#4396,#972);
#604=LINE('',#4398,#973);
#605=LINE('',#4400,#974);
#606=LINE('',#4402,#975);
#607=LINE('',#4403,#976);
#608=LINE('',#4406,#977);
#609=LINE('',#4408,#978);
#610=LINE('',#4410,#979);
#611=LINE('',#4411,#980);
#612=LINE('',#4413,#981);
#613=LINE('',#4415,#982);
#614=LINE('',#4417,#983);
#615=LINE('',#4418,#984);
#616=LINE('',#4422,#985);
#617=LINE('',#4424,#986);
#618=LINE('',#4426,#987);
#619=LINE('',#4427,#988);
#620=LINE('',#4430,#989);
#621=LINE('',#4432,#990);
#622=LINE('',#4433,#991);
#623=LINE('',#4435,#992);
#624=LINE('',#4436,#993);
#625=LINE('',#4440,#994);
#626=LINE('',#4442,#995);
#627=LINE('',#4444,#996);
#628=LINE('',#4446,#997);
#629=LINE('',#4448,#998);
#630=LINE('',#4449,#999);
#631=LINE('',#4452,#1000);
#632=LINE('',#4454,#1001);
#633=LINE('',#4455,#1002);
#634=LINE('',#4457,#1003);
#635=LINE('',#4459,#1004);
#636=LINE('',#4461,#1005);
#637=LINE('',#4462,#1006);
#638=LINE('',#4513,#1007);
#639=LINE('',#4515,#1008);
#640=LINE('',#4516,#1009);
#641=LINE('',#4520,#1010);
#642=LINE('',#4522,#1011);
#643=LINE('',#4524,#1012);
#644=LINE('',#4526,#1013);
#645=LINE('',#4528,#1014);
#646=LINE('',#4530,#1015);
#647=LINE('',#4531,#1016);
#648=LINE('',#4534,#1017);
#649=LINE('',#4535,#1018);
#650=LINE('',#4537,#1019);
#651=LINE('',#4539,#1020);
#652=LINE('',#4548,#1021);
#653=LINE('',#4549,#1022);
#654=LINE('',#4553,#1023);
#655=LINE('',#4555,#1024);
#656=LINE('',#4557,#1025);
#657=LINE('',#4558,#1026);
#658=LINE('',#4562,#1027);
#659=LINE('',#4563,#1028);
#660=LINE('',#4564,#1029);
#661=LINE('',#4567,#1030);
#662=LINE('',#4568,#1031);
#663=LINE('',#4573,#1032);
#664=LINE('',#4576,#1033);
#665=LINE('',#4578,#1034);
#666=LINE('',#4579,#1035);
#667=LINE('',#4583,#1036);
#668=LINE('',#4585,#1037);
#669=LINE('',#4587,#1038);
#670=LINE('',#4588,#1039);
#671=LINE('',#4593,#1040);
#672=LINE('',#4599,#1041);
#673=LINE('',#4604,#1042);
#674=LINE('',#4606,#1043);
#675=LINE('',#4608,#1044);
#676=LINE('',#4609,#1045);
#677=LINE('',#4612,#1046);
#678=LINE('',#4614,#1047);
#679=LINE('',#4615,#1048);
#680=LINE('',#4617,#1049);
#681=LINE('',#4618,#1050);
#682=LINE('',#4622,#1051);
#683=LINE('',#4623,#1052);
#684=LINE('',#4625,#1053);
#685=LINE('',#4627,#1054);
#686=LINE('',#4628,#1055);
#687=LINE('',#4632,#1056);
#688=LINE('',#4634,#1057);
#689=LINE('',#4636,#1058);
#690=LINE('',#4637,#1059);
#691=LINE('',#4638,#1060);
#692=LINE('',#4641,#1061);
#693=LINE('',#4643,#1062);
#694=LINE('',#4644,#1063);
#695=LINE('',#4648,#1064);
#696=LINE('',#4650,#1065);
#697=LINE('',#4651,#1066);
#698=LINE('',#4666,#1067);
#699=LINE('',#4669,#1068);
#700=LINE('',#4671,#1069);
#701=LINE('',#4672,#1070);
#702=LINE('',#4674,#1071);
#703=LINE('',#4675,#1072);
#704=LINE('',#4678,#1073);
#705=LINE('',#4679,#1074);
#706=LINE('',#4682,#1075);
#707=LINE('',#4684,#1076);
#708=LINE('',#4685,#1077);
#709=LINE('',#4688,#1078);
#710=LINE('',#4690,#1079);
#711=LINE('',#4692,#1080);
#712=LINE('',#4693,#1081);
#713=LINE('',#4696,#1082);
#714=LINE('',#4697,#1083);
#715=LINE('',#4698,#1084);
#716=LINE('',#4699,#1085);
#717=LINE('',#4700,#1086);
#718=LINE('',#4702,#1087);
#719=LINE('',#4704,#1088);
#720=LINE('',#4705,#1089);
#721=LINE('',#4708,#1090);
#722=LINE('',#4709,#1091);
#723=LINE('',#4712,#1092);
#724=LINE('',#4713,#1093);
#725=LINE('',#4716,#1094);
#726=LINE('',#4717,#1095);
#727=LINE('',#4720,#1096);
#728=LINE('',#4721,#1097);
#729=LINE('',#4724,#1098);
#730=LINE('',#4725,#1099);
#731=LINE('',#4727,#1100);
#732=LINE('',#4731,#1101);
#733=LINE('',#4732,#1102);
#734=LINE('',#4733,#1103);
#735=LINE('',#4735,#1104);
#736=LINE('',#4736,#1105);
#737=LINE('',#4744,#1106);
#738=LINE('',#4746,#1107);
#739=LINE('',#4748,#1108);
#740=LINE('',#4749,#1109);
#741=LINE('',#4750,#1110);
#742=LINE('',#4752,#1111);
#743=LINE('',#4753,#1112);
#744=LINE('',#4754,#1113);
#745=LINE('',#4757,#1114);
#746=LINE('',#4764,#1115);
#747=LINE('',#4765,#1116);
#748=LINE('',#4767,#1117);
#749=LINE('',#4768,#1118);
#750=LINE('',#4771,#1119);
#751=LINE('',#4773,#1120);
#752=LINE('',#4774,#1121);
#753=LINE('',#4777,#1122);
#754=LINE('',#4779,#1123);
#755=LINE('',#4781,#1124);
#756=LINE('',#4785,#1125);
#757=LINE('',#4786,#1126);
#758=LINE('',#4824,#1127);
#759=LINE('',#4833,#1128);
#760=LINE('',#4839,#1129);
#761=LINE('',#4847,#1130);
#762=LINE('',#4848,#1131);
#763=LINE('',#4851,#1132);
#764=LINE('',#4852,#1133);
#765=LINE('',#4855,#1134);
#766=LINE('',#4856,#1135);
#767=LINE('',#4860,#1136);
#768=LINE('',#4866,#1137);
#769=LINE('',#4868,#1138);
#770=LINE('',#4871,#1139);
#771=LINE('',#4874,#1140);
#772=LINE('',#4876,#1141);
#773=LINE('',#4877,#1142);
#774=LINE('',#4883,#1143);
#775=LINE('',#4887,#1144);
#776=LINE('',#4892,#1145);
#777=LINE('',#4910,#1146);
#778=LINE('',#4915,#1147);
#779=LINE('',#4917,#1148);
#780=LINE('',#4919,#1149);
#781=LINE('',#4921,#1150);
#782=LINE('',#4923,#1151);
#783=LINE('',#4925,#1152);
#784=LINE('',#4927,#1153);
#785=LINE('',#4936,#1154);
#786=LINE('',#4938,#1155);
#787=LINE('',#4939,#1156);
#788=LINE('',#4960,#1157);
#789=LINE('',#5010,#1158);
#790=LINE('',#5011,#1159);
#791=LINE('',#5013,#1160);
#792=LINE('',#5015,#1161);
#793=LINE('',#5030,#1162);
#794=LINE('',#5031,#1163);
#795=LINE('',#5034,#1164);
#796=LINE('',#5035,#1165);
#797=LINE('',#5038,#1166);
#798=LINE('',#5040,#1167);
#799=LINE('',#5048,#1168);
#800=LINE('',#5050,#1169);
#801=LINE('',#5061,#1170);
#802=LINE('',#5065,#1171);
#803=LINE('',#5071,#1172);
#804=LINE('',#5073,#1173);
#805=LINE('',#5075,#1174);
#806=LINE('',#5086,#1175);
#807=LINE('',#5088,#1176);
#808=LINE('',#5090,#1177);
#809=LINE('',#5097,#1178);
#810=LINE('',#5099,#1179);
#811=LINE('',#5100,#1180);
#812=LINE('',#5107,#1181);
#813=LINE('',#5109,#1182);
#814=LINE('',#5116,#1183);
#815=LINE('',#5123,#1184);
#816=LINE('',#5125,#1185);
#817=LINE('',#5129,#1186);
#818=LINE('',#5130,#1187);
#819=LINE('',#5131,#1188);
#820=LINE('',#5133,#1189);
#821=LINE('',#5135,#1190);
#822=LINE('',#5138,#1191);
#823=LINE('',#5142,#1192);
#824=LINE('',#5144,#1193);
#825=LINE('',#5145,#1194);
#826=LINE('',#5147,#1195);
#827=LINE('',#5150,#1196);
#828=LINE('',#5153,#1197);
#829=LINE('',#5167,#1198);
#830=LINE('',#5176,#1199);
#831=LINE('',#5177,#1200);
#832=LINE('',#5180,#1201);
#833=LINE('',#5181,#1202);
#834=LINE('',#5204,#1203);
#835=LINE('',#5207,#1204);
#836=LINE('',#5208,#1205);
#837=LINE('',#5211,#1206);
#838=LINE('',#5212,#1207);
#839=LINE('',#5214,#1208);
#840=LINE('',#5215,#1209);
#841=LINE('',#5218,#1210);
#842=LINE('',#5220,#1211);
#843=LINE('',#5222,#1212);
#844=LINE('',#5223,#1213);
#845=LINE('',#5226,#1214);
#846=LINE('',#5228,#1215);
#847=LINE('',#5230,#1216);
#848=LINE('',#5231,#1217);
#849=LINE('',#5234,#1218);
#850=LINE('',#5236,#1219);
#851=LINE('',#5237,#1220);
#852=LINE('',#5239,#1221);
#853=LINE('',#5240,#1222);
#854=LINE('',#5242,#1223);
#855=LINE('',#5245,#1224);
#856=LINE('',#5247,#1225);
#857=LINE('',#5248,#1226);
#858=LINE('',#5250,#1227);
#859=LINE('',#5251,#1228);
#860=LINE('',#5254,#1229);
#861=LINE('',#5255,#1230);
#862=LINE('',#5258,#1231);
#863=LINE('',#5259,#1232);
#864=LINE('',#5262,#1233);
#865=LINE('',#5263,#1234);
#866=LINE('',#5265,#1235);
#867=LINE('',#5316,#1236);
#868=LINE('',#5338,#1237);
#869=LINE('',#5360,#1238);
#870=LINE('',#5382,#1239);
#871=LINE('',#5404,#1240);
#872=LINE('',#5426,#1241);
#873=LINE('',#5448,#1242);
#874=LINE('',#5470,#1243);
#875=LINE('',#5492,#1244);
#876=LINE('',#5513,#1245);
#877=LINE('',#6821,#1246);
#878=LINE('',#6823,#1247);
#879=LINE('',#6825,#1248);
#880=LINE('',#6826,#1249);
#881=LINE('',#6829,#1250);
#882=LINE('',#6831,#1251);
#883=LINE('',#6833,#1252);
#884=LINE('',#6834,#1253);
#885=LINE('',#6836,#1254);
#886=LINE('',#6837,#1255);
#887=LINE('',#6839,#1256);
#888=LINE('',#6841,#1257);
#889=LINE('',#6845,#1258);
#890=LINE('',#6847,#1259);
#891=LINE('',#6848,#1260);
#892=LINE('',#6851,#1261);
#893=LINE('',#6852,#1262);
#894=LINE('',#6855,#1263);
#895=LINE('',#6856,#1264);
#896=LINE('',#6858,#1265);
#897=LINE('',#7123,#1266);
#898=LINE('',#7125,#1267);
#899=LINE('',#7126,#1268);
#900=LINE('',#7130,#1269);
#901=LINE('',#7131,#1270);
#902=LINE('',#7132,#1271);
#903=LINE('',#7135,#1272);
#904=LINE('',#7137,#1273);
#905=LINE('',#7138,#1274);
#906=LINE('',#7140,#1275);
#907=LINE('',#7142,#1276);
#908=VECTOR('',#3482,10.);
#909=VECTOR('',#3483,10.);
#910=VECTOR('',#3484,10.);
#911=VECTOR('',#3487,10.);
#912=VECTOR('',#3488,10.);
#913=VECTOR('',#3489,10.);
#914=VECTOR('',#3492,10.);
#915=VECTOR('',#3493,10.);
#916=VECTOR('',#3496,10.);
#917=VECTOR('',#3499,10.);
#918=VECTOR('',#3504,10.);
#919=VECTOR('',#3505,10.);
#920=VECTOR('',#3506,10.);
#921=VECTOR('',#3507,10.);
#922=VECTOR('',#3508,10.);
#923=VECTOR('',#3509,10.);
#924=VECTOR('',#3510,10.);
#925=VECTOR('',#3511,10.);
#926=VECTOR('',#3512,10.);
#927=VECTOR('',#3513,10.);
#928=VECTOR('',#3514,10.);
#929=VECTOR('',#3515,10.);
#930=VECTOR('',#3516,10.);
#931=VECTOR('',#3519,10.);
#932=VECTOR('',#3520,10.);
#933=VECTOR('',#3525,1.49999999999999);
#934=VECTOR('',#3532,1.5);
#935=VECTOR('',#3539,1.49999999999999);
#936=VECTOR('',#3544,10.);
#937=VECTOR('',#3545,10.);
#938=VECTOR('',#3546,10.);
#939=VECTOR('',#3547,10.);
#940=VECTOR('',#3548,10.);
#941=VECTOR('',#3549,10.);
#942=VECTOR('',#3552,10.);
#943=VECTOR('',#3553,10.);
#944=VECTOR('',#3554,10.);
#945=VECTOR('',#3557,10.);
#946=VECTOR('',#3558,10.);
#947=VECTOR('',#3559,10.);
#948=VECTOR('',#3562,10.);
#949=VECTOR('',#3563,10.);
#950=VECTOR('',#3566,10.);
#951=VECTOR('',#3567,10.);
#952=VECTOR('',#3568,10.);
#953=VECTOR('',#3571,10.);
#954=VECTOR('',#3572,10.);
#955=VECTOR('',#3573,10.);
#956=VECTOR('',#3576,10.);
#957=VECTOR('',#3577,10.);
#958=VECTOR('',#3580,10.);
#959=VECTOR('',#3581,10.);
#960=VECTOR('',#3582,10.);
#961=VECTOR('',#3583,5.686);
#962=VECTOR('',#3584,5.686);
#963=VECTOR('',#3589,10.);
#964=VECTOR('',#3590,10.);
#965=VECTOR('',#3591,10.);
#966=VECTOR('',#3592,10.);
#967=VECTOR('',#3595,10.);
#968=VECTOR('',#3596,10.);
#969=VECTOR('',#3597,10.);
#970=VECTOR('',#3600,10.);
#971=VECTOR('',#3601,10.);
#972=VECTOR('',#3604,10.);
#973=VECTOR('',#3605,10.);
#974=VECTOR('',#3606,10.);
#975=VECTOR('',#3607,10.);
#976=VECTOR('',#3608,10.);
#977=VECTOR('',#3611,10.);
#978=VECTOR('',#3612,10.);
#979=VECTOR('',#3613,10.);
#980=VECTOR('',#3614,10.);
#981=VECTOR('',#3617,10.);
#982=VECTOR('',#3618,10.);
#983=VECTOR('',#3619,10.);
#984=VECTOR('',#3620,10.);
#985=VECTOR('',#3623,10.);
#986=VECTOR('',#3624,10.);
#987=VECTOR('',#3625,10.);
#988=VECTOR('',#3626,10.);
#989=VECTOR('',#3629,10.);
#990=VECTOR('',#3630,10.);
#991=VECTOR('',#3631,10.);
#992=VECTOR('',#3634,10.);
#993=VECTOR('',#3635,10.);
#994=VECTOR('',#3638,10.);
#995=VECTOR('',#3639,10.);
#996=VECTOR('',#3640,10.);
#997=VECTOR('',#3641,10.);
#998=VECTOR('',#3642,10.);
#999=VECTOR('',#3643,10.);
#1000=VECTOR('',#3646,10.);
#1001=VECTOR('',#3647,10.);
#1002=VECTOR('',#3648,10.);
#1003=VECTOR('',#3651,10.);
#1004=VECTOR('',#3652,10.);
#1005=VECTOR('',#3653,10.);
#1006=VECTOR('',#3654,10.);
#1007=VECTOR('',#3657,10.);
#1008=VECTOR('',#3658,10.);
#1009=VECTOR('',#3659,10.);
#1010=VECTOR('',#3662,10.);
#1011=VECTOR('',#3663,10.);
#1012=VECTOR('',#3664,10.);
#1013=VECTOR('',#3665,10.);
#1014=VECTOR('',#3666,10.);
#1015=VECTOR('',#3667,10.);
#1016=VECTOR('',#3668,10.);
#1017=VECTOR('',#3671,10.);
#1018=VECTOR('',#3672,10.);
#1019=VECTOR('',#3673,10.);
#1020=VECTOR('',#3674,10.);
#1021=VECTOR('',#3677,10.);
#1022=VECTOR('',#3678,10.);
#1023=VECTOR('',#3681,10.);
#1024=VECTOR('',#3682,10.);
#1025=VECTOR('',#3683,10.);
#1026=VECTOR('',#3684,10.);
#1027=VECTOR('',#3687,10.);
#1028=VECTOR('',#3688,10.);
#1029=VECTOR('',#3689,10.);
#1030=VECTOR('',#3692,10.);
#1031=VECTOR('',#3693,10.);
#1032=VECTOR('',#3698,10.);
#1033=VECTOR('',#3701,10.);
#1034=VECTOR('',#3702,10.);
#1035=VECTOR('',#3703,10.);
#1036=VECTOR('',#3706,10.);
#1037=VECTOR('',#3707,10.);
#1038=VECTOR('',#3708,10.);
#1039=VECTOR('',#3709,10.);
#1040=VECTOR('',#3714,2.29999999999997);
#1041=VECTOR('',#3721,2.29999999999999);
#1042=VECTOR('',#3726,10.);
#1043=VECTOR('',#3727,10.);
#1044=VECTOR('',#3728,10.);
#1045=VECTOR('',#3729,10.);
#1046=VECTOR('',#3732,10.);
#1047=VECTOR('',#3733,10.);
#1048=VECTOR('',#3734,10.);
#1049=VECTOR('',#3737,10.);
#1050=VECTOR('',#3738,10.);
#1051=VECTOR('',#3741,10.);
#1052=VECTOR('',#3742,10.);
#1053=VECTOR('',#3743,10.);
#1054=VECTOR('',#3744,10.);
#1055=VECTOR('',#3745,10.);
#1056=VECTOR('',#3748,10.);
#1057=VECTOR('',#3749,10.);
#1058=VECTOR('',#3750,10.);
#1059=VECTOR('',#3751,10.);
#1060=VECTOR('',#3752,10.);
#1061=VECTOR('',#3755,10.);
#1062=VECTOR('',#3756,10.);
#1063=VECTOR('',#3757,10.);
#1064=VECTOR('',#3760,10.);
#1065=VECTOR('',#3761,10.);
#1066=VECTOR('',#3762,10.);
#1067=VECTOR('',#3773,10.);
#1068=VECTOR('',#3776,10.);
#1069=VECTOR('',#3779,10.);
#1070=VECTOR('',#3780,10.);
#1071=VECTOR('',#3783,10.);
#1072=VECTOR('',#3784,10.);
#1073=VECTOR('',#3787,10.);
#1074=VECTOR('',#3788,10.);
#1075=VECTOR('',#3791,10.);
#1076=VECTOR('',#3792,10.);
#1077=VECTOR('',#3793,10.);
#1078=VECTOR('',#3796,10.);
#1079=VECTOR('',#3797,10.);
#1080=VECTOR('',#3798,10.);
#1081=VECTOR('',#3799,10.);
#1082=VECTOR('',#3802,10.);
#1083=VECTOR('',#3803,10.);
#1084=VECTOR('',#3804,10.);
#1085=VECTOR('',#3805,10.);
#1086=VECTOR('',#3806,10.);
#1087=VECTOR('',#3809,10.);
#1088=VECTOR('',#3810,10.);
#1089=VECTOR('',#3811,10.);
#1090=VECTOR('',#3814,10.);
#1091=VECTOR('',#3815,10.);
#1092=VECTOR('',#3818,10.);
#1093=VECTOR('',#3819,10.);
#1094=VECTOR('',#3822,10.);
#1095=VECTOR('',#3823,10.);
#1096=VECTOR('',#3826,10.);
#1097=VECTOR('',#3827,10.);
#1098=VECTOR('',#3830,10.);
#1099=VECTOR('',#3831,10.);
#1100=VECTOR('',#3834,10.);
#1101=VECTOR('',#3839,5.686);
#1102=VECTOR('',#3840,10.);
#1103=VECTOR('',#3841,10.);
#1104=VECTOR('',#3844,10.);
#1105=VECTOR('',#3845,10.);
#1106=VECTOR('',#3860,10.);
#1107=VECTOR('',#3861,10.);
#1108=VECTOR('',#3862,10.);
#1109=VECTOR('',#3863,10.);
#1110=VECTOR('',#3864,10.);
#1111=VECTOR('',#3865,10.);
#1112=VECTOR('',#3866,10.);
#1113=VECTOR('',#3867,10.);
#1114=VECTOR('',#3870,10.);
#1115=VECTOR('',#3873,13.628);
#1116=VECTOR('',#3874,10.);
#1117=VECTOR('',#3875,10.);
#1118=VECTOR('',#3876,10.);
#1119=VECTOR('',#3879,10.);
#1120=VECTOR('',#3880,10.);
#1121=VECTOR('',#3881,10.);
#1122=VECTOR('',#3884,10.);
#1123=VECTOR('',#3885,10.);
#1124=VECTOR('',#3886,10.);
#1125=VECTOR('',#3889,10.);
#1126=VECTOR('',#3890,10.);
#1127=VECTOR('',#3893,10.);
#1128=VECTOR('',#3900,10.);
#1129=VECTOR('',#3901,10.);
#1130=VECTOR('',#3904,10.);
#1131=VECTOR('',#3905,10.);
#1132=VECTOR('',#3908,10.);
#1133=VECTOR('',#3909,10.);
#1134=VECTOR('',#3912,10.);
#1135=VECTOR('',#3913,1.);
#1136=VECTOR('',#3918,10.);
#1137=VECTOR('',#3923,10.);
#1138=VECTOR('',#3924,10.);
#1139=VECTOR('',#3927,10.);
#1140=VECTOR('',#3930,10.);
#1141=VECTOR('',#3931,10.);
#1142=VECTOR('',#3932,10.);
#1143=VECTOR('',#3939,10.);
#1144=VECTOR('',#3942,10.);
#1145=VECTOR('',#3947,10.);
#1146=VECTOR('',#3954,10.);
#1147=VECTOR('',#3961,10.);
#1148=VECTOR('',#3962,10.);
#1149=VECTOR('',#3963,10.);
#1150=VECTOR('',#3964,10.);
#1151=VECTOR('',#3965,10.);
#1152=VECTOR('',#3966,10.);
#1153=VECTOR('',#3967,10.);
#1154=VECTOR('',#3968,10.);
#1155=VECTOR('',#3971,10.);
#1156=VECTOR('',#3972,10.);
#1157=VECTOR('',#3973,10.);
#1158=VECTOR('',#3976,10.);
#1159=VECTOR('',#3977,10.);
#1160=VECTOR('',#3980,10.);
#1161=VECTOR('',#3983,10.);
#1162=VECTOR('',#3986,10.);
#1163=VECTOR('',#3987,10.);
#1164=VECTOR('',#3990,10.);
#1165=VECTOR('',#3991,10.);
#1166=VECTOR('',#3994,10.);
#1167=VECTOR('',#3995,10.);
#1168=VECTOR('',#3998,10.);
#1169=VECTOR('',#3999,10.);
#1170=VECTOR('',#4002,10.);
#1171=VECTOR('',#4005,10.);
#1172=VECTOR('',#4010,10.);
#1173=VECTOR('',#4011,10.);
#1174=VECTOR('',#4012,10.);
#1175=VECTOR('',#4015,10.);
#1176=VECTOR('',#4018,10.);
#1177=VECTOR('',#4021,10.);
#1178=VECTOR('',#4022,10.);
#1179=VECTOR('',#4025,10.);
#1180=VECTOR('',#4026,10.);
#1181=VECTOR('',#4027,10.);
#1182=VECTOR('',#4030,10.);
#1183=VECTOR('',#4031,10.);
#1184=VECTOR('',#4032,10.);
#1185=VECTOR('',#4035,10.);
#1186=VECTOR('',#4038,10.);
#1187=VECTOR('',#4039,10.);
#1188=VECTOR('',#4040,10.);
#1189=VECTOR('',#4041,10.);
#1190=VECTOR('',#4042,10.);
#1191=VECTOR('',#4045,10.);
#1192=VECTOR('',#4050,10.);
#1193=VECTOR('',#4051,10.);
#1194=VECTOR('',#4052,10.);
#1195=VECTOR('',#4055,10.);
#1196=VECTOR('',#4058,10.);
#1197=VECTOR('',#4063,10.);
#1198=VECTOR('',#4064,10.);
#1199=VECTOR('',#4067,10.);
#1200=VECTOR('',#4068,10.);
#1201=VECTOR('',#4071,10.);
#1202=VECTOR('',#4072,10.);
#1203=VECTOR('',#4073,10.);
#1204=VECTOR('',#4076,10.);
#1205=VECTOR('',#4077,10.);
#1206=VECTOR('',#4080,10.);
#1207=VECTOR('',#4081,10.);
#1208=VECTOR('',#4084,10.);
#1209=VECTOR('',#4085,10.);
#1210=VECTOR('',#4088,10.);
#1211=VECTOR('',#4089,10.);
#1212=VECTOR('',#4090,10.);
#1213=VECTOR('',#4091,10.);
#1214=VECTOR('',#4092,10.);
#1215=VECTOR('',#4093,10.);
#1216=VECTOR('',#4094,10.);
#1217=VECTOR('',#4095,10.);
#1218=VECTOR('',#4098,10.);
#1219=VECTOR('',#4099,10.);
#1220=VECTOR('',#4100,10.);
#1221=VECTOR('',#4103,10.);
#1222=VECTOR('',#4104,10.);
#1223=VECTOR('',#4107,10.);
#1224=VECTOR('',#4110,10.);
#1225=VECTOR('',#4111,10.);
#1226=VECTOR('',#4112,10.);
#1227=VECTOR('',#4115,10.);
#1228=VECTOR('',#4116,10.);
#1229=VECTOR('',#4121,10.);
#1230=VECTOR('',#4122,10.);
#1231=VECTOR('',#4125,10.);
#1232=VECTOR('',#4126,1.);
#1233=VECTOR('',#4129,10.);
#1234=VECTOR('',#4130,1.);
#1235=VECTOR('',#4133,1.);
#1236=VECTOR('',#4138,10.);
#1237=VECTOR('',#4139,10.);
#1238=VECTOR('',#4140,10.);
#1239=VECTOR('',#4141,10.);
#1240=VECTOR('',#4142,10.);
#1241=VECTOR('',#4143,10.);
#1242=VECTOR('',#4144,10.);
#1243=VECTOR('',#4145,10.);
#1244=VECTOR('',#4146,10.);
#1245=VECTOR('',#4147,10.);
#1246=VECTOR('',#4150,10.);
#1247=VECTOR('',#4151,10.);
#1248=VECTOR('',#4152,10.);
#1249=VECTOR('',#4153,10.);
#1250=VECTOR('',#4154,10.);
#1251=VECTOR('',#4155,10.);
#1252=VECTOR('',#4156,10.);
#1253=VECTOR('',#4157,10.);
#1254=VECTOR('',#4160,10.);
#1255=VECTOR('',#4161,10.);
#1256=VECTOR('',#4164,10.);
#1257=VECTOR('',#4167,10.);
#1258=VECTOR('',#4172,10.);
#1259=VECTOR('',#4173,10.);
#1260=VECTOR('',#4174,10.);
#1261=VECTOR('',#4177,10.);
#1262=VECTOR('',#4178,10.);
#1263=VECTOR('',#4181,10.);
#1264=VECTOR('',#4182,10.);
#1265=VECTOR('',#4185,10.);
#1266=VECTOR('',#4190,10.);
#1267=VECTOR('',#4191,10.);
#1268=VECTOR('',#4192,10.);
#1269=VECTOR('',#4195,10.);
#1270=VECTOR('',#4196,10.);
#1271=VECTOR('',#4197,10.);
#1272=VECTOR('',#4200,10.);
#1273=VECTOR('',#4201,10.);
#1274=VECTOR('',#4202,10.);
#1275=VECTOR('',#4205,10.);
#1276=VECTOR('',#4208,10.);
#1277=VERTEX_POINT('',#4213);
#1278=VERTEX_POINT('',#4214);
#1279=VERTEX_POINT('',#4216);
#1280=VERTEX_POINT('',#4218);
#1281=VERTEX_POINT('',#4227);
#1282=VERTEX_POINT('',#4229);
#1283=VERTEX_POINT('',#4233);
#1284=VERTEX_POINT('',#4237);
#1285=VERTEX_POINT('',#4249);
#1286=VERTEX_POINT('',#4250);
#1287=VERTEX_POINT('',#4252);
#1288=VERTEX_POINT('',#4254);
#1289=VERTEX_POINT('',#4256);
#1290=VERTEX_POINT('',#4258);
#1291=VERTEX_POINT('',#4260);
#1292=VERTEX_POINT('',#4262);
#1293=VERTEX_POINT('',#4264);
#1294=VERTEX_POINT('',#4266);
#1295=VERTEX_POINT('',#4268);
#1296=VERTEX_POINT('',#4270);
#1297=VERTEX_POINT('',#4272);
#1298=VERTEX_POINT('',#4277);
#1299=VERTEX_POINT('',#4282);
#1300=VERTEX_POINT('',#4287);
#1301=VERTEX_POINT('',#4291);
#1302=VERTEX_POINT('',#4292);
#1303=VERTEX_POINT('',#4303);
#1304=VERTEX_POINT('',#4305);
#1305=VERTEX_POINT('',#4309);
#1306=VERTEX_POINT('',#4311);
#1307=VERTEX_POINT('',#4315);
#1308=VERTEX_POINT('',#4317);
#1309=VERTEX_POINT('',#4321);
#1310=VERTEX_POINT('',#4322);
#1311=VERTEX_POINT('',#4324);
#1312=VERTEX_POINT('',#4326);
#1313=VERTEX_POINT('',#4328);
#1314=VERTEX_POINT('',#4330);
#1315=VERTEX_POINT('',#4334);
#1316=VERTEX_POINT('',#4336);
#1317=VERTEX_POINT('',#4340);
#1318=VERTEX_POINT('',#4342);
#1319=VERTEX_POINT('',#4346);
#1320=VERTEX_POINT('',#4350);
#1321=VERTEX_POINT('',#4352);
#1322=VERTEX_POINT('',#4357);
#1323=VERTEX_POINT('',#4361);
#1324=VERTEX_POINT('',#4365);
#1325=VERTEX_POINT('',#4367);
#1326=VERTEX_POINT('',#4369);
#1327=VERTEX_POINT('',#4371);
#1328=VERTEX_POINT('',#4376);
#1329=VERTEX_POINT('',#4377);
#1330=VERTEX_POINT('',#4379);
#1331=VERTEX_POINT('',#4381);
#1332=VERTEX_POINT('',#4385);
#1333=VERTEX_POINT('',#4387);
#1334=VERTEX_POINT('',#4394);
#1335=VERTEX_POINT('',#4395);
#1336=VERTEX_POINT('',#4397);
#1337=VERTEX_POINT('',#4399);
#1338=VERTEX_POINT('',#4401);
#1339=VERTEX_POINT('',#4405);
#1340=VERTEX_POINT('',#4407);
#1341=VERTEX_POINT('',#4409);
#1342=VERTEX_POINT('',#4414);
#1343=VERTEX_POINT('',#4416);
#1344=VERTEX_POINT('',#4420);
#1345=VERTEX_POINT('',#4421);
#1346=VERTEX_POINT('',#4423);
#1347=VERTEX_POINT('',#4425);
#1348=VERTEX_POINT('',#4429);
#1349=VERTEX_POINT('',#4431);
#1350=VERTEX_POINT('',#4438);
#1351=VERTEX_POINT('',#4439);
#1352=VERTEX_POINT('',#4441);
#1353=VERTEX_POINT('',#4443);
#1354=VERTEX_POINT('',#4445);
#1355=VERTEX_POINT('',#4447);
#1356=VERTEX_POINT('',#4451);
#1357=VERTEX_POINT('',#4453);
#1358=VERTEX_POINT('',#4458);
#1359=VERTEX_POINT('',#4460);
#1360=VERTEX_POINT('',#4483);
#1361=VERTEX_POINT('',#4484);
#1362=VERTEX_POINT('',#4492);
#1363=VERTEX_POINT('',#4497);
#1364=VERTEX_POINT('',#4512);
#1365=VERTEX_POINT('',#4514);
#1366=VERTEX_POINT('',#4518);
#1367=VERTEX_POINT('',#4519);
#1368=VERTEX_POINT('',#4521);
#1369=VERTEX_POINT('',#4523);
#1370=VERTEX_POINT('',#4525);
#1371=VERTEX_POINT('',#4527);
#1372=VERTEX_POINT('',#4529);
#1373=VERTEX_POINT('',#4533);
#1374=VERTEX_POINT('',#4536);
#1375=VERTEX_POINT('',#4538);
#1376=VERTEX_POINT('',#4547);
#1377=VERTEX_POINT('',#4551);
#1378=VERTEX_POINT('',#4552);
#1379=VERTEX_POINT('',#4554);
#1380=VERTEX_POINT('',#4556);
#1381=VERTEX_POINT('',#4560);
#1382=VERTEX_POINT('',#4561);
#1383=VERTEX_POINT('',#4566);
#1384=VERTEX_POINT('',#4570);
#1385=VERTEX_POINT('',#4571);
#1386=VERTEX_POINT('',#4575);
#1387=VERTEX_POINT('',#4577);
#1388=VERTEX_POINT('',#4581);
#1389=VERTEX_POINT('',#4582);
#1390=VERTEX_POINT('',#4584);
#1391=VERTEX_POINT('',#4586);
#1392=VERTEX_POINT('',#4590);
#1393=VERTEX_POINT('',#4592);
#1394=VERTEX_POINT('',#4596);
#1395=VERTEX_POINT('',#4598);
#1396=VERTEX_POINT('',#4602);
#1397=VERTEX_POINT('',#4603);
#1398=VERTEX_POINT('',#4605);
#1399=VERTEX_POINT('',#4607);
#1400=VERTEX_POINT('',#4611);
#1401=VERTEX_POINT('',#4613);
#1402=VERTEX_POINT('',#4620);
#1403=VERTEX_POINT('',#4621);
#1404=VERTEX_POINT('',#4624);
#1405=VERTEX_POINT('',#4626);
#1406=VERTEX_POINT('',#4630);
#1407=VERTEX_POINT('',#4631);
#1408=VERTEX_POINT('',#4633);
#1409=VERTEX_POINT('',#4635);
#1410=VERTEX_POINT('',#4640);
#1411=VERTEX_POINT('',#4642);
#1412=VERTEX_POINT('',#4646);
#1413=VERTEX_POINT('',#4647);
#1414=VERTEX_POINT('',#4649);
#1415=VERTEX_POINT('',#4662);
#1416=VERTEX_POINT('',#4663);
#1417=VERTEX_POINT('',#4665);
#1418=VERTEX_POINT('',#4667);
#1419=VERTEX_POINT('',#4677);
#1420=VERTEX_POINT('',#4681);
#1421=VERTEX_POINT('',#4683);
#1422=VERTEX_POINT('',#4687);
#1423=VERTEX_POINT('',#4689);
#1424=VERTEX_POINT('',#4691);
#1425=VERTEX_POINT('',#4695);
#1426=VERTEX_POINT('',#4703);
#1427=VERTEX_POINT('',#4707);
#1428=VERTEX_POINT('',#4711);
#1429=VERTEX_POINT('',#4715);
#1430=VERTEX_POINT('',#4719);
#1431=VERTEX_POINT('',#4723);
#1432=VERTEX_POINT('',#4730);
#1433=VERTEX_POINT('',#4745);
#1434=VERTEX_POINT('',#4747);
#1435=VERTEX_POINT('',#4751);
#1436=VERTEX_POINT('',#4756);
#1437=VERTEX_POINT('',#4762);
#1438=VERTEX_POINT('',#4763);
#1439=VERTEX_POINT('',#4766);
#1440=VERTEX_POINT('',#4770);
#1441=VERTEX_POINT('',#4772);
#1442=VERTEX_POINT('',#4776);
#1443=VERTEX_POINT('',#4778);
#1444=VERTEX_POINT('',#4780);
#1445=VERTEX_POINT('',#4782);
#1446=VERTEX_POINT('',#4784);
#1447=VERTEX_POINT('',#4788);
#1448=VERTEX_POINT('',#4789);
#1449=VERTEX_POINT('',#4800);
#1450=VERTEX_POINT('',#4823);
#1451=VERTEX_POINT('',#4825);
#1452=VERTEX_POINT('',#4827);
#1453=VERTEX_POINT('',#4834);
#1454=VERTEX_POINT('',#4841);
#1455=VERTEX_POINT('',#4846);
#1456=VERTEX_POINT('',#4850);
#1457=VERTEX_POINT('',#4854);
#1458=VERTEX_POINT('',#4858);
#1459=VERTEX_POINT('',#4862);
#1460=VERTEX_POINT('',#4863);
#1461=VERTEX_POINT('',#4865);
#1462=VERTEX_POINT('',#4867);
#1463=VERTEX_POINT('',#4869);
#1464=VERTEX_POINT('',#4873);
#1465=VERTEX_POINT('',#4875);
#1466=VERTEX_POINT('',#4879);
#1467=VERTEX_POINT('',#4881);
#1468=VERTEX_POINT('',#4885);
#1469=VERTEX_POINT('',#4886);
#1470=VERTEX_POINT('',#4889);
#1471=VERTEX_POINT('',#4891);
#1472=VERTEX_POINT('',#4893);
#1473=VERTEX_POINT('',#4895);
#1474=VERTEX_POINT('',#4908);
#1475=VERTEX_POINT('',#4909);
#1476=VERTEX_POINT('',#4914);
#1477=VERTEX_POINT('',#4916);
#1478=VERTEX_POINT('',#4918);
#1479=VERTEX_POINT('',#4920);
#1480=VERTEX_POINT('',#4922);
#1481=VERTEX_POINT('',#4924);
#1482=VERTEX_POINT('',#4926);
#1483=VERTEX_POINT('',#4928);
#1484=VERTEX_POINT('',#4952);
#1485=VERTEX_POINT('',#4961);
#1486=VERTEX_POINT('',#4962);
#1487=VERTEX_POINT('',#4967);
#1488=VERTEX_POINT('',#4972);
#1489=VERTEX_POINT('',#4997);
#1490=VERTEX_POINT('',#5029);
#1491=VERTEX_POINT('',#5033);
#1492=VERTEX_POINT('',#5037);
#1493=VERTEX_POINT('',#5039);
#1494=VERTEX_POINT('',#5041);
#1495=VERTEX_POINT('',#5043);
#1496=VERTEX_POINT('',#5047);
#1497=VERTEX_POINT('',#5049);
#1498=VERTEX_POINT('',#5060);
#1499=VERTEX_POINT('',#5062);
#1500=VERTEX_POINT('',#5064);
#1501=VERTEX_POINT('',#5066);
#1502=VERTEX_POINT('',#5068);
#1503=VERTEX_POINT('',#5070);
#1504=VERTEX_POINT('',#5072);
#1505=VERTEX_POINT('',#5074);
#1506=VERTEX_POINT('',#5076);
#1507=VERTEX_POINT('',#5127);
#1508=VERTEX_POINT('',#5128);
#1509=VERTEX_POINT('',#5132);
#1510=VERTEX_POINT('',#5134);
#1511=VERTEX_POINT('',#5136);
#1512=VERTEX_POINT('',#5141);
#1513=VERTEX_POINT('',#5143);
#1514=VERTEX_POINT('',#5149);
#1515=VERTEX_POINT('',#5166);
#1516=VERTEX_POINT('',#5175);
#1517=VERTEX_POINT('',#5179);
#1518=VERTEX_POINT('',#5194);
#1519=VERTEX_POINT('',#5195);
#1520=VERTEX_POINT('',#5206);
#1521=VERTEX_POINT('',#5210);
#1522=VERTEX_POINT('',#5217);
#1523=VERTEX_POINT('',#5219);
#1524=VERTEX_POINT('',#5221);
#1525=VERTEX_POINT('',#5224);
#1526=VERTEX_POINT('',#5225);
#1527=VERTEX_POINT('',#5227);
#1528=VERTEX_POINT('',#5229);
#1529=VERTEX_POINT('',#5233);
#1530=VERTEX_POINT('',#5235);
#1531=VERTEX_POINT('',#5244);
#1532=VERTEX_POINT('',#5246);
#1533=VERTEX_POINT('',#5257);
#1534=VERTEX_POINT('',#5261);
#1535=VERTEX_POINT('',#5268);
#1536=VERTEX_POINT('',#5273);
#1537=VERTEX_POINT('',#5280);
#1538=VERTEX_POINT('',#5285);
#1539=VERTEX_POINT('',#5310);
#1540=VERTEX_POINT('',#5315);
#1541=VERTEX_POINT('',#5337);
#1542=VERTEX_POINT('',#5359);
#1543=VERTEX_POINT('',#5381);
#1544=VERTEX_POINT('',#5403);
#1545=VERTEX_POINT('',#5425);
#1546=VERTEX_POINT('',#5447);
#1547=VERTEX_POINT('',#5469);
#1548=VERTEX_POINT('',#5491);
#1549=VERTEX_POINT('',#6603);
#1550=VERTEX_POINT('',#6604);
#1551=VERTEX_POINT('',#6619);
#1552=VERTEX_POINT('',#6652);
#1553=VERTEX_POINT('',#6796);
#1554=VERTEX_POINT('',#6797);
#1555=VERTEX_POINT('',#6819);
#1556=VERTEX_POINT('',#6820);
#1557=VERTEX_POINT('',#6822);
#1558=VERTEX_POINT('',#6824);
#1559=VERTEX_POINT('',#6827);
#1560=VERTEX_POINT('',#6828);
#1561=VERTEX_POINT('',#6830);
#1562=VERTEX_POINT('',#6832);
#1563=VERTEX_POINT('',#6844);
#1564=VERTEX_POINT('',#6846);
#1565=VERTEX_POINT('',#6850);
#1566=VERTEX_POINT('',#6854);
#1567=VERTEX_POINT('',#7121);
#1568=VERTEX_POINT('',#7122);
#1569=VERTEX_POINT('',#7124);
#1570=VERTEX_POINT('',#7128);
#1571=VERTEX_POINT('',#7129);
#1572=VERTEX_POINT('',#7134);
#1573=VERTEX_POINT('',#7136);
#1574=EDGE_CURVE('',#1277,#1278,#539,.T.);
#1575=EDGE_CURVE('',#1279,#1277,#540,.T.);
#1576=EDGE_CURVE('',#1279,#1280,#480,.T.);
#1577=EDGE_CURVE('',#1278,#1280,#541,.T.);
#1578=EDGE_CURVE('',#1278,#1281,#542,.T.);
#1579=EDGE_CURVE('',#1281,#1282,#543,.T.);
#1580=EDGE_CURVE('',#1282,#1277,#544,.T.);
#1581=EDGE_CURVE('',#1283,#1280,#545,.T.);
#1582=EDGE_CURVE('',#1283,#1281,#546,.T.);
#1583=EDGE_CURVE('',#1284,#1283,#481,.T.);
#1584=EDGE_CURVE('',#1284,#1279,#547,.T.);
#1585=EDGE_CURVE('',#1282,#1284,#548,.T.);
#1586=EDGE_CURVE('',#1285,#1286,#549,.T.);
#1587=EDGE_CURVE('',#1287,#1286,#550,.T.);
#1588=EDGE_CURVE('',#1288,#1287,#551,.T.);
#1589=EDGE_CURVE('',#1289,#1288,#552,.T.);
#1590=EDGE_CURVE('',#1289,#1290,#553,.T.);
#1591=EDGE_CURVE('',#1290,#1291,#554,.T.);
#1592=EDGE_CURVE('',#1291,#1292,#555,.T.);
#1593=EDGE_CURVE('',#1292,#1293,#556,.T.);
#1594=EDGE_CURVE('',#1293,#1294,#557,.T.);
#1595=EDGE_CURVE('',#1295,#1294,#558,.T.);
#1596=EDGE_CURVE('',#1296,#1295,#559,.T.);
#1597=EDGE_CURVE('',#1296,#1297,#482,.T.);
#1598=EDGE_CURVE('',#1297,#1298,#483,.T.);
#1599=EDGE_CURVE('',#1298,#1299,#484,.T.);
#1600=EDGE_CURVE('',#1300,#1299,#560,.T.);
#1601=EDGE_CURVE('',#1300,#1285,#561,.T.);
#1602=EDGE_CURVE('',#1301,#1302,#562,.T.);
#1603=EDGE_CURVE('',#1302,#1286,#563,.T.);
#1604=EDGE_CURVE('',#1299,#1301,#485,.T.);
#1605=EDGE_CURVE('',#1303,#1303,#77,.T.);
#1606=EDGE_CURVE('',#1303,#1304,#564,.T.);
#1607=EDGE_CURVE('',#1304,#1304,#78,.T.);
#1608=EDGE_CURVE('',#1305,#1305,#79,.T.);
#1609=EDGE_CURVE('',#1305,#1306,#565,.T.);
#1610=EDGE_CURVE('',#1306,#1306,#80,.T.);
#1611=EDGE_CURVE('',#1307,#1307,#81,.T.);
#1612=EDGE_CURVE('',#1307,#1308,#566,.T.);
#1613=EDGE_CURVE('',#1308,#1308,#82,.T.);
#1614=EDGE_CURVE('',#1309,#1310,#567,.T.);
#1615=EDGE_CURVE('',#1310,#1311,#568,.T.);
#1616=EDGE_CURVE('',#1311,#1312,#569,.T.);
#1617=EDGE_CURVE('',#1312,#1313,#570,.T.);
#1618=EDGE_CURVE('',#1313,#1314,#571,.T.);
#1619=EDGE_CURVE('',#1314,#1309,#572,.T.);
#1620=EDGE_CURVE('',#1315,#1313,#573,.T.);
#1621=EDGE_CURVE('',#1316,#1315,#574,.T.);
#1622=EDGE_CURVE('',#1314,#1316,#575,.T.);
#1623=EDGE_CURVE('',#1317,#1312,#576,.T.);
#1624=EDGE_CURVE('',#1318,#1317,#577,.T.);
#1625=EDGE_CURVE('',#1318,#1315,#578,.T.);
#1626=EDGE_CURVE('',#1311,#1319,#579,.T.);
#1627=EDGE_CURVE('',#1317,#1319,#580,.T.);
#1628=EDGE_CURVE('',#1309,#1320,#581,.T.);
#1629=EDGE_CURVE('',#1320,#1321,#582,.T.);
#1630=EDGE_CURVE('',#1321,#1310,#583,.T.);
#1631=EDGE_CURVE('',#1319,#1321,#584,.T.);
#1632=EDGE_CURVE('',#1320,#1322,#585,.T.);
#1633=EDGE_CURVE('',#1322,#1317,#586,.T.);
#1634=EDGE_CURVE('',#1316,#1323,#587,.T.);
#1635=EDGE_CURVE('',#1323,#1320,#588,.T.);
#1636=EDGE_CURVE('',#1324,#1322,#589,.T.);
#1637=EDGE_CURVE('',#1325,#1324,#590,.T.);
#1638=EDGE_CURVE('',#1326,#1325,#591,.T.);
#1639=EDGE_CURVE('',#1327,#1326,#592,.T.);
#1640=EDGE_CURVE('',#1318,#1327,#593,.T.);
#1641=EDGE_CURVE('',#1328,#1329,#594,.T.);
#1642=EDGE_CURVE('',#1328,#1330,#595,.T.);
#1643=EDGE_CURVE('',#1331,#1330,#596,.T.);
#1644=EDGE_CURVE('',#1329,#1331,#597,.T.);
#1645=EDGE_CURVE('',#1332,#1328,#598,.T.);
#1646=EDGE_CURVE('',#1332,#1333,#599,.T.);
#1647=EDGE_CURVE('',#1330,#1333,#600,.T.);
#1648=EDGE_CURVE('',#1329,#1332,#601,.T.);
#1649=EDGE_CURVE('',#1333,#1331,#602,.T.);
#1650=EDGE_CURVE('',#1334,#1335,#603,.T.);
#1651=EDGE_CURVE('',#1334,#1336,#604,.T.);
#1652=EDGE_CURVE('',#1337,#1336,#605,.T.);
#1653=EDGE_CURVE('',#1338,#1337,#606,.T.);
#1654=EDGE_CURVE('',#1335,#1338,#607,.T.);
#1655=EDGE_CURVE('',#1339,#1334,#608,.T.);
#1656=EDGE_CURVE('',#1339,#1340,#609,.T.);
#1657=EDGE_CURVE('',#1340,#1341,#610,.T.);
#1658=EDGE_CURVE('',#1341,#1336,#611,.T.);
#1659=EDGE_CURVE('',#1335,#1339,#612,.T.);
#1660=EDGE_CURVE('',#1338,#1342,#613,.T.);
#1661=EDGE_CURVE('',#1342,#1343,#614,.T.);
#1662=EDGE_CURVE('',#1343,#1340,#615,.T.);
#1663=EDGE_CURVE('',#1344,#1345,#616,.T.);
#1664=EDGE_CURVE('',#1344,#1346,#617,.T.);
#1665=EDGE_CURVE('',#1347,#1346,#618,.T.);
#1666=EDGE_CURVE('',#1345,#1347,#619,.T.);
#1667=EDGE_CURVE('',#1348,#1344,#620,.T.);
#1668=EDGE_CURVE('',#1348,#1349,#621,.T.);
#1669=EDGE_CURVE('',#1346,#1349,#622,.T.);
#1670=EDGE_CURVE('',#1345,#1348,#623,.T.);
#1671=EDGE_CURVE('',#1349,#1347,#624,.T.);
#1672=EDGE_CURVE('',#1350,#1351,#625,.T.);
#1673=EDGE_CURVE('',#1350,#1352,#626,.T.);
#1674=EDGE_CURVE('',#1352,#1353,#627,.T.);
#1675=EDGE_CURVE('',#1353,#1354,#628,.T.);
#1676=EDGE_CURVE('',#1354,#1355,#629,.T.);
#1677=EDGE_CURVE('',#1351,#1355,#630,.T.);
#1678=EDGE_CURVE('',#1356,#1350,#631,.T.);
#1679=EDGE_CURVE('',#1356,#1357,#632,.T.);
#1680=EDGE_CURVE('',#1352,#1357,#633,.T.);
#1681=EDGE_CURVE('',#1351,#1356,#634,.T.);
#1682=EDGE_CURVE('',#1355,#1358,#635,.T.);
#1683=EDGE_CURVE('',#1358,#1359,#636,.T.);
#1684=EDGE_CURVE('',#1359,#1357,#637,.T.);
#1685=EDGE_CURVE('',#1360,#1361,#486,.T.);
#1686=EDGE_CURVE('',#1361,#1362,#487,.T.);
#1687=EDGE_CURVE('',#1363,#1362,#488,.T.);
#1688=EDGE_CURVE('',#1360,#1363,#489,.T.);
#1689=EDGE_CURVE('',#1364,#1361,#638,.T.);
#1690=EDGE_CURVE('',#1365,#1364,#639,.T.);
#1691=EDGE_CURVE('',#1362,#1365,#640,.T.);
#1692=EDGE_CURVE('',#1366,#1367,#641,.T.);
#1693=EDGE_CURVE('',#1368,#1367,#642,.T.);
#1694=EDGE_CURVE('',#1368,#1369,#643,.T.);
#1695=EDGE_CURVE('',#1370,#1369,#644,.T.);
#1696=EDGE_CURVE('',#1371,#1370,#645,.T.);
#1697=EDGE_CURVE('',#1371,#1372,#646,.T.);
#1698=EDGE_CURVE('',#1372,#1366,#647,.T.);
#1699=EDGE_CURVE('',#1286,#1373,#648,.T.);
#1700=EDGE_CURVE('',#1364,#1302,#649,.T.);
#1701=EDGE_CURVE('',#1374,#1364,#650,.T.);
#1702=EDGE_CURVE('',#1375,#1374,#651,.T.);
#1703=EDGE_CURVE('',#1373,#1375,#490,.T.);
#1704=EDGE_CURVE('',#1376,#1301,#652,.T.);
#1705=EDGE_CURVE('',#1365,#1376,#653,.T.);
#1706=EDGE_CURVE('',#1377,#1378,#654,.T.);
#1707=EDGE_CURVE('',#1378,#1379,#655,.T.);
#1708=EDGE_CURVE('',#1379,#1380,#656,.T.);
#1709=EDGE_CURVE('',#1380,#1377,#657,.T.);
#1710=EDGE_CURVE('',#1381,#1382,#658,.T.);
#1711=EDGE_CURVE('',#1369,#1382,#659,.T.);
#1712=EDGE_CURVE('',#1381,#1368,#660,.T.);
#1713=EDGE_CURVE('',#1382,#1383,#661,.T.);
#1714=EDGE_CURVE('',#1383,#1381,#662,.T.);
#1715=EDGE_CURVE('',#1384,#1385,#22,.T.);
#1716=EDGE_CURVE('',#1385,#1384,#663,.T.);
#1717=EDGE_CURVE('',#1386,#1379,#664,.T.);
#1718=EDGE_CURVE('',#1387,#1386,#665,.T.);
#1719=EDGE_CURVE('',#1387,#1380,#666,.T.);
#1720=EDGE_CURVE('',#1388,#1389,#667,.T.);
#1721=EDGE_CURVE('',#1388,#1390,#668,.T.);
#1722=EDGE_CURVE('',#1390,#1391,#669,.T.);
#1723=EDGE_CURVE('',#1391,#1389,#670,.T.);
#1724=EDGE_CURVE('',#1392,#1392,#83,.T.);
#1725=EDGE_CURVE('',#1392,#1393,#671,.T.);
#1726=EDGE_CURVE('',#1393,#1393,#84,.T.);
#1727=EDGE_CURVE('',#1394,#1394,#85,.T.);
#1728=EDGE_CURVE('',#1394,#1395,#672,.T.);
#1729=EDGE_CURVE('',#1395,#1395,#86,.T.);
#1730=EDGE_CURVE('',#1396,#1397,#673,.T.);
#1731=EDGE_CURVE('',#1397,#1398,#674,.T.);
#1732=EDGE_CURVE('',#1399,#1398,#675,.T.);
#1733=EDGE_CURVE('',#1396,#1399,#676,.T.);
#1734=EDGE_CURVE('',#1371,#1400,#677,.T.);
#1735=EDGE_CURVE('',#1400,#1401,#678,.T.);
#1736=EDGE_CURVE('',#1401,#1372,#679,.T.);
#1737=EDGE_CURVE('',#1391,#1401,#680,.T.);
#1738=EDGE_CURVE('',#1389,#1400,#681,.T.);
#1739=EDGE_CURVE('',#1402,#1403,#682,.T.);
#1740=EDGE_CURVE('',#1402,#1367,#683,.T.);
#1741=EDGE_CURVE('',#1404,#1366,#684,.T.);
#1742=EDGE_CURVE('',#1405,#1404,#685,.T.);
#1743=EDGE_CURVE('',#1403,#1405,#686,.T.);
#1744=EDGE_CURVE('',#1406,#1407,#687,.T.);
#1745=EDGE_CURVE('',#1407,#1408,#688,.T.);
#1746=EDGE_CURVE('',#1409,#1408,#689,.T.);
#1747=EDGE_CURVE('',#1405,#1409,#690,.T.);
#1748=EDGE_CURVE('',#1406,#1404,#691,.T.);
#1749=EDGE_CURVE('',#1410,#1406,#692,.T.);
#1750=EDGE_CURVE('',#1411,#1410,#693,.T.);
#1751=EDGE_CURVE('',#1411,#1406,#694,.T.);
#1752=EDGE_CURVE('',#1412,#1413,#695,.T.);
#1753=EDGE_CURVE('',#1412,#1414,#696,.T.);
#1754=EDGE_CURVE('',#1413,#1414,#697,.T.);
#1755=EDGE_CURVE('',#1388,#1396,#87,.T.);
#1756=EDGE_CURVE('',#1384,#1399,#88,.T.);
#1757=EDGE_CURVE('',#1390,#1385,#89,.T.);
#1758=EDGE_CURVE('',#1415,#1416,#23,.T.);
#1759=EDGE_CURVE('',#1415,#1417,#698,.T.);
#1760=EDGE_CURVE('',#1418,#1417,#24,.T.);
#1761=EDGE_CURVE('',#1416,#1418,#699,.T.);
#1762=EDGE_CURVE('',#1288,#1415,#700,.T.);
#1763=EDGE_CURVE('',#1417,#1287,#701,.T.);
#1764=EDGE_CURVE('',#1416,#1377,#702,.T.);
#1765=EDGE_CURVE('',#1378,#1418,#703,.T.);
#1766=EDGE_CURVE('',#1408,#1419,#704,.T.);
#1767=EDGE_CURVE('',#1409,#1419,#705,.T.);
#1768=EDGE_CURVE('',#1407,#1420,#706,.T.);
#1769=EDGE_CURVE('',#1421,#1420,#707,.T.);
#1770=EDGE_CURVE('',#1407,#1421,#708,.T.);
#1771=EDGE_CURVE('',#1422,#1414,#709,.T.);
#1772=EDGE_CURVE('',#1423,#1412,#710,.T.);
#1773=EDGE_CURVE('',#1423,#1424,#711,.T.);
#1774=EDGE_CURVE('',#1424,#1422,#712,.T.);
#1775=EDGE_CURVE('',#1425,#1423,#713,.T.);
#1776=EDGE_CURVE('',#1413,#1411,#714,.T.);
#1777=EDGE_CURVE('',#1410,#1360,#715,.T.);
#1778=EDGE_CURVE('',#1363,#1370,#716,.T.);
#1779=EDGE_CURVE('',#1383,#1425,#717,.T.);
#1780=EDGE_CURVE('',#1420,#1425,#718,.T.);
#1781=EDGE_CURVE('',#1402,#1426,#719,.T.);
#1782=EDGE_CURVE('',#1426,#1421,#720,.T.);
#1783=EDGE_CURVE('',#1427,#1406,#721,.T.);
#1784=EDGE_CURVE('',#1424,#1427,#722,.T.);
#1785=EDGE_CURVE('',#1422,#1428,#723,.T.);
#1786=EDGE_CURVE('',#1413,#1428,#724,.T.);
#1787=EDGE_CURVE('',#1429,#1424,#725,.T.);
#1788=EDGE_CURVE('',#1427,#1429,#726,.T.);
#1789=EDGE_CURVE('',#1430,#1429,#727,.T.);
#1790=EDGE_CURVE('',#1406,#1430,#728,.T.);
#1791=EDGE_CURVE('',#1431,#1430,#729,.T.);
#1792=EDGE_CURVE('',#1411,#1431,#730,.T.);
#1793=EDGE_CURVE('',#1428,#1431,#731,.T.);
#1794=EDGE_CURVE('',#1432,#1323,#732,.T.);
#1795=EDGE_CURVE('',#1403,#1432,#733,.T.);
#1796=EDGE_CURVE('',#1419,#1322,#734,.T.);
#1797=EDGE_CURVE('',#1325,#1426,#735,.T.);
#1798=EDGE_CURVE('',#1324,#1419,#736,.T.);
#1799=EDGE_CURVE('',#1398,#1386,#90,.T.);
#1800=EDGE_CURVE('',#1397,#1387,#91,.T.);
#1801=EDGE_CURVE('',#1343,#1358,#737,.T.);
#1802=EDGE_CURVE('',#1354,#1433,#738,.T.);
#1803=EDGE_CURVE('',#1433,#1434,#739,.T.);
#1804=EDGE_CURVE('',#1434,#1353,#740,.T.);
#1805=EDGE_CURVE('',#1359,#1342,#741,.T.);
#1806=EDGE_CURVE('',#1337,#1435,#742,.T.);
#1807=EDGE_CURVE('',#1435,#1377,#743,.T.);
#1808=EDGE_CURVE('',#1376,#1341,#744,.T.);
#1809=EDGE_CURVE('',#1416,#1436,#745,.T.);
#1810=EDGE_CURVE('',#1415,#1436,#14,.T.);
#1811=EDGE_CURVE('',#1437,#1438,#746,.T.);
#1812=EDGE_CURVE('',#1353,#1437,#747,.T.);
#1813=EDGE_CURVE('',#1434,#1439,#748,.T.);
#1814=EDGE_CURVE('',#1438,#1439,#749,.T.);
#1815=EDGE_CURVE('',#1436,#1440,#750,.T.);
#1816=EDGE_CURVE('',#1441,#1440,#751,.T.);
#1817=EDGE_CURVE('',#1441,#1289,#752,.T.);
#1818=EDGE_CURVE('',#1442,#1441,#753,.T.);
#1819=EDGE_CURVE('',#1443,#1442,#754,.T.);
#1820=EDGE_CURVE('',#1444,#1443,#755,.T.);
#1821=EDGE_CURVE('',#1444,#1445,#92,.F.);
#1822=EDGE_CURVE('',#1446,#1445,#756,.T.);
#1823=EDGE_CURVE('',#1446,#1290,#757,.T.);
#1824=EDGE_CURVE('',#1447,#1448,#491,.T.);
#1825=EDGE_CURVE('',#1449,#1448,#492,.T.);
#1826=EDGE_CURVE('',#1449,#1450,#758,.T.);
#1827=EDGE_CURVE('',#1451,#1450,#25,.T.);
#1828=EDGE_CURVE('',#1451,#1452,#15,.T.);
#1829=EDGE_CURVE('',#1452,#1447,#26,.T.);
#1830=EDGE_CURVE('',#1450,#1354,#759,.T.);
#1831=EDGE_CURVE('',#1453,#1449,#493,.T.);
#1832=EDGE_CURVE('',#1433,#1453,#760,.T.);
#1833=EDGE_CURVE('',#1454,#1453,#494,.T.);
#1834=EDGE_CURVE('',#1454,#1455,#761,.T.);
#1835=EDGE_CURVE('',#1439,#1455,#762,.T.);
#1836=EDGE_CURVE('',#1456,#1291,#763,.T.);
#1837=EDGE_CURVE('',#1456,#1446,#764,.T.);
#1838=EDGE_CURVE('',#1457,#1456,#765,.T.);
#1839=EDGE_CURVE('',#1457,#1445,#766,.T.);
#1840=EDGE_CURVE('',#1458,#1457,#27,.T.);
#1841=EDGE_CURVE('',#1444,#1458,#767,.T.);
#1842=EDGE_CURVE('',#1459,#1460,#28,.T.);
#1843=EDGE_CURVE('',#1461,#1460,#768,.F.);
#1844=EDGE_CURVE('',#1462,#1461,#769,.F.);
#1845=EDGE_CURVE('',#1463,#1462,#93,.T.);
#1846=EDGE_CURVE('',#1463,#1459,#770,.T.);
#1847=EDGE_CURVE('',#1464,#1459,#771,.T.);
#1848=EDGE_CURVE('',#1465,#1463,#772,.T.);
#1849=EDGE_CURVE('',#1464,#1465,#773,.T.);
#1850=EDGE_CURVE('',#1466,#1464,#94,.T.);
#1851=EDGE_CURVE('',#1467,#1465,#29,.T.);
#1852=EDGE_CURVE('',#1467,#1466,#774,.T.);
#1853=EDGE_CURVE('',#1468,#1469,#775,.T.);
#1854=EDGE_CURVE('',#1437,#1469,#30,.T.);
#1855=EDGE_CURVE('',#1470,#1438,#95,.T.);
#1856=EDGE_CURVE('',#1471,#1470,#776,.T.);
#1857=EDGE_CURVE('',#1472,#1471,#96,.T.);
#1858=EDGE_CURVE('',#1472,#1473,#495,.T.);
#1859=EDGE_CURVE('',#1473,#1468,#31,.T.);
#1860=EDGE_CURVE('',#1474,#1475,#777,.T.);
#1861=EDGE_CURVE('',#1475,#1466,#97,.T.);
#1862=EDGE_CURVE('',#1474,#1467,#32,.T.);
#1863=EDGE_CURVE('',#1476,#1471,#778,.T.);
#1864=EDGE_CURVE('',#1477,#1476,#779,.T.);
#1865=EDGE_CURVE('',#1478,#1477,#780,.T.);
#1866=EDGE_CURVE('',#1479,#1478,#781,.T.);
#1867=EDGE_CURVE('',#1480,#1479,#782,.T.);
#1868=EDGE_CURVE('',#1481,#1480,#783,.T.);
#1869=EDGE_CURVE('',#1482,#1481,#784,.T.);
#1870=EDGE_CURVE('',#1483,#1482,#496,.T.);
#1871=EDGE_CURVE('',#1471,#1483,#785,.T.);
#1872=EDGE_CURVE('',#1474,#1478,#786,.T.);
#1873=EDGE_CURVE('',#1477,#1475,#787,.T.);
#1874=EDGE_CURVE('',#1484,#1376,#497,.T.);
#1875=EDGE_CURVE('',#1484,#1299,#788,.T.);
#1876=EDGE_CURVE('',#1485,#1486,#498,.T.);
#1877=EDGE_CURVE('',#1486,#1487,#499,.T.);
#1878=EDGE_CURVE('',#1487,#1488,#500,.T.);
#1879=EDGE_CURVE('',#1488,#1485,#501,.T.);
#1880=EDGE_CURVE('',#1448,#1489,#502,.T.);
#1881=EDGE_CURVE('',#1489,#1454,#503,.T.);
#1882=EDGE_CURVE('',#1468,#1481,#789,.T.);
#1883=EDGE_CURVE('',#1469,#1480,#790,.T.);
#1884=EDGE_CURVE('',#1472,#1483,#791,.T.);
#1885=EDGE_CURVE('',#1473,#1482,#792,.T.);
#1886=EDGE_CURVE('',#1490,#1484,#793,.T.);
#1887=EDGE_CURVE('',#1490,#1298,#794,.T.);
#1888=EDGE_CURVE('',#1491,#1490,#795,.T.);
#1889=EDGE_CURVE('',#1491,#1297,#796,.T.);
#1890=EDGE_CURVE('',#1295,#1492,#797,.T.);
#1891=EDGE_CURVE('',#1492,#1493,#798,.T.);
#1892=EDGE_CURVE('',#1493,#1494,#33,.T.);
#1893=EDGE_CURVE('',#1494,#1495,#16,.T.);
#1894=EDGE_CURVE('',#1495,#1496,#799,.T.);
#1895=EDGE_CURVE('',#1496,#1497,#800,.T.);
#1896=EDGE_CURVE('',#1497,#1296,#504,.T.);
#1897=EDGE_CURVE('',#1496,#1498,#801,.T.);
#1898=EDGE_CURVE('',#1498,#1499,#34,.T.);
#1899=EDGE_CURVE('',#1499,#1500,#802,.T.);
#1900=EDGE_CURVE('',#1500,#1501,#98,.T.);
#1901=EDGE_CURVE('',#1501,#1502,#99,.T.);
#1902=EDGE_CURVE('',#1502,#1503,#803,.T.);
#1903=EDGE_CURVE('',#1503,#1504,#804,.T.);
#1904=EDGE_CURVE('',#1505,#1504,#805,.T.);
#1905=EDGE_CURVE('',#1505,#1506,#505,.T.);
#1906=EDGE_CURVE('',#1497,#1506,#506,.T.);
#1907=EDGE_CURVE('',#1291,#1295,#806,.T.);
#1908=EDGE_CURVE('',#1456,#1492,#807,.T.);
#1909=EDGE_CURVE('',#1457,#1493,#808,.T.);
#1910=EDGE_CURVE('',#1458,#1496,#809,.T.);
#1911=EDGE_CURVE('',#1460,#1458,#810,.T.);
#1912=EDGE_CURVE('',#1460,#1498,#811,.T.);
#1913=EDGE_CURVE('',#1459,#1499,#812,.T.);
#1914=EDGE_CURVE('',#1464,#1500,#813,.T.);
#1915=EDGE_CURVE('',#1466,#1501,#814,.T.);
#1916=EDGE_CURVE('',#1475,#1502,#815,.T.);
#1917=EDGE_CURVE('',#1476,#1503,#816,.T.);
#1918=EDGE_CURVE('',#1507,#1508,#817,.T.);
#1919=EDGE_CURVE('',#1508,#1504,#818,.T.);
#1920=EDGE_CURVE('',#1503,#1470,#819,.T.);
#1921=EDGE_CURVE('',#1455,#1509,#820,.T.);
#1922=EDGE_CURVE('',#1510,#1509,#821,.T.);
#1923=EDGE_CURVE('',#1511,#1510,#100,.T.);
#1924=EDGE_CURVE('',#1507,#1511,#822,.T.);
#1925=EDGE_CURVE('',#1509,#1512,#823,.T.);
#1926=EDGE_CURVE('',#1512,#1513,#824,.T.);
#1927=EDGE_CURVE('',#1510,#1513,#825,.F.);
#1928=EDGE_CURVE('',#1454,#1512,#826,.T.);
#1929=EDGE_CURVE('',#1514,#1489,#827,.T.);
#1930=EDGE_CURVE('',#1513,#1514,#101,.T.);
#1931=EDGE_CURVE('',#1511,#1514,#828,.T.);
#1932=EDGE_CURVE('',#1515,#1505,#829,.T.);
#1933=EDGE_CURVE('',#1515,#1491,#507,.T.);
#1934=EDGE_CURVE('',#1516,#1511,#830,.T.);
#1935=EDGE_CURVE('',#1516,#1515,#831,.T.);
#1936=EDGE_CURVE('',#1517,#1516,#832,.T.);
#1937=EDGE_CURVE('',#1517,#1514,#833,.T.);
#1938=EDGE_CURVE('',#1518,#1519,#508,.T.);
#1939=EDGE_CURVE('',#1519,#1517,#509,.T.);
#1940=EDGE_CURVE('',#1518,#1447,#834,.T.);
#1941=EDGE_CURVE('',#1520,#1518,#835,.T.);
#1942=EDGE_CURVE('',#1520,#1452,#836,.T.);
#1943=EDGE_CURVE('',#1521,#1520,#837,.T.);
#1944=EDGE_CURVE('',#1521,#1451,#838,.T.);
#1945=EDGE_CURVE('',#1358,#1521,#839,.T.);
#1946=EDGE_CURVE('',#1462,#1359,#840,.T.);
#1947=EDGE_CURVE('',#1435,#1522,#841,.T.);
#1948=EDGE_CURVE('',#1522,#1523,#842,.T.);
#1949=EDGE_CURVE('',#1523,#1524,#843,.T.);
#1950=EDGE_CURVE('',#1440,#1524,#844,.T.);
#1951=EDGE_CURVE('',#1525,#1526,#845,.T.);
#1952=EDGE_CURVE('',#1526,#1527,#846,.T.);
#1953=EDGE_CURVE('',#1527,#1528,#847,.T.);
#1954=EDGE_CURVE('',#1528,#1525,#848,.T.);
#1955=EDGE_CURVE('',#1529,#1443,#849,.T.);
#1956=EDGE_CURVE('',#1530,#1529,#850,.T.);
#1957=EDGE_CURVE('',#1530,#1461,#851,.T.);
#1958=EDGE_CURVE('',#1342,#1337,#852,.T.);
#1959=EDGE_CURVE('',#1343,#1341,#853,.T.);
#1960=EDGE_CURVE('',#1461,#1522,#854,.T.);
#1961=EDGE_CURVE('',#1531,#1530,#855,.T.);
#1962=EDGE_CURVE('',#1532,#1531,#856,.T.);
#1963=EDGE_CURVE('',#1522,#1532,#857,.T.);
#1964=EDGE_CURVE('',#1523,#1532,#858,.T.);
#1965=EDGE_CURVE('',#1524,#1531,#859,.T.);
#1966=EDGE_CURVE('',#1487,#1526,#860,.T.);
#1967=EDGE_CURVE('',#1486,#1527,#861,.T.);
#1968=EDGE_CURVE('',#1533,#1525,#862,.T.);
#1969=EDGE_CURVE('',#1533,#1488,#863,.T.);
#1970=EDGE_CURVE('',#1528,#1534,#864,.T.);
#1971=EDGE_CURVE('',#1534,#1533,#865,.T.);
#1972=EDGE_CURVE('',#1485,#1534,#866,.T.);
#1973=EDGE_CURVE('',#1442,#1535,#510,.T.);
#1974=EDGE_CURVE('',#1535,#1536,#511,.T.);
#1975=EDGE_CURVE('',#1536,#1537,#512,.T.);
#1976=EDGE_CURVE('',#1537,#1538,#513,.T.);
#1977=EDGE_CURVE('',#1538,#1529,#514,.T.);
#1978=EDGE_CURVE('',#1521,#1539,#515,.T.);
#1979=EDGE_CURVE('',#1540,#1539,#867,.T.);
#1980=EDGE_CURVE('',#1520,#1540,#516,.T.);
#1981=EDGE_CURVE('',#1541,#1540,#868,.T.);
#1982=EDGE_CURVE('',#1518,#1541,#517,.T.);
#1983=EDGE_CURVE('',#1542,#1541,#869,.T.);
#1984=EDGE_CURVE('',#1517,#1542,#518,.T.);
#1985=EDGE_CURVE('',#1543,#1542,#870,.T.);
#1986=EDGE_CURVE('',#1516,#1543,#519,.T.);
#1987=EDGE_CURVE('',#1544,#1543,#871,.T.);
#1988=EDGE_CURVE('',#1515,#1544,#520,.T.);
#1989=EDGE_CURVE('',#1545,#1544,#872,.T.);
#1990=EDGE_CURVE('',#1491,#1545,#521,.T.);
#1991=EDGE_CURVE('',#1546,#1545,#873,.T.);
#1992=EDGE_CURVE('',#1490,#1546,#522,.T.);
#1993=EDGE_CURVE('',#1547,#1546,#874,.T.);
#1994=EDGE_CURVE('',#1484,#1547,#523,.T.);
#1995=EDGE_CURVE('',#1548,#1547,#875,.T.);
#1996=EDGE_CURVE('',#1376,#1548,#524,.T.);
#1997=EDGE_CURVE('',#1539,#1548,#876,.T.);
#1998=EDGE_CURVE('',#1549,#1550,#525,.T.);
#1999=EDGE_CURVE('',#1535,#1549,#526,.T.);
#2000=EDGE_CURVE('',#1551,#1442,#527,.T.);
#2001=EDGE_CURVE('',#1551,#1550,#528,.T.);
#2002=EDGE_CURVE('',#1537,#1552,#529,.T.);
#2003=EDGE_CURVE('',#1538,#1552,#530,.T.);
#2004=EDGE_CURVE('',#1553,#1554,#531,.T.);
#2005=EDGE_CURVE('',#1553,#1552,#532,.T.);
#2006=EDGE_CURVE('',#1536,#1554,#533,.T.);
#2007=EDGE_CURVE('',#1555,#1556,#877,.T.);
#2008=EDGE_CURVE('',#1556,#1557,#878,.T.);
#2009=EDGE_CURVE('',#1557,#1558,#879,.T.);
#2010=EDGE_CURVE('',#1558,#1555,#880,.T.);
#2011=EDGE_CURVE('',#1559,#1560,#881,.T.);
#2012=EDGE_CURVE('',#1559,#1561,#882,.T.);
#2013=EDGE_CURVE('',#1562,#1561,#883,.T.);
#2014=EDGE_CURVE('',#1562,#1560,#884,.T.);
#2015=EDGE_CURVE('',#1548,#1556,#885,.T.);
#2016=EDGE_CURVE('',#1539,#1555,#886,.T.);
#2017=EDGE_CURVE('',#1546,#1557,#887,.T.);
#2018=EDGE_CURVE('',#1544,#1558,#888,.T.);
#2019=EDGE_CURVE('',#1559,#1563,#889,.T.);
#2020=EDGE_CURVE('',#1563,#1564,#890,.T.);
#2021=EDGE_CURVE('',#1564,#1561,#891,.T.);
#2022=EDGE_CURVE('',#1564,#1565,#892,.T.);
#2023=EDGE_CURVE('',#1562,#1565,#893,.T.);
#2024=EDGE_CURVE('',#1566,#1560,#894,.T.);
#2025=EDGE_CURVE('',#1565,#1566,#895,.T.);
#2026=EDGE_CURVE('',#1566,#1563,#896,.T.);
#2027=EDGE_CURVE('',#1565,#1550,#534,.T.);
#2028=EDGE_CURVE('',#1529,#1551,#535,.T.);
#2029=EDGE_CURVE('',#1553,#1566,#536,.T.);
#2030=EDGE_CURVE('',#1563,#1554,#537,.T.);
#2031=EDGE_CURVE('',#1549,#1564,#538,.T.);
#2032=EDGE_CURVE('',#1567,#1568,#897,.T.);
#2033=EDGE_CURVE('',#1569,#1567,#898,.T.);
#2034=EDGE_CURVE('',#1568,#1569,#899,.T.);
#2035=EDGE_CURVE('',#1570,#1571,#900,.T.);
#2036=EDGE_CURVE('',#1569,#1570,#901,.T.);
#2037=EDGE_CURVE('',#1571,#1567,#902,.T.);
#2038=EDGE_CURVE('',#1572,#1568,#903,.T.);
#2039=EDGE_CURVE('',#1573,#1572,#904,.T.);
#2040=EDGE_CURVE('',#1571,#1573,#905,.T.);
#2041=EDGE_CURVE('',#1570,#1573,#906,.T.);
#2042=EDGE_CURVE('',#1569,#1572,#907,.T.);
#2043=ORIENTED_EDGE('',*,*,#1574,.F.);
#2044=ORIENTED_EDGE('',*,*,#1575,.F.);
#2045=ORIENTED_EDGE('',*,*,#1576,.T.);
#2046=ORIENTED_EDGE('',*,*,#1577,.F.);
#2047=ORIENTED_EDGE('',*,*,#1574,.T.);
#2048=ORIENTED_EDGE('',*,*,#1578,.T.);
#2049=ORIENTED_EDGE('',*,*,#1579,.T.);
#2050=ORIENTED_EDGE('',*,*,#1580,.T.);
#2051=ORIENTED_EDGE('',*,*,#1577,.T.);
#2052=ORIENTED_EDGE('',*,*,#1581,.F.);
#2053=ORIENTED_EDGE('',*,*,#1582,.T.);
#2054=ORIENTED_EDGE('',*,*,#1578,.F.);
#2055=ORIENTED_EDGE('',*,*,#1583,.T.);
#2056=ORIENTED_EDGE('',*,*,#1581,.T.);
#2057=ORIENTED_EDGE('',*,*,#1576,.F.);
#2058=ORIENTED_EDGE('',*,*,#1584,.F.);
#2059=ORIENTED_EDGE('',*,*,#1575,.T.);
#2060=ORIENTED_EDGE('',*,*,#1580,.F.);
#2061=ORIENTED_EDGE('',*,*,#1585,.T.);
#2062=ORIENTED_EDGE('',*,*,#1584,.T.);
#2063=ORIENTED_EDGE('',*,*,#1579,.F.);
#2064=ORIENTED_EDGE('',*,*,#1582,.F.);
#2065=ORIENTED_EDGE('',*,*,#1583,.F.);
#2066=ORIENTED_EDGE('',*,*,#1585,.F.);
#2067=ORIENTED_EDGE('',*,*,#1586,.T.);
#2068=ORIENTED_EDGE('',*,*,#1587,.F.);
#2069=ORIENTED_EDGE('',*,*,#1588,.F.);
#2070=ORIENTED_EDGE('',*,*,#1589,.F.);
#2071=ORIENTED_EDGE('',*,*,#1590,.T.);
#2072=ORIENTED_EDGE('',*,*,#1591,.T.);
#2073=ORIENTED_EDGE('',*,*,#1592,.T.);
#2074=ORIENTED_EDGE('',*,*,#1593,.T.);
#2075=ORIENTED_EDGE('',*,*,#1594,.T.);
#2076=ORIENTED_EDGE('',*,*,#1595,.F.);
#2077=ORIENTED_EDGE('',*,*,#1596,.F.);
#2078=ORIENTED_EDGE('',*,*,#1597,.T.);
#2079=ORIENTED_EDGE('',*,*,#1598,.T.);
#2080=ORIENTED_EDGE('',*,*,#1599,.T.);
#2081=ORIENTED_EDGE('',*,*,#1600,.F.);
#2082=ORIENTED_EDGE('',*,*,#1601,.T.);
#2083=ORIENTED_EDGE('',*,*,#1602,.T.);
#2084=ORIENTED_EDGE('',*,*,#1603,.T.);
#2085=ORIENTED_EDGE('',*,*,#1586,.F.);
#2086=ORIENTED_EDGE('',*,*,#1601,.F.);
#2087=ORIENTED_EDGE('',*,*,#1600,.T.);
#2088=ORIENTED_EDGE('',*,*,#1604,.T.);
#2089=ORIENTED_EDGE('',*,*,#1605,.F.);
#2090=ORIENTED_EDGE('',*,*,#1606,.T.);
#2091=ORIENTED_EDGE('',*,*,#1607,.F.);
#2092=ORIENTED_EDGE('',*,*,#1606,.F.);
#2093=ORIENTED_EDGE('',*,*,#1608,.F.);
#2094=ORIENTED_EDGE('',*,*,#1609,.T.);
#2095=ORIENTED_EDGE('',*,*,#1610,.F.);
#2096=ORIENTED_EDGE('',*,*,#1609,.F.);
#2097=ORIENTED_EDGE('',*,*,#1611,.F.);
#2098=ORIENTED_EDGE('',*,*,#1612,.T.);
#2099=ORIENTED_EDGE('',*,*,#1613,.F.);
#2100=ORIENTED_EDGE('',*,*,#1612,.F.);
#2101=ORIENTED_EDGE('',*,*,#1614,.T.);
#2102=ORIENTED_EDGE('',*,*,#1615,.T.);
#2103=ORIENTED_EDGE('',*,*,#1616,.T.);
#2104=ORIENTED_EDGE('',*,*,#1617,.T.);
#2105=ORIENTED_EDGE('',*,*,#1618,.T.);
#2106=ORIENTED_EDGE('',*,*,#1619,.T.);
#2107=ORIENTED_EDGE('',*,*,#1618,.F.);
#2108=ORIENTED_EDGE('',*,*,#1620,.F.);
#2109=ORIENTED_EDGE('',*,*,#1621,.F.);
#2110=ORIENTED_EDGE('',*,*,#1622,.F.);
#2111=ORIENTED_EDGE('',*,*,#1617,.F.);
#2112=ORIENTED_EDGE('',*,*,#1623,.F.);
#2113=ORIENTED_EDGE('',*,*,#1624,.F.);
#2114=ORIENTED_EDGE('',*,*,#1625,.T.);
#2115=ORIENTED_EDGE('',*,*,#1620,.T.);
#2116=ORIENTED_EDGE('',*,*,#1616,.F.);
#2117=ORIENTED_EDGE('',*,*,#1626,.T.);
#2118=ORIENTED_EDGE('',*,*,#1627,.F.);
#2119=ORIENTED_EDGE('',*,*,#1623,.T.);
#2120=ORIENTED_EDGE('',*,*,#1614,.F.);
#2121=ORIENTED_EDGE('',*,*,#1628,.T.);
#2122=ORIENTED_EDGE('',*,*,#1629,.T.);
#2123=ORIENTED_EDGE('',*,*,#1630,.T.);
#2124=ORIENTED_EDGE('',*,*,#1631,.T.);
#2125=ORIENTED_EDGE('',*,*,#1629,.F.);
#2126=ORIENTED_EDGE('',*,*,#1632,.T.);
#2127=ORIENTED_EDGE('',*,*,#1633,.T.);
#2128=ORIENTED_EDGE('',*,*,#1627,.T.);
#2129=ORIENTED_EDGE('',*,*,#1619,.F.);
#2130=ORIENTED_EDGE('',*,*,#1622,.T.);
#2131=ORIENTED_EDGE('',*,*,#1634,.T.);
#2132=ORIENTED_EDGE('',*,*,#1635,.T.);
#2133=ORIENTED_EDGE('',*,*,#1628,.F.);
#2134=ORIENTED_EDGE('',*,*,#1633,.F.);
#2135=ORIENTED_EDGE('',*,*,#1636,.F.);
#2136=ORIENTED_EDGE('',*,*,#1637,.F.);
#2137=ORIENTED_EDGE('',*,*,#1638,.F.);
#2138=ORIENTED_EDGE('',*,*,#1639,.F.);
#2139=ORIENTED_EDGE('',*,*,#1640,.F.);
#2140=ORIENTED_EDGE('',*,*,#1624,.T.);
#2141=ORIENTED_EDGE('',*,*,#1615,.F.);
#2142=ORIENTED_EDGE('',*,*,#1630,.F.);
#2143=ORIENTED_EDGE('',*,*,#1631,.F.);
#2144=ORIENTED_EDGE('',*,*,#1626,.F.);
#2145=ORIENTED_EDGE('',*,*,#1605,.T.);
#2146=ORIENTED_EDGE('',*,*,#1608,.T.);
#2147=ORIENTED_EDGE('',*,*,#1611,.T.);
#2148=ORIENTED_EDGE('',*,*,#1641,.F.);
#2149=ORIENTED_EDGE('',*,*,#1642,.T.);
#2150=ORIENTED_EDGE('',*,*,#1643,.F.);
#2151=ORIENTED_EDGE('',*,*,#1644,.F.);
#2152=ORIENTED_EDGE('',*,*,#1645,.F.);
#2153=ORIENTED_EDGE('',*,*,#1646,.T.);
#2154=ORIENTED_EDGE('',*,*,#1647,.F.);
#2155=ORIENTED_EDGE('',*,*,#1642,.F.);
#2156=ORIENTED_EDGE('',*,*,#1648,.F.);
#2157=ORIENTED_EDGE('',*,*,#1644,.T.);
#2158=ORIENTED_EDGE('',*,*,#1649,.F.);
#2159=ORIENTED_EDGE('',*,*,#1646,.F.);
#2160=ORIENTED_EDGE('',*,*,#1650,.F.);
#2161=ORIENTED_EDGE('',*,*,#1651,.T.);
#2162=ORIENTED_EDGE('',*,*,#1652,.F.);
#2163=ORIENTED_EDGE('',*,*,#1653,.F.);
#2164=ORIENTED_EDGE('',*,*,#1654,.F.);
#2165=ORIENTED_EDGE('',*,*,#1655,.F.);
#2166=ORIENTED_EDGE('',*,*,#1656,.T.);
#2167=ORIENTED_EDGE('',*,*,#1657,.T.);
#2168=ORIENTED_EDGE('',*,*,#1658,.T.);
#2169=ORIENTED_EDGE('',*,*,#1651,.F.);
#2170=ORIENTED_EDGE('',*,*,#1659,.F.);
#2171=ORIENTED_EDGE('',*,*,#1654,.T.);
#2172=ORIENTED_EDGE('',*,*,#1660,.T.);
#2173=ORIENTED_EDGE('',*,*,#1661,.T.);
#2174=ORIENTED_EDGE('',*,*,#1662,.T.);
#2175=ORIENTED_EDGE('',*,*,#1656,.F.);
#2176=ORIENTED_EDGE('',*,*,#1663,.F.);
#2177=ORIENTED_EDGE('',*,*,#1664,.T.);
#2178=ORIENTED_EDGE('',*,*,#1665,.F.);
#2179=ORIENTED_EDGE('',*,*,#1666,.F.);
#2180=ORIENTED_EDGE('',*,*,#1667,.F.);
#2181=ORIENTED_EDGE('',*,*,#1668,.T.);
#2182=ORIENTED_EDGE('',*,*,#1669,.F.);
#2183=ORIENTED_EDGE('',*,*,#1664,.F.);
#2184=ORIENTED_EDGE('',*,*,#1670,.F.);
#2185=ORIENTED_EDGE('',*,*,#1666,.T.);
#2186=ORIENTED_EDGE('',*,*,#1671,.F.);
#2187=ORIENTED_EDGE('',*,*,#1668,.F.);
#2188=ORIENTED_EDGE('',*,*,#1672,.F.);
#2189=ORIENTED_EDGE('',*,*,#1673,.T.);
#2190=ORIENTED_EDGE('',*,*,#1674,.T.);
#2191=ORIENTED_EDGE('',*,*,#1675,.T.);
#2192=ORIENTED_EDGE('',*,*,#1676,.T.);
#2193=ORIENTED_EDGE('',*,*,#1677,.F.);
#2194=ORIENTED_EDGE('',*,*,#1678,.F.);
#2195=ORIENTED_EDGE('',*,*,#1679,.T.);
#2196=ORIENTED_EDGE('',*,*,#1680,.F.);
#2197=ORIENTED_EDGE('',*,*,#1673,.F.);
#2198=ORIENTED_EDGE('',*,*,#1681,.F.);
#2199=ORIENTED_EDGE('',*,*,#1677,.T.);
#2200=ORIENTED_EDGE('',*,*,#1682,.T.);
#2201=ORIENTED_EDGE('',*,*,#1683,.T.);
#2202=ORIENTED_EDGE('',*,*,#1684,.T.);
#2203=ORIENTED_EDGE('',*,*,#1679,.F.);
#2204=ORIENTED_EDGE('',*,*,#1685,.T.);
#2205=ORIENTED_EDGE('',*,*,#1686,.T.);
#2206=ORIENTED_EDGE('',*,*,#1687,.F.);
#2207=ORIENTED_EDGE('',*,*,#1688,.F.);
#2208=ORIENTED_EDGE('',*,*,#1686,.F.);
#2209=ORIENTED_EDGE('',*,*,#1689,.F.);
#2210=ORIENTED_EDGE('',*,*,#1690,.F.);
#2211=ORIENTED_EDGE('',*,*,#1691,.F.);
#2212=ORIENTED_EDGE('',*,*,#1692,.T.);
#2213=ORIENTED_EDGE('',*,*,#1693,.F.);
#2214=ORIENTED_EDGE('',*,*,#1694,.T.);
#2215=ORIENTED_EDGE('',*,*,#1695,.F.);
#2216=ORIENTED_EDGE('',*,*,#1696,.F.);
#2217=ORIENTED_EDGE('',*,*,#1697,.T.);
#2218=ORIENTED_EDGE('',*,*,#1698,.T.);
#2219=ORIENTED_EDGE('',*,*,#1699,.F.);
#2220=ORIENTED_EDGE('',*,*,#1603,.F.);
#2221=ORIENTED_EDGE('',*,*,#1700,.F.);
#2222=ORIENTED_EDGE('',*,*,#1701,.F.);
#2223=ORIENTED_EDGE('',*,*,#1702,.F.);
#2224=ORIENTED_EDGE('',*,*,#1703,.F.);
#2225=ORIENTED_EDGE('',*,*,#1690,.T.);
#2226=ORIENTED_EDGE('',*,*,#1700,.T.);
#2227=ORIENTED_EDGE('',*,*,#1602,.F.);
#2228=ORIENTED_EDGE('',*,*,#1704,.F.);
#2229=ORIENTED_EDGE('',*,*,#1705,.F.);
#2230=ORIENTED_EDGE('',*,*,#1706,.T.);
#2231=ORIENTED_EDGE('',*,*,#1707,.T.);
#2232=ORIENTED_EDGE('',*,*,#1708,.T.);
#2233=ORIENTED_EDGE('',*,*,#1709,.T.);
#2234=ORIENTED_EDGE('',*,*,#1710,.T.);
#2235=ORIENTED_EDGE('',*,*,#1711,.F.);
#2236=ORIENTED_EDGE('',*,*,#1694,.F.);
#2237=ORIENTED_EDGE('',*,*,#1712,.F.);
#2238=ORIENTED_EDGE('',*,*,#1713,.F.);
#2239=ORIENTED_EDGE('',*,*,#1710,.F.);
#2240=ORIENTED_EDGE('',*,*,#1714,.F.);
#2241=ORIENTED_EDGE('',*,*,#1715,.F.);
#2242=ORIENTED_EDGE('',*,*,#1716,.F.);
#2243=ORIENTED_EDGE('',*,*,#1708,.F.);
#2244=ORIENTED_EDGE('',*,*,#1717,.F.);
#2245=ORIENTED_EDGE('',*,*,#1718,.F.);
#2246=ORIENTED_EDGE('',*,*,#1719,.T.);
#2247=ORIENTED_EDGE('',*,*,#1720,.F.);
#2248=ORIENTED_EDGE('',*,*,#1721,.T.);
#2249=ORIENTED_EDGE('',*,*,#1722,.T.);
#2250=ORIENTED_EDGE('',*,*,#1723,.T.);
#2251=ORIENTED_EDGE('',*,*,#1724,.F.);
#2252=ORIENTED_EDGE('',*,*,#1725,.T.);
#2253=ORIENTED_EDGE('',*,*,#1726,.T.);
#2254=ORIENTED_EDGE('',*,*,#1725,.F.);
#2255=ORIENTED_EDGE('',*,*,#1727,.F.);
#2256=ORIENTED_EDGE('',*,*,#1728,.T.);
#2257=ORIENTED_EDGE('',*,*,#1729,.T.);
#2258=ORIENTED_EDGE('',*,*,#1728,.F.);
#2259=ORIENTED_EDGE('',*,*,#1730,.T.);
#2260=ORIENTED_EDGE('',*,*,#1731,.T.);
#2261=ORIENTED_EDGE('',*,*,#1732,.F.);
#2262=ORIENTED_EDGE('',*,*,#1733,.F.);
#2263=ORIENTED_EDGE('',*,*,#1697,.F.);
#2264=ORIENTED_EDGE('',*,*,#1734,.T.);
#2265=ORIENTED_EDGE('',*,*,#1735,.T.);
#2266=ORIENTED_EDGE('',*,*,#1736,.T.);
#2267=ORIENTED_EDGE('',*,*,#1723,.F.);
#2268=ORIENTED_EDGE('',*,*,#1737,.T.);
#2269=ORIENTED_EDGE('',*,*,#1735,.F.);
#2270=ORIENTED_EDGE('',*,*,#1738,.F.);
#2271=ORIENTED_EDGE('',*,*,#1739,.F.);
#2272=ORIENTED_EDGE('',*,*,#1740,.T.);
#2273=ORIENTED_EDGE('',*,*,#1692,.F.);
#2274=ORIENTED_EDGE('',*,*,#1741,.F.);
#2275=ORIENTED_EDGE('',*,*,#1742,.F.);
#2276=ORIENTED_EDGE('',*,*,#1743,.F.);
#2277=ORIENTED_EDGE('',*,*,#1744,.T.);
#2278=ORIENTED_EDGE('',*,*,#1745,.T.);
#2279=ORIENTED_EDGE('',*,*,#1746,.F.);
#2280=ORIENTED_EDGE('',*,*,#1747,.F.);
#2281=ORIENTED_EDGE('',*,*,#1742,.T.);
#2282=ORIENTED_EDGE('',*,*,#1748,.F.);
#2283=ORIENTED_EDGE('',*,*,#1749,.F.);
#2284=ORIENTED_EDGE('',*,*,#1750,.F.);
#2285=ORIENTED_EDGE('',*,*,#1751,.T.);
#2286=ORIENTED_EDGE('',*,*,#1752,.F.);
#2287=ORIENTED_EDGE('',*,*,#1753,.T.);
#2288=ORIENTED_EDGE('',*,*,#1754,.F.);
#2289=ORIENTED_EDGE('',*,*,#1755,.T.);
#2290=ORIENTED_EDGE('',*,*,#1733,.T.);
#2291=ORIENTED_EDGE('',*,*,#1756,.F.);
#2292=ORIENTED_EDGE('',*,*,#1715,.T.);
#2293=ORIENTED_EDGE('',*,*,#1757,.F.);
#2294=ORIENTED_EDGE('',*,*,#1721,.F.);
#2295=ORIENTED_EDGE('',*,*,#1758,.F.);
#2296=ORIENTED_EDGE('',*,*,#1759,.T.);
#2297=ORIENTED_EDGE('',*,*,#1760,.F.);
#2298=ORIENTED_EDGE('',*,*,#1761,.F.);
#2299=ORIENTED_EDGE('',*,*,#1762,.F.);
#2300=ORIENTED_EDGE('',*,*,#1588,.T.);
#2301=ORIENTED_EDGE('',*,*,#1763,.F.);
#2302=ORIENTED_EDGE('',*,*,#1759,.F.);
#2303=ORIENTED_EDGE('',*,*,#1706,.F.);
#2304=ORIENTED_EDGE('',*,*,#1764,.F.);
#2305=ORIENTED_EDGE('',*,*,#1761,.T.);
#2306=ORIENTED_EDGE('',*,*,#1765,.F.);
#2307=ORIENTED_EDGE('',*,*,#1766,.T.);
#2308=ORIENTED_EDGE('',*,*,#1767,.F.);
#2309=ORIENTED_EDGE('',*,*,#1746,.T.);
#2310=ORIENTED_EDGE('',*,*,#1768,.T.);
#2311=ORIENTED_EDGE('',*,*,#1769,.F.);
#2312=ORIENTED_EDGE('',*,*,#1770,.F.);
#2313=ORIENTED_EDGE('',*,*,#1771,.T.);
#2314=ORIENTED_EDGE('',*,*,#1753,.F.);
#2315=ORIENTED_EDGE('',*,*,#1772,.F.);
#2316=ORIENTED_EDGE('',*,*,#1773,.T.);
#2317=ORIENTED_EDGE('',*,*,#1774,.T.);
#2318=ORIENTED_EDGE('',*,*,#1775,.T.);
#2319=ORIENTED_EDGE('',*,*,#1772,.T.);
#2320=ORIENTED_EDGE('',*,*,#1752,.T.);
#2321=ORIENTED_EDGE('',*,*,#1776,.T.);
#2322=ORIENTED_EDGE('',*,*,#1750,.T.);
#2323=ORIENTED_EDGE('',*,*,#1777,.T.);
#2324=ORIENTED_EDGE('',*,*,#1688,.T.);
#2325=ORIENTED_EDGE('',*,*,#1778,.T.);
#2326=ORIENTED_EDGE('',*,*,#1695,.T.);
#2327=ORIENTED_EDGE('',*,*,#1711,.T.);
#2328=ORIENTED_EDGE('',*,*,#1713,.T.);
#2329=ORIENTED_EDGE('',*,*,#1779,.T.);
#2330=ORIENTED_EDGE('',*,*,#1780,.T.);
#2331=ORIENTED_EDGE('',*,*,#1779,.F.);
#2332=ORIENTED_EDGE('',*,*,#1714,.T.);
#2333=ORIENTED_EDGE('',*,*,#1712,.T.);
#2334=ORIENTED_EDGE('',*,*,#1693,.T.);
#2335=ORIENTED_EDGE('',*,*,#1740,.F.);
#2336=ORIENTED_EDGE('',*,*,#1781,.T.);
#2337=ORIENTED_EDGE('',*,*,#1782,.T.);
#2338=ORIENTED_EDGE('',*,*,#1769,.T.);
#2339=ORIENTED_EDGE('',*,*,#1768,.F.);
#2340=ORIENTED_EDGE('',*,*,#1744,.F.);
#2341=ORIENTED_EDGE('',*,*,#1783,.F.);
#2342=ORIENTED_EDGE('',*,*,#1784,.F.);
#2343=ORIENTED_EDGE('',*,*,#1773,.F.);
#2344=ORIENTED_EDGE('',*,*,#1775,.F.);
#2345=ORIENTED_EDGE('',*,*,#1780,.F.);
#2346=ORIENTED_EDGE('',*,*,#1785,.T.);
#2347=ORIENTED_EDGE('',*,*,#1786,.F.);
#2348=ORIENTED_EDGE('',*,*,#1754,.T.);
#2349=ORIENTED_EDGE('',*,*,#1771,.F.);
#2350=ORIENTED_EDGE('',*,*,#1787,.T.);
#2351=ORIENTED_EDGE('',*,*,#1784,.T.);
#2352=ORIENTED_EDGE('',*,*,#1788,.T.);
#2353=ORIENTED_EDGE('',*,*,#1789,.T.);
#2354=ORIENTED_EDGE('',*,*,#1788,.F.);
#2355=ORIENTED_EDGE('',*,*,#1783,.T.);
#2356=ORIENTED_EDGE('',*,*,#1790,.T.);
#2357=ORIENTED_EDGE('',*,*,#1791,.T.);
#2358=ORIENTED_EDGE('',*,*,#1790,.F.);
#2359=ORIENTED_EDGE('',*,*,#1751,.F.);
#2360=ORIENTED_EDGE('',*,*,#1792,.T.);
#2361=ORIENTED_EDGE('',*,*,#1793,.T.);
#2362=ORIENTED_EDGE('',*,*,#1792,.F.);
#2363=ORIENTED_EDGE('',*,*,#1776,.F.);
#2364=ORIENTED_EDGE('',*,*,#1786,.T.);
#2365=ORIENTED_EDGE('',*,*,#1789,.F.);
#2366=ORIENTED_EDGE('',*,*,#1791,.F.);
#2367=ORIENTED_EDGE('',*,*,#1793,.F.);
#2368=ORIENTED_EDGE('',*,*,#1785,.F.);
#2369=ORIENTED_EDGE('',*,*,#1774,.F.);
#2370=ORIENTED_EDGE('',*,*,#1787,.F.);
#2371=ORIENTED_EDGE('',*,*,#1632,.F.);
#2372=ORIENTED_EDGE('',*,*,#1635,.F.);
#2373=ORIENTED_EDGE('',*,*,#1794,.F.);
#2374=ORIENTED_EDGE('',*,*,#1795,.F.);
#2375=ORIENTED_EDGE('',*,*,#1743,.T.);
#2376=ORIENTED_EDGE('',*,*,#1747,.T.);
#2377=ORIENTED_EDGE('',*,*,#1767,.T.);
#2378=ORIENTED_EDGE('',*,*,#1796,.T.);
#2379=ORIENTED_EDGE('',*,*,#1766,.F.);
#2380=ORIENTED_EDGE('',*,*,#1745,.F.);
#2381=ORIENTED_EDGE('',*,*,#1770,.T.);
#2382=ORIENTED_EDGE('',*,*,#1782,.F.);
#2383=ORIENTED_EDGE('',*,*,#1797,.F.);
#2384=ORIENTED_EDGE('',*,*,#1637,.T.);
#2385=ORIENTED_EDGE('',*,*,#1798,.T.);
#2386=ORIENTED_EDGE('',*,*,#1621,.T.);
#2387=ORIENTED_EDGE('',*,*,#1625,.F.);
#2388=ORIENTED_EDGE('',*,*,#1640,.T.);
#2389=ORIENTED_EDGE('',*,*,#1639,.T.);
#2390=ORIENTED_EDGE('',*,*,#1638,.T.);
#2391=ORIENTED_EDGE('',*,*,#1797,.T.);
#2392=ORIENTED_EDGE('',*,*,#1781,.F.);
#2393=ORIENTED_EDGE('',*,*,#1739,.T.);
#2394=ORIENTED_EDGE('',*,*,#1795,.T.);
#2395=ORIENTED_EDGE('',*,*,#1794,.T.);
#2396=ORIENTED_EDGE('',*,*,#1634,.F.);
#2397=ORIENTED_EDGE('',*,*,#1607,.T.);
#2398=ORIENTED_EDGE('',*,*,#1610,.T.);
#2399=ORIENTED_EDGE('',*,*,#1613,.T.);
#2400=ORIENTED_EDGE('',*,*,#1798,.F.);
#2401=ORIENTED_EDGE('',*,*,#1636,.T.);
#2402=ORIENTED_EDGE('',*,*,#1796,.F.);
#2403=ORIENTED_EDGE('',*,*,#1799,.F.);
#2404=ORIENTED_EDGE('',*,*,#1731,.F.);
#2405=ORIENTED_EDGE('',*,*,#1800,.T.);
#2406=ORIENTED_EDGE('',*,*,#1718,.T.);
#2407=ORIENTED_EDGE('',*,*,#1799,.T.);
#2408=ORIENTED_EDGE('',*,*,#1717,.T.);
#2409=ORIENTED_EDGE('',*,*,#1707,.F.);
#2410=ORIENTED_EDGE('',*,*,#1765,.T.);
#2411=ORIENTED_EDGE('',*,*,#1760,.T.);
#2412=ORIENTED_EDGE('',*,*,#1763,.T.);
#2413=ORIENTED_EDGE('',*,*,#1587,.T.);
#2414=ORIENTED_EDGE('',*,*,#1699,.T.);
#2415=ORIENTED_EDGE('',*,*,#1703,.T.);
#2416=ORIENTED_EDGE('',*,*,#1702,.T.);
#2417=ORIENTED_EDGE('',*,*,#1701,.T.);
#2418=ORIENTED_EDGE('',*,*,#1689,.T.);
#2419=ORIENTED_EDGE('',*,*,#1685,.F.);
#2420=ORIENTED_EDGE('',*,*,#1777,.F.);
#2421=ORIENTED_EDGE('',*,*,#1749,.T.);
#2422=ORIENTED_EDGE('',*,*,#1748,.T.);
#2423=ORIENTED_EDGE('',*,*,#1741,.T.);
#2424=ORIENTED_EDGE('',*,*,#1698,.F.);
#2425=ORIENTED_EDGE('',*,*,#1736,.F.);
#2426=ORIENTED_EDGE('',*,*,#1737,.F.);
#2427=ORIENTED_EDGE('',*,*,#1722,.F.);
#2428=ORIENTED_EDGE('',*,*,#1757,.T.);
#2429=ORIENTED_EDGE('',*,*,#1716,.T.);
#2430=ORIENTED_EDGE('',*,*,#1756,.T.);
#2431=ORIENTED_EDGE('',*,*,#1732,.T.);
#2432=ORIENTED_EDGE('',*,*,#1727,.T.);
#2433=ORIENTED_EDGE('',*,*,#1724,.T.);
#2434=ORIENTED_EDGE('',*,*,#1672,.T.);
#2435=ORIENTED_EDGE('',*,*,#1681,.T.);
#2436=ORIENTED_EDGE('',*,*,#1678,.T.);
#2437=ORIENTED_EDGE('',*,*,#1663,.T.);
#2438=ORIENTED_EDGE('',*,*,#1670,.T.);
#2439=ORIENTED_EDGE('',*,*,#1667,.T.);
#2440=ORIENTED_EDGE('',*,*,#1650,.T.);
#2441=ORIENTED_EDGE('',*,*,#1659,.T.);
#2442=ORIENTED_EDGE('',*,*,#1655,.T.);
#2443=ORIENTED_EDGE('',*,*,#1641,.T.);
#2444=ORIENTED_EDGE('',*,*,#1648,.T.);
#2445=ORIENTED_EDGE('',*,*,#1645,.T.);
#2446=ORIENTED_EDGE('',*,*,#1801,.T.);
#2447=ORIENTED_EDGE('',*,*,#1682,.F.);
#2448=ORIENTED_EDGE('',*,*,#1676,.F.);
#2449=ORIENTED_EDGE('',*,*,#1802,.T.);
#2450=ORIENTED_EDGE('',*,*,#1803,.T.);
#2451=ORIENTED_EDGE('',*,*,#1804,.T.);
#2452=ORIENTED_EDGE('',*,*,#1674,.F.);
#2453=ORIENTED_EDGE('',*,*,#1680,.T.);
#2454=ORIENTED_EDGE('',*,*,#1684,.F.);
#2455=ORIENTED_EDGE('',*,*,#1805,.T.);
#2456=ORIENTED_EDGE('',*,*,#1660,.F.);
#2457=ORIENTED_EDGE('',*,*,#1653,.T.);
#2458=ORIENTED_EDGE('',*,*,#1806,.T.);
#2459=ORIENTED_EDGE('',*,*,#1807,.T.);
#2460=ORIENTED_EDGE('',*,*,#1709,.F.);
#2461=ORIENTED_EDGE('',*,*,#1719,.F.);
#2462=ORIENTED_EDGE('',*,*,#1800,.F.);
#2463=ORIENTED_EDGE('',*,*,#1730,.F.);
#2464=ORIENTED_EDGE('',*,*,#1755,.F.);
#2465=ORIENTED_EDGE('',*,*,#1720,.T.);
#2466=ORIENTED_EDGE('',*,*,#1738,.T.);
#2467=ORIENTED_EDGE('',*,*,#1734,.F.);
#2468=ORIENTED_EDGE('',*,*,#1696,.T.);
#2469=ORIENTED_EDGE('',*,*,#1778,.F.);
#2470=ORIENTED_EDGE('',*,*,#1687,.T.);
#2471=ORIENTED_EDGE('',*,*,#1691,.T.);
#2472=ORIENTED_EDGE('',*,*,#1705,.T.);
#2473=ORIENTED_EDGE('',*,*,#1808,.T.);
#2474=ORIENTED_EDGE('',*,*,#1657,.F.);
#2475=ORIENTED_EDGE('',*,*,#1662,.F.);
#2476=ORIENTED_EDGE('',*,*,#1726,.F.);
#2477=ORIENTED_EDGE('',*,*,#1729,.F.);
#2478=ORIENTED_EDGE('',*,*,#1665,.T.);
#2479=ORIENTED_EDGE('',*,*,#1669,.T.);
#2480=ORIENTED_EDGE('',*,*,#1671,.T.);
#2481=ORIENTED_EDGE('',*,*,#1643,.T.);
#2482=ORIENTED_EDGE('',*,*,#1647,.T.);
#2483=ORIENTED_EDGE('',*,*,#1649,.T.);
#2484=ORIENTED_EDGE('',*,*,#1758,.T.);
#2485=ORIENTED_EDGE('',*,*,#1809,.T.);
#2486=ORIENTED_EDGE('',*,*,#1810,.F.);
#2487=ORIENTED_EDGE('',*,*,#1811,.F.);
#2488=ORIENTED_EDGE('',*,*,#1812,.F.);
#2489=ORIENTED_EDGE('',*,*,#1804,.F.);
#2490=ORIENTED_EDGE('',*,*,#1813,.T.);
#2491=ORIENTED_EDGE('',*,*,#1814,.F.);
#2492=ORIENTED_EDGE('',*,*,#1762,.T.);
#2493=ORIENTED_EDGE('',*,*,#1810,.T.);
#2494=ORIENTED_EDGE('',*,*,#1815,.T.);
#2495=ORIENTED_EDGE('',*,*,#1816,.F.);
#2496=ORIENTED_EDGE('',*,*,#1817,.T.);
#2497=ORIENTED_EDGE('',*,*,#1589,.T.);
#2498=ORIENTED_EDGE('',*,*,#1817,.F.);
#2499=ORIENTED_EDGE('',*,*,#1818,.F.);
#2500=ORIENTED_EDGE('',*,*,#1819,.F.);
#2501=ORIENTED_EDGE('',*,*,#1820,.F.);
#2502=ORIENTED_EDGE('',*,*,#1821,.T.);
#2503=ORIENTED_EDGE('',*,*,#1822,.F.);
#2504=ORIENTED_EDGE('',*,*,#1823,.T.);
#2505=ORIENTED_EDGE('',*,*,#1590,.F.);
#2506=ORIENTED_EDGE('',*,*,#1824,.T.);
#2507=ORIENTED_EDGE('',*,*,#1825,.F.);
#2508=ORIENTED_EDGE('',*,*,#1826,.T.);
#2509=ORIENTED_EDGE('',*,*,#1827,.F.);
#2510=ORIENTED_EDGE('',*,*,#1828,.T.);
#2511=ORIENTED_EDGE('',*,*,#1829,.T.);
#2512=ORIENTED_EDGE('',*,*,#1830,.F.);
#2513=ORIENTED_EDGE('',*,*,#1826,.F.);
#2514=ORIENTED_EDGE('',*,*,#1831,.F.);
#2515=ORIENTED_EDGE('',*,*,#1832,.F.);
#2516=ORIENTED_EDGE('',*,*,#1802,.F.);
#2517=ORIENTED_EDGE('',*,*,#1833,.F.);
#2518=ORIENTED_EDGE('',*,*,#1834,.T.);
#2519=ORIENTED_EDGE('',*,*,#1835,.F.);
#2520=ORIENTED_EDGE('',*,*,#1813,.F.);
#2521=ORIENTED_EDGE('',*,*,#1803,.F.);
#2522=ORIENTED_EDGE('',*,*,#1832,.T.);
#2523=ORIENTED_EDGE('',*,*,#1836,.T.);
#2524=ORIENTED_EDGE('',*,*,#1591,.F.);
#2525=ORIENTED_EDGE('',*,*,#1823,.F.);
#2526=ORIENTED_EDGE('',*,*,#1837,.F.);
#2527=ORIENTED_EDGE('',*,*,#1838,.T.);
#2528=ORIENTED_EDGE('',*,*,#1837,.T.);
#2529=ORIENTED_EDGE('',*,*,#1822,.T.);
#2530=ORIENTED_EDGE('',*,*,#1839,.F.);
#2531=ORIENTED_EDGE('',*,*,#1840,.T.);
#2532=ORIENTED_EDGE('',*,*,#1839,.T.);
#2533=ORIENTED_EDGE('',*,*,#1821,.F.);
#2534=ORIENTED_EDGE('',*,*,#1841,.T.);
#2535=ORIENTED_EDGE('',*,*,#1842,.T.);
#2536=ORIENTED_EDGE('',*,*,#1843,.F.);
#2537=ORIENTED_EDGE('',*,*,#1844,.F.);
#2538=ORIENTED_EDGE('',*,*,#1845,.F.);
#2539=ORIENTED_EDGE('',*,*,#1846,.T.);
#2540=ORIENTED_EDGE('',*,*,#1847,.T.);
#2541=ORIENTED_EDGE('',*,*,#1846,.F.);
#2542=ORIENTED_EDGE('',*,*,#1848,.F.);
#2543=ORIENTED_EDGE('',*,*,#1849,.F.);
#2544=ORIENTED_EDGE('',*,*,#1850,.T.);
#2545=ORIENTED_EDGE('',*,*,#1849,.T.);
#2546=ORIENTED_EDGE('',*,*,#1851,.F.);
#2547=ORIENTED_EDGE('',*,*,#1852,.T.);
#2548=ORIENTED_EDGE('',*,*,#1853,.T.);
#2549=ORIENTED_EDGE('',*,*,#1854,.F.);
#2550=ORIENTED_EDGE('',*,*,#1811,.T.);
#2551=ORIENTED_EDGE('',*,*,#1855,.F.);
#2552=ORIENTED_EDGE('',*,*,#1856,.F.);
#2553=ORIENTED_EDGE('',*,*,#1857,.F.);
#2554=ORIENTED_EDGE('',*,*,#1858,.T.);
#2555=ORIENTED_EDGE('',*,*,#1859,.T.);
#2556=ORIENTED_EDGE('',*,*,#1860,.T.);
#2557=ORIENTED_EDGE('',*,*,#1861,.T.);
#2558=ORIENTED_EDGE('',*,*,#1852,.F.);
#2559=ORIENTED_EDGE('',*,*,#1862,.F.);
#2560=ORIENTED_EDGE('',*,*,#1863,.F.);
#2561=ORIENTED_EDGE('',*,*,#1864,.F.);
#2562=ORIENTED_EDGE('',*,*,#1865,.F.);
#2563=ORIENTED_EDGE('',*,*,#1866,.F.);
#2564=ORIENTED_EDGE('',*,*,#1867,.F.);
#2565=ORIENTED_EDGE('',*,*,#1868,.F.);
#2566=ORIENTED_EDGE('',*,*,#1869,.F.);
#2567=ORIENTED_EDGE('',*,*,#1870,.F.);
#2568=ORIENTED_EDGE('',*,*,#1871,.F.);
#2569=ORIENTED_EDGE('',*,*,#1860,.F.);
#2570=ORIENTED_EDGE('',*,*,#1872,.T.);
#2571=ORIENTED_EDGE('',*,*,#1865,.T.);
#2572=ORIENTED_EDGE('',*,*,#1873,.T.);
#2573=ORIENTED_EDGE('',*,*,#1874,.T.);
#2574=ORIENTED_EDGE('',*,*,#1704,.T.);
#2575=ORIENTED_EDGE('',*,*,#1604,.F.);
#2576=ORIENTED_EDGE('',*,*,#1875,.F.);
#2577=ORIENTED_EDGE('',*,*,#1876,.T.);
#2578=ORIENTED_EDGE('',*,*,#1877,.T.);
#2579=ORIENTED_EDGE('',*,*,#1878,.T.);
#2580=ORIENTED_EDGE('',*,*,#1879,.T.);
#2581=ORIENTED_EDGE('',*,*,#1880,.T.);
#2582=ORIENTED_EDGE('',*,*,#1881,.T.);
#2583=ORIENTED_EDGE('',*,*,#1833,.T.);
#2584=ORIENTED_EDGE('',*,*,#1831,.T.);
#2585=ORIENTED_EDGE('',*,*,#1825,.T.);
#2586=ORIENTED_EDGE('',*,*,#1853,.F.);
#2587=ORIENTED_EDGE('',*,*,#1882,.T.);
#2588=ORIENTED_EDGE('',*,*,#1868,.T.);
#2589=ORIENTED_EDGE('',*,*,#1883,.F.);
#2590=ORIENTED_EDGE('',*,*,#1857,.T.);
#2591=ORIENTED_EDGE('',*,*,#1871,.T.);
#2592=ORIENTED_EDGE('',*,*,#1884,.F.);
#2593=ORIENTED_EDGE('',*,*,#1859,.F.);
#2594=ORIENTED_EDGE('',*,*,#1885,.T.);
#2595=ORIENTED_EDGE('',*,*,#1869,.T.);
#2596=ORIENTED_EDGE('',*,*,#1882,.F.);
#2597=ORIENTED_EDGE('',*,*,#1858,.F.);
#2598=ORIENTED_EDGE('',*,*,#1884,.T.);
#2599=ORIENTED_EDGE('',*,*,#1870,.T.);
#2600=ORIENTED_EDGE('',*,*,#1885,.F.);
#2601=ORIENTED_EDGE('',*,*,#1886,.T.);
#2602=ORIENTED_EDGE('',*,*,#1875,.T.);
#2603=ORIENTED_EDGE('',*,*,#1599,.F.);
#2604=ORIENTED_EDGE('',*,*,#1887,.F.);
#2605=ORIENTED_EDGE('',*,*,#1888,.T.);
#2606=ORIENTED_EDGE('',*,*,#1887,.T.);
#2607=ORIENTED_EDGE('',*,*,#1598,.F.);
#2608=ORIENTED_EDGE('',*,*,#1889,.F.);
#2609=ORIENTED_EDGE('',*,*,#1890,.T.);
#2610=ORIENTED_EDGE('',*,*,#1891,.T.);
#2611=ORIENTED_EDGE('',*,*,#1892,.T.);
#2612=ORIENTED_EDGE('',*,*,#1893,.T.);
#2613=ORIENTED_EDGE('',*,*,#1894,.T.);
#2614=ORIENTED_EDGE('',*,*,#1895,.T.);
#2615=ORIENTED_EDGE('',*,*,#1896,.T.);
#2616=ORIENTED_EDGE('',*,*,#1596,.T.);
#2617=ORIENTED_EDGE('',*,*,#1895,.F.);
#2618=ORIENTED_EDGE('',*,*,#1897,.T.);
#2619=ORIENTED_EDGE('',*,*,#1898,.T.);
#2620=ORIENTED_EDGE('',*,*,#1899,.T.);
#2621=ORIENTED_EDGE('',*,*,#1900,.T.);
#2622=ORIENTED_EDGE('',*,*,#1901,.T.);
#2623=ORIENTED_EDGE('',*,*,#1902,.T.);
#2624=ORIENTED_EDGE('',*,*,#1903,.T.);
#2625=ORIENTED_EDGE('',*,*,#1904,.F.);
#2626=ORIENTED_EDGE('',*,*,#1905,.T.);
#2627=ORIENTED_EDGE('',*,*,#1906,.F.);
#2628=ORIENTED_EDGE('',*,*,#1594,.F.);
#2629=ORIENTED_EDGE('',*,*,#1593,.F.);
#2630=ORIENTED_EDGE('',*,*,#1592,.F.);
#2631=ORIENTED_EDGE('',*,*,#1907,.T.);
#2632=ORIENTED_EDGE('',*,*,#1595,.T.);
#2633=ORIENTED_EDGE('',*,*,#1890,.F.);
#2634=ORIENTED_EDGE('',*,*,#1907,.F.);
#2635=ORIENTED_EDGE('',*,*,#1836,.F.);
#2636=ORIENTED_EDGE('',*,*,#1908,.T.);
#2637=ORIENTED_EDGE('',*,*,#1891,.F.);
#2638=ORIENTED_EDGE('',*,*,#1908,.F.);
#2639=ORIENTED_EDGE('',*,*,#1838,.F.);
#2640=ORIENTED_EDGE('',*,*,#1909,.T.);
#2641=ORIENTED_EDGE('',*,*,#1892,.F.);
#2642=ORIENTED_EDGE('',*,*,#1909,.F.);
#2643=ORIENTED_EDGE('',*,*,#1840,.F.);
#2644=ORIENTED_EDGE('',*,*,#1910,.T.);
#2645=ORIENTED_EDGE('',*,*,#1894,.F.);
#2646=ORIENTED_EDGE('',*,*,#1893,.F.);
#2647=ORIENTED_EDGE('',*,*,#1911,.F.);
#2648=ORIENTED_EDGE('',*,*,#1912,.T.);
#2649=ORIENTED_EDGE('',*,*,#1897,.F.);
#2650=ORIENTED_EDGE('',*,*,#1910,.F.);
#2651=ORIENTED_EDGE('',*,*,#1842,.F.);
#2652=ORIENTED_EDGE('',*,*,#1913,.T.);
#2653=ORIENTED_EDGE('',*,*,#1898,.F.);
#2654=ORIENTED_EDGE('',*,*,#1912,.F.);
#2655=ORIENTED_EDGE('',*,*,#1847,.F.);
#2656=ORIENTED_EDGE('',*,*,#1914,.T.);
#2657=ORIENTED_EDGE('',*,*,#1899,.F.);
#2658=ORIENTED_EDGE('',*,*,#1913,.F.);
#2659=ORIENTED_EDGE('',*,*,#1850,.F.);
#2660=ORIENTED_EDGE('',*,*,#1915,.T.);
#2661=ORIENTED_EDGE('',*,*,#1900,.F.);
#2662=ORIENTED_EDGE('',*,*,#1914,.F.);
#2663=ORIENTED_EDGE('',*,*,#1861,.F.);
#2664=ORIENTED_EDGE('',*,*,#1916,.T.);
#2665=ORIENTED_EDGE('',*,*,#1901,.F.);
#2666=ORIENTED_EDGE('',*,*,#1915,.F.);
#2667=ORIENTED_EDGE('',*,*,#1917,.T.);
#2668=ORIENTED_EDGE('',*,*,#1902,.F.);
#2669=ORIENTED_EDGE('',*,*,#1916,.F.);
#2670=ORIENTED_EDGE('',*,*,#1873,.F.);
#2671=ORIENTED_EDGE('',*,*,#1864,.T.);
#2672=ORIENTED_EDGE('',*,*,#1918,.T.);
#2673=ORIENTED_EDGE('',*,*,#1919,.T.);
#2674=ORIENTED_EDGE('',*,*,#1903,.F.);
#2675=ORIENTED_EDGE('',*,*,#1920,.T.);
#2676=ORIENTED_EDGE('',*,*,#1855,.T.);
#2677=ORIENTED_EDGE('',*,*,#1814,.T.);
#2678=ORIENTED_EDGE('',*,*,#1835,.T.);
#2679=ORIENTED_EDGE('',*,*,#1921,.T.);
#2680=ORIENTED_EDGE('',*,*,#1922,.F.);
#2681=ORIENTED_EDGE('',*,*,#1923,.F.);
#2682=ORIENTED_EDGE('',*,*,#1924,.F.);
#2683=ORIENTED_EDGE('',*,*,#1863,.T.);
#2684=ORIENTED_EDGE('',*,*,#1856,.T.);
#2685=ORIENTED_EDGE('',*,*,#1920,.F.);
#2686=ORIENTED_EDGE('',*,*,#1917,.F.);
#2687=ORIENTED_EDGE('',*,*,#1922,.T.);
#2688=ORIENTED_EDGE('',*,*,#1925,.T.);
#2689=ORIENTED_EDGE('',*,*,#1926,.T.);
#2690=ORIENTED_EDGE('',*,*,#1927,.F.);
#2691=ORIENTED_EDGE('',*,*,#1925,.F.);
#2692=ORIENTED_EDGE('',*,*,#1921,.F.);
#2693=ORIENTED_EDGE('',*,*,#1834,.F.);
#2694=ORIENTED_EDGE('',*,*,#1928,.T.);
#2695=ORIENTED_EDGE('',*,*,#1929,.F.);
#2696=ORIENTED_EDGE('',*,*,#1930,.F.);
#2697=ORIENTED_EDGE('',*,*,#1926,.F.);
#2698=ORIENTED_EDGE('',*,*,#1928,.F.);
#2699=ORIENTED_EDGE('',*,*,#1881,.F.);
#2700=ORIENTED_EDGE('',*,*,#1923,.T.);
#2701=ORIENTED_EDGE('',*,*,#1927,.T.);
#2702=ORIENTED_EDGE('',*,*,#1930,.T.);
#2703=ORIENTED_EDGE('',*,*,#1931,.F.);
#2704=ORIENTED_EDGE('',*,*,#1905,.F.);
#2705=ORIENTED_EDGE('',*,*,#1932,.F.);
#2706=ORIENTED_EDGE('',*,*,#1933,.T.);
#2707=ORIENTED_EDGE('',*,*,#1889,.T.);
#2708=ORIENTED_EDGE('',*,*,#1597,.F.);
#2709=ORIENTED_EDGE('',*,*,#1896,.F.);
#2710=ORIENTED_EDGE('',*,*,#1906,.T.);
#2711=ORIENTED_EDGE('',*,*,#1934,.F.);
#2712=ORIENTED_EDGE('',*,*,#1935,.T.);
#2713=ORIENTED_EDGE('',*,*,#1932,.T.);
#2714=ORIENTED_EDGE('',*,*,#1904,.T.);
#2715=ORIENTED_EDGE('',*,*,#1919,.F.);
#2716=ORIENTED_EDGE('',*,*,#1918,.F.);
#2717=ORIENTED_EDGE('',*,*,#1924,.T.);
#2718=ORIENTED_EDGE('',*,*,#1936,.T.);
#2719=ORIENTED_EDGE('',*,*,#1934,.T.);
#2720=ORIENTED_EDGE('',*,*,#1931,.T.);
#2721=ORIENTED_EDGE('',*,*,#1937,.F.);
#2722=ORIENTED_EDGE('',*,*,#1938,.T.);
#2723=ORIENTED_EDGE('',*,*,#1939,.T.);
#2724=ORIENTED_EDGE('',*,*,#1937,.T.);
#2725=ORIENTED_EDGE('',*,*,#1929,.T.);
#2726=ORIENTED_EDGE('',*,*,#1880,.F.);
#2727=ORIENTED_EDGE('',*,*,#1824,.F.);
#2728=ORIENTED_EDGE('',*,*,#1940,.F.);
#2729=ORIENTED_EDGE('',*,*,#1941,.T.);
#2730=ORIENTED_EDGE('',*,*,#1940,.T.);
#2731=ORIENTED_EDGE('',*,*,#1829,.F.);
#2732=ORIENTED_EDGE('',*,*,#1942,.F.);
#2733=ORIENTED_EDGE('',*,*,#1943,.T.);
#2734=ORIENTED_EDGE('',*,*,#1942,.T.);
#2735=ORIENTED_EDGE('',*,*,#1828,.F.);
#2736=ORIENTED_EDGE('',*,*,#1944,.F.);
#2737=ORIENTED_EDGE('',*,*,#1683,.F.);
#2738=ORIENTED_EDGE('',*,*,#1945,.T.);
#2739=ORIENTED_EDGE('',*,*,#1944,.T.);
#2740=ORIENTED_EDGE('',*,*,#1827,.T.);
#2741=ORIENTED_EDGE('',*,*,#1830,.T.);
#2742=ORIENTED_EDGE('',*,*,#1675,.F.);
#2743=ORIENTED_EDGE('',*,*,#1812,.T.);
#2744=ORIENTED_EDGE('',*,*,#1854,.T.);
#2745=ORIENTED_EDGE('',*,*,#1883,.T.);
#2746=ORIENTED_EDGE('',*,*,#1867,.T.);
#2747=ORIENTED_EDGE('',*,*,#1866,.T.);
#2748=ORIENTED_EDGE('',*,*,#1872,.F.);
#2749=ORIENTED_EDGE('',*,*,#1862,.T.);
#2750=ORIENTED_EDGE('',*,*,#1851,.T.);
#2751=ORIENTED_EDGE('',*,*,#1848,.T.);
#2752=ORIENTED_EDGE('',*,*,#1845,.T.);
#2753=ORIENTED_EDGE('',*,*,#1946,.T.);
#2754=ORIENTED_EDGE('',*,*,#1947,.T.);
#2755=ORIENTED_EDGE('',*,*,#1948,.T.);
#2756=ORIENTED_EDGE('',*,*,#1949,.T.);
#2757=ORIENTED_EDGE('',*,*,#1950,.F.);
#2758=ORIENTED_EDGE('',*,*,#1815,.F.);
#2759=ORIENTED_EDGE('',*,*,#1809,.F.);
#2760=ORIENTED_EDGE('',*,*,#1764,.T.);
#2761=ORIENTED_EDGE('',*,*,#1807,.F.);
#2762=ORIENTED_EDGE('',*,*,#1951,.T.);
#2763=ORIENTED_EDGE('',*,*,#1952,.T.);
#2764=ORIENTED_EDGE('',*,*,#1953,.T.);
#2765=ORIENTED_EDGE('',*,*,#1954,.T.);
#2766=ORIENTED_EDGE('',*,*,#1843,.T.);
#2767=ORIENTED_EDGE('',*,*,#1911,.T.);
#2768=ORIENTED_EDGE('',*,*,#1841,.F.);
#2769=ORIENTED_EDGE('',*,*,#1820,.T.);
#2770=ORIENTED_EDGE('',*,*,#1955,.F.);
#2771=ORIENTED_EDGE('',*,*,#1956,.F.);
#2772=ORIENTED_EDGE('',*,*,#1957,.T.);
#2773=ORIENTED_EDGE('',*,*,#1661,.F.);
#2774=ORIENTED_EDGE('',*,*,#1958,.T.);
#2775=ORIENTED_EDGE('',*,*,#1652,.T.);
#2776=ORIENTED_EDGE('',*,*,#1658,.F.);
#2777=ORIENTED_EDGE('',*,*,#1959,.F.);
#2778=ORIENTED_EDGE('',*,*,#1960,.T.);
#2779=ORIENTED_EDGE('',*,*,#1947,.F.);
#2780=ORIENTED_EDGE('',*,*,#1806,.F.);
#2781=ORIENTED_EDGE('',*,*,#1958,.F.);
#2782=ORIENTED_EDGE('',*,*,#1805,.F.);
#2783=ORIENTED_EDGE('',*,*,#1946,.F.);
#2784=ORIENTED_EDGE('',*,*,#1844,.T.);
#2785=ORIENTED_EDGE('',*,*,#1957,.F.);
#2786=ORIENTED_EDGE('',*,*,#1961,.F.);
#2787=ORIENTED_EDGE('',*,*,#1962,.F.);
#2788=ORIENTED_EDGE('',*,*,#1963,.F.);
#2789=ORIENTED_EDGE('',*,*,#1960,.F.);
#2790=ORIENTED_EDGE('',*,*,#1949,.F.);
#2791=ORIENTED_EDGE('',*,*,#1964,.T.);
#2792=ORIENTED_EDGE('',*,*,#1962,.T.);
#2793=ORIENTED_EDGE('',*,*,#1965,.F.);
#2794=ORIENTED_EDGE('',*,*,#1948,.F.);
#2795=ORIENTED_EDGE('',*,*,#1963,.T.);
#2796=ORIENTED_EDGE('',*,*,#1964,.F.);
#2797=ORIENTED_EDGE('',*,*,#1952,.F.);
#2798=ORIENTED_EDGE('',*,*,#1966,.F.);
#2799=ORIENTED_EDGE('',*,*,#1877,.F.);
#2800=ORIENTED_EDGE('',*,*,#1967,.T.);
#2801=ORIENTED_EDGE('',*,*,#1951,.F.);
#2802=ORIENTED_EDGE('',*,*,#1968,.F.);
#2803=ORIENTED_EDGE('',*,*,#1969,.T.);
#2804=ORIENTED_EDGE('',*,*,#1878,.F.);
#2805=ORIENTED_EDGE('',*,*,#1966,.T.);
#2806=ORIENTED_EDGE('',*,*,#1954,.F.);
#2807=ORIENTED_EDGE('',*,*,#1970,.T.);
#2808=ORIENTED_EDGE('',*,*,#1971,.T.);
#2809=ORIENTED_EDGE('',*,*,#1968,.T.);
#2810=ORIENTED_EDGE('',*,*,#1953,.F.);
#2811=ORIENTED_EDGE('',*,*,#1967,.F.);
#2812=ORIENTED_EDGE('',*,*,#1876,.F.);
#2813=ORIENTED_EDGE('',*,*,#1972,.T.);
#2814=ORIENTED_EDGE('',*,*,#1970,.F.);
#2815=ORIENTED_EDGE('',*,*,#1879,.F.);
#2816=ORIENTED_EDGE('',*,*,#1969,.F.);
#2817=ORIENTED_EDGE('',*,*,#1971,.F.);
#2818=ORIENTED_EDGE('',*,*,#1972,.F.);
#2819=ORIENTED_EDGE('',*,*,#1973,.T.);
#2820=ORIENTED_EDGE('',*,*,#1974,.T.);
#2821=ORIENTED_EDGE('',*,*,#1975,.T.);
#2822=ORIENTED_EDGE('',*,*,#1976,.T.);
#2823=ORIENTED_EDGE('',*,*,#1977,.T.);
#2824=ORIENTED_EDGE('',*,*,#1955,.T.);
#2825=ORIENTED_EDGE('',*,*,#1819,.T.);
#2826=ORIENTED_EDGE('',*,*,#1943,.F.);
#2827=ORIENTED_EDGE('',*,*,#1978,.T.);
#2828=ORIENTED_EDGE('',*,*,#1979,.F.);
#2829=ORIENTED_EDGE('',*,*,#1980,.F.);
#2830=ORIENTED_EDGE('',*,*,#1941,.F.);
#2831=ORIENTED_EDGE('',*,*,#1980,.T.);
#2832=ORIENTED_EDGE('',*,*,#1981,.F.);
#2833=ORIENTED_EDGE('',*,*,#1982,.F.);
#2834=ORIENTED_EDGE('',*,*,#1938,.F.);
#2835=ORIENTED_EDGE('',*,*,#1982,.T.);
#2836=ORIENTED_EDGE('',*,*,#1983,.F.);
#2837=ORIENTED_EDGE('',*,*,#1984,.F.);
#2838=ORIENTED_EDGE('',*,*,#1939,.F.);
#2839=ORIENTED_EDGE('',*,*,#1936,.F.);
#2840=ORIENTED_EDGE('',*,*,#1984,.T.);
#2841=ORIENTED_EDGE('',*,*,#1985,.F.);
#2842=ORIENTED_EDGE('',*,*,#1986,.F.);
#2843=ORIENTED_EDGE('',*,*,#1935,.F.);
#2844=ORIENTED_EDGE('',*,*,#1986,.T.);
#2845=ORIENTED_EDGE('',*,*,#1987,.F.);
#2846=ORIENTED_EDGE('',*,*,#1988,.F.);
#2847=ORIENTED_EDGE('',*,*,#1933,.F.);
#2848=ORIENTED_EDGE('',*,*,#1988,.T.);
#2849=ORIENTED_EDGE('',*,*,#1989,.F.);
#2850=ORIENTED_EDGE('',*,*,#1990,.F.);
#2851=ORIENTED_EDGE('',*,*,#1888,.F.);
#2852=ORIENTED_EDGE('',*,*,#1990,.T.);
#2853=ORIENTED_EDGE('',*,*,#1991,.F.);
#2854=ORIENTED_EDGE('',*,*,#1992,.F.);
#2855=ORIENTED_EDGE('',*,*,#1886,.F.);
#2856=ORIENTED_EDGE('',*,*,#1992,.T.);
#2857=ORIENTED_EDGE('',*,*,#1993,.F.);
#2858=ORIENTED_EDGE('',*,*,#1994,.F.);
#2859=ORIENTED_EDGE('',*,*,#1874,.F.);
#2860=ORIENTED_EDGE('',*,*,#1994,.T.);
#2861=ORIENTED_EDGE('',*,*,#1995,.F.);
#2862=ORIENTED_EDGE('',*,*,#1996,.F.);
#2863=ORIENTED_EDGE('',*,*,#1945,.F.);
#2864=ORIENTED_EDGE('',*,*,#1801,.F.);
#2865=ORIENTED_EDGE('',*,*,#1959,.T.);
#2866=ORIENTED_EDGE('',*,*,#1808,.F.);
#2867=ORIENTED_EDGE('',*,*,#1996,.T.);
#2868=ORIENTED_EDGE('',*,*,#1997,.F.);
#2869=ORIENTED_EDGE('',*,*,#1978,.F.);
#2870=ORIENTED_EDGE('',*,*,#1998,.F.);
#2871=ORIENTED_EDGE('',*,*,#1999,.F.);
#2872=ORIENTED_EDGE('',*,*,#1973,.F.);
#2873=ORIENTED_EDGE('',*,*,#2000,.F.);
#2874=ORIENTED_EDGE('',*,*,#2001,.T.);
#2875=ORIENTED_EDGE('',*,*,#1976,.F.);
#2876=ORIENTED_EDGE('',*,*,#2002,.T.);
#2877=ORIENTED_EDGE('',*,*,#2003,.F.);
#2878=ORIENTED_EDGE('',*,*,#2004,.F.);
#2879=ORIENTED_EDGE('',*,*,#2005,.T.);
#2880=ORIENTED_EDGE('',*,*,#2002,.F.);
#2881=ORIENTED_EDGE('',*,*,#1975,.F.);
#2882=ORIENTED_EDGE('',*,*,#2006,.T.);
#2883=ORIENTED_EDGE('',*,*,#2007,.T.);
#2884=ORIENTED_EDGE('',*,*,#2008,.T.);
#2885=ORIENTED_EDGE('',*,*,#2009,.T.);
#2886=ORIENTED_EDGE('',*,*,#2010,.T.);
#2887=ORIENTED_EDGE('',*,*,#2011,.F.);
#2888=ORIENTED_EDGE('',*,*,#2012,.T.);
#2889=ORIENTED_EDGE('',*,*,#2013,.F.);
#2890=ORIENTED_EDGE('',*,*,#2014,.T.);
#2891=ORIENTED_EDGE('',*,*,#1997,.T.);
#2892=ORIENTED_EDGE('',*,*,#2015,.T.);
#2893=ORIENTED_EDGE('',*,*,#2007,.F.);
#2894=ORIENTED_EDGE('',*,*,#2016,.F.);
#2895=ORIENTED_EDGE('',*,*,#1995,.T.);
#2896=ORIENTED_EDGE('',*,*,#1993,.T.);
#2897=ORIENTED_EDGE('',*,*,#2017,.T.);
#2898=ORIENTED_EDGE('',*,*,#2008,.F.);
#2899=ORIENTED_EDGE('',*,*,#2015,.F.);
#2900=ORIENTED_EDGE('',*,*,#1991,.T.);
#2901=ORIENTED_EDGE('',*,*,#1989,.T.);
#2902=ORIENTED_EDGE('',*,*,#2018,.T.);
#2903=ORIENTED_EDGE('',*,*,#2009,.F.);
#2904=ORIENTED_EDGE('',*,*,#2017,.F.);
#2905=ORIENTED_EDGE('',*,*,#1987,.T.);
#2906=ORIENTED_EDGE('',*,*,#1985,.T.);
#2907=ORIENTED_EDGE('',*,*,#1983,.T.);
#2908=ORIENTED_EDGE('',*,*,#1981,.T.);
#2909=ORIENTED_EDGE('',*,*,#1979,.T.);
#2910=ORIENTED_EDGE('',*,*,#2016,.T.);
#2911=ORIENTED_EDGE('',*,*,#2010,.F.);
#2912=ORIENTED_EDGE('',*,*,#2018,.F.);
#2913=ORIENTED_EDGE('',*,*,#2019,.T.);
#2914=ORIENTED_EDGE('',*,*,#2020,.T.);
#2915=ORIENTED_EDGE('',*,*,#2021,.T.);
#2916=ORIENTED_EDGE('',*,*,#2012,.F.);
#2917=ORIENTED_EDGE('',*,*,#2022,.T.);
#2918=ORIENTED_EDGE('',*,*,#2023,.F.);
#2919=ORIENTED_EDGE('',*,*,#2013,.T.);
#2920=ORIENTED_EDGE('',*,*,#2021,.F.);
#2921=ORIENTED_EDGE('',*,*,#2024,.T.);
#2922=ORIENTED_EDGE('',*,*,#2014,.F.);
#2923=ORIENTED_EDGE('',*,*,#2023,.T.);
#2924=ORIENTED_EDGE('',*,*,#2025,.T.);
#2925=ORIENTED_EDGE('',*,*,#2026,.T.);
#2926=ORIENTED_EDGE('',*,*,#2019,.F.);
#2927=ORIENTED_EDGE('',*,*,#2011,.T.);
#2928=ORIENTED_EDGE('',*,*,#2024,.F.);
#2929=ORIENTED_EDGE('',*,*,#2027,.T.);
#2930=ORIENTED_EDGE('',*,*,#2001,.F.);
#2931=ORIENTED_EDGE('',*,*,#2028,.F.);
#2932=ORIENTED_EDGE('',*,*,#1977,.F.);
#2933=ORIENTED_EDGE('',*,*,#2003,.T.);
#2934=ORIENTED_EDGE('',*,*,#2005,.F.);
#2935=ORIENTED_EDGE('',*,*,#2029,.T.);
#2936=ORIENTED_EDGE('',*,*,#2025,.F.);
#2937=ORIENTED_EDGE('',*,*,#2030,.F.);
#2938=ORIENTED_EDGE('',*,*,#2026,.F.);
#2939=ORIENTED_EDGE('',*,*,#2029,.F.);
#2940=ORIENTED_EDGE('',*,*,#2004,.T.);
#2941=ORIENTED_EDGE('',*,*,#2031,.T.);
#2942=ORIENTED_EDGE('',*,*,#2020,.F.);
#2943=ORIENTED_EDGE('',*,*,#2030,.T.);
#2944=ORIENTED_EDGE('',*,*,#2006,.F.);
#2945=ORIENTED_EDGE('',*,*,#1974,.F.);
#2946=ORIENTED_EDGE('',*,*,#1999,.T.);
#2947=ORIENTED_EDGE('',*,*,#2027,.F.);
#2948=ORIENTED_EDGE('',*,*,#2022,.F.);
#2949=ORIENTED_EDGE('',*,*,#2031,.F.);
#2950=ORIENTED_EDGE('',*,*,#1998,.T.);
#2951=ORIENTED_EDGE('',*,*,#1818,.T.);
#2952=ORIENTED_EDGE('',*,*,#1816,.T.);
#2953=ORIENTED_EDGE('',*,*,#1950,.T.);
#2954=ORIENTED_EDGE('',*,*,#1965,.T.);
#2955=ORIENTED_EDGE('',*,*,#1961,.T.);
#2956=ORIENTED_EDGE('',*,*,#1956,.T.);
#2957=ORIENTED_EDGE('',*,*,#2028,.T.);
#2958=ORIENTED_EDGE('',*,*,#2000,.T.);
#2959=ORIENTED_EDGE('',*,*,#2032,.F.);
#2960=ORIENTED_EDGE('',*,*,#2033,.F.);
#2961=ORIENTED_EDGE('',*,*,#2034,.F.);
#2962=ORIENTED_EDGE('',*,*,#2035,.F.);
#2963=ORIENTED_EDGE('',*,*,#2036,.F.);
#2964=ORIENTED_EDGE('',*,*,#2033,.T.);
#2965=ORIENTED_EDGE('',*,*,#2037,.F.);
#2966=ORIENTED_EDGE('',*,*,#2032,.T.);
#2967=ORIENTED_EDGE('',*,*,#2038,.F.);
#2968=ORIENTED_EDGE('',*,*,#2039,.F.);
#2969=ORIENTED_EDGE('',*,*,#2040,.F.);
#2970=ORIENTED_EDGE('',*,*,#2037,.T.);
#2971=ORIENTED_EDGE('',*,*,#2035,.T.);
#2972=ORIENTED_EDGE('',*,*,#2040,.T.);
#2973=ORIENTED_EDGE('',*,*,#2041,.F.);
#2974=ORIENTED_EDGE('',*,*,#2034,.T.);
#2975=ORIENTED_EDGE('',*,*,#2042,.T.);
#2976=ORIENTED_EDGE('',*,*,#2038,.T.);
#2977=ORIENTED_EDGE('',*,*,#2036,.T.);
#2978=ORIENTED_EDGE('',*,*,#2041,.T.);
#2979=ORIENTED_EDGE('',*,*,#2039,.T.);
#2980=ORIENTED_EDGE('',*,*,#2042,.F.);
#2981=PLANE('',#3297);
#2982=PLANE('',#3298);
#2983=PLANE('',#3299);
#2984=PLANE('',#3300);
#2985=PLANE('',#3301);
#2986=PLANE('',#3302);
#2987=PLANE('',#3303);
#2988=PLANE('',#3304);
#2989=PLANE('',#3314);
#2990=PLANE('',#3315);
#2991=PLANE('',#3316);
#2992=PLANE('',#3317);
#2993=PLANE('',#3318);
#2994=PLANE('',#3319);
#2995=PLANE('',#3320);
#2996=PLANE('',#3321);
#2997=PLANE('',#3322);
#2998=PLANE('',#3323);
#2999=PLANE('',#3324);
#3000=PLANE('',#3325);
#3001=PLANE('',#3326);
#3002=PLANE('',#3327);
#3003=PLANE('',#3328);
#3004=PLANE('',#3329);
#3005=PLANE('',#3330);
#3006=PLANE('',#3331);
#3007=PLANE('',#3332);
#3008=PLANE('',#3333);
#3009=PLANE('',#3334);
#3010=PLANE('',#3335);
#3011=PLANE('',#3336);
#3012=PLANE('',#3337);
#3013=PLANE('',#3338);
#3014=PLANE('',#3339);
#3015=PLANE('',#3340);
#3016=PLANE('',#3341);
#3017=PLANE('',#3342);
#3018=PLANE('',#3344);
#3019=PLANE('',#3345);
#3020=PLANE('',#3352);
#3021=PLANE('',#3353);
#3022=PLANE('',#3354);
#3023=PLANE('',#3355);
#3024=PLANE('',#3356);
#3025=PLANE('',#3357);
#3026=PLANE('',#3358);
#3027=PLANE('',#3365);
#3028=PLANE('',#3366);
#3029=PLANE('',#3367);
#3030=PLANE('',#3368);
#3031=PLANE('',#3369);
#3032=PLANE('',#3370);
#3033=PLANE('',#3371);
#3034=PLANE('',#3372);
#3035=PLANE('',#3373);
#3036=PLANE('',#3374);
#3037=PLANE('',#3375);
#3038=PLANE('',#3376);
#3039=PLANE('',#3377);
#3040=PLANE('',#3378);
#3041=PLANE('',#3379);
#3042=PLANE('',#3380);
#3043=PLANE('',#3381);
#3044=PLANE('',#3382);
#3045=PLANE('',#3386);
#3046=PLANE('',#3387);
#3047=PLANE('',#3389);
#3048=PLANE('',#3390);
#3049=PLANE('',#3391);
#3050=PLANE('',#3396);
#3051=PLANE('',#3397);
#3052=PLANE('',#3398);
#3053=PLANE('',#3399);
#3054=PLANE('',#3405);
#3055=PLANE('',#3417);
#3056=PLANE('',#3418);
#3057=PLANE('',#3419);
#3058=PLANE('',#3420);
#3059=PLANE('',#3421);
#3060=PLANE('',#3422);
#3061=PLANE('',#3423);
#3062=PLANE('',#3424);
#3063=PLANE('',#3426);
#3064=PLANE('',#3430);
#3065=PLANE('',#3431);
#3066=PLANE('',#3432);
#3067=PLANE('',#3433);
#3068=PLANE('',#3434);
#3069=PLANE('',#3435);
#3070=PLANE('',#3436);
#3071=PLANE('',#3438);
#3072=PLANE('',#3439);
#3073=PLANE('',#3440);
#3074=PLANE('',#3441);
#3075=PLANE('',#3444);
#3076=PLANE('',#3445);
#3077=PLANE('',#3446);
#3078=PLANE('',#3447);
#3079=PLANE('',#3448);
#3080=PLANE('',#3449);
#3081=PLANE('',#3450);
#3082=PLANE('',#3451);
#3083=PLANE('',#3452);
#3084=PLANE('',#3453);
#3085=PLANE('',#3454);
#3086=PLANE('',#3455);
#3087=PLANE('',#3456);
#3088=PLANE('',#3457);
#3089=PLANE('',#3458);
#3090=PLANE('',#3459);
#3091=PLANE('',#3460);
#3092=PLANE('',#3461);
#3093=PLANE('',#3462);
#3094=PLANE('',#3463);
#3095=PLANE('',#3464);
#3096=PLANE('',#3465);
#3097=PLANE('',#3466);
#3098=PLANE('',#3467);
#3099=PLANE('',#3468);
#3100=PLANE('',#3469);
#3101=PLANE('',#3470);
#3102=PLANE('',#3471);
#3103=PLANE('',#3472);
#3104=PLANE('',#3473);
#3105=PLANE('',#3474);
#3106=PLANE('',#3475);
#3107=PLANE('',#3476);
#3108=PLANE('',#3477);
#3109=ADVANCED_FACE('',(#119),#2981,.T.);
#3110=ADVANCED_FACE('',(#120),#2982,.T.);
#3111=ADVANCED_FACE('',(#121),#2983,.F.);
#3112=ADVANCED_FACE('',(#122),#2984,.T.);
#3113=ADVANCED_FACE('',(#123),#2985,.F.);
#3114=ADVANCED_FACE('',(#124),#2986,.T.);
#3115=ADVANCED_FACE('',(#125),#2987,.T.);
#3116=ADVANCED_FACE('',(#126),#2988,.T.);
#3117=ADVANCED_FACE('',(#127),#102,.F.);
#3118=ADVANCED_FACE('',(#128),#103,.F.);
#3119=ADVANCED_FACE('',(#129),#104,.F.);
#3120=ADVANCED_FACE('',(#130),#2989,.T.);
#3121=ADVANCED_FACE('',(#131),#2990,.F.);
#3122=ADVANCED_FACE('',(#132),#2991,.T.);
#3123=ADVANCED_FACE('',(#133),#2992,.T.);
#3124=ADVANCED_FACE('',(#134),#2993,.T.);
#3125=ADVANCED_FACE('',(#135),#2994,.T.);
#3126=ADVANCED_FACE('',(#136),#2995,.T.);
#3127=ADVANCED_FACE('',(#137),#2996,.F.);
#3128=ADVANCED_FACE('',(#138,#58,#59,#60),#2997,.F.);
#3129=ADVANCED_FACE('',(#139),#2998,.F.);
#3130=ADVANCED_FACE('',(#140),#2999,.F.);
#3131=ADVANCED_FACE('',(#141),#3000,.F.);
#3132=ADVANCED_FACE('',(#142),#3001,.F.);
#3133=ADVANCED_FACE('',(#143),#3002,.F.);
#3134=ADVANCED_FACE('',(#144),#3003,.F.);
#3135=ADVANCED_FACE('',(#145),#3004,.F.);
#3136=ADVANCED_FACE('',(#146),#3005,.F.);
#3137=ADVANCED_FACE('',(#147),#3006,.F.);
#3138=ADVANCED_FACE('',(#148),#3007,.F.);
#3139=ADVANCED_FACE('',(#149),#3008,.F.);
#3140=ADVANCED_FACE('',(#150),#3009,.F.);
#3141=ADVANCED_FACE('',(#151),#35,.F.);
#3142=ADVANCED_FACE('',(#152),#3010,.T.);
#3143=ADVANCED_FACE('',(#153),#3011,.T.);
#3144=ADVANCED_FACE('',(#154),#3012,.T.);
#3145=ADVANCED_FACE('',(#155),#3013,.T.);
#3146=ADVANCED_FACE('',(#156),#3014,.T.);
#3147=ADVANCED_FACE('',(#157),#3015,.T.);
#3148=ADVANCED_FACE('',(#158),#3016,.T.);
#3149=ADVANCED_FACE('',(#159),#3017,.F.);
#3150=ADVANCED_FACE('',(#160),#3018,.T.);
#3151=ADVANCED_FACE('',(#161),#3019,.T.);
#3152=ADVANCED_FACE('',(#162),#105,.F.);
#3153=ADVANCED_FACE('',(#163),#106,.F.);
#3154=ADVANCED_FACE('',(#164),#3020,.T.);
#3155=ADVANCED_FACE('',(#165),#3021,.T.);
#3156=ADVANCED_FACE('',(#166),#3022,.T.);
#3157=ADVANCED_FACE('',(#167),#3023,.T.);
#3158=ADVANCED_FACE('',(#168),#3024,.F.);
#3159=ADVANCED_FACE('',(#169),#3025,.F.);
#3160=ADVANCED_FACE('',(#170),#3026,.F.);
#3161=ADVANCED_FACE('',(#171),#107,.T.);
#3162=ADVANCED_FACE('',(#172),#17,.F.);
#3163=ADVANCED_FACE('',(#173),#3027,.T.);
#3164=ADVANCED_FACE('',(#174),#3028,.T.);
#3165=ADVANCED_FACE('',(#175),#3029,.T.);
#3166=ADVANCED_FACE('',(#176),#3030,.F.);
#3167=ADVANCED_FACE('',(#177),#3031,.F.);
#3168=ADVANCED_FACE('',(#178),#3032,.T.);
#3169=ADVANCED_FACE('',(#179),#3033,.F.);
#3170=ADVANCED_FACE('',(#180),#3034,.F.);
#3171=ADVANCED_FACE('',(#181),#3035,.T.);
#3172=ADVANCED_FACE('',(#182),#3036,.T.);
#3173=ADVANCED_FACE('',(#183),#3037,.T.);
#3174=ADVANCED_FACE('',(#184),#3038,.T.);
#3175=ADVANCED_FACE('',(#185),#3039,.T.);
#3176=ADVANCED_FACE('',(#186),#3040,.F.);
#3177=ADVANCED_FACE('',(#187),#3041,.F.);
#3178=ADVANCED_FACE('',(#188),#3042,.F.);
#3179=ADVANCED_FACE('',(#189,#61,#62,#63),#3043,.F.);
#3180=ADVANCED_FACE('',(#190),#3044,.T.);
#3181=ADVANCED_FACE('',(#191),#108,.T.);
#3182=ADVANCED_FACE('',(#192,#64,#65,#66,#67,#68,#69),#3045,.T.);
#3183=ADVANCED_FACE('',(#193,#70,#71,#72,#73),#3046,.F.);
#3184=ADVANCED_FACE('',(#194),#109,.T.);
#3185=ADVANCED_FACE('',(#195),#3047,.T.);
#3186=ADVANCED_FACE('',(#196),#3048,.T.);
#3187=ADVANCED_FACE('',(#197),#3049,.T.);
#3188=ADVANCED_FACE('',(#198),#110,.F.);
#3189=ADVANCED_FACE('',(#199),#3050,.T.);
#3190=ADVANCED_FACE('',(#200),#3051,.T.);
#3191=ADVANCED_FACE('',(#201),#3052,.T.);
#3192=ADVANCED_FACE('',(#202),#3053,.T.);
#3193=ADVANCED_FACE('',(#203),#111,.F.);
#3194=ADVANCED_FACE('',(#204),#112,.F.);
#3195=ADVANCED_FACE('',(#205),#3054,.T.);
#3196=ADVANCED_FACE('',(#206),#113,.T.);
#3197=ADVANCED_FACE('',(#207),#114,.F.);
#3198=ADVANCED_FACE('',(#208),#115,.F.);
#3199=ADVANCED_FACE('',(#209),#3055,.T.);
#3200=ADVANCED_FACE('',(#210),#3056,.F.);
#3201=ADVANCED_FACE('',(#211,#74),#36,.T.);
#3202=ADVANCED_FACE('',(#212),#37,.F.);
#3203=ADVANCED_FACE('',(#213),#3057,.T.);
#3204=ADVANCED_FACE('',(#214),#3058,.T.);
#3205=ADVANCED_FACE('',(#215),#3059,.T.);
#3206=ADVANCED_FACE('',(#216),#38,.T.);
#3207=ADVANCED_FACE('',(#217),#3060,.T.);
#3208=ADVANCED_FACE('',(#218),#3061,.T.);
#3209=ADVANCED_FACE('',(#219),#3062,.T.);
#3210=ADVANCED_FACE('',(#220),#3063,.F.);
#3211=ADVANCED_FACE('',(#221),#3064,.T.);
#3212=ADVANCED_FACE('',(#222),#3065,.T.);
#3213=ADVANCED_FACE('',(#223),#3066,.T.);
#3214=ADVANCED_FACE('',(#224),#18,.T.);
#3215=ADVANCED_FACE('',(#225),#3067,.T.);
#3216=ADVANCED_FACE('',(#226),#19,.T.);
#3217=ADVANCED_FACE('',(#227),#3068,.T.);
#3218=ADVANCED_FACE('',(#228),#20,.F.);
#3219=ADVANCED_FACE('',(#229),#21,.T.);
#3220=ADVANCED_FACE('',(#230),#3069,.T.);
#3221=ADVANCED_FACE('',(#231),#3070,.T.);
#3222=ADVANCED_FACE('',(#232),#3071,.T.);
#3223=ADVANCED_FACE('',(#233),#3072,.T.);
#3224=ADVANCED_FACE('',(#234),#3073,.T.);
#3225=ADVANCED_FACE('',(#235),#3074,.T.);
#3226=ADVANCED_FACE('',(#236),#116,.F.);
#3227=ADVANCED_FACE('',(#237),#39,.T.);
#3228=ADVANCED_FACE('',(#238),#3075,.T.);
#3229=ADVANCED_FACE('',(#239),#3076,.T.);
#3230=ADVANCED_FACE('',(#240),#40,.T.);
#3231=ADVANCED_FACE('',(#241),#3077,.T.);
#3232=ADVANCED_FACE('',(#242),#3078,.T.);
#3233=ADVANCED_FACE('',(#243),#3079,.F.);
#3234=ADVANCED_FACE('',(#244,#75),#3080,.T.);
#3235=ADVANCED_FACE('',(#245),#3081,.T.);
#3236=ADVANCED_FACE('',(#246),#3082,.T.);
#3237=ADVANCED_FACE('',(#247),#3083,.T.);
#3238=ADVANCED_FACE('',(#248),#3084,.F.);
#3239=ADVANCED_FACE('',(#249),#3085,.F.);
#3240=ADVANCED_FACE('',(#250),#3086,.F.);
#3241=ADVANCED_FACE('',(#251),#3087,.F.);
#3242=ADVANCED_FACE('',(#252),#3088,.F.);
#3243=ADVANCED_FACE('',(#253),#3089,.F.);
#3244=ADVANCED_FACE('',(#254),#3090,.F.);
#3245=ADVANCED_FACE('',(#255),#3091,.F.);
#3246=ADVANCED_FACE('',(#256),#3092,.F.);
#3247=ADVANCED_FACE('',(#257),#41,.T.);
#3248=ADVANCED_FACE('',(#258),#42,.T.);
#3249=ADVANCED_FACE('',(#259),#43,.T.);
#3250=ADVANCED_FACE('',(#260),#44,.T.);
#3251=ADVANCED_FACE('',(#261),#45,.T.);
#3252=ADVANCED_FACE('',(#262),#46,.T.);
#3253=ADVANCED_FACE('',(#263),#47,.T.);
#3254=ADVANCED_FACE('',(#264),#48,.T.);
#3255=ADVANCED_FACE('',(#265),#49,.T.);
#3256=ADVANCED_FACE('',(#266),#50,.T.);
#3257=ADVANCED_FACE('',(#267),#51,.F.);
#3258=ADVANCED_FACE('',(#268),#52,.F.);
#3259=ADVANCED_FACE('',(#269),#53,.F.);
#3260=ADVANCED_FACE('',(#270,#76),#3093,.T.);
#3261=ADVANCED_FACE('',(#271),#3094,.T.);
#3262=ADVANCED_FACE('',(#272),#3095,.T.);
#3263=ADVANCED_FACE('',(#273),#3096,.T.);
#3264=ADVANCED_FACE('',(#274),#3097,.T.);
#3265=ADVANCED_FACE('',(#275),#3098,.T.);
#3266=ADVANCED_FACE('',(#276),#3099,.T.);
#3267=ADVANCED_FACE('',(#277),#3100,.T.);
#3268=ADVANCED_FACE('',(#278),#3101,.T.);
#3269=ADVANCED_FACE('',(#279),#54,.F.);
#3270=ADVANCED_FACE('',(#280),#55,.T.);
#3271=ADVANCED_FACE('',(#281),#56,.F.);
#3272=ADVANCED_FACE('',(#282),#57,.T.);
#3273=ADVANCED_FACE('',(#283),#3102,.T.);
#3274=ADVANCED_FACE('',(#284),#3103,.T.);
#3275=ADVANCED_FACE('',(#285),#3104,.T.);
#3276=ADVANCED_FACE('',(#286),#3105,.F.);
#3277=ADVANCED_FACE('',(#287),#3106,.F.);
#3278=ADVANCED_FACE('',(#288),#3107,.F.);
#3279=ADVANCED_FACE('',(#289),#3108,.F.);
#3280=CLOSED_SHELL('',(#3109,#3110,#3111,#3112,#3113,#3114));
#3281=CLOSED_SHELL('',(#3115,#3116,#3117,#3118,#3119,#3120,#3121,#3122,
#3123,#3124,#3125,#3126,#3127,#3128,#3129,#3130,#3131,#3132,#3133,#3134,
#3135,#3136,#3137,#3138,#3139,#3140,#3141,#3142,#3143,#3144,#3145,#3146,
#3147,#3148,#3149,#3150,#3151,#3152,#3153,#3154,#3155,#3156,#3157,#3158,
#3159,#3160,#3161,#3162,#3163,#3164,#3165,#3166,#3167,#3168,#3169,#3170,
#3171,#3172,#3173,#3174,#3175,#3176,#3177,#3178,#3179,#3180,#3181,#3182,
#3183,#3184,#3185,#3186,#3187,#3188,#3189,#3190,#3191,#3192,#3193,#3194,
#3195,#3196,#3197,#3198,#3199,#3200,#3201,#3202,#3203,#3204,#3205,#3206,
#3207,#3208,#3209,#3210,#3211,#3212,#3213,#3214,#3215,#3216,#3217,#3218,
#3219,#3220,#3221,#3222,#3223,#3224,#3225,#3226,#3227,#3228,#3229,#3230,
#3231,#3232,#3233,#3234,#3235,#3236,#3237,#3238,#3239,#3240,#3241,#3242,
#3243,#3244,#3245,#3246,#3247,#3248,#3249,#3250,#3251,#3252,#3253,#3254,
#3255,#3256,#3257,#3258,#3259,#3260,#3261,#3262,#3263,#3264,#3265,#3266,
#3267,#3268,#3269,#3270,#3271,#3272,#3273));
#3282=CLOSED_SHELL('',(#3274,#3275,#3276,#3277,#3278,#3279));
#3283=BREP_WITH_VOIDS('FAN_MOUNT (3)',#3281,(#117,#118));
#3284=DERIVED_UNIT_ELEMENT(#3286,1.);
#3285=DERIVED_UNIT_ELEMENT(#7149,-3.);
#3286=(
MASS_UNIT()
NAMED_UNIT(*)
SI_UNIT(.KILO.,.GRAM.)
);
#3287=DERIVED_UNIT((#3284,#3285));
#3288=MEASURE_REPRESENTATION_ITEM('density measure',
POSITIVE_RATIO_MEASURE(7850.),#3287);
#3289=PROPERTY_DEFINITION_REPRESENTATION(#3294,#3291);
#3290=PROPERTY_DEFINITION_REPRESENTATION(#3295,#3292);
#3291=REPRESENTATION('material name',(#3293),#7146);
#3292=REPRESENTATION('density',(#3288),#7146);
#3293=DESCRIPTIVE_REPRESENTATION_ITEM('Steel','Steel');
#3294=PROPERTY_DEFINITION('material property','material name',#7156);
#3295=PROPERTY_DEFINITION('material property','density of part',#7156);
#3296=AXIS2_PLACEMENT_3D('',#4211,#3478,#3479);
#3297=AXIS2_PLACEMENT_3D('',#4212,#3480,#3481);
#3298=AXIS2_PLACEMENT_3D('',#4226,#3485,#3486);
#3299=AXIS2_PLACEMENT_3D('',#4232,#3490,#3491);
#3300=AXIS2_PLACEMENT_3D('',#4236,#3494,#3495);
#3301=AXIS2_PLACEMENT_3D('',#4245,#3497,#3498);
#3302=AXIS2_PLACEMENT_3D('',#4247,#3500,#3501);
#3303=AXIS2_PLACEMENT_3D('',#4248,#3502,#3503);
#3304=AXIS2_PLACEMENT_3D('',#4290,#3517,#3518);
#3305=AXIS2_PLACEMENT_3D('',#4302,#3521,#3522);
#3306=AXIS2_PLACEMENT_3D('',#4304,#3523,#3524);
#3307=AXIS2_PLACEMENT_3D('',#4307,#3526,#3527);
#3308=AXIS2_PLACEMENT_3D('',#4308,#3528,#3529);
#3309=AXIS2_PLACEMENT_3D('',#4310,#3530,#3531);
#3310=AXIS2_PLACEMENT_3D('',#4313,#3533,#3534);
#3311=AXIS2_PLACEMENT_3D('',#4314,#3535,#3536);
#3312=AXIS2_PLACEMENT_3D('',#4316,#3537,#3538);
#3313=AXIS2_PLACEMENT_3D('',#4319,#3540,#3541);
#3314=AXIS2_PLACEMENT_3D('',#4320,#3542,#3543);
#3315=AXIS2_PLACEMENT_3D('',#4333,#3550,#3551);
#3316=AXIS2_PLACEMENT_3D('',#4339,#3555,#3556);
#3317=AXIS2_PLACEMENT_3D('',#4345,#3560,#3561);
#3318=AXIS2_PLACEMENT_3D('',#4349,#3564,#3565);
#3319=AXIS2_PLACEMENT_3D('',#4355,#3569,#3570);
#3320=AXIS2_PLACEMENT_3D('',#4360,#3574,#3575);
#3321=AXIS2_PLACEMENT_3D('',#4364,#3578,#3579);
#3322=AXIS2_PLACEMENT_3D('',#4374,#3585,#3586);
#3323=AXIS2_PLACEMENT_3D('',#4375,#3587,#3588);
#3324=AXIS2_PLACEMENT_3D('',#4384,#3593,#3594);
#3325=AXIS2_PLACEMENT_3D('',#4390,#3598,#3599);
#3326=AXIS2_PLACEMENT_3D('',#4393,#3602,#3603);
#3327=AXIS2_PLACEMENT_3D('',#4404,#3609,#3610);
#3328=AXIS2_PLACEMENT_3D('',#4412,#3615,#3616);
#3329=AXIS2_PLACEMENT_3D('',#4419,#3621,#3622);
#3330=AXIS2_PLACEMENT_3D('',#4428,#3627,#3628);
#3331=AXIS2_PLACEMENT_3D('',#4434,#3632,#3633);
#3332=AXIS2_PLACEMENT_3D('',#4437,#3636,#3637);
#3333=AXIS2_PLACEMENT_3D('',#4450,#3644,#3645);
#3334=AXIS2_PLACEMENT_3D('',#4456,#3649,#3650);
#3335=AXIS2_PLACEMENT_3D('',#4511,#3655,#3656);
#3336=AXIS2_PLACEMENT_3D('',#4517,#3660,#3661);
#3337=AXIS2_PLACEMENT_3D('',#4532,#3669,#3670);
#3338=AXIS2_PLACEMENT_3D('',#4546,#3675,#3676);
#3339=AXIS2_PLACEMENT_3D('',#4550,#3679,#3680);
#3340=AXIS2_PLACEMENT_3D('',#4559,#3685,#3686);
#3341=AXIS2_PLACEMENT_3D('',#4565,#3690,#3691);
#3342=AXIS2_PLACEMENT_3D('',#4569,#3694,#3695);
#3343=AXIS2_PLACEMENT_3D('',#4572,#3696,#3697);
#3344=AXIS2_PLACEMENT_3D('',#4574,#3699,#3700);
#3345=AXIS2_PLACEMENT_3D('',#4580,#3704,#3705);
#3346=AXIS2_PLACEMENT_3D('',#4589,#3710,#3711);
#3347=AXIS2_PLACEMENT_3D('',#4591,#3712,#3713);
#3348=AXIS2_PLACEMENT_3D('',#4594,#3715,#3716);
#3349=AXIS2_PLACEMENT_3D('',#4595,#3717,#3718);
#3350=AXIS2_PLACEMENT_3D('',#4597,#3719,#3720);
#3351=AXIS2_PLACEMENT_3D('',#4600,#3722,#3723);
#3352=AXIS2_PLACEMENT_3D('',#4601,#3724,#3725);
#3353=AXIS2_PLACEMENT_3D('',#4610,#3730,#3731);
#3354=AXIS2_PLACEMENT_3D('',#4616,#3735,#3736);
#3355=AXIS2_PLACEMENT_3D('',#4619,#3739,#3740);
#3356=AXIS2_PLACEMENT_3D('',#4629,#3746,#3747);
#3357=AXIS2_PLACEMENT_3D('',#4639,#3753,#3754);
#3358=AXIS2_PLACEMENT_3D('',#4645,#3758,#3759);
#3359=AXIS2_PLACEMENT_3D('',#4652,#3763,#3764);
#3360=AXIS2_PLACEMENT_3D('',#4653,#3765,#3766);
#3361=AXIS2_PLACEMENT_3D('',#4654,#3767,#3768);
#3362=AXIS2_PLACEMENT_3D('',#4655,#3769,#3770);
#3363=AXIS2_PLACEMENT_3D('',#4664,#3771,#3772);
#3364=AXIS2_PLACEMENT_3D('',#4668,#3774,#3775);
#3365=AXIS2_PLACEMENT_3D('',#4670,#3777,#3778);
#3366=AXIS2_PLACEMENT_3D('',#4673,#3781,#3782);
#3367=AXIS2_PLACEMENT_3D('',#4676,#3785,#3786);
#3368=AXIS2_PLACEMENT_3D('',#4680,#3789,#3790);
#3369=AXIS2_PLACEMENT_3D('',#4686,#3794,#3795);
#3370=AXIS2_PLACEMENT_3D('',#4694,#3800,#3801);
#3371=AXIS2_PLACEMENT_3D('',#4701,#3807,#3808);
#3372=AXIS2_PLACEMENT_3D('',#4706,#3812,#3813);
#3373=AXIS2_PLACEMENT_3D('',#4710,#3816,#3817);
#3374=AXIS2_PLACEMENT_3D('',#4714,#3820,#3821);
#3375=AXIS2_PLACEMENT_3D('',#4718,#3824,#3825);
#3376=AXIS2_PLACEMENT_3D('',#4722,#3828,#3829);
#3377=AXIS2_PLACEMENT_3D('',#4726,#3832,#3833);
#3378=AXIS2_PLACEMENT_3D('',#4728,#3835,#3836);
#3379=AXIS2_PLACEMENT_3D('',#4729,#3837,#3838);
#3380=AXIS2_PLACEMENT_3D('',#4734,#3842,#3843);
#3381=AXIS2_PLACEMENT_3D('',#4737,#3846,#3847);
#3382=AXIS2_PLACEMENT_3D('',#4738,#3848,#3849);
#3383=AXIS2_PLACEMENT_3D('',#4739,#3850,#3851);
#3384=AXIS2_PLACEMENT_3D('',#4740,#3852,#3853);
#3385=AXIS2_PLACEMENT_3D('',#4741,#3854,#3855);
#3386=AXIS2_PLACEMENT_3D('',#4742,#3856,#3857);
#3387=AXIS2_PLACEMENT_3D('',#4743,#3858,#3859);
#3388=AXIS2_PLACEMENT_3D('',#4755,#3868,#3869);
#3389=AXIS2_PLACEMENT_3D('',#4761,#3871,#3872);
#3390=AXIS2_PLACEMENT_3D('',#4769,#3877,#3878);
#3391=AXIS2_PLACEMENT_3D('',#4775,#3882,#3883);
#3392=AXIS2_PLACEMENT_3D('',#4783,#3887,#3888);
#3393=AXIS2_PLACEMENT_3D('',#4787,#3891,#3892);
#3394=AXIS2_PLACEMENT_3D('',#4826,#3894,#3895);
#3395=AXIS2_PLACEMENT_3D('',#4831,#3896,#3897);
#3396=AXIS2_PLACEMENT_3D('',#4832,#3898,#3899);
#3397=AXIS2_PLACEMENT_3D('',#4840,#3902,#3903);
#3398=AXIS2_PLACEMENT_3D('',#4849,#3906,#3907);
#3399=AXIS2_PLACEMENT_3D('',#4853,#3910,#3911);
#3400=AXIS2_PLACEMENT_3D('',#4857,#3914,#3915);
#3401=AXIS2_PLACEMENT_3D('',#4859,#3916,#3917);
#3402=AXIS2_PLACEMENT_3D('',#4861,#3919,#3920);
#3403=AXIS2_PLACEMENT_3D('',#4864,#3921,#3922);
#3404=AXIS2_PLACEMENT_3D('',#4870,#3925,#3926);
#3405=AXIS2_PLACEMENT_3D('',#4872,#3928,#3929);
#3406=AXIS2_PLACEMENT_3D('',#4878,#3933,#3934);
#3407=AXIS2_PLACEMENT_3D('',#4880,#3935,#3936);
#3408=AXIS2_PLACEMENT_3D('',#4882,#3937,#3938);
#3409=AXIS2_PLACEMENT_3D('',#4884,#3940,#3941);
#3410=AXIS2_PLACEMENT_3D('',#4888,#3943,#3944);
#3411=AXIS2_PLACEMENT_3D('',#4890,#3945,#3946);
#3412=AXIS2_PLACEMENT_3D('',#4894,#3948,#3949);
#3413=AXIS2_PLACEMENT_3D('',#4906,#3950,#3951);
#3414=AXIS2_PLACEMENT_3D('',#4907,#3952,#3953);
#3415=AXIS2_PLACEMENT_3D('',#4911,#3955,#3956);
#3416=AXIS2_PLACEMENT_3D('',#4912,#3957,#3958);
#3417=AXIS2_PLACEMENT_3D('',#4913,#3959,#3960);
#3418=AXIS2_PLACEMENT_3D('',#4937,#3969,#3970);
#3419=AXIS2_PLACEMENT_3D('',#5009,#3974,#3975);
#3420=AXIS2_PLACEMENT_3D('',#5012,#3978,#3979);
#3421=AXIS2_PLACEMENT_3D('',#5014,#3981,#3982);
#3422=AXIS2_PLACEMENT_3D('',#5028,#3984,#3985);
#3423=AXIS2_PLACEMENT_3D('',#5032,#3988,#3989);
#3424=AXIS2_PLACEMENT_3D('',#5036,#3992,#3993);
#3425=AXIS2_PLACEMENT_3D('',#5042,#3996,#3997);
#3426=AXIS2_PLACEMENT_3D('',#5059,#4000,#4001);
#3427=AXIS2_PLACEMENT_3D('',#5063,#4003,#4004);
#3428=AXIS2_PLACEMENT_3D('',#5067,#4006,#4007);
#3429=AXIS2_PLACEMENT_3D('',#5069,#4008,#4009);
#3430=AXIS2_PLACEMENT_3D('',#5085,#4013,#4014);
#3431=AXIS2_PLACEMENT_3D('',#5087,#4016,#4017);
#3432=AXIS2_PLACEMENT_3D('',#5089,#4019,#4020);
#3433=AXIS2_PLACEMENT_3D('',#5098,#4023,#4024);
#3434=AXIS2_PLACEMENT_3D('',#5108,#4028,#4029);
#3435=AXIS2_PLACEMENT_3D('',#5124,#4033,#4034);
#3436=AXIS2_PLACEMENT_3D('',#5126,#4036,#4037);
#3437=AXIS2_PLACEMENT_3D('',#5137,#4043,#4044);
#3438=AXIS2_PLACEMENT_3D('',#5139,#4046,#4047);
#3439=AXIS2_PLACEMENT_3D('',#5140,#4048,#4049);
#3440=AXIS2_PLACEMENT_3D('',#5146,#4053,#4054);
#3441=AXIS2_PLACEMENT_3D('',#5148,#4056,#4057);
#3442=AXIS2_PLACEMENT_3D('',#5151,#4059,#4060);
#3443=AXIS2_PLACEMENT_3D('',#5152,#4061,#4062);
#3444=AXIS2_PLACEMENT_3D('',#5174,#4065,#4066);
#3445=AXIS2_PLACEMENT_3D('',#5178,#4069,#4070);
#3446=AXIS2_PLACEMENT_3D('',#5205,#4074,#4075);
#3447=AXIS2_PLACEMENT_3D('',#5209,#4078,#4079);
#3448=AXIS2_PLACEMENT_3D('',#5213,#4082,#4083);
#3449=AXIS2_PLACEMENT_3D('',#5216,#4086,#4087);
#3450=AXIS2_PLACEMENT_3D('',#5232,#4096,#4097);
#3451=AXIS2_PLACEMENT_3D('',#5238,#4101,#4102);
#3452=AXIS2_PLACEMENT_3D('',#5241,#4105,#4106);
#3453=AXIS2_PLACEMENT_3D('',#5243,#4108,#4109);
#3454=AXIS2_PLACEMENT_3D('',#5249,#4113,#4114);
#3455=AXIS2_PLACEMENT_3D('',#5252,#4117,#4118);
#3456=AXIS2_PLACEMENT_3D('',#5253,#4119,#4120);
#3457=AXIS2_PLACEMENT_3D('',#5256,#4123,#4124);
#3458=AXIS2_PLACEMENT_3D('',#5260,#4127,#4128);
#3459=AXIS2_PLACEMENT_3D('',#5264,#4131,#4132);
#3460=AXIS2_PLACEMENT_3D('',#5266,#4134,#4135);
#3461=AXIS2_PLACEMENT_3D('',#5267,#4136,#4137);
#3462=AXIS2_PLACEMENT_3D('',#6818,#4148,#4149);
#3463=AXIS2_PLACEMENT_3D('',#6835,#4158,#4159);
#3464=AXIS2_PLACEMENT_3D('',#6838,#4162,#4163);
#3465=AXIS2_PLACEMENT_3D('',#6840,#4165,#4166);
#3466=AXIS2_PLACEMENT_3D('',#6842,#4168,#4169);
#3467=AXIS2_PLACEMENT_3D('',#6843,#4170,#4171);
#3468=AXIS2_PLACEMENT_3D('',#6849,#4175,#4176);
#3469=AXIS2_PLACEMENT_3D('',#6853,#4179,#4180);
#3470=AXIS2_PLACEMENT_3D('',#6857,#4183,#4184);
#3471=AXIS2_PLACEMENT_3D('',#7119,#4186,#4187);
#3472=AXIS2_PLACEMENT_3D('',#7120,#4188,#4189);
#3473=AXIS2_PLACEMENT_3D('',#7127,#4193,#4194);
#3474=AXIS2_PLACEMENT_3D('',#7133,#4198,#4199);
#3475=AXIS2_PLACEMENT_3D('',#7139,#4203,#4204);
#3476=AXIS2_PLACEMENT_3D('',#7141,#4206,#4207);
#3477=AXIS2_PLACEMENT_3D('',#7143,#4209,#4210);
#3478=DIRECTION('axis',(0.,0.,1.));
#3479=DIRECTION('refdir',(1.,0.,0.));
#3480=DIRECTION('center_axis',(0.843466814778094,0.0510596192991039,0.534749144595041));
#3481=DIRECTION('ref_axis',(0.535447578712562,0.,-0.844568464039982));
#3482=DIRECTION('',(0.443533984087624,-0.627796300124634,-0.639647880094338));
#3483=DIRECTION('',(0.303043099740981,0.77671569714101,-0.552157228979331));
#3484=DIRECTION('',(-0.303043099740981,-0.77671569714101,0.552157228979331));
#3485=DIRECTION('center_axis',(-0.303053357228484,-0.776701178592418,0.552172021969326));
#3486=DIRECTION('ref_axis',(0.443533984087624,-0.627796300124634,-0.639647880094337));
#3487=DIRECTION('',(0.843466651457934,0.0510598547191148,0.534749379723252));
#3488=DIRECTION('',(-0.44353398408769,0.62779630012463,0.639647880094296));
#3489=DIRECTION('',(-0.843466651457934,-0.0510598547191148,-0.534749379723252));
#3490=DIRECTION('center_axis',(0.443541305161262,-0.627778318621389,-0.639660451555937));
#3491=DIRECTION('ref_axis',(-0.843466651457934,-0.0510598547191149,-0.534749379723253));
#3492=DIRECTION('',(-0.843466814778174,-0.0510596192990315,-0.534749144594921));
#3493=DIRECTION('',(0.303043096760474,0.776715696960583,-0.552157230868942));
#3494=DIRECTION('center_axis',(0.303043070921697,0.776715737931159,-0.552157187417136));
#3495=DIRECTION('ref_axis',(0.443541012234976,-0.627778287078394,-0.639660685628319));
#3496=DIRECTION('',(-0.843466814778174,-0.0510596192990315,-0.534749144594921));
#3497=DIRECTION('center_axis',(-0.443541305161262,0.627778318621389,0.639660451555937));
#3498=DIRECTION('ref_axis',(0.843466651457934,0.0510598547191149,0.534749379723253));
#3499=DIRECTION('',(-0.303043096760474,-0.776715696960583,0.552157230868942));
#3500=DIRECTION('center_axis',(-0.843466815848942,-0.0510596220437347,-0.534749142643912));
#3501=DIRECTION('ref_axis',(-0.443540972894699,0.62777838790962,0.639660613948696));
#3502=DIRECTION('center_axis',(0.84346681477809,0.051059619299094,0.534749144595048));
#3503=DIRECTION('ref_axis',(0.53544757871257,0.,-0.844568464039977));
#3504=DIRECTION('',(-0.306996814170532,-0.771071500903558,0.557854547873797));
#3505=DIRECTION('',(-0.440813666368492,0.634698082375681,0.634698082375708));
#3506=DIRECTION('',(-0.306996814170532,-0.771071500903558,0.557854547873797));
#3507=DIRECTION('',(-0.307478664922423,-0.770376990980709,0.558548263254871));
#3508=DIRECTION('',(0.440477698624614,-0.635540877555887,-0.634087683187315));
#3509=DIRECTION('',(0.306996814170548,0.771071500903547,-0.557854547873803));
#3510=DIRECTION('',(-0.443540992544628,0.627778337545814,0.639660649751679));
#3511=DIRECTION('',(0.303043099740993,0.77671569714101,-0.552157228979323));
#3512=DIRECTION('',(0.443533984087624,-0.627796300124634,-0.639647880094337));
#3513=DIRECTION('',(-0.306996814170547,-0.771071500903536,0.557854547873819));
#3514=DIRECTION('',(-0.306996814170547,-0.771071500903536,0.557854547873819));
#3515=DIRECTION('',(-0.443533984087623,0.627796300124636,0.639647880094336));
#3516=DIRECTION('',(-0.306082162269336,-0.772385839337786,0.556537352862314));
#3517=DIRECTION('center_axis',(0.843466651457933,0.0510598547191145,0.534749379723253));
#3518=DIRECTION('ref_axis',(-0.0604250149645945,0.9981727393425,-1.30937835976498E-7));
#3519=DIRECTION('',(-0.306996814170532,-0.771071500903554,0.557854547873803));
#3520=DIRECTION('',(0.440813666368521,-0.634698082375627,-0.634698082375742));
#3521=DIRECTION('center_axis',(0.,-0.70710678118654,-0.707106781186555));
#3522=DIRECTION('ref_axis',(-1.,0.,0.));
#3523=DIRECTION('center_axis',(0.,-0.707106781186539,-0.707106781186556));
#3524=DIRECTION('ref_axis',(-1.,0.,0.));
#3525=DIRECTION('',(0.,-0.70710678118654,-0.707106781186555));
#3526=DIRECTION('center_axis',(1.04491578788108E-15,0.707106781186534,0.707106781186561));
#3527=DIRECTION('ref_axis',(-1.,0.,0.));
#3528=DIRECTION('center_axis',(0.,-0.70710678118654,-0.707106781186555));
#3529=DIRECTION('ref_axis',(-1.,0.,0.));
#3530=DIRECTION('center_axis',(0.,-0.707106781186539,-0.707106781186556));
#3531=DIRECTION('ref_axis',(-1.,0.,0.));
#3532=DIRECTION('',(0.,-0.70710678118654,-0.707106781186555));
#3533=DIRECTION('center_axis',(1.04491578788108E-15,0.707106781186534,0.707106781186561));
#3534=DIRECTION('ref_axis',(-1.,0.,0.));
#3535=DIRECTION('center_axis',(0.,-0.70710678118654,-0.707106781186555));
#3536=DIRECTION('ref_axis',(-1.,0.,0.));
#3537=DIRECTION('center_axis',(0.,-0.707106781186539,-0.707106781186556));
#3538=DIRECTION('ref_axis',(-1.,0.,0.));
#3539=DIRECTION('',(0.,-0.70710678118654,-0.707106781186555));
#3540=DIRECTION('center_axis',(1.04491578788108E-15,0.707106781186534,0.707106781186561));
#3541=DIRECTION('ref_axis',(-1.,0.,0.));
#3542=DIRECTION('center_axis',(0.,2.51214793389398E-14,1.));
#3543=DIRECTION('ref_axis',(1.,0.,0.));
#3544=DIRECTION('',(-0.577350269189904,0.816496580927529,-2.05116019880859E-14));
#3545=DIRECTION('',(-1.,0.,0.));
#3546=DIRECTION('',(-0.577350269189313,-0.816496580927947,2.05116019880964E-14));
#3547=DIRECTION('',(5.33471981591127E-13,-1.,2.51214793389398E-14));
#3548=DIRECTION('',(1.,0.,0.));
#3549=DIRECTION('',(-5.33471981591127E-13,1.,-2.51214793389398E-14));
#3550=DIRECTION('center_axis',(0.,0.70710678118656,-0.707106781186535));
#3551=DIRECTION('ref_axis',(-1.,0.,0.));
#3552=DIRECTION('',(-3.76967483139667E-13,0.707106781186535,0.70710678118656));
#3553=DIRECTION('',(-1.,7.38867039379579E-16,7.38867039379606E-16));
#3554=DIRECTION('',(3.76967483139667E-13,-0.707106781186535,-0.70710678118656));
#3555=DIRECTION('center_axis',(-1.,-5.33471981591127E-13,3.5945436134966E-16));
#3556=DIRECTION('ref_axis',(3.76967483139669E-13,-0.707106781186539,-0.707106781186556));
#3557=DIRECTION('',(3.77475828372553E-13,-0.707106781186556,0.707106781186539));
#3558=DIRECTION('',(0.,0.707106781186536,0.707106781186559));
#3559=DIRECTION('',(3.77475828372555E-13,-0.707106781186561,0.707106781186534));
#3560=DIRECTION('center_axis',(-0.707106781186688,0.499999999999706,0.500000000000096));
#3561=DIRECTION('ref_axis',(0.577350269189623,0.,0.816496580927728));
#3562=DIRECTION('',(-3.77475828372553E-13,0.707106781186556,-0.707106781186539));
#3563=DIRECTION('',(0.57735026916915,-2.25402219653342E-14,0.816496580942205));
#3564=DIRECTION('center_axis',(0.707106781186412,0.500000000000278,0.499999999999913));
#3565=DIRECTION('ref_axis',(0.577350269189633,0.,-0.816496580927721));
#3566=DIRECTION('',(-3.77475828372553E-13,0.707106781186556,-0.707106781186539));
#3567=DIRECTION('',(-0.577350269189621,-2.25402219649352E-14,0.816496580927729));
#3568=DIRECTION('',(3.77475828372553E-13,-0.707106781186556,0.707106781186539));
#3569=DIRECTION('center_axis',(0.,1.,0.));
#3570=DIRECTION('ref_axis',(0.,0.,1.));
#3571=DIRECTION('',(1.,0.,0.));
#3572=DIRECTION('',(-1.,0.,0.));
#3573=DIRECTION('',(-1.,0.,0.));
#3574=DIRECTION('center_axis',(1.,5.33471981591127E-13,-3.59454361349711E-16));
#3575=DIRECTION('ref_axis',(-3.76967483139669E-13,0.707106781186539,0.707106781186556));
#3576=DIRECTION('',(-3.77475828372555E-13,0.707106781186561,-0.707106781186534));
#3577=DIRECTION('',(-3.76967483139666E-13,0.707106781186534,0.707106781186561));
#3578=DIRECTION('center_axis',(0.,-0.707106781186561,0.707106781186534));
#3579=DIRECTION('ref_axis',(1.04491578788108E-15,0.707106781186534,0.707106781186561));
#3580=DIRECTION('',(5.70167497801396E-15,0.707106781186569,0.707106781186526));
#3581=DIRECTION('',(0.351961198347459,0.66186226469638,0.661862264696213));
#3582=DIRECTION('',(1.,1.76920705969109E-13,-1.84697440297415E-13));
#3583=DIRECTION('',(1.,5.33471981591134E-13,3.59454361357032E-16));
#3584=DIRECTION('',(1.,5.33471981591134E-13,3.59454361357032E-16));
#3585=DIRECTION('center_axis',(0.,-0.707106781186539,-0.707106781186556));
#3586=DIRECTION('ref_axis',(-1.,0.,0.));
#3587=DIRECTION('center_axis',(0.627353769149172,-0.604738236856751,-0.490631137635715));
#3588=DIRECTION('ref_axis',(-0.715667663390161,-0.199349957057726,-0.669387324498119));
#3589=DIRECTION('',(-0.715667663390511,-0.199349957058607,-0.669387324497482));
#3590=DIRECTION('',(0.306996814172388,0.771071500902783,-0.557854547873846));
#3591=DIRECTION('',(0.715667663390511,0.199349957058607,0.669387324497482));
#3592=DIRECTION('',(0.306996814172388,0.771071500902783,-0.557854547873846));
#3593=DIRECTION('center_axis',(-0.393769896392219,0.63654539108543,0.663140432927414));
#3594=DIRECTION('ref_axis',(0.866428430271806,0.0160843272605991,0.499042152160825));
#3595=DIRECTION('',(0.866428430272289,0.0160843272618107,0.499042152159948));
#3596=DIRECTION('',(0.306996814172388,0.771071500902783,-0.557854547873846));
#3597=DIRECTION('',(-0.866428430272289,-0.0160843272618107,-0.499042152159948));
#3598=DIRECTION('center_axis',(-0.7531198318268,-0.161543517748013,-0.63774149212888));
#3599=DIRECTION('ref_axis',(-0.581862075579592,0.615915929626354,0.531115893788459));
#3600=DIRECTION('',(-0.58186207557955,0.615915929626457,0.531115893788384));
#3601=DIRECTION('',(0.58186207557955,-0.615915929626457,-0.531115893788384));
#3602=DIRECTION('center_axis',(0.734077165509634,0.181207772305291,0.654442097005912));
#3603=DIRECTION('ref_axis',(0.605709229883406,-0.610419924109753,-0.510395772987879));
#3604=DIRECTION('',(0.605709229883406,-0.610419924109753,-0.510395772987879));
#3605=DIRECTION('',(0.306996814172388,0.771071500902783,-0.557854547873846));
#3606=DIRECTION('',(-0.605709229883406,0.610419924109753,0.510395772987879));
#3607=DIRECTION('',(-0.605709229883406,0.610419924109753,0.510395772987879));
#3608=DIRECTION('',(0.306996814172388,0.771071500902783,-0.557854547873846));
#3609=DIRECTION('center_axis',(-0.922713949322822,0.384737387497661,0.0240022996097126));
#3610=DIRECTION('ref_axis',(0.233134990537852,0.507371543503382,0.829591582063072));
#3611=DIRECTION('',(0.233134990537852,0.507371543503382,0.829591582063073));
#3612=DIRECTION('',(0.306996814172388,0.771071500902783,-0.557854547873846));
#3613=DIRECTION('',(0.233134990537852,0.507371543503382,0.829591582063072));
#3614=DIRECTION('',(0.233134990537852,0.507371543503382,0.829591582063072));
#3615=DIRECTION('center_axis',(0.627353769149172,-0.604738236856751,-0.490631137635715));
#3616=DIRECTION('ref_axis',(-0.715667663390161,-0.199349957057726,-0.669387324498119));
#3617=DIRECTION('',(-0.715667663390511,-0.199349957058607,-0.669387324497482));
#3618=DIRECTION('',(-0.715667663390161,-0.199349957057726,-0.669387324498119));
#3619=DIRECTION('',(-0.715667663390161,-0.199349957057726,-0.669387324498119));
#3620=DIRECTION('',(-0.715667663390161,-0.199349957057726,-0.669387324498119));
#3621=DIRECTION('center_axis',(-0.7531198318268,-0.161543517748013,-0.63774149212888));
#3622=DIRECTION('ref_axis',(-0.581862075579592,0.615915929626354,0.531115893788459));
#3623=DIRECTION('',(-0.58186207557955,0.615915929626457,0.531115893788384));
#3624=DIRECTION('',(0.306996814172388,0.771071500902783,-0.557854547873846));
#3625=DIRECTION('',(0.58186207557955,-0.615915929626457,-0.531115893788384));
#3626=DIRECTION('',(0.306996814172388,0.771071500902783,-0.557854547873846));
#3627=DIRECTION('center_axis',(0.927066017185123,-0.374815031703985,-0.00789251476102482));
#3628=DIRECTION('ref_axis',(-0.2151779632498,-0.514745016977493,-0.829901205944725));
#3629=DIRECTION('',(-0.215177963250217,-0.514745016978541,-0.829901205943966));
#3630=DIRECTION('',(0.306996814172388,0.771071500902783,-0.557854547873846));
#3631=DIRECTION('',(0.215177963250217,0.514745016978541,0.829901205943966));
#3632=DIRECTION('center_axis',(-0.642258423467178,0.600414308097419,0.476452281049585));
#3633=DIRECTION('ref_axis',(0.702322627838278,0.212017450054429,0.679552446319453));
#3634=DIRECTION('',(0.702322627838472,0.212017450054916,0.679552446319101));
#3635=DIRECTION('',(-0.702322627838472,-0.212017450054916,-0.679552446319101));
#3636=DIRECTION('center_axis',(-0.233134990537852,-0.507371543503381,-0.829591582063073));
#3637=DIRECTION('ref_axis',(-0.92271394932344,0.38473738749611,0.024002299610835));
#3638=DIRECTION('',(-0.92271394932344,0.38473738749611,0.024002299610835));
#3639=DIRECTION('',(0.306996814172388,0.771071500902783,-0.557854547873846));
#3640=DIRECTION('',(-0.92271394932344,0.38473738749611,0.0240022996108349));
#3641=DIRECTION('',(-0.92271394932344,0.38473738749611,0.0240022996108349));
#3642=DIRECTION('',(-0.92271394932344,0.38473738749611,0.0240022996108349));
#3643=DIRECTION('',(0.306996814172388,0.771071500902783,-0.557854547873846));
#3644=DIRECTION('center_axis',(0.734077165509634,0.181207772305291,0.654442097005912));
#3645=DIRECTION('ref_axis',(0.605709229883406,-0.610419924109753,-0.510395772987879));
#3646=DIRECTION('',(0.605709229883406,-0.610419924109753,-0.510395772987879));
#3647=DIRECTION('',(0.306996814172388,0.771071500902783,-0.557854547873846));
#3648=DIRECTION('',(-0.605709229883406,0.610419924109753,0.510395772987879));
#3649=DIRECTION('center_axis',(-0.642258423467178,0.600414308097419,0.476452281049585));
#3650=DIRECTION('ref_axis',(0.702322627838278,0.212017450054429,0.679552446319453));
#3651=DIRECTION('',(0.702322627838472,0.212017450054916,0.679552446319101));
#3652=DIRECTION('',(0.702322627838278,0.212017450054429,0.679552446319453));
#3653=DIRECTION('',(0.702322627838278,0.212017450054429,0.679552446319453));
#3654=DIRECTION('',(0.702322627838278,0.212017450054429,0.679552446319453));
#3655=DIRECTION('center_axis',(-0.878103409187417,0.455524798046758,0.146395222387538));
#3656=DIRECTION('ref_axis',(-0.366997764111146,-0.444911113435926,-0.816925175446701));
#3657=DIRECTION('',(-0.366997764111146,-0.444911113435926,-0.816925175446701));
#3658=DIRECTION('',(-0.306996814170532,-0.771071500903558,0.557854547873797));
#3659=DIRECTION('',(0.366997764111147,0.444911113435927,0.816925175446701));
#3660=DIRECTION('center_axis',(-0.233117028487983,-0.50737903289535,-0.829592049146514));
#3661=DIRECTION('ref_axis',(-0.306996814170532,-0.771071500903558,0.557854547873797));
#3662=DIRECTION('',(0.19526238206055,0.811298689411819,-0.551059922976354));
#3663=DIRECTION('',(0.972361512205312,-0.133041529481907,-0.191867248416486));
#3664=DIRECTION('',(-0.922718487469541,0.38472751067803,0.0239861503666087));
#3665=DIRECTION('',(-0.306996814170532,-0.771071500903558,0.557854547873797));
#3666=DIRECTION('',(-0.922718487469541,0.38472751067803,0.0239861503666087));
#3667=DIRECTION('',(-0.30699681417053,-0.771071500903559,0.557854547873796));
#3668=DIRECTION('',(-0.922718487469541,0.38472751067803,0.0239861503666087));
#3669=DIRECTION('center_axis',(-0.306996813985319,-0.771071500892392,0.557854547991157));
#3670=DIRECTION('ref_axis',(0.440813666368521,-0.634698082375627,-0.634698082375742));
#3671=DIRECTION('',(-0.843466814778164,-0.0510596192990057,-0.534749144594939));
#3672=DIRECTION('',(0.843466651457934,0.0510598547191149,0.534749379723253));
#3673=DIRECTION('',(-0.440813666368535,0.634698082375678,0.634698082375681));
#3674=DIRECTION('',(-0.843466814778297,-0.051059619299245,-0.534749144594707));
#3675=DIRECTION('center_axis',(-0.440813978999287,0.634698063450402,0.634697884170985));
#3676=DIRECTION('ref_axis',(-0.306996814170532,-0.771071500903554,0.557854547873803));
#3677=DIRECTION('',(0.843466651457934,0.0510598547191149,0.534749379723253));
#3678=DIRECTION('',(0.843466651457934,0.0510598547191149,0.534749379723253));
#3679=DIRECTION('center_axis',(-0.397489299863169,0.636470400139897,0.66098992900047));
#3680=DIRECTION('ref_axis',(0.856980374041086,0.,0.51534904531628));
#3681=DIRECTION('',(-0.306996814170532,-0.771071500903558,0.557854547873797));
#3682=DIRECTION('',(0.864728403941626,0.018819411257891,0.50188705619539));
#3683=DIRECTION('',(0.306996814170532,0.771071500903558,-0.557854547873797));
#3684=DIRECTION('',(-0.864728403941626,-0.018819411257891,-0.50188705619539));
#3685=DIRECTION('center_axis',(-0.306996814170531,-0.771071500903557,0.557854547873798));
#3686=DIRECTION('ref_axis',(0.929070386319646,-0.369902983583348,-1.05062857942956E-17));
#3687=DIRECTION('',(-0.899066165661633,0.427217976120244,0.0957331219704642));
#3688=DIRECTION('',(0.233117028487984,0.507379032895351,0.829592049146513));
#3689=DIRECTION('',(0.881720278799343,-0.451064455362689,-0.138239672534227));
#3690=DIRECTION('center_axis',(-0.312142572956066,-0.472158385898266,-0.82439885539362));
#3691=DIRECTION('ref_axis',(-0.929070386319647,0.333000949257165,0.16105460272122));
#3692=DIRECTION('',(-0.306996814170532,-0.771071500903559,0.557854547873796));
#3693=DIRECTION('',(0.929070386319646,-0.333000949257169,-0.161054602721217));
#3694=DIRECTION('center_axis',(-3.77475828372552E-13,0.707106781186534,
0.707106781186561));
#3695=DIRECTION('ref_axis',(1.,0.,5.33831435952471E-13));
#3696=DIRECTION('center_axis',(-3.77475828372552E-13,0.707106781186534,
0.707106781186561));
#3697=DIRECTION('ref_axis',(0.310546578224829,0.67214612353011,-0.672146123529918));
#3698=DIRECTION('',(0.950558163792648,-0.219589591336805,0.219589591337304));
#3699=DIRECTION('center_axis',(0.233117028487983,0.50737903289535,0.829592049146514));
#3700=DIRECTION('ref_axis',(0.306996814170532,0.771071500903558,-0.557854547873797));
#3701=DIRECTION('',(-0.922718487469541,0.38472751067803,0.0239861503666087));
#3702=DIRECTION('',(-0.306996814170532,-0.771071500903558,0.557854547873797));
#3703=DIRECTION('',(-0.922718487469541,0.38472751067803,0.0239861503666087));
#3704=DIRECTION('center_axis',(-0.233117028487983,-0.50737903289535,-0.829592049146514));
#3705=DIRECTION('ref_axis',(-0.306996814170532,-0.771071500903558,0.557854547873797));
#3706=DIRECTION('',(-0.922718487469541,0.38472751067803,0.0239861503666087));
#3707=DIRECTION('',(-0.306996814170532,-0.771071500903558,0.557854547873797));
#3708=DIRECTION('',(-0.922718487469541,0.38472751067803,0.0239861503666087));
#3709=DIRECTION('',(0.30699681417053,0.771071500903559,-0.557854547873796));
#3710=DIRECTION('center_axis',(-0.306996814170532,-0.771071500903558,0.557854547873797));
#3711=DIRECTION('ref_axis',(0.929070386319646,-0.369902983583349,5.54871369824808E-16));
#3712=DIRECTION('center_axis',(0.306996814170531,0.771071500903557,-0.557854547873798));
#3713=DIRECTION('ref_axis',(0.929070386319647,-0.369902983583348,1.31759316258718E-17));
#3714=DIRECTION('',(0.306996814170532,0.771071500903558,-0.557854547873797));
#3715=DIRECTION('center_axis',(0.306996814170531,0.771071500903557,-0.557854547873798));
#3716=DIRECTION('ref_axis',(0.929070386319647,-0.369902983583348,2.36822174201673E-17));
#3717=DIRECTION('center_axis',(-0.306996814170532,-0.771071500903558,0.557854547873797));
#3718=DIRECTION('ref_axis',(0.929070386319646,-0.369902983583349,5.04899154979361E-16));
#3719=DIRECTION('center_axis',(0.306996814170531,0.771071500903557,-0.557854547873798));
#3720=DIRECTION('ref_axis',(0.929070386319647,-0.369902983583348,-1.05062857942956E-17));
#3721=DIRECTION('',(0.306996814170532,0.771071500903558,-0.557854547873797));
#3722=DIRECTION('center_axis',(0.306996814170531,0.771071500903557,-0.557854547873798));
#3723=DIRECTION('ref_axis',(0.929070386319647,-0.369902983583348,0.));
#3724=DIRECTION('center_axis',(0.92271394932344,-0.38473738749611,-0.0240022996108344));
#3725=DIRECTION('ref_axis',(0.233134990537852,0.507371543503382,0.829591582063072));
#3726=DIRECTION('',(0.233134990537852,0.507371543503382,0.829591582063072));
#3727=DIRECTION('',(-0.306996814170532,-0.771071500903558,0.557854547873797));
#3728=DIRECTION('',(0.233134990537852,0.507371543503382,0.829591582063072));
#3729=DIRECTION('',(-0.306996814170532,-0.771071500903558,0.557854547873797));
#3730=DIRECTION('center_axis',(-0.843466814778095,-0.0510596192991051,-0.534749144595039));
#3731=DIRECTION('ref_axis',(-0.535447578712561,-1.99367982692104E-17,0.844568464039983));
#3732=DIRECTION('',(0.440813666368501,-0.63469808237568,-0.634698082375703));
#3733=DIRECTION('',(-0.30699681417053,-0.771071500903559,0.557854547873797));
#3734=DIRECTION('',(-0.440813666368501,0.63469808237568,0.634698082375703));
#3735=DIRECTION('center_axis',(0.440813666368369,-0.634698082375686,-0.634698082375788));
#3736=DIRECTION('ref_axis',(-0.30699681417053,-0.771071500903559,0.557854547873797));
#3737=DIRECTION('',(-0.843466814778174,-0.0510596192990315,-0.534749144594921));
#3738=DIRECTION('',(-0.843466814778174,-0.0510596192990315,-0.534749144594921));
#3739=DIRECTION('center_axis',(0.929070386319646,-0.333000949257164,-0.161054602721222));
#3740=DIRECTION('ref_axis',(-0.170802924963354,0.,-0.98530521201502));
#3741=DIRECTION('',(-0.129760328487689,-0.701128467953914,0.701128467953887));
#3742=DIRECTION('',(0.306996814170532,0.937036465541162,-0.166480083899756));
#3743=DIRECTION('',(-0.312142572956066,-0.472158385898269,-0.824398855393619));
#3744=DIRECTION('',(0.306996814170532,0.937036465541162,-0.166480083899759));
#3745=DIRECTION('',(0.351961198347451,0.661862264696286,0.661862264696311));
#3746=DIRECTION('center_axis',(-0.206352061664058,-0.105228465920362,-0.972803061573636));
#3747=DIRECTION('ref_axis',(-0.306996814170531,-0.937036465541162,0.166480083899759));
#3748=DIRECTION('',(-0.297033176303718,-0.940547669060787,0.164746394191938));
#3749=DIRECTION('',(-0.306996814170536,-0.93703646554116,0.16648008389976));
#3750=DIRECTION('',(-0.929070386319647,0.333000949257165,0.16105460272122));
#3751=DIRECTION('',(-0.965258218026815,0.184765489921272,0.184765489921279));
#3752=DIRECTION('',(0.881720278799343,-0.451064455362689,-0.138239672534227));
#3753=DIRECTION('center_axis',(0.206352061664117,0.105228465920544,0.972803061573604));
#3754=DIRECTION('ref_axis',(-0.929070386319647,0.333000949257166,0.161054602721217));
#3755=DIRECTION('',(0.881720278799343,-0.451064455362689,-0.138239672534227));
#3756=DIRECTION('',(-0.374754775231629,-0.909892557824875,0.177916811055047));
#3757=DIRECTION('',(-0.3069968141705,-0.937036465541138,0.16648008389995));
#3758=DIRECTION('center_axis',(0.0667796502207415,-0.19570528387087,-0.978386385934217));
#3759=DIRECTION('ref_axis',(0.949364753087838,-0.289244021738079,0.122655866077615));
#3760=DIRECTION('',(0.376592790384691,0.912991744454768,-0.156920186042813));
#3761=DIRECTION('',(0.949364753087838,-0.289244021738079,0.122655866077615));
#3762=DIRECTION('',(-0.3069968141705,-0.937036465541138,0.16648008389995));
#3763=DIRECTION('center_axis',(-0.306996814170532,-0.771071500903558,0.557854547873797));
#3764=DIRECTION('ref_axis',(-0.206352061664055,-0.518286140303281,-0.829938734736801));
#3765=DIRECTION('center_axis',(-0.306996814170531,-0.771071500903557,0.557854547873798));
#3766=DIRECTION('ref_axis',(0.929070386319647,-0.369902983583348,0.));
#3767=DIRECTION('center_axis',(-0.306996814170531,-0.771071500903557,0.557854547873798));
#3768=DIRECTION('ref_axis',(0.929070386319647,-0.369902983583348,-1.05062857942956E-17));
#3769=DIRECTION('center_axis',(-0.306996814170531,-0.771071500903557,0.557854547873798));
#3770=DIRECTION('ref_axis',(0.929070386319647,-0.369902983583348,-1.05062857942956E-17));
#3771=DIRECTION('center_axis',(0.306996814170531,0.771071500903557,-0.557854547873798));
#3772=DIRECTION('ref_axis',(0.440813666349274,-0.634698082376844,-0.634698082387892));
#3773=DIRECTION('',(-0.306996814170532,-0.771071500903558,0.557854547873797));
#3774=DIRECTION('center_axis',(-0.306996814170531,-0.771071500903557,0.557854547873799));
#3775=DIRECTION('ref_axis',(0.440813666349274,-0.634698082376844,-0.634698082387892));
#3776=DIRECTION('',(-0.306996814170532,-0.771071500903558,0.557854547873797));
#3777=DIRECTION('center_axis',(0.440813666369232,-0.634698082375635,-0.63469808237524));
#3778=DIRECTION('ref_axis',(0.843466814777798,0.0510596192998697,0.534749144595434));
#3779=DIRECTION('',(-0.843466814778097,-0.0510596192991017,-0.534749144595035));
#3780=DIRECTION('',(0.843466814777798,0.0510596192998697,0.534749144595434));
#3781=DIRECTION('center_axis',(0.440813666368493,-0.63469808237568,-0.634698082375708));
#3782=DIRECTION('ref_axis',(0.843466814778098,0.0510596192990985,0.534749144595034));
#3783=DIRECTION('',(-0.843466814778097,-0.0510596192991017,-0.534749144595035));
#3784=DIRECTION('',(0.843466814778098,0.0510596192990985,0.534749144595034));
#3785=DIRECTION('center_axis',(0.351961198347448,0.661862264696274,0.661862264696325));
#3786=DIRECTION('ref_axis',(-0.929070386319647,0.333000949257165,0.16105460272122));
#3787=DIRECTION('',(-0.113804798324561,-0.671601600924939,0.732120043103155));
#3788=DIRECTION('',(-0.936014591156478,0.248874150066019,0.248874150066029));
#3789=DIRECTION('center_axis',(0.36906589712251,0.863767225845274,0.343069297863735));
#3790=DIRECTION('ref_axis',(0.929070386319639,-0.333000949257189,-0.161054602721213));
#3791=DIRECTION('',(-0.0298520149262585,0.379955191446182,-0.924523071479526));
#3792=DIRECTION('',(-0.929070386319639,0.33300094925719,0.161054602721213));
#3793=DIRECTION('',(-0.0248712855524941,0.378175286539681,-0.925399844286564));
#3794=DIRECTION('center_axis',(-0.3069968141705,-0.937036465541139,0.16648008389995));
#3795=DIRECTION('ref_axis',(0.,-0.174927224741345,-0.984581365883131));
#3796=DIRECTION('',(0.947747826581187,-0.316951228407578,-0.0362763837994468));
#3797=DIRECTION('',(-0.0867583615615969,-0.146644403427146,-0.985377291012252));
#3798=DIRECTION('',(0.20635206167004,0.105228465918421,0.972803061572577));
#3799=DIRECTION('',(-0.086758361555533,-0.146644403429174,-0.985377291012484));
#3800=DIRECTION('center_axis',(-0.922718487469541,0.38472751067803,0.0239861503666087));
#3801=DIRECTION('ref_axis',(0.0259863116866314,0.,0.999662298781406));
#3802=DIRECTION('',(0.361586821154986,0.842296499949504,0.399739386275418));
#3803=DIRECTION('',(0.0867583615615254,0.146644403426973,0.985377291012284));
#3804=DIRECTION('',(0.233117028487984,0.507379032895351,0.829592049146513));
#3805=DIRECTION('',(-0.233117028487984,-0.507379032895351,-0.829592049146513));
#3806=DIRECTION('',(-0.374754775231629,-0.909892557824876,0.177916811055042));
#3807=DIRECTION('center_axis',(0.206352061664058,0.105228465920362,0.972803061573636));
#3808=DIRECTION('ref_axis',(0.306996814170531,0.937036465541162,-0.166480083899759));
#3809=DIRECTION('',(0.297033176303718,0.940547669060787,-0.164746394191938));
#3810=DIRECTION('',(-0.947816361123895,-0.225437514165079,0.225437514165072));
#3811=DIRECTION('',(0.306996814170534,0.937036465541161,-0.166480083899759));
#3812=DIRECTION('center_axis',(0.932303662343694,-0.322950541391096,-0.162827605140328));
#3813=DIRECTION('ref_axis',(-0.297033176303718,-0.940547669060786,0.164746394191941));
#3814=DIRECTION('',(0.313202479721722,0.946046173119736,-0.0830713249061663));
#3815=DIRECTION('',(0.20635206167004,0.105228465918421,0.972803061572577));
#3816=DIRECTION('center_axis',(-0.086758361555533,-0.146644403429174,-0.985377291012484));
#3817=DIRECTION('ref_axis',(-0.3069968141705,-0.937036465541138,0.16648008389995));
#3818=DIRECTION('',(0.306996814175924,0.937036465539325,-0.166480083900157));
#3819=DIRECTION('',(-0.947747826580547,0.31695122840953,0.0362763837990998));
#3820=DIRECTION('center_axis',(-0.306996814172492,-0.937036465540506,0.166480083899838));
#3821=DIRECTION('ref_axis',(0.0867583615615254,0.146644403426973,0.985377291012284));
#3822=DIRECTION('',(-0.0867583615390681,-0.146644403434483,-0.985377291013143));
#3823=DIRECTION('',(-0.947747826580547,0.31695122840953,0.0362763837990998));
#3824=DIRECTION('center_axis',(0.0606486925423778,0.0673688142697706,0.995883115107785));
#3825=DIRECTION('ref_axis',(0.313202479721722,0.946046173119736,-0.0830713249061663));
#3826=DIRECTION('',(-0.313202479725239,-0.94604617311856,0.0830713249063009));
#3827=DIRECTION('',(-0.947747826580547,0.31695122840953,0.0362763837990998));
#3828=DIRECTION('center_axis',(0.086758361555533,0.146644403429174,0.985377291012484));
#3829=DIRECTION('ref_axis',(0.3069968141705,0.937036465541138,-0.16648008389995));
#3830=DIRECTION('',(-0.306996814175924,-0.937036465539325,0.166480083900157));
#3831=DIRECTION('',(-0.947747826580547,0.31695122840953,0.0362763837990998));
#3832=DIRECTION('center_axis',(0.306996814172492,0.937036465540506,-0.166480083899838));
#3833=DIRECTION('ref_axis',(-0.0867583615615254,-0.146644403426973,-0.985377291012284));
#3834=DIRECTION('',(0.0867583615390681,0.146644403434483,0.985377291013143));
#3835=DIRECTION('center_axis',(0.947747826580932,-0.316951228410402,-0.036276383781436));
#3836=DIRECTION('ref_axis',(-0.0382484010651963,0.,-0.999268262187865));
#3837=DIRECTION('center_axis',(0.,-0.707106781186561,0.707106781186534));
#3838=DIRECTION('ref_axis',(1.04491578788108E-15,0.707106781186534,0.707106781186561));
#3839=DIRECTION('',(1.,5.33471981591134E-13,3.59454361357032E-16));
#3840=DIRECTION('',(1.,-7.38867039379579E-16,-7.38867039379607E-16));
#3841=DIRECTION('',(-0.936014591156479,0.248874150065854,0.248874150066188));
#3842=DIRECTION('center_axis',(0.929070386319647,-0.333000949257169,-0.161054602721205));
#3843=DIRECTION('ref_axis',(-0.170802924963336,0.,-0.985305212015023));
#3844=DIRECTION('',(0.129760328487706,0.701128467953912,-0.701128467953886));
#3845=DIRECTION('',(0.35196119834746,0.661862264696382,0.661862264696211));
#3846=DIRECTION('center_axis',(1.04491578788108E-15,0.707106781186534,0.707106781186561));
#3847=DIRECTION('ref_axis',(0.,0.707106781186561,-0.707106781186534));
#3848=DIRECTION('center_axis',(-2.63670973879577E-13,0.707106781186526,
-0.707106781186569));
#3849=DIRECTION('ref_axis',(5.70167497801396E-15,0.707106781186569,0.707106781186526));
#3850=DIRECTION('center_axis',(-0.306996814170532,-0.771071500903558,0.557854547873797));
#3851=DIRECTION('ref_axis',(0.929070386319646,-0.369902983583349,5.22570625403635E-16));
#3852=DIRECTION('center_axis',(-0.306996814170531,-0.771071500903557,0.557854547873798));
#3853=DIRECTION('ref_axis',(0.929070386319647,-0.369902983583348,-1.05062857942956E-17));
#3854=DIRECTION('center_axis',(-0.306996814170531,-0.771071500903557,0.557854547873798));
#3855=DIRECTION('ref_axis',(0.929070386319647,-0.369902983583348,0.));
#3856=DIRECTION('center_axis',(-0.306996814170531,-0.771071500903557,0.557854547873798));
#3857=DIRECTION('ref_axis',(0.929070386319646,-0.369902983583348,-1.05062857942956E-17));
#3858=DIRECTION('center_axis',(-0.306996814170531,-0.771071500903557,0.557854547873798));
#3859=DIRECTION('ref_axis',(0.929070386319647,-0.369902983583348,0.));
#3860=DIRECTION('',(0.440813666368499,-0.63469808237568,-0.634698082375703));
#3861=DIRECTION('',(0.440813666368496,-0.634698082375681,-0.634698082375706));
#3862=DIRECTION('',(0.843466814778097,0.0510596192991018,0.534749144595036));
#3863=DIRECTION('',(-0.440813666368496,0.634698082375681,0.634698082375706));
#3864=DIRECTION('',(-0.440813666368497,0.634698082375681,0.634698082375705));
#3865=DIRECTION('',(-0.440813666368497,0.634698082375681,0.634698082375705));
#3866=DIRECTION('',(0.843466814778097,0.0510596192991017,0.534749144595035));
#3867=DIRECTION('',(0.440813666368499,-0.63469808237568,-0.634698082375703));
#3868=DIRECTION('center_axis',(0.305919076467188,0.772619643804537,-0.556302439919882));
#3869=DIRECTION('ref_axis',(0.90865279006448,-0.411361485766954,-0.0716368280679759));
#3870=DIRECTION('',(0.305919076467188,0.772619643804537,-0.556302439919882));
#3871=DIRECTION('center_axis',(0.843466814778094,0.0510596192990931,0.534749144595042));
#3872=DIRECTION('ref_axis',(-0.303053357228477,-0.776701178592438,0.552172021969301));
#3873=DIRECTION('',(0.303053357228477,0.776701178592439,-0.552172021969301));
#3874=DIRECTION('',(-0.440813666368496,0.634698082375681,0.634698082375706));
#3875=DIRECTION('',(0.303053357228452,0.776701178592401,-0.552172021969368));
#3876=DIRECTION('',(0.44353398408763,-0.62779630012461,-0.639647880094357));
#3877=DIRECTION('center_axis',(0.4404776986246,-0.635540877555913,-0.634087683187299));
#3878=DIRECTION('ref_axis',(0.307478664922414,0.770376990980709,-0.558548263254876));
#3879=DIRECTION('',(-0.843466814778174,-0.0510596192990315,-0.534749144594921));
#3880=DIRECTION('',(-0.30747866492241,-0.770376990980708,0.558548263254879));
#3881=DIRECTION('',(0.843466814778094,0.0510596192990933,0.534749144595041));
#3882=DIRECTION('center_axis',(-0.307478664922404,-0.77037699098073,0.558548263254852));
#3883=DIRECTION('ref_axis',(0.440477698624614,-0.635540877555887,-0.634087683187315));
#3884=DIRECTION('',(-0.440477698624615,0.635540877555887,0.634087683187315));
#3885=DIRECTION('',(-0.440477698624615,0.635540877555887,0.634087683187315));
#3886=DIRECTION('',(-0.843466814778097,-0.0510596192991033,-0.534749144595035));
#3887=DIRECTION('center_axis',(-0.307478664922404,-0.77037699098073,0.558548263254852));
#3888=DIRECTION('ref_axis',(-0.440477698538616,0.635540877561093,0.634087683241837));
#3889=DIRECTION('',(-0.0267436474463786,-0.579756534049438,-0.814350746637005));
#3890=DIRECTION('',(0.843466814778093,0.0510596192990932,0.534749144595042));
#3891=DIRECTION('center_axis',(0.303053357228471,0.776701178592438,-0.552172021969305));
#3892=DIRECTION('ref_axis',(-0.18923517100763,0.616928595748657,0.763930073895054));
#3893=DIRECTION('',(-0.303053357228471,-0.776701178592438,0.552172021969305));
#3894=DIRECTION('center_axis',(0.306996814170531,0.771071500903557,-0.557854547873798));
#3895=DIRECTION('ref_axis',(-0.440813666369179,0.634698082375639,0.634698082375272));
#3896=DIRECTION('center_axis',(-0.307790212968253,-0.769927172310177,0.558996721045313));
#3897=DIRECTION('ref_axis',(-0.440260091808729,0.636085734737152,0.633692346193693));
#3898=DIRECTION('center_axis',(-0.843466814778096,-0.0510596192990988,-0.534749144595038));
#3899=DIRECTION('ref_axis',(0.303053357228471,0.776701178592439,-0.552172021969304));
#3900=DIRECTION('',(0.440813666368496,-0.634698082375681,-0.634698082375706));
#3901=DIRECTION('',(0.303053357228471,0.776701178592439,-0.552172021969304));
#3902=DIRECTION('center_axis',(0.44353398408763,-0.62779630012461,-0.639647880094357));
#3903=DIRECTION('ref_axis',(-0.821770588129459,0.,-0.569818480294701));
#3904=DIRECTION('',(0.303053357228452,0.776701178592401,-0.552172021969368));
#3905=DIRECTION('',(-0.843466814778098,-0.051059619299033,-0.534749144595041));
#3906=DIRECTION('center_axis',(0.440813666368491,-0.634698082375694,-0.634698082375696));
#3907=DIRECTION('ref_axis',(0.306996814170548,0.771071500903547,-0.557854547873803));
#3908=DIRECTION('',(0.843466815862952,0.0510596220238895,0.534749142623708));
#3909=DIRECTION('',(-0.306996814170548,-0.771071500903547,0.557854547873803));
#3910=DIRECTION('center_axis',(0.951342905191162,-0.264922270918599,0.157362216283874));
#3911=DIRECTION('ref_axis',(0.163193144794171,0.,-0.986594140207709));
#3912=DIRECTION('',(0.0240532726398953,0.572983843775047,0.819213619789176));
#3913=DIRECTION('',(-0.306996814170548,-0.771071500903555,0.557854547873793));
#3914=DIRECTION('center_axis',(0.306996814170548,0.771071500903554,-0.557854547873793));
#3915=DIRECTION('ref_axis',(-0.948733897260012,0.201625864377332,-0.243415289174537));
#3916=DIRECTION('center_axis',(0.303043096760484,0.776715696960584,-0.552157230868935));
#3917=DIRECTION('ref_axis',(-0.443541325872732,0.627778317367605,0.639660438425074));
#3918=DIRECTION('',(0.306996814170541,0.771071500903556,-0.557854547873794));
#3919=DIRECTION('center_axis',(0.306996814170548,0.771071500903547,-0.557854547873804));
#3920=DIRECTION('ref_axis',(-0.927318418968638,0.110495710921179,-0.357590894332516));
#3921=DIRECTION('center_axis',(0.303043096760484,0.776715696960584,-0.552157230868935));
#3922=DIRECTION('ref_axis',(-0.443541325872107,0.627778317367642,0.639660438425471));
#3923=DIRECTION('',(-0.306996814170548,-0.771071500903547,0.557854547873804));
#3924=DIRECTION('',(-0.306996814170548,-0.771071500903547,0.557854547873804));
#3925=DIRECTION('center_axis',(0.306996814170531,0.771071500903557,-0.557854547873798));
#3926=DIRECTION('ref_axis',(-0.927318418968638,0.110495710921179,-0.357590894332516));
#3927=DIRECTION('',(0.306996814170548,0.771071500903547,-0.557854547873804));
#3928=DIRECTION('center_axis',(0.843466814778094,0.0510596192990933,0.534749144595041));
#3929=DIRECTION('ref_axis',(0.535447578712563,0.,-0.844568464039982));
#3930=DIRECTION('',(-0.443540992544623,0.627778337545814,0.639660649751682));
#3931=DIRECTION('',(-0.440813666368496,0.634698082375681,0.634698082375706));
#3932=DIRECTION('',(-0.303053357228477,-0.776701178592439,0.552172021969301));
#3933=DIRECTION('center_axis',(0.303053357228477,0.776701178592439,-0.552172021969301));
#3934=DIRECTION('ref_axis',(0.895934626784129,-0.0347640495929168,0.442823447194346));
#3935=DIRECTION('center_axis',(-0.303043096760484,-0.776715696960584,0.552157230868935));
#3936=DIRECTION('ref_axis',(0.324752701062638,-0.62889137132376,-0.706421493321827));
#3937=DIRECTION('center_axis',(-0.306996814170531,-0.771071500903557,0.557854547873798));
#3938=DIRECTION('ref_axis',(0.440813666367044,-0.634698082375769,-0.634698082376626));
#3939=DIRECTION('',(0.303053357228477,0.776701178592439,-0.552172021969301));
#3940=DIRECTION('center_axis',(-0.303053357228477,-0.776701178592439,0.552172021969301));
#3941=DIRECTION('ref_axis',(-0.933698454055176,0.126054431592681,-0.33513799720536));
#3942=DIRECTION('',(-0.305394687267124,-0.771126660479502,0.558657102780181));
#3943=DIRECTION('center_axis',(0.306996814170531,0.771071500903557,-0.557854547873798));
#3944=DIRECTION('ref_axis',(-0.440813666367391,0.634698082375748,0.634698082376406));
#3945=DIRECTION('center_axis',(-0.303053357228515,-0.776701178592441,0.552172021969277));
#3946=DIRECTION('ref_axis',(-0.933698454055176,0.126054431592681,-0.33513799720536));
#3947=DIRECTION('',(0.303053357228452,0.776701178592401,-0.552172021969368));
#3948=DIRECTION('center_axis',(0.303053357228515,0.776701178592441,-0.552172021969277));
#3949=DIRECTION('ref_axis',(-0.933698454055176,0.126054431592681,-0.33513799720536));
#3950=DIRECTION('center_axis',(-0.307790212968253,-0.769927172310177,0.558996721045313));
#3951=DIRECTION('ref_axis',(-0.440260091807687,0.636085734737215,0.633692346194354));
#3952=DIRECTION('center_axis',(-0.303053357228477,-0.776701178592439,0.552172021969301));
#3953=DIRECTION('ref_axis',(-0.933698454055176,0.126054431592681,-0.33513799720536));
#3954=DIRECTION('',(0.303053357228477,0.776701178592439,-0.552172021969301));
#3955=DIRECTION('center_axis',(0.303043096760484,0.776715696960584,-0.552157230868935));
#3956=DIRECTION('ref_axis',(-0.443669909651831,0.62777052584707,0.63957890689674));
#3957=DIRECTION('center_axis',(0.306996814170531,0.771071500903557,-0.557854547873798));
#3958=DIRECTION('ref_axis',(-0.440813666367391,0.634698082375748,0.634698082376406));
#3959=DIRECTION('center_axis',(0.843466651457933,0.0510598547191145,0.534749379723253));
#3960=DIRECTION('ref_axis',(-0.0604250149645945,0.9981727393425,-1.30937835969789E-7));
#3961=DIRECTION('',(0.443534296704329,-0.627796281200205,-0.639647681898551));
#3962=DIRECTION('',(0.303043096760485,0.776715696960583,-0.552157230868935));
#3963=DIRECTION('',(0.303053357228464,0.776701178592445,-0.552172021969299));
#3964=DIRECTION('',(-0.440813666368465,0.634698082375695,0.634698082375713));
#3965=DIRECTION('',(-0.440813978999288,0.634698063450398,0.634697884170988));
#3966=DIRECTION('',(-0.306894594161636,-0.771218647653081,0.557707365548023));
#3967=DIRECTION('',(0.440260369189981,-0.636085717945716,-0.633692170336816));
#3968=DIRECTION('',(0.443534296704328,-0.627796281200206,-0.63964768189855));
#3969=DIRECTION('center_axis',(-0.443534296704342,0.627796281200172,0.639647681898574));
#3970=DIRECTION('ref_axis',(0.303053357228464,0.776701178592445,-0.552172021969299));
#3971=DIRECTION('',(-0.843466651457933,-0.0510598547191146,-0.534749379723254));
#3972=DIRECTION('',(0.843466651457934,0.0510598547191149,0.534749379723253));
#3973=DIRECTION('',(0.843466651457934,0.0510598547191149,0.534749379723253));
#3974=DIRECTION('center_axis',(0.440885150524153,-0.634519257980572,-0.634827216885886));
#3975=DIRECTION('ref_axis',(0.306894594419336,0.771218647668682,-0.557707365384644));
#3976=DIRECTION('',(0.843466651457934,0.0510598547191149,0.534749379723253));
#3977=DIRECTION('',(0.843466651390556,0.0510598545497955,0.534749379845696));
#3978=DIRECTION('center_axis',(0.303053354255216,0.776701178412428,-0.552172023854349));
#3979=DIRECTION('ref_axis',(-0.443533984087623,0.627796300124636,0.639647880094336));
#3980=DIRECTION('',(0.843466651457934,0.0510598547191149,0.534749379723253));
#3981=DIRECTION('center_axis',(0.307790212968253,0.769927172310177,-0.558996721045313));
#3982=DIRECTION('ref_axis',(-0.440260056559365,0.636085736870988,0.633692368541422));
#3983=DIRECTION('',(0.843466651457934,0.0510598547191149,0.534749379723253));
#3984=DIRECTION('center_axis',(-0.440690712762871,0.63500676036057,0.634474672450309));
#3985=DIRECTION('ref_axis',(-0.307173286684646,-0.77081731270996,0.558108629546209));
#3986=DIRECTION('',(-0.307173286684644,-0.77081731270996,0.55810862954621));
#3987=DIRECTION('',(0.843466814778095,0.0510596192991021,0.534749144595039));
#3988=DIRECTION('center_axis',(0.303171664667642,0.776533678463423,-0.552342636372312));
#3989=DIRECTION('ref_axis',(-0.443453125043388,0.628003472513565,0.639500558561255));
#3990=DIRECTION('',(-0.443453125043387,0.628003472513565,0.639500558561255));
#3991=DIRECTION('',(0.843466814778095,0.0510596192991021,0.534749144595039));
#3992=DIRECTION('center_axis',(0.951342905191162,-0.264922270918599,0.157362216283874));
#3993=DIRECTION('ref_axis',(0.163193144794171,0.,-0.986594140207709));
#3994=DIRECTION('',(-0.307251603101034,-0.776961003668463,0.549479800511666));
#3995=DIRECTION('',(-0.0240593907913037,-0.572999524820766,-0.819202472084849));
#3996=DIRECTION('center_axis',(-0.303053357228484,-0.776701178592418,0.552172021969326));
#3997=DIRECTION('ref_axis',(-0.443534317415797,0.627796279946421,0.639647668767688));
#3998=DIRECTION('',(-0.0240532726398953,-0.572983843775047,-0.819213619789176));
#3999=DIRECTION('',(-0.0240532726398953,-0.572983843775047,-0.819213619789176));
#4000=DIRECTION('center_axis',(-0.303043096760484,-0.776715696960584,0.552157230868935));
#4001=DIRECTION('ref_axis',(0.443540992544627,-0.627778337545814,-0.639660649751679));
#4002=DIRECTION('',(0.843466815862952,0.0510596220238891,0.534749142623707));
#4003=DIRECTION('center_axis',(-0.303043096760484,-0.776715696960584,0.552157230868935));
#4004=DIRECTION('ref_axis',(-0.443541325872107,0.627778317367642,0.639660438425471));
#4005=DIRECTION('',(0.443540992544623,-0.627778337545814,-0.639660649751682));
#4006=DIRECTION('center_axis',(0.303043096760484,0.776715696960584,-0.552157230868935));
#4007=DIRECTION('ref_axis',(0.324752701062638,-0.62889137132376,-0.706421493321828));
#4008=DIRECTION('center_axis',(-0.303043096760484,-0.776715696960584,0.552157230868935));
#4009=DIRECTION('ref_axis',(-0.443669909651831,0.62777052584707,0.63957890689674));
#4010=DIRECTION('',(-0.843466651457934,-0.0510598547191149,-0.534749379723253));
#4011=DIRECTION('',(-0.843466651457934,-0.0510598547191149,-0.534749379723253));
#4012=DIRECTION('',(0.843466814778095,0.0510596192991021,0.534749144595039));
#4013=DIRECTION('center_axis',(0.843466815848939,0.0510596220437384,0.534749142643915));
#4014=DIRECTION('ref_axis',(0.443540992544628,-0.627778337545814,-0.639660649751679));
#4015=DIRECTION('',(0.303043096760475,0.776715696960581,-0.552157230868944));
#4016=DIRECTION('center_axis',(0.443540992517972,-0.62777833754743,-0.639660649768576));
#4017=DIRECTION('ref_axis',(-0.843466815862952,-0.0510596220238895,-0.534749142623708));
#4018=DIRECTION('',(0.303043096760475,0.776715696960581,-0.552157230868944));
#4019=DIRECTION('center_axis',(0.952673250165623,-0.261538220663451,0.154956243988631));
#4020=DIRECTION('ref_axis',(-0.0240532726398953,-0.572983843775047,-0.819213619789175));
#4021=DIRECTION('',(0.303043096760475,0.776715696960581,-0.552157230868944));
#4022=DIRECTION('',(0.303043096760475,0.776715696960581,-0.552157230868944));
#4023=DIRECTION('center_axis',(-0.443540992517971,0.62777833754743,0.639660649768577));
#4024=DIRECTION('ref_axis',(0.843466815862952,0.051059622023889,0.534749142623707));
#4025=DIRECTION('',(-0.843466815862952,-0.051059622023889,-0.534749142623707));
#4026=DIRECTION('',(0.303043096760475,0.776715696960581,-0.552157230868944));
#4027=DIRECTION('',(0.303043096760475,0.776715696960581,-0.552157230868944));
#4028=DIRECTION('center_axis',(0.843466815848942,0.0510596220437344,0.534749142643911));
#4029=DIRECTION('ref_axis',(0.443540992544623,-0.627778337545814,-0.639660649751682));
#4030=DIRECTION('',(0.303043096760475,0.776715696960581,-0.552157230868944));
#4031=DIRECTION('',(0.303043096760475,0.776715696960581,-0.552157230868944));
#4032=DIRECTION('',(0.303043096760475,0.776715696960581,-0.552157230868944));
#4033=DIRECTION('center_axis',(0.443541305161262,-0.627778318621391,-0.639660451555936));
#4034=DIRECTION('ref_axis',(-0.843466651457934,-0.0510598547191149,-0.534749379723253));
#4035=DIRECTION('',(0.303053357228452,0.776701178592401,-0.552172021969368));
#4036=DIRECTION('center_axis',(0.303053357228455,0.776701178592416,-0.552172021969344));
#4037=DIRECTION('ref_axis',(0.443533984087622,-0.627796300124634,-0.639647880094338));
#4038=DIRECTION('',(0.843466814778095,0.0510596192991021,0.534749144595039));
#4039=DIRECTION('',(0.0240938090878794,0.573086181084699,0.819140841011722));
#4040=DIRECTION('',(0.443534296704329,-0.627796281200205,-0.639647681898551));
#4041=DIRECTION('',(-0.843591113067817,-0.0508836334585305,-0.534569817515972));
#4042=DIRECTION('',(0.443547294713794,-0.62779549427875,-0.639639441181807));
#4043=DIRECTION('center_axis',(0.30305335722844,0.776701178592415,-0.552172021969354));
#4044=DIRECTION('ref_axis',(-0.18923517100763,0.616928595748657,0.763930073895054));
#4045=DIRECTION('',(-0.84359110219237,-0.0508836055856438,-0.534569837331351));
#4046=DIRECTION('center_axis',(0.843466650389668,0.0510598519812378,0.534749381669663));
#4047=DIRECTION('ref_axis',(0.443534296704329,-0.627796281200205,-0.639647681898551));
#4048=DIRECTION('center_axis',(-0.843459815299234,-0.0510695264952403,-0.534759238759775));
#4049=DIRECTION('ref_axis',(-0.535457957661194,0.,0.844561883805623));
#4050=DIRECTION('',(-0.303053357228497,-0.776701178592403,0.55217202196934));
#4051=DIRECTION('',(-0.443547294713794,0.62779549427875,0.639639441181807));
#4052=DIRECTION('',(0.303051163449449,0.776704283840032,-0.552168858046592));
#4053=DIRECTION('center_axis',(0.443297526076525,-0.627810588489262,-0.639797755822259));
#4054=DIRECTION('ref_axis',(-0.303053357228452,-0.776701178592401,0.552172021969368));
#4055=DIRECTION('',(-0.843591113067817,-0.0508836334585305,-0.534569817515972));
#4056=DIRECTION('center_axis',(-0.303053357228439,-0.776701178592416,0.552172021969354));
#4057=DIRECTION('ref_axis',(-0.443297526076528,0.627810588489244,0.639797755822275));
#4058=DIRECTION('',(0.843466651457934,0.0510598547191149,0.534749379723253));
#4059=DIRECTION('center_axis',(-0.303053357228439,-0.776701178592416,0.552172021969354));
#4060=DIRECTION('ref_axis',(-0.18923517100763,0.616928595748657,0.763930073895054));
#4061=DIRECTION('center_axis',(0.303053357228471,0.776701178592438,-0.552172021969305));
#4062=DIRECTION('ref_axis',(-0.18923517100763,0.616928595748657,0.763930073895054));
#4063=DIRECTION('',(-0.30347899034897,-0.776446477751901,0.55229645083364));
#4064=DIRECTION('',(0.843466814778095,0.0510596192991021,0.534749144595039));
#4065=DIRECTION('center_axis',(0.303110135377471,0.776620802578213,-0.552253904317773));
#4066=DIRECTION('ref_axis',(-0.443495183964321,0.627895727234868,0.639577186522979));
#4067=DIRECTION('',(0.843466814778095,0.0510596192991021,0.534749144595039));
#4068=DIRECTION('',(-0.44349518396432,0.627895727234868,0.639577186522979));
#4069=DIRECTION('center_axis',(0.443404153636455,-0.628128883218115,-0.639411340691657));
#4070=DIRECTION('ref_axis',(0.303243283365079,0.776432238733165,-0.552445915678424));
#4071=DIRECTION('',(0.303243283365078,0.776432238733164,-0.552445915678425));
#4072=DIRECTION('',(0.843466651457934,0.0510598547191149,0.534749379723253));
#4073=DIRECTION('',(0.843466651457934,0.0510598547191149,0.534749379723253));
#4074=DIRECTION('center_axis',(0.307790212968253,0.769927172310177,-0.558996721045313));
#4075=DIRECTION('ref_axis',(-0.440260056559365,0.636085736870988,0.633692368541422));
#4076=DIRECTION('',(-0.440260056559365,0.636085736870988,0.633692368541422));
#4077=DIRECTION('',(0.843466651457934,0.0510598547191149,0.534749379723253));
#4078=DIRECTION('center_axis',(0.440885150524153,-0.634519257980572,-0.634827216885886));
#4079=DIRECTION('ref_axis',(0.306894594419336,0.771218647668682,-0.557707365384644));
#4080=DIRECTION('',(0.306894594419307,0.77121864766868,-0.557707365384663));
#4081=DIRECTION('',(0.843466651390556,0.0510598545497955,0.534749379845696));
#4082=DIRECTION('center_axis',(0.306996814172388,0.771071500902783,-0.557854547873846));
#4083=DIRECTION('ref_axis',(-0.876098627899614,0.,-0.482131926128538));
#4084=DIRECTION('',(0.440813666368088,-0.634698082376714,-0.634698082374956));
#4085=DIRECTION('',(-0.440813666368497,0.634698082375682,0.634698082375703));
#4086=DIRECTION('center_axis',(0.441562284419268,-0.632812611508638,-0.636058918414053));
#4087=DIRECTION('ref_axis',(0.305919076467177,0.772619643804536,-0.556302439919888));
#4088=DIRECTION('',(0.305919076467183,0.772619643804537,-0.556302439919885));
#4089=DIRECTION('',(0.305919076467183,0.772619643804537,-0.556302439919885));
#4090=DIRECTION('',(-0.843466814778292,-0.0510596192995813,-0.534749144594682));
#4091=DIRECTION('',(-0.305919076467175,-0.772619643804536,0.55630243991989));
#4092=DIRECTION('',(0.305919076467176,0.772619643804536,-0.556302439919889));
#4093=DIRECTION('',(-0.843466814778097,-0.0510596192991016,-0.534749144595035));
#4094=DIRECTION('',(-0.305919076467175,-0.772619643804536,0.55630243991989));
#4095=DIRECTION('',(0.843466814778097,0.0510596192991016,0.534749144595035));
#4096=DIRECTION('center_axis',(-0.440813666368495,0.634698082375682,0.634698082375704));
#4097=DIRECTION('ref_axis',(-0.306996814170537,-0.771071500903556,0.557854547873797));
#4098=DIRECTION('',(0.306996814170532,0.771071500903556,-0.5578545478738));
#4099=DIRECTION('',(0.306996814170532,0.771071500903556,-0.5578545478738));
#4100=DIRECTION('',(0.843466814778094,0.0510596192990949,0.53474914459504));
#4101=DIRECTION('center_axis',(-0.306996814170518,-0.771071500903555,0.557854547873809));
#4102=DIRECTION('ref_axis',(0.843466814778113,0.0510596192990995,0.53474914459501));
#4103=DIRECTION('',(-0.440813666368497,0.634698082375682,0.634698082375703));
#4104=DIRECTION('',(-0.440813666368497,0.634698082375682,0.634698082375703));
#4105=DIRECTION('center_axis',(0.843466814778093,0.0510596192990951,0.534749144595042));
#4106=DIRECTION('ref_axis',(0.306996814170529,0.771071500903572,-0.557854547873779));
#4107=DIRECTION('',(-0.440813666368497,0.634698082375681,0.634698082375705));
#4108=DIRECTION('center_axis',(-0.306996814170539,-0.771071500903558,0.557854547873794));
#4109=DIRECTION('ref_axis',(0.876098627900822,0.,0.482131926126343));
#4110=DIRECTION('',(0.440813666368499,-0.63469808237568,-0.634698082375704));
#4111=DIRECTION('',(-0.843466814778094,-0.0510596192990959,-0.534749144595042));
#4112=DIRECTION('',(-0.440813666368496,0.634698082375682,0.634698082375703));
#4113=DIRECTION('center_axis',(-0.440813666368497,0.634698082375681,0.634698082375705));
#4114=DIRECTION('ref_axis',(-0.843466814778094,-0.0510596192990958,-0.534749144595041));
#4115=DIRECTION('',(-0.306996814170538,-0.771071500903558,0.557854547873794));
#4116=DIRECTION('',(-0.306996814170531,-0.771071500903557,0.557854547873798));
#4117=DIRECTION('center_axis',(0.843466814778094,0.0510596192990961,0.534749144595041));
#4118=DIRECTION('ref_axis',(-0.440813666368497,0.634698082375682,0.634698082375703));
#4119=DIRECTION('center_axis',(0.306996814170534,0.771071500903554,-0.557854547873802));
#4120=DIRECTION('ref_axis',(0.843466814778094,0.051059619299106,0.53474914459504));
#4121=DIRECTION('',(0.440813666368493,-0.634698082375685,-0.634698082375703));
#4122=DIRECTION('',(0.440813666368493,-0.634698082375685,-0.634698082375703));
#4123=DIRECTION('center_axis',(0.843466814778097,0.0510596192991004,0.534749144595035));
#4124=DIRECTION('ref_axis',(-0.30699681417054,-0.771071500903546,0.557854547873809));
#4125=DIRECTION('',(0.440813666368493,-0.634698082375685,-0.634698082375703));
#4126=DIRECTION('',(0.30699681417054,0.771071500903546,-0.557854547873809));
#4127=DIRECTION('center_axis',(-0.306996814170534,-0.771071500903554,0.557854547873802));
#4128=DIRECTION('ref_axis',(-0.843466814778094,-0.051059619299106,-0.53474914459504));
#4129=DIRECTION('',(-0.440813666368486,0.634698082375696,0.634698082375696));
#4130=DIRECTION('',(0.843466814778094,0.0510596192991059,0.53474914459504));
#4131=DIRECTION('center_axis',(-0.843466814778097,-0.0510596192991011,-0.534749144595035));
#4132=DIRECTION('ref_axis',(0.306996814170539,0.771071500903546,-0.557854547873809));
#4133=DIRECTION('',(-0.306996814170539,-0.771071500903546,0.55785454787381));
#4134=DIRECTION('center_axis',(-0.440813666368486,0.634698082375697,0.634698082375697));
#4135=DIRECTION('ref_axis',(0.821338978201229,0.,0.570440428868221));
#4136=DIRECTION('center_axis',(0.843466814778095,0.0510596192991041,0.534749144595038));
#4137=DIRECTION('ref_axis',(0.53544757871256,0.,-0.844568464039984));
#4138=DIRECTION('',(0.0604248084345652,-0.998172751844913,-3.70392385039109E-14));
#4139=DIRECTION('',(0.0604248084345652,-0.998172751844913,-3.70392385039109E-14));
#4140=DIRECTION('',(0.0604248084345652,-0.998172751844913,-3.70392385039109E-14));
#4141=DIRECTION('',(0.0604248084345652,-0.998172751844913,-3.70392385039109E-14));
#4142=DIRECTION('',(0.0604248084345652,-0.998172751844913,-3.70392385039109E-14));
#4143=DIRECTION('',(0.533772025207013,0.0323121146227336,-0.845010859311886));
#4144=DIRECTION('',(0.533772025207013,0.0323121146227336,-0.845010859311886));
#4145=DIRECTION('',(-0.0604248084345665,0.998172751844913,3.90924530142096E-14));
#4146=DIRECTION('',(-0.0604248084345665,0.998172751844913,3.90924530142096E-14));
#4147=DIRECTION('',(-0.533772025207012,-0.0323121146227422,0.845010859311886));
#4148=DIRECTION('center_axis',(-0.843466814778182,-0.051059619299032,-0.534749144594908));
#4149=DIRECTION('ref_axis',(-0.535447578712428,0.,0.844568464040067));
#4150=DIRECTION('',(-0.533772025207012,-0.0323121146227422,0.845010859311886));
#4151=DIRECTION('',(-0.0604248084345665,0.998172751844913,3.90892076202628E-14));
#4152=DIRECTION('',(0.533772025207013,0.0323121146227336,-0.845010859311886));
#4153=DIRECTION('',(0.0604248084345652,-0.998172751844913,-3.7035993109964E-14));
#4154=DIRECTION('',(0.0604248084345652,-0.998172751844913,-3.7035993109964E-14));
#4155=DIRECTION('',(-0.533772025207013,-0.0323121146227336,0.845010859311886));
#4156=DIRECTION('',(-0.0604248084345665,0.998172751844913,3.90888810500659E-14));
#4157=DIRECTION('',(0.533772025207012,0.0323121146227422,-0.845010859311886));
#4158=DIRECTION('center_axis',(0.0604248084345768,-0.998172751844912,-4.85202156230713E-14));
#4159=DIRECTION('ref_axis',(-0.533772025207012,-0.0323121146227422,0.845010859311886));
#4160=DIRECTION('',(-0.843466814778182,-0.051059619299032,-0.534749144594908));
#4161=DIRECTION('',(-0.843466814778182,-0.051059619299032,-0.534749144594908));
#4162=DIRECTION('center_axis',(-0.533772025207011,-0.0323121146227286,0.845010859311887));
#4163=DIRECTION('ref_axis',(-0.0604248084345665,0.998172751844913,3.90924530142096E-14));
#4164=DIRECTION('',(-0.843466814778182,-0.051059619299032,-0.534749144594908));
#4165=DIRECTION('center_axis',(-0.0604248084345722,0.998172751844913,4.12517242587285E-14));
#4166=DIRECTION('ref_axis',(0.533772025207013,0.0323121146227336,-0.845010859311886));
#4167=DIRECTION('',(-0.843466814778182,-0.051059619299032,-0.534749144594908));
#4168=DIRECTION('center_axis',(0.533772025207011,0.0323121146227262,-0.845010859311887));
#4169=DIRECTION('ref_axis',(0.0604248084345652,-0.998172751844913,-3.70392385039109E-14));
#4170=DIRECTION('center_axis',(0.0604248084345722,-0.998172751844913,-4.12447853648246E-14));
#4171=DIRECTION('ref_axis',(-0.533772025207013,-0.0323121146227336,0.845010859311886));
#4172=DIRECTION('',(0.843466814778178,0.0510596192990318,0.534749144594914));
#4173=DIRECTION('',(-0.533772025207013,-0.0323121146227336,0.845010859311886));
#4174=DIRECTION('',(-0.843466814778174,-0.0510596192990316,-0.53474914459492));
#4175=DIRECTION('center_axis',(0.533772025207024,0.0323121146227127,-0.84501085931188));
#4176=DIRECTION('ref_axis',(-0.84545233144516,0.,-0.534050892007441));
#4177=DIRECTION('',(0.0604248084345665,-0.998172751844913,-3.90921264440128E-14));
#4178=DIRECTION('',(0.843466814778174,0.0510596192990316,0.53474914459492));
#4179=DIRECTION('center_axis',(-0.0604248084345768,0.998172751844912,4.85202156230713E-14));
#4180=DIRECTION('ref_axis',(0.533772025207012,0.0323121146227422,-0.845010859311886));
#4181=DIRECTION('',(-0.843466814778178,-0.0510596192990318,-0.534749144594914));
#4182=DIRECTION('',(0.533772025207012,0.0323121146227422,-0.845010859311886));
#4183=DIRECTION('center_axis',(-0.533772025207017,-0.0323121146227128,0.845010859311884));
#4184=DIRECTION('ref_axis',(0.845452331445164,0.,0.534050892007434));
#4185=DIRECTION('',(-0.0604248084345652,0.998172751844913,3.70392385039109E-14));
#4186=DIRECTION('center_axis',(0.843466814778094,0.0510596192991039,0.534749144595041));
#4187=DIRECTION('ref_axis',(0.535447578712562,0.,-0.844568464039982));
#4188=DIRECTION('center_axis',(2.63817892644383E-13,-0.675993442934947,
0.736907636755759));
#4189=DIRECTION('ref_axis',(5.66559293652892E-15,-0.736907636755759,-0.675993442934947));
#4190=DIRECTION('',(-0.356286207932451,-0.688549452233319,-0.63163263837955));
#4191=DIRECTION('',(1.,1.80014446265679E-13,-1.92872620998941E-13));
#4192=DIRECTION('',(-5.66559293652892E-15,0.736907636755759,0.675993442934947));
#4193=DIRECTION('center_axis',(2.63817892644383E-13,-0.675993442934935,
0.73690763675577));
#4194=DIRECTION('ref_axis',(5.66559293653313E-15,-0.73690763675577,-0.675993442934935));
#4195=DIRECTION('',(0.935906850232344,-0.259573942266295,-0.238117064034701));
#4196=DIRECTION('',(-5.66559293653313E-15,0.73690763675577,0.675993442934935));
#4197=DIRECTION('',(-0.356286207932452,-0.688549452233329,-0.631632638379538));
#4198=DIRECTION('center_axis',(0.929070386319647,-0.333000949257169,-0.161054602721205));
#4199=DIRECTION('ref_axis',(-0.170802924963336,0.,-0.985305212015023));
#4200=DIRECTION('',(-0.351961198347446,-0.661862264696275,-0.661862264696324));
#4201=DIRECTION('',(-0.35196119834745,-0.661862264696286,-0.661862264696312));
#4202=DIRECTION('',(-0.113804798324539,-0.671601600924946,0.732120043103151));
#4203=DIRECTION('center_axis',(0.351961198347444,0.661862264696275,0.661862264696325));
#4204=DIRECTION('ref_axis',(-0.113804798324539,-0.671601600924946,0.732120043103151));
#4205=DIRECTION('',(0.929070386319648,-0.333000949257163,-0.161054602721216));
#4206=DIRECTION('center_axis',(-0.113804798324549,-0.671601600924942,0.732120043103154));
#4207=DIRECTION('ref_axis',(-0.351961198347446,-0.661862264696275,-0.661862264696324));
#4208=DIRECTION('',(0.929070386319647,-0.333000949257169,-0.161054602721205));
#4209=DIRECTION('center_axis',(-0.113804798324543,-0.671601600924931,0.732120043103165));
#4210=DIRECTION('ref_axis',(-0.351961198347449,-0.661862264696286,-0.661862264696311));
#4211=CARTESIAN_POINT('',(0.,0.,0.));
#4212=CARTESIAN_POINT('Origin',(-19.2163561256574,149.03693974636,184.355085500977));
#4213=CARTESIAN_POINT('',(-21.6874146626229,162.061849019611,187.009056954231));
#4214=CARTESIAN_POINT('',(-11.9066821289551,148.217796664128,172.903655665083));
#4215=CARTESIAN_POINT('',(-18.7459880872594,157.898432488883,182.767043172047));
#4216=CARTESIAN_POINT('',(-21.701000958176,162.027026530409,187.033811780573));
#4217=CARTESIAN_POINT('',(-23.0282139826561,158.625308542445,189.452049511394));
#4218=CARTESIAN_POINT('',(-11.9201138860873,148.183370285724,172.92812889578));
#4219=CARTESIAN_POINT('Ctrl Pts',(-21.701000958176,162.027026530409,187.033811780573));
#4220=CARTESIAN_POINT('Ctrl Pts',(-19.9369695884168,159.530254955488,184.489782064439));
#4221=CARTESIAN_POINT('Ctrl Pts',(-18.1729382696726,157.033483270361,181.94575242109));
#4222=CARTESIAN_POINT('Ctrl Pts',(-14.9126425879446,152.418931158964,177.243858149221));
#4223=CARTESIAN_POINT('Ctrl Pts',(-13.4163782217849,150.301150761382,175.085993494749));
#4224=CARTESIAN_POINT('Ctrl Pts',(-11.9201138860873,148.183370285724,172.92812889578));
#4225=CARTESIAN_POINT('',(-13.2473268947536,144.781652317744,175.346366617953));
#4226=CARTESIAN_POINT('Origin',(-22.0378751878116,162.433411570803,187.339361326406));
#4227=CARTESIAN_POINT('',(-11.7379887497995,148.228008564438,173.010605470405));
#4228=CARTESIAN_POINT('',(-6.0024156473142,148.575215642406,176.646901273337));
#4229=CARTESIAN_POINT('',(-21.5187212752579,162.072060920418,187.116006764758));
#4230=CARTESIAN_POINT('',(-16.7614117193362,155.338368688754,180.255195442221));
#4231=CARTESIAN_POINT('',(-21.7717648532177,162.056742820724,186.955579781159));
#4232=CARTESIAN_POINT('Origin',(-0.0272341168625911,148.903314260805,180.46809517339));
#4233=CARTESIAN_POINT('',(-11.7514205231317,148.193582209583,173.035078724699));
#4234=CARTESIAN_POINT('',(-11.7514205231317,148.193582209583,173.035078724699));
#4235=CARTESIAN_POINT('',(-11.7514205722884,148.193582279798,173.03507879553));
#4236=CARTESIAN_POINT('Origin',(-21.5323075952204,162.037238454269,187.140761609492));
#4237=CARTESIAN_POINT('',(-21.5323075952204,162.037238454269,187.140761609492));
#4238=CARTESIAN_POINT('Ctrl Pts',(-21.5323075952204,162.037238454269,187.140761609492));
#4239=CARTESIAN_POINT('Ctrl Pts',(-19.7682762254612,159.540466879348,184.596731893358));
#4240=CARTESIAN_POINT('Ctrl Pts',(-18.0042449067169,157.043695194221,182.052702250009));
#4241=CARTESIAN_POINT('Ctrl Pts',(-14.7439492249889,152.429143082824,177.35080797814));
#4242=CARTESIAN_POINT('Ctrl Pts',(-13.2476848588293,150.311362685242,175.192943323668));
#4243=CARTESIAN_POINT('Ctrl Pts',(-11.7514205231317,148.193582209583,173.035078724699));
#4244=CARTESIAN_POINT('',(-21.5323075952204,162.037238454269,187.140761609492));
#4245=CARTESIAN_POINT('Origin',(-21.7853476478648,162.021920567982,186.980336860908));
#4246=CARTESIAN_POINT('',(-21.5323076525879,162.037238523986,187.140761675118));
#4247=CARTESIAN_POINT('Origin',(-11.7514205231317,148.193582209583,173.035078724699));
#4248=CARTESIAN_POINT('Origin',(-7.71972640737433,149.314961333492,192.562258375962));
#4249=CARTESIAN_POINT('',(-14.7909107584821,150.407956855944,203.61136703894));
#4250=CARTESIAN_POINT('',(-16.3258948293348,146.552599351426,206.400639778309));
#4251=CARTESIAN_POINT('',(-14.7909107584821,150.407956855944,203.61136703894));
#4252=CARTESIAN_POINT('',(-15.9732883879132,146.044904946107,205.89294537299));
#4253=CARTESIAN_POINT('',(-16.3258948293348,146.552599351426,206.400639778309));
#4254=CARTESIAN_POINT('',(-14.4383043170605,149.900262450625,203.103672633621));
#4255=CARTESIAN_POINT('',(-14.4383043170606,149.900262450625,203.103672633621));
#4256=CARTESIAN_POINT('',(-9.6964361514256,161.780846522989,194.489864488047));
#4257=CARTESIAN_POINT('',(-10.9633627101425,158.606606546553,196.791291252799));
#4258=CARTESIAN_POINT('',(-9.64295323587537,161.703678986042,194.412873398334));
#4259=CARTESIAN_POINT('',(-0.800486788431911,148.94537384752,181.683740729805));
#4260=CARTESIAN_POINT('',(-9.43681406612778,162.221430414319,194.038290770659));
#4261=CARTESIAN_POINT('',(-12.0773114471466,155.589399771864,198.836430049828));
#4262=CARTESIAN_POINT('',(-9.80812119716215,162.746970504993,194.573778052978));
#4263=CARTESIAN_POINT('',(-7.44730588538983,159.405523521315,191.169085630736));
#4264=CARTESIAN_POINT('',(-9.7945348923685,162.781792932264,194.549023235882));
#4265=CARTESIAN_POINT('',(-11.1247379544655,159.372411231439,196.972708967303));
#4266=CARTESIAN_POINT('',(-9.42385002708606,162.257110280657,194.014435590642));
#4267=CARTESIAN_POINT('',(-3.65091959556113,154.085866371933,185.688934400349));
#4268=CARTESIAN_POINT('',(-9.37613355960047,162.376957804394,193.927728343037));
#4269=CARTESIAN_POINT('',(-10.6885118205206,159.080710324086,196.312496353572));
#4270=CARTESIAN_POINT('',(-9.28209215231722,162.6131578102,193.756842444764));
#4271=CARTESIAN_POINT('',(-10.6885118205206,159.080710324086,196.312496353572));
#4272=CARTESIAN_POINT('',(-9.65453865269845,163.140601509823,194.29394510301));
#4273=CARTESIAN_POINT('Ctrl Pts',(-9.28209215231087,162.613157810216,193.756842444753));
#4274=CARTESIAN_POINT('Ctrl Pts',(-9.4062407405711,162.788971174819,193.935876393292));
#4275=CARTESIAN_POINT('Ctrl Pts',(-9.53038946682501,162.964785590873,194.114910459094));
#4276=CARTESIAN_POINT('Ctrl Pts',(-9.65453865109825,163.140601510144,194.293945103804));
#4277=CARTESIAN_POINT('',(-9.91868806021045,163.51468235081,194.674872941608));
#4278=CARTESIAN_POINT('Ctrl Pts',(-9.65453865109825,163.140601510144,194.293945103804));
#4279=CARTESIAN_POINT('Ctrl Pts',(-9.74258818569637,163.265294313866,194.420920703652));
#4280=CARTESIAN_POINT('Ctrl Pts',(-9.83063795067856,163.3899878737,194.54789659469));
#4281=CARTESIAN_POINT('Ctrl Pts',(-9.91868806021046,163.51468235081,194.674872941608));
#4282=CARTESIAN_POINT('',(-10.0606487371089,163.158461507815,194.932802518476));
#4283=CARTESIAN_POINT('Ctrl Pts',(-9.9186903796665,163.514685692996,194.674876280993));
#4284=CARTESIAN_POINT('Ctrl Pts',(-9.96600910325603,163.395944601438,194.760850514819));
#4285=CARTESIAN_POINT('Ctrl Pts',(-10.0133286104899,163.277203072059,194.846826026502));
#4286=CARTESIAN_POINT('Ctrl Pts',(-10.0606487374003,163.158461507082,194.932802519007));
#4287=CARTESIAN_POINT('',(-9.85402215966792,162.865993664887,194.634813515568));
#4288=CARTESIAN_POINT('',(0.208941887463989,148.622459241463,180.122388642395));
#4289=CARTESIAN_POINT('',(-15.1826816741609,149.419338945997,204.323708936697));
#4290=CARTESIAN_POINT('Origin',(-8.27626934176565,149.493981508929,193.423014605269));
#4291=CARTESIAN_POINT('',(-15.0152400046212,150.73095352069,203.934363699542));
#4292=CARTESIAN_POINT('',(-16.5502240754738,146.875596016172,206.723636438911));
#4293=CARTESIAN_POINT('',(-15.0152400046212,150.73095352069,203.934363699542));
#4294=CARTESIAN_POINT('',(-16.5502240754738,146.875596016172,206.723636438911));
#4295=CARTESIAN_POINT('Ctrl Pts',(-10.0606487371089,163.158461507815,194.932802518476));
#4296=CARTESIAN_POINT('Ctrl Pts',(-10.682714567768,161.5974963314,196.063041208008));
#4297=CARTESIAN_POINT('Ctrl Pts',(-11.3048874838281,160.036525010413,197.193449391446));
#4298=CARTESIAN_POINT('Ctrl Pts',(-11.9267948967493,158.476461532521,198.323352109448));
#4299=CARTESIAN_POINT('Ctrl Pts',(-12.9557778067691,155.895243454162,200.192843552471));
#4300=CARTESIAN_POINT('Ctrl Pts',(-13.9859720779555,153.311648764904,202.064472617974));
#4301=CARTESIAN_POINT('Ctrl Pts',(-15.0152400046212,150.73095352069,203.934363699542));
#4302=CARTESIAN_POINT('Origin',(-39.03813255496,103.404323954943,185.421926102067));
#4303=CARTESIAN_POINT('',(-37.53813255496,103.404323954943,185.421926102067));
#4304=CARTESIAN_POINT('Origin',(-39.03813255496,103.404323954943,185.421926102067));
#4305=CARTESIAN_POINT('',(-37.53813255496,98.9983416013697,181.015943748494));
#4306=CARTESIAN_POINT('',(-37.53813255496,103.404323954943,185.421926102067));
#4307=CARTESIAN_POINT('Origin',(-39.03813255496,98.9983416013697,181.015943748494));
#4308=CARTESIAN_POINT('Origin',(-50.4703154592723,103.404323954943,185.421926102067));
#4309=CARTESIAN_POINT('',(-48.9703154592723,103.404323954943,185.421926102067));
#4310=CARTESIAN_POINT('Origin',(-50.4703154592723,103.404323954943,185.421926102067));
#4311=CARTESIAN_POINT('',(-48.9703154592723,98.9983416013697,181.015943748494));
#4312=CARTESIAN_POINT('',(-48.9703154592723,103.404323954943,185.421926102067));
#4313=CARTESIAN_POINT('Origin',(-50.4703154592723,98.9983416013697,181.015943748494));
#4314=CARTESIAN_POINT('Origin',(-61.9473304534059,103.404323954943,185.421926102067));
#4315=CARTESIAN_POINT('',(-60.4473304534059,103.404323954943,185.421926102067));
#4316=CARTESIAN_POINT('Origin',(-61.9473304534059,103.404323954943,185.421926102067));
#4317=CARTESIAN_POINT('',(-60.4473304534059,98.9983416013697,181.015943748494));
#4318=CARTESIAN_POINT('',(-60.4473304534059,103.404323954943,185.421926102067));
#4319=CARTESIAN_POINT('Origin',(-61.9473304534059,98.9983416013697,181.015943748494));
#4320=CARTESIAN_POINT('Origin',(-50.5720010262812,100.860150383945,187.258992891879));
#4321=CARTESIAN_POINT('',(-33.572001026327,100.280322823372,187.258992891879));
#4322=CARTESIAN_POINT('',(-34.4820010263277,101.567257165132,187.258992891879));
#4323=CARTESIAN_POINT('',(-33.8454230734369,100.666999990646,187.258992891879));
#4324=CARTESIAN_POINT('',(-66.6620010263277,101.567257165132,187.258992891879));
#4325=CARTESIAN_POINT('',(-50.5720010262812,101.567257165132,187.258992891879));
#4326=CARTESIAN_POINT('',(-67.572001026327,100.280322823372,187.258992891879));
#4327=CARTESIAN_POINT('',(-67.2985789792065,100.666999990662,187.258992891879));
#4328=CARTESIAN_POINT('',(-67.572001026327,100.153043602758,187.258992891879));
#4329=CARTESIAN_POINT('',(-67.5720010263184,84.1064105814475,187.258992891879));
#4330=CARTESIAN_POINT('',(-33.572001026327,100.153043602758,187.258992891879));
#4331=CARTESIAN_POINT('',(-50.5720010262812,100.153043602758,187.258992891879));
#4332=CARTESIAN_POINT('',(-33.5720010263127,73.4931871297123,187.258992891879));
#4333=CARTESIAN_POINT('Origin',(-50.5720010262812,97.6785234219962,184.784472711116));
#4334=CARTESIAN_POINT('',(-67.5720010262812,96.4541680303717,183.560117319492));
#4335=CARTESIAN_POINT('',(-67.5720010263243,95.089700609617,182.195649898737));
#4336=CARTESIAN_POINT('',(-33.5720010262812,96.4541680303716,183.560117319492));
#4337=CARTESIAN_POINT('',(-50.5720010262812,96.4541680303717,183.560117319492));
#4338=CARTESIAN_POINT('',(-33.5720010263186,84.4764771578726,171.582426446992));
#4339=CARTESIAN_POINT('Origin',(-67.5720010263095,67.3526707789594,204.755034104644));
#4340=CARTESIAN_POINT('',(-67.5720010262812,104.926721482549,182.612594232702));
#4341=CARTESIAN_POINT('',(-67.5720010263206,88.1962443135906,199.34307140166));
#4342=CARTESIAN_POINT('',(-67.5720010263275,101.164108463213,178.850176886694));
#4343=CARTESIAN_POINT('',(-67.5720010262812,103.612917083104,181.298789833257));
#4344=CARTESIAN_POINT('',(-67.5720010263183,83.9594817098648,196.05480364006));
#4345=CARTESIAN_POINT('Origin',(-67.1170010263208,88.5179778990306,199.664804987099));
#4346=CARTESIAN_POINT('',(-66.6620010263295,104.926721482549,183.899528574461));
#4347=CARTESIAN_POINT('',(-66.6620010263209,88.8397114844706,199.986538572539));
#4348=CARTESIAN_POINT('',(-67.5720010262812,104.926721482549,182.612594232702));
#4349=CARTESIAN_POINT('Origin',(-34.0270010263207,88.5179778990394,199.664804987091));
#4350=CARTESIAN_POINT('',(-33.5720010263295,104.926721482549,182.612594232702));
#4351=CARTESIAN_POINT('',(-33.5720010263206,88.1962443135997,199.343071401651));
#4352=CARTESIAN_POINT('',(-34.4820010263295,104.926721482549,183.899528574461));
#4353=CARTESIAN_POINT('',(-33.5720010263295,104.926721482549,182.612594232702));
#4354=CARTESIAN_POINT('',(-34.4820010263209,88.8397114844792,199.986538572531));
#4355=CARTESIAN_POINT('Origin',(-50.5720010262812,104.926721482549,183.256061403582));
#4356=CARTESIAN_POINT('',(-50.5720010262812,104.926721482549,183.899528574461));
#4357=CARTESIAN_POINT('',(-43.981354589197,104.926609409213,182.612676720812));
#4358=CARTESIAN_POINT('',(-50.5720010262812,104.926721482549,182.612594232702));
#4359=CARTESIAN_POINT('',(-50.5720010262812,104.926721482549,182.612594232702));
#4360=CARTESIAN_POINT('Origin',(-33.5720010262981,46.1262238754705,183.528587201137));
#4361=CARTESIAN_POINT('',(-33.5720010263275,101.164108463236,178.850176886699));
#4362=CARTESIAN_POINT('',(-33.5720010263183,83.9594817098829,196.05480364006));
#4363=CARTESIAN_POINT('',(-33.5720010263284,102.877873268409,180.563746018562));
#4364=CARTESIAN_POINT('Origin',(-50.5720010262812,102.38856169148,180.074434441633));
#4365=CARTESIAN_POINT('',(-43.981354589197,101.181425165972,178.867493589444));
#4366=CARTESIAN_POINT('',(-43.981354589197,101.164108463196,178.850176886668));
#4367=CARTESIAN_POINT('',(-43.9905631629225,101.164108463196,178.850176886668));
#4368=CARTESIAN_POINT('',(-44.3265474151128,100.532290810849,178.218359234321));
#4369=CARTESIAN_POINT('',(-47.2116924506152,101.164108463224,178.850176886694));
#4370=CARTESIAN_POINT('',(-47.2116924506155,101.164108463195,178.850176886668));
#4371=CARTESIAN_POINT('',(-47.8740080051856,101.164108463224,178.850176886694));
#4372=CARTESIAN_POINT('',(-67.5720010263275,101.164108463213,178.850176886694));
#4373=CARTESIAN_POINT('',(-67.5720010263275,101.164108463213,178.850176886694));
#4374=CARTESIAN_POINT('Origin',(-50.5720010262812,101.967479603283,186.858770453727));
#4375=CARTESIAN_POINT('Origin',(4.00724545913361,142.546340087553,212.052824490448));
#4376=CARTESIAN_POINT('',(4.00724545913363,142.546340087553,212.052824490448));
#4377=CARTESIAN_POINT('',(-14.0705449135389,137.510753154069,195.1440771075));
#4378=CARTESIAN_POINT('',(-0.177414765864905,141.380698716834,208.138775197368));
#4379=CARTESIAN_POINT('',(5.54222952999556,146.401697592067,209.263551751079));
#4380=CARTESIAN_POINT('',(4.00724545913363,142.546340087553,212.052824490448));
#4381=CARTESIAN_POINT('',(-12.535560842677,141.366110658582,192.354804368131));
#4382=CARTESIAN_POINT('',(1.35756930499294,145.236056221347,205.349502457995));
#4383=CARTESIAN_POINT('',(-14.0705449135389,137.510753154069,195.1440771075));
#4384=CARTESIAN_POINT('Origin',(-18.4341483955371,142.129739350168,199.127115804723));
#4385=CARTESIAN_POINT('',(-18.4341483955371,142.129739350168,199.127115804723));
#4386=CARTESIAN_POINT('',(-9.94285440276304,142.287371240686,204.017899025489));
#4387=CARTESIAN_POINT('',(-16.8991643246752,145.985096854682,196.337843065353));
#4388=CARTESIAN_POINT('',(-18.4341483955371,142.129739350168,199.127115804723));
#4389=CARTESIAN_POINT('',(-8.40787033190792,146.1427287452,201.228626286115));
#4390=CARTESIAN_POINT('Origin',(-14.0705449135389,137.510753154069,195.1440771075));
#4391=CARTESIAN_POINT('',(-9.39615017199747,132.562786439097,190.877352319495));
#4392=CARTESIAN_POINT('',(-7.86116610114016,136.418143943616,188.08807958013));
#4393=CARTESIAN_POINT('Origin',(-24.0128891691323,142.026175929152,195.913893910412));
#4394=CARTESIAN_POINT('',(-24.0128891691323,142.026175929152,195.913893910412));
#4395=CARTESIAN_POINT('',(-18.3495809635965,136.318823301062,191.141755024912));
#4396=CARTESIAN_POINT('',(-16.2301746570251,134.182934044324,189.355855179327));
#4397=CARTESIAN_POINT('',(-22.4779050982704,145.881533433665,193.124621171043));
#4398=CARTESIAN_POINT('',(-24.0128891691323,142.026175929152,195.913893910412));
#4399=CARTESIAN_POINT('',(-19.1182235841354,142.495723157527,190.293613884378));
#4400=CARTESIAN_POINT('',(-14.6951905861681,138.038291548843,186.566582439962));
#4401=CARTESIAN_POINT('',(-16.8145968927346,140.174180805576,188.352482285543));
#4402=CARTESIAN_POINT('',(-14.6951905861681,138.038291548843,186.566582439962));
#4403=CARTESIAN_POINT('',(-18.3495809635965,136.318823301062,191.141755024912));
#4404=CARTESIAN_POINT('Origin',(-27.8515818627521,133.672031265994,182.254223444786));
#4405=CARTESIAN_POINT('',(-27.8515818627521,133.672031265994,182.254223444786));
#4406=CARTESIAN_POINT('',(-25.8223667307055,138.088210970601,189.475017663007));
#4407=CARTESIAN_POINT('',(-26.3165977918902,137.527388770508,179.464950705416));
#4408=CARTESIAN_POINT('',(-27.8515818627521,133.672031265994,182.254223444786));
#4409=CARTESIAN_POINT('',(-23.0999214069649,144.527839704987,190.91122758131));
#4410=CARTESIAN_POINT('',(-22.4779050982704,145.881533433666,193.124621171043));
#4411=CARTESIAN_POINT('',(-22.4779050982704,145.881533433666,193.124621171043));
#4412=CARTESIAN_POINT('Origin',(-18.3495809636012,136.31882330105,191.14175502492));
#4413=CARTESIAN_POINT('',(-11.3558279772378,138.266940323569,197.683240464615));
#4414=CARTESIAN_POINT('',(-17.3938012149281,140.012842851284,187.810733578154));
#4415=CARTESIAN_POINT('',(-26.3165977918902,137.527388770508,179.464950705416));
#4416=CARTESIAN_POINT('',(-19.5474894533987,139.41293079739,185.796318673713));
#4417=CARTESIAN_POINT('',(-26.3165977918902,137.527388770508,179.464950705416));
#4418=CARTESIAN_POINT('',(-26.3165977918902,137.527388770508,179.464950705416));
#4419=CARTESIAN_POINT('Origin',(0.106973086416258,122.503486749846,182.203028944586));
#4420=CARTESIAN_POINT('',(0.106973086416268,122.503486749846,182.203028944586));
#4421=CARTESIAN_POINT('',(-11.3603465283176,134.641938656676,192.670244393317));
#4422=CARTESIAN_POINT('',(-2.30739117202037,125.059153236985,184.40682823804));
#4423=CARTESIAN_POINT('',(1.6419571572782,126.35884425436,179.413756205217));
#4424=CARTESIAN_POINT('',(0.106973086416268,122.503486749846,182.203028944586));
#4425=CARTESIAN_POINT('',(-9.82536245745569,138.49729616119,189.880971653948));
#4426=CARTESIAN_POINT('',(-0.772407101163058,128.914510741504,181.617555498675));
#4427=CARTESIAN_POINT('',(-11.3603465283176,134.641938656676,192.670244393317));
#4428=CARTESIAN_POINT('Origin',(7.57010929033127,140.356672615026,210.986951062896));
#4429=CARTESIAN_POINT('',(7.57010929033847,140.356672615044,210.986951062883));
#4430=CARTESIAN_POINT('',(5.61889790267447,135.689018345524,203.461493254725));
#4431=CARTESIAN_POINT('',(9.10509336120041,144.212030119558,208.197678323514));
#4432=CARTESIAN_POINT('',(7.57010929033847,140.356672615044,210.986951062883));
#4433=CARTESIAN_POINT('',(7.15388197353645,139.544375850038,200.672220515356));
#4434=CARTESIAN_POINT('Origin',(-11.3603465283189,134.641938656673,192.67024439332));
#4435=CARTESIAN_POINT('',(-6.58719936451722,136.082858328487,197.288640132295));
#4436=CARTESIAN_POINT('',(-5.05221529365918,139.938215832999,194.499367392922));
#4437=CARTESIAN_POINT('Origin',(-3.60089338928111,121.455432905698,178.713897855725));
#4438=CARTESIAN_POINT('',(-3.6008933892811,121.455432905698,178.713897855725));
#4439=CARTESIAN_POINT('',(-25.2035633333397,130.462942549735,179.275842060395));
#4440=CARTESIAN_POINT('',(-1.10317973042442,120.413979236848,178.648925529658));
#4441=CARTESIAN_POINT('',(-2.06590931841916,125.310790410212,175.924625116355));
#4442=CARTESIAN_POINT('',(-3.6008933892811,121.455432905698,178.713897855725));
#4443=CARTESIAN_POINT('',(-9.97658306354067,128.609247047032,176.130403257558));
#4444=CARTESIAN_POINT('',(-27.1283026400249,135.76087598443,176.57656613655));
#4445=CARTESIAN_POINT('',(-11.5921019904583,129.282858334526,176.172427299071));
#4446=CARTESIAN_POINT('',(-27.1283026400249,135.76087598443,176.57656613655));
#4447=CARTESIAN_POINT('',(-23.6685792624778,134.318300054249,176.486569321026));
#4448=CARTESIAN_POINT('',(-27.1283026400249,135.76087598443,176.57656613655));
#4449=CARTESIAN_POINT('',(-25.2035633333397,130.462942549735,179.275842060395));
#4450=CARTESIAN_POINT('Origin',(-15.4581399135233,133.404895067389,188.705306615359));
#4451=CARTESIAN_POINT('',(-15.4581399135233,133.404895067389,188.705306615359));
#4452=CARTESIAN_POINT('',(-11.9528000292206,129.872293613442,185.751561531801));
#4453=CARTESIAN_POINT('',(-13.9231558426613,137.260252571903,185.91603387599));
#4454=CARTESIAN_POINT('',(-15.4581399135233,133.404895067389,188.705306615359));
#4455=CARTESIAN_POINT('',(-10.4178159583636,133.727651117961,182.962288792436));
#4456=CARTESIAN_POINT('Origin',(-25.2035633333397,130.462942549735,179.275842060395));
#4457=CARTESIAN_POINT('',(-13.5088077670296,133.993360275012,190.591438965836));
#4458=CARTESIAN_POINT('',(-17.3367042110689,136.229769155842,182.613157032173));
#4459=CARTESIAN_POINT('',(9.10509336120042,144.212030119558,208.197678323514));
#4460=CARTESIAN_POINT('',(-15.2118635745264,136.871216940201,184.669107667062));
#4461=CARTESIAN_POINT('',(9.10509336120042,144.212030119558,208.197678323514));
#4462=CARTESIAN_POINT('',(9.10509336120042,144.212030119558,208.197678323514));
#4463=CARTESIAN_POINT('Ctrl Pts',(-27.6253004065208,145.032248812996,189.11803354604));
#4464=CARTESIAN_POINT('Ctrl Pts',(-28.136961763498,143.747129644758,190.047791125877));
#4465=CARTESIAN_POINT('Ctrl Pts',(-28.6486231204555,142.462010476569,190.977548705679));
#4466=CARTESIAN_POINT('Ctrl Pts',(-29.1602844773736,141.176891308478,191.907306285409));
#4467=CARTESIAN_POINT('Ctrl Pts',(-28.197750056854,145.83301096789,189.90982534804));
#4468=CARTESIAN_POINT('Ctrl Pts',(-28.7094114138275,144.54789179966,190.839582927871));
#4469=CARTESIAN_POINT('Ctrl Pts',(-29.2210727707842,143.262772631473,191.769340507671));
#4470=CARTESIAN_POINT('Ctrl Pts',(-29.7327341277068,141.977653463372,192.699098087409));
#4471=CARTESIAN_POINT('Ctrl Pts',(-28.7157273244522,147.267524407928,191.607570869558));
#4472=CARTESIAN_POINT('Ctrl Pts',(-29.2273886814175,145.982405239719,192.537328449373));
#4473=CARTESIAN_POINT('Ctrl Pts',(-29.739050038372,144.697286071537,193.46708602917));
#4474=CARTESIAN_POINT('Ctrl Pts',(-30.2507113953051,143.41216690341,194.396843608927));
#4475=CARTESIAN_POINT('Ctrl Pts',(-28.2792864745078,148.445892642158,193.476502686043));
#4476=CARTESIAN_POINT('Ctrl Pts',(-28.790947831463,147.160773473975,194.40626026584));
#4477=CARTESIAN_POINT('Ctrl Pts',(-29.3026091884151,145.8756543058,195.336017845632));
#4478=CARTESIAN_POINT('Ctrl Pts',(-29.8142705453606,144.59053513764,196.265775425412));
#4479=CARTESIAN_POINT('Ctrl Pts',(-27.9315733297788,148.86742502602,194.250500921293));
#4480=CARTESIAN_POINT('Ctrl Pts',(-28.4432346867297,147.582305857847,195.180258501083));
#4481=CARTESIAN_POINT('Ctrl Pts',(-28.9548960436807,146.297186689675,196.110016080873));
#4482=CARTESIAN_POINT('Ctrl Pts',(-29.4665574006317,145.012067521502,197.039773660662));
#4483=CARTESIAN_POINT('',(-29.1602844773292,141.176891308345,191.907306285248));
#4484=CARTESIAN_POINT('',(-29.4665574006315,145.012067521502,197.039773660662));
#4485=CARTESIAN_POINT('Ctrl Pts',(-29.1602844773735,141.176891308479,191.907306285409));
#4486=CARTESIAN_POINT('Ctrl Pts',(-29.7327341277068,141.977653463372,192.699098087409));
#4487=CARTESIAN_POINT('Ctrl Pts',(-30.0287211377629,142.797375429108,193.669238385419));
#4488=CARTESIAN_POINT('Ctrl Pts',(-30.0130614155602,143.533458143968,194.695276249133));
#4489=CARTESIAN_POINT('Ctrl Pts',(-30.0013166239082,144.085520180113,195.464804646918));
#4490=CARTESIAN_POINT('Ctrl Pts',(-29.8142705453606,144.59053513764,196.265775425412));
#4491=CARTESIAN_POINT('Ctrl Pts',(-29.4665574006316,145.012067521502,197.039773660662));
#4492=CARTESIAN_POINT('',(-27.9315733297789,148.86742502602,194.250500921293));
#4493=CARTESIAN_POINT('Ctrl Pts',(-29.4665574006317,145.012067521502,197.039773660662));
#4494=CARTESIAN_POINT('Ctrl Pts',(-28.9548960436807,146.297186689675,196.110016080873));
#4495=CARTESIAN_POINT('Ctrl Pts',(-28.4432346867297,147.582305857847,195.180258501083));
#4496=CARTESIAN_POINT('Ctrl Pts',(-27.9315733297788,148.86742502602,194.250500921293));
#4497=CARTESIAN_POINT('',(-27.6253004065209,145.032248812996,189.11803354604));
#4498=CARTESIAN_POINT('Ctrl Pts',(-27.6253004065209,145.032248812996,189.11803354604));
#4499=CARTESIAN_POINT('Ctrl Pts',(-28.1977500568541,145.83301096789,189.90982534804));
#4500=CARTESIAN_POINT('Ctrl Pts',(-28.4937370669102,146.652732933626,190.87996564605));
#4501=CARTESIAN_POINT('Ctrl Pts',(-28.4780773447075,147.388815648486,191.906003509764));
#4502=CARTESIAN_POINT('Ctrl Pts',(-28.4663325530555,147.940877684631,192.675531907549));
#4503=CARTESIAN_POINT('Ctrl Pts',(-28.2792864745079,148.445892642158,193.476502686043));
#4504=CARTESIAN_POINT('Ctrl Pts',(-27.9315733297789,148.86742502602,194.250500921293));
#4505=CARTESIAN_POINT('Ctrl Pts',(-29.1602844773735,141.176891308479,191.907306285409));
#4506=CARTESIAN_POINT('Ctrl Pts',(-28.9044537988981,141.819450892565,191.442427495514));
#4507=CARTESIAN_POINT('Ctrl Pts',(-28.6486231204227,142.462010476651,190.977548705619));
#4508=CARTESIAN_POINT('Ctrl Pts',(-28.1369617634718,143.747129644824,190.047791125829));
#4509=CARTESIAN_POINT('Ctrl Pts',(-27.8811310849963,144.38968922891,189.582912335935));
#4510=CARTESIAN_POINT('Ctrl Pts',(-27.6253004065209,145.032248812996,189.11803354604));
#4511=CARTESIAN_POINT('Origin',(-26.9924664553238,150.005903583678,196.340922507472));
#4512=CARTESIAN_POINT('',(-28.5274505261765,146.150546079161,199.130195246841));
#4513=CARTESIAN_POINT('',(-38.0552277512675,134.600028914427,177.921670720606));
#4514=CARTESIAN_POINT('',(-26.9924664553238,150.005903583678,196.340922507472));
#4515=CARTESIAN_POINT('',(-26.9924664553238,150.005903583678,196.340922507472));
#4516=CARTESIAN_POINT('',(-29.3061007637038,147.201086451569,191.190847226031));
#4517=CARTESIAN_POINT('Origin',(-2.60828985518168,120.7393118489,169.307405723696));
#4518=CARTESIAN_POINT('',(-26.5113880174877,126.210340419692,172.678139607825));
#4519=CARTESIAN_POINT('',(-26.01672121555,128.265639161173,171.282115207742));
#4520=CARTESIAN_POINT('',(-26.2302526591229,127.378434065697,171.884733180578));
#4521=CARTESIAN_POINT('',(-34.0900260870486,129.370253869381,172.875146988493));
#4522=CARTESIAN_POINT('',(-18.1986114201032,127.195941037802,169.739438748996));
#4523=CARTESIAN_POINT('',(-34.5053257562196,129.543413083243,172.885942740878));
#4524=CARTESIAN_POINT('',(-4.14327392603434,116.883954344382,172.096678463065));
#4525=CARTESIAN_POINT('',(-32.9703416853669,133.39877058776,170.096670001509));
#4526=CARTESIAN_POINT('',(-32.9703416853669,133.39877058776,170.096670001509));
#4527=CARTESIAN_POINT('',(-8.07269705832891,123.017696653309,169.449453482161));
#4528=CARTESIAN_POINT('',(-2.60828985518168,120.7393118489,169.307405723696));
#4529=CARTESIAN_POINT('',(-9.60768112918155,119.162339148791,172.23872622153));
#4530=CARTESIAN_POINT('',(-13.4441398311973,109.526460752103,179.21008825482));
#4531=CARTESIAN_POINT('',(-4.14327392603434,116.883954344382,172.096678463065));
#4532=CARTESIAN_POINT('Origin',(-28.5274505261765,146.150546079161,199.130195246841));
#4533=CARTESIAN_POINT('',(-26.4424740572143,145.940187961986,199.986834287028));
#4534=CARTESIAN_POINT('',(-29.3895688632263,145.761784335196,198.118406983259));
#4535=CARTESIAN_POINT('',(-28.5274505261765,146.150546079161,199.130195246841));
#4536=CARTESIAN_POINT('',(-28.2432702139357,145.741373875599,198.721023043279));
#4537=CARTESIAN_POINT('',(-28.2432702139357,145.741373875599,198.721023043279));
#4538=CARTESIAN_POINT('',(-27.9902301629124,145.756691761788,198.881447790836));
#4539=CARTESIAN_POINT('',(-28.158923525868,145.746479837928,198.774497961917));
#4540=CARTESIAN_POINT('Ctrl Pts',(-26.4424740572143,145.940187961986,199.986834287028));
#4541=CARTESIAN_POINT('Ctrl Pts',(-26.7113851639608,145.923909314747,199.816347456029));
#4542=CARTESIAN_POINT('Ctrl Pts',(-26.9752123862414,145.900438346092,199.638717082417));
#4543=CARTESIAN_POINT('Ctrl Pts',(-27.4916171332048,145.839210416358,199.26990100912));
#4544=CARTESIAN_POINT('Ctrl Pts',(-27.744034895157,145.801477304446,199.078836194105));
#4545=CARTESIAN_POINT('Ctrl Pts',(-27.9902301622961,145.756691761099,198.881447790223));
#4546=CARTESIAN_POINT('Origin',(-26.9924664553239,150.005903583678,196.340922507472));
#4547=CARTESIAN_POINT('',(-26.908119790178,150.01100956915,196.394397445444));
#4548=CARTESIAN_POINT('',(-26.9924664553239,150.005903583678,196.340922507472));
#4549=CARTESIAN_POINT('',(-26.9924664553239,150.005903583678,196.340922507472));
#4550=CARTESIAN_POINT('Origin',(-8.22138422143613,147.838614427294,208.156775881356));
#4551=CARTESIAN_POINT('',(-20.9031900763176,149.473591023623,198.956187382317));
#4552=CARTESIAN_POINT('',(-22.4381741471719,145.618233519105,201.745460121685));
#4553=CARTESIAN_POINT('',(-21.2869360940323,148.509751647493,199.653505567158));
#4554=CARTESIAN_POINT('',(9.18922666882398,146.30655260318,220.101955662132));
#4555=CARTESIAN_POINT('',(-15.6732526095376,145.765461064729,205.671810338053));
#4556=CARTESIAN_POINT('',(10.7242107396766,150.161910107697,217.312682922763));
#4557=CARTESIAN_POINT('',(9.95671870425031,148.234231355438,218.707319292447));
#4558=CARTESIAN_POINT('',(-14.138268538685,149.620818569247,202.882537598684));
#4559=CARTESIAN_POINT('Origin',(6.26466904066028,129.97139776329,195.913926208901));
#4560=CARTESIAN_POINT('',(-34.1237501932189,129.387506217942,172.880434390298));
#4561=CARTESIAN_POINT('',(-34.4957431141194,129.564269696391,172.920044426833));
#4562=CARTESIAN_POINT('',(-18.9037538912125,122.155273191003,171.259799760701));
#4563=CARTESIAN_POINT('',(-21.0168857369789,158.900992392736,220.887166280533));
#4564=CARTESIAN_POINT('',(-18.1942752781854,121.238413926963,170.382946866369));
#4565=CARTESIAN_POINT('Origin',(-34.1237501932189,129.387506217942,172.880434390298));
#4566=CARTESIAN_POINT('',(-34.5108758999288,129.52626128937,172.947542736248));
#4567=CARTESIAN_POINT('',(-33.9519258753557,130.930153494383,171.931855280062));
#4568=CARTESIAN_POINT('',(-32.9245525920768,128.957685242688,172.672553161836));
#4569=CARTESIAN_POINT('Origin',(-24.6242183646449,93.1871020741645,189.035419539767));
#4570=CARTESIAN_POINT('',(1.24329410376404,112.802687148377,169.41983446557));
#4571=CARTESIAN_POINT('',(-1.80494132107231,113.506863701411,168.715657912534));
#4572=CARTESIAN_POINT('Origin',(-7.82903404053259,96.8174504078927,185.405071206048));
#4573=CARTESIAN_POINT('',(-3.10691297689202,113.807633748657,168.414887865288));
#4574=CARTESIAN_POINT('Origin',(9.34516609320632,146.241533653875,220.09790200272));
#4575=CARTESIAN_POINT('',(9.34516609320632,146.241533653875,220.09790200272));
#4576=CARTESIAN_POINT('',(9.34516609320632,146.241533653875,220.09790200272));
#4577=CARTESIAN_POINT('',(10.880150164059,150.096891158393,217.308629263351));
#4578=CARTESIAN_POINT('',(10.880150164059,150.096891158393,217.308629263351));
#4579=CARTESIAN_POINT('',(10.880150164059,150.096891158393,217.308629263351));
#4580=CARTESIAN_POINT('Origin',(-2.60828985518168,120.7393118489,169.307405723696));
#4581=CARTESIAN_POINT('',(-2.60828985518168,120.7393118489,169.307405723696));
#4582=CARTESIAN_POINT('',(-7.94897704274753,122.966111587807,169.446237369189));
#4583=CARTESIAN_POINT('',(-2.60828985518168,120.7393118489,169.307405723696));
#4584=CARTESIAN_POINT('',(-4.14327392603434,116.883954344382,172.096678463065));
#4585=CARTESIAN_POINT('',(-2.60828985518168,120.7393118489,169.307405723696));
#4586=CARTESIAN_POINT('',(-9.48396111360017,119.11075408329,172.235510108558));
#4587=CARTESIAN_POINT('',(-4.14327392603434,116.883954344382,172.096678463065));
#4588=CARTESIAN_POINT('',(-7.94897704274753,122.966111587807,169.446237369189));
#4589=CARTESIAN_POINT('Origin',(14.5167221283293,148.453108729427,217.037845816834));
#4590=CARTESIAN_POINT('',(10.8448761689415,145.448528087151,219.827118556203));
#4591=CARTESIAN_POINT('Origin',(12.9817380574767,144.59775122491,219.827118556203));
#4592=CARTESIAN_POINT('',(12.3798602397942,149.303885591669,217.037845816834));
#4593=CARTESIAN_POINT('',(12.3798602397942,149.303885591669,217.037845816834));
#4594=CARTESIAN_POINT('Origin',(14.5167221283293,148.453108729427,217.037845816834));
#4595=CARTESIAN_POINT('Origin',(1.0825840946965,119.200401806188,169.21146112223));
#4596=CARTESIAN_POINT('',(-2.58926186469134,116.195821163912,172.000733861599));
#4597=CARTESIAN_POINT('Origin',(-0.452399976156137,115.34504430167,172.000733861599));
#4598=CARTESIAN_POINT('',(-1.05427779383868,120.051178668429,169.21146112223));
#4599=CARTESIAN_POINT('',(-1.05427779383867,120.051178668429,169.21146112223));
#4600=CARTESIAN_POINT('Origin',(1.0825840946965,119.200401806188,169.21146112223));
#4601=CARTESIAN_POINT('Origin',(4.82116847304241,117.78132412,169.307405723696));
#4602=CARTESIAN_POINT('',(4.82116847304241,117.78132412,169.307405723696));
#4603=CARTESIAN_POINT('',(18.2075779256231,146.914159179443,216.94183661839));
#4604=CARTESIAN_POINT('',(4.82116847304241,117.78132412,169.307405723696));
#4605=CARTESIAN_POINT('',(16.6725938547705,143.058801674925,219.731109357759));
#4606=CARTESIAN_POINT('',(18.2075779256231,146.914159179443,216.94183661839));
#4607=CARTESIAN_POINT('',(3.28618440218975,113.925966615482,172.096678463065));
#4608=CARTESIAN_POINT('',(3.28618440218976,113.925966615482,172.096678463065));
#4609=CARTESIAN_POINT('',(4.82116847304241,117.78132412,169.307405723696));
#4610=CARTESIAN_POINT('Origin',(-24.3773465146302,104.043236303316,196.978734479898));
#4611=CARTESIAN_POINT('',(-8.03332372422535,122.961005625877,169.392762454729));
#4612=CARTESIAN_POINT('',(-14.1355125652389,131.747138750089,178.178895578942));
#4613=CARTESIAN_POINT('',(-9.56830779507799,119.10564812136,172.182035194098));
#4614=CARTESIAN_POINT('',(-13.4047664970937,109.469769724672,179.153397227389));
#4615=CARTESIAN_POINT('',(-15.6704966360916,127.891781245572,180.968168318311));
#4616=CARTESIAN_POINT('Origin',(-7.94897704274751,122.966111587807,169.446237369189));
#4617=CARTESIAN_POINT('',(-9.48396111360017,119.11075408329,172.235510108558));
#4618=CARTESIAN_POINT('',(-7.94897704274753,122.966111587807,169.446237369189));
#4619=CARTESIAN_POINT('Origin',(-29.4126332768609,116.677008255091,175.653202712923));
#4620=CARTESIAN_POINT('',(-33.7990365677034,104.511929237467,175.502356112396));
#4621=CARTESIAN_POINT('',(-34.4186115071406,101.164206299855,178.850079050008));
#4622=CARTESIAN_POINT('',(-32.7288063195104,110.294658851509,169.719626498355));
#4623=CARTESIAN_POINT('',(-33.2838586051395,106.084390301827,175.222982299796));
#4624=CARTESIAN_POINT('',(-25.2764470901949,128.078357683048,175.939738553772));
#4625=CARTESIAN_POINT('',(-21.0844135667504,134.41938243759,187.011306285694));
#4626=CARTESIAN_POINT('',(-33.5735804642962,102.753285330106,180.439158080258));
#4627=CARTESIAN_POINT('',(-25.5414079485822,127.269626208356,176.083423126049));
#4628=CARTESIAN_POINT('',(-33.3893538734813,103.099723031723,180.785595781876));
#4629=CARTESIAN_POINT('Origin',(-34.1170266303034,118.781045835896,178.820705717601));
#4630=CARTESIAN_POINT('',(-33.2891559890938,132.177444731815,177.196003472398));
#4631=CARTESIAN_POINT('',(-36.5825625796706,121.748960174692,179.022657542348));
#4632=CARTESIAN_POINT('',(-35.2367313329122,126.010499097178,178.276206092536));
#4633=CARTESIAN_POINT('',(-42.226282485854,104.522816093416,182.083168010597));
#4634=CARTESIAN_POINT('',(-40.3642241291088,110.206316705511,181.07339977474));
#4635=CARTESIAN_POINT('',(-41.5480611038407,104.279725400458,181.965598150611));
#4636=CARTESIAN_POINT('',(-41.5480611038407,104.279725400458,181.965598150611));
#4637=CARTESIAN_POINT('',(-40.9139753308263,104.158351485877,181.84422423603));
#4638=CARTESIAN_POINT('',(-20.3313764804612,125.548592138416,175.164430377035));
#4639=CARTESIAN_POINT('Origin',(-33.2664531104764,132.246739995333,177.183692018459));
#4640=CARTESIAN_POINT('',(-33.2939776272562,132.179911352629,177.196759428336));
#4641=CARTESIAN_POINT('',(-20.3313764804612,125.548592138416,175.164430377035));
#4642=CARTESIAN_POINT('',(-33.2664531104764,132.246739995333,177.183692018459));
#4643=CARTESIAN_POINT('',(-28.6644899488053,143.420158745236,174.9988856746));
#4644=CARTESIAN_POINT('',(-33.2664531104764,132.246739995333,177.183692018459));
#4645=CARTESIAN_POINT('Origin',(-33.4574573763727,132.033807150735,175.632974748409));
#4646=CARTESIAN_POINT('',(-33.4306830875792,131.948357083571,175.651894683884));
#4647=CARTESIAN_POINT('',(-33.4023605552551,132.017020740588,175.640093138143));
#4648=CARTESIAN_POINT('',(-28.4555121804428,144.009899634152,173.578820625442));
#4649=CARTESIAN_POINT('',(-33.4253853163179,131.946743005672,175.652579144435));
#4650=CARTESIAN_POINT('',(-12.7231508185673,125.639370053792,178.327262919881));
#4651=CARTESIAN_POINT('',(-33.4023605552551,132.017020740588,175.640093138143));
#4652=CARTESIAN_POINT('Origin',(1.0825840946965,119.200401806188,169.21146112223));
#4653=CARTESIAN_POINT('Origin',(1.0825840946965,119.200401806188,169.21146112223));
#4654=CARTESIAN_POINT('Origin',(-0.452399976156137,115.34504430167,172.000733861599));
#4655=CARTESIAN_POINT('Origin',(-0.452399976156137,115.34504430167,172.000733861599));
#4656=CARTESIAN_POINT('Ctrl Pts',(-14.5834589011477,149.856158615167,202.962830893102));
#4657=CARTESIAN_POINT('Ctrl Pts',(-14.5172454148551,149.860166876479,203.004809551341));
#4658=CARTESIAN_POINT('Ctrl Pts',(-14.4922491516503,149.896996877316,203.069472172326));
#4659=CARTESIAN_POINT('Ctrl Pts',(-16.1184429720004,146.000801110649,205.752103632471));
#4660=CARTESIAN_POINT('Ctrl Pts',(-16.0522294857078,146.004809371961,205.79408229071));
#4661=CARTESIAN_POINT('Ctrl Pts',(-16.027233222503,146.041639372798,205.858744911695));
#4662=CARTESIAN_POINT('',(-14.4922491516503,149.896996877316,203.069472172326));
#4663=CARTESIAN_POINT('',(-14.5834589011438,149.856158615167,202.962830893104));
#4664=CARTESIAN_POINT('Origin',(-14.6716218974652,149.983098610387,203.089770888324));
#4665=CARTESIAN_POINT('',(-16.027233222503,146.041639372798,205.858744911695));
#4666=CARTESIAN_POINT('',(-14.4922491516503,149.896996877316,203.069472172326));
#4667=CARTESIAN_POINT('',(-16.1184429720003,146.000801110649,205.75210363247));
#4668=CARTESIAN_POINT('Origin',(-16.2066059683179,146.127741105869,205.879043627693));
#4669=CARTESIAN_POINT('',(-14.5834589011477,149.856158615167,202.962830893102));
#4670=CARTESIAN_POINT('Origin',(-14.4922491516503,149.896996877316,203.069472172326));
#4671=CARTESIAN_POINT('',(-27.080244943565,149.134977244044,195.088814410867));
#4672=CARTESIAN_POINT('',(-16.027233222503,146.041639372798,205.858744911695));
#4673=CARTESIAN_POINT('Origin',(-21.1424654630191,149.459106387193,198.804489288071));
#4674=CARTESIAN_POINT('',(-27.0567061646927,149.101085332446,195.054922499269));
#4675=CARTESIAN_POINT('',(-27.8426316974125,145.291072402392,198.319090522602));
#4676=CARTESIAN_POINT('Origin',(-41.5480611038407,104.279725400458,181.965598150611));
#4677=CARTESIAN_POINT('',(-42.23647471955,104.462668186051,182.148735883681));
#4678=CARTESIAN_POINT('',(-42.2262904178394,104.5227692841,182.083219037938));
#4679=CARTESIAN_POINT('',(-45.0605569072821,105.2136525165,182.899525266653));
#4680=CARTESIAN_POINT('Origin',(-37.4605340948013,122.063646071561,179.174854141951));
#4681=CARTESIAN_POINT('',(-36.7434183410637,123.796325544813,174.040921371367));
#4682=CARTESIAN_POINT('',(-36.665519722369,122.804835199769,176.453457690857));
#4683=CARTESIAN_POINT('',(-36.7165780584922,123.786705348626,174.036268601103));
#4684=CARTESIAN_POINT('',(-35.6172555239381,123.392681975238,173.845700742465));
#4685=CARTESIAN_POINT('',(-36.5825625796706,121.748960174692,179.022657542348));
#4686=CARTESIAN_POINT('Origin',(-30.5837957976031,130.788810395019,174.375152160896));
#4687=CARTESIAN_POINT('',(-33.4263330641445,131.947059956901,175.652615420819));
#4688=CARTESIAN_POINT('',(-31.95331548787,131.454445025827,175.596233597046));
#4689=CARTESIAN_POINT('',(-33.2984396717959,132.171883167578,177.153878544036));
#4690=CARTESIAN_POINT('',(-32.7056749940935,133.173811062132,183.88633454953));
#4691=CARTESIAN_POINT('',(-33.291111289743,132.175620248733,177.188426648086));
#4692=CARTESIAN_POINT('',(-33.530073946538,132.05376213119,176.061887847115));
#4693=CARTESIAN_POINT('',(-33.4776081332255,131.860391631416,175.070247476439));
#4694=CARTESIAN_POINT('Origin',(-19.4819016661263,162.756349897253,218.097893541164));
#4695=CARTESIAN_POINT('',(-36.3244717380432,125.122908843808,173.808556949771));
#4696=CARTESIAN_POINT('',(-24.7742322913925,152.028552773022,186.577511340836));
#4697=CARTESIAN_POINT('',(-31.3908506381372,135.417000482875,198.486262167838));
#4698=CARTESIAN_POINT('',(-29.2262764260765,141.033259882971,191.672461167887));
#4699=CARTESIAN_POINT('',(-27.6912923552239,144.888617387489,188.883188428518));
#4700=CARTESIAN_POINT('',(-37.7985372043825,121.543925235821,174.508377324029));
#4701=CARTESIAN_POINT('Origin',(-35.0794526459045,118.290260270844,174.283552238421));
#4702=CARTESIAN_POINT('',(-36.1991573485411,125.519713532135,173.739052613361));
#4703=CARTESIAN_POINT('',(-43.8117248835433,102.130417737332,177.883867612531));
#4704=CARTESIAN_POINT('',(-37.7352589716453,103.575701260886,176.438584088978));
#4705=CARTESIAN_POINT('',(-37.8505289127573,120.325583761956,174.651194309257));
#4706=CARTESIAN_POINT('Origin',(-33.2891559890938,132.177444731815,177.196003472397));
#4707=CARTESIAN_POINT('',(-33.2894855441867,132.176449291629,177.19609088096));
#4708=CARTESIAN_POINT('',(-33.298234620387,132.150022201828,177.198411416072));
#4709=CARTESIAN_POINT('',(-33.530073946538,132.05376213119,176.061887847115));
#4710=CARTESIAN_POINT('Origin',(-33.4023605552551,132.017020740588,175.640093138143));
#4711=CARTESIAN_POINT('',(-33.4033083030817,132.017337691816,175.640129414527));
#4712=CARTESIAN_POINT('',(-33.4033083030461,132.017337691804,175.640129414525));
#4713=CARTESIAN_POINT('',(-33.4023605552551,132.017020740588,175.640093138143));
#4714=CARTESIAN_POINT('Origin',(-33.4253853163179,131.946743005672,175.652579144435));
#4715=CARTESIAN_POINT('',(-33.2904332920133,132.176766242858,177.196127157343));
#4716=CARTESIAN_POINT('',(-33.4263330641093,131.947059956889,175.652615420818));
#4717=CARTESIAN_POINT('',(-33.2894855441867,132.176449291629,177.19609088096));
#4718=CARTESIAN_POINT('Origin',(-33.2894855441867,132.176449291629,177.19609088096));
#4719=CARTESIAN_POINT('',(-33.2901037369203,132.177761683043,177.196039748781));
#4720=CARTESIAN_POINT('',(-33.2993471457602,132.149841432964,177.198491396737));
#4721=CARTESIAN_POINT('',(-33.2891559890938,132.177444731815,177.196003472398));
#4722=CARTESIAN_POINT('Origin',(-33.2891559890938,132.177444731815,177.196003472398));
#4723=CARTESIAN_POINT('',(-33.267400858303,132.247056946562,177.183728294843));
#4724=CARTESIAN_POINT('',(-33.2787522976114,132.212409314803,177.189884021812));
#4725=CARTESIAN_POINT('',(-33.2664531104764,132.246739995333,177.183692018459));
#4726=CARTESIAN_POINT('Origin',(-33.2664531104764,132.246739995333,177.183692018459));
#4727=CARTESIAN_POINT('',(-33.3353545806743,132.132197319183,176.411928854684));
#4728=CARTESIAN_POINT('Origin',(-33.4033083030461,132.017337691804,175.640129414525));
#4729=CARTESIAN_POINT('Origin',(-50.5720010262812,102.38856169148,180.074434441633));
#4730=CARTESIAN_POINT('',(-33.9240470810896,101.164108463231,178.850176886694));
#4731=CARTESIAN_POINT('',(-67.5720010263275,101.164108463213,178.850176886694));
#4732=CARTESIAN_POINT('',(-50.5720010262812,101.164206299855,178.850079050008));
#4733=CARTESIAN_POINT('',(-44.2321317090713,104.993287155118,182.67935557859));
#4734=CARTESIAN_POINT('Origin',(-44.6534959662929,99.9583826587638,177.518930249261));
#4735=CARTESIAN_POINT('',(-44.3736034713395,99.0944430443811,180.919842305482));
#4736=CARTESIAN_POINT('',(-44.3225134920441,100.539876594369,178.225945017841));
#4737=CARTESIAN_POINT('Origin',(-50.5720010262812,97.5614972497098,182.452788100154));
#4738=CARTESIAN_POINT('Origin',(-43.981354589197,101.181425165972,178.867493589444));
#4739=CARTESIAN_POINT('Origin',(14.5167221283293,148.453108729427,217.037845816834));
#4740=CARTESIAN_POINT('Origin',(12.9817380574767,144.59775122491,219.827118556203));
#4741=CARTESIAN_POINT('Origin',(14.5167221283293,148.453108729427,217.037845816834));
#4742=CARTESIAN_POINT('Origin',(6.26466904066028,129.97139776329,195.913926208901));
#4743=CARTESIAN_POINT('Origin',(7.79965311151292,133.826755267808,193.124653469532));
#4744=CARTESIAN_POINT('',(-17.6073515054589,136.619456073146,183.002843949469));
#4745=CARTESIAN_POINT('',(-10.9398321656448,128.343698688204,175.233267652749));
#4746=CARTESIAN_POINT('',(-15.0261490983729,134.227312829635,181.11688179418));
#4747=CARTESIAN_POINT('',(-9.83845854731682,128.410370804608,175.931527015135));
#4748=CARTESIAN_POINT('',(0.154449205391926,129.01529568915,182.26692608378));
#4749=CARTESIAN_POINT('',(-13.958994712823,134.343254928079,181.864411138605));
#4750=CARTESIAN_POINT('',(-13.6043306144558,134.556637867565,182.354528594416));
#4751=CARTESIAN_POINT('',(-23.8410111760397,149.295748784554,197.093639511405));
#4752=CARTESIAN_POINT('',(-13.6043306144558,134.556637867565,182.354528594416));
#4753=CARTESIAN_POINT('',(-14.9630189677941,149.833181786482,202.722193778036));
#4754=CARTESIAN_POINT('',(-17.6073515054589,136.619456073146,183.002843949469));
#4755=CARTESIAN_POINT('Origin',(-13.5400888912416,152.840862952243,201.03212028516));
#4756=CARTESIAN_POINT('',(-9.96406707781375,161.522750010351,194.56263901249));
#4757=CARTESIAN_POINT('',(-13.4517764343577,152.714300429942,200.904908501477));
#4758=CARTESIAN_POINT('Ctrl Pts',(-14.4922491516503,149.896996877316,203.069472172326));
#4759=CARTESIAN_POINT('Ctrl Pts',(-9.89785359162983,161.526758271396,194.604617670925));
#4760=CARTESIAN_POINT('Ctrl Pts',(-9.96406707781023,161.522750010354,194.56263901249));
#4761=CARTESIAN_POINT('Origin',(-10.1702966853445,148.688473778534,174.518719218641));
#4762=CARTESIAN_POINT('',(-13.4414793017387,133.598119139252,181.119275349779));
#4763=CARTESIAN_POINT('',(-8.34573361250624,146.658102103408,171.834678649061));
#4764=CARTESIAN_POINT('',(-8.48453205011685,146.302372963613,172.087573435123));
#4765=CARTESIAN_POINT('',(-13.958994712823,134.343254928079,181.864411138605));
#4766=CARTESIAN_POINT('',(-4.72062232226863,141.526970020637,166.606680716329));
#4767=CARTESIAN_POINT('',(-4.85942075987927,141.171240880842,166.859575502391));
#4768=CARTESIAN_POINT('',(-10.0314982477339,149.044202918329,174.265824432579));
#4769=CARTESIAN_POINT('Origin',(-21.5195624402737,160.823233225954,187.236575731538));
#4770=CARTESIAN_POINT('',(-21.68825580323,160.813021302094,187.129625902619));
#4771=CARTESIAN_POINT('',(-21.5195624402743,160.823233225954,187.236575731538));
#4772=CARTESIAN_POINT('',(-21.5893182397973,161.060905890872,186.949901549256));
#4773=CARTESIAN_POINT('',(-29.3847814242204,141.52964679414,201.110696816224));
#4774=CARTESIAN_POINT('',(-21.4206248768411,161.071117814732,187.056851378176));
#4775=CARTESIAN_POINT('Origin',(-21.4206248768411,161.071117814732,187.056851378176));
#4776=CARTESIAN_POINT('',(-21.3485114978993,160.713459178938,186.603249290713));
#4777=CARTESIAN_POINT('',(-15.2795113152462,151.956834918473,177.866647467061));
#4778=CARTESIAN_POINT('',(-12.6933688768036,148.225433215403,174.143777791014));
#4779=CARTESIAN_POINT('',(-15.2795113152462,151.956834918473,177.866647467061));
#4780=CARTESIAN_POINT('',(-10.25321938165,148.373148694035,175.690807066328));
#4781=CARTESIAN_POINT('',(-12.5246755138474,148.235645139262,174.250727619934));
#4782=CARTESIAN_POINT('',(-10.2557961814593,148.436525996415,175.776801612725));
#4783=CARTESIAN_POINT('Origin',(-9.30461697684525,148.171192565368,175.934461294999));
#4784=CARTESIAN_POINT('',(-9.64379670269011,161.703627926422,194.412338649189));
#4785=CARTESIAN_POINT('',(-9.88670363142878,156.437821181681,187.015761978851));
#4786=CARTESIAN_POINT('',(-19.0956858290935,161.131453832557,188.419939734857));
#4787=CARTESIAN_POINT('Origin',(-12.3435543283549,146.944481298403,170.872800991146));
#4788=CARTESIAN_POINT('',(-15.9430638845,135.663269730162,181.644030705035));
#4789=CARTESIAN_POINT('',(-11.1579823030514,147.92218805198,172.927824603262));
#4790=CARTESIAN_POINT('Ctrl Pts',(-15.9430638844999,135.663269730162,181.644030705035));
#4791=CARTESIAN_POINT('Ctrl Pts',(-15.1453541072837,137.709674502354,180.189641187735));
#4792=CARTESIAN_POINT('Ctrl Pts',(-14.3481174211799,139.753485671537,178.736782274902));
#4793=CARTESIAN_POINT('Ctrl Pts',(-13.5495376065948,141.799362290188,177.282143203665));
#4794=CARTESIAN_POINT('Ctrl Pts',(-13.4050750371829,142.16946004076,177.018999941139));
#4795=CARTESIAN_POINT('Ctrl Pts',(-13.2606039298984,142.539534658097,176.755862924425));
#4796=CARTESIAN_POINT('Ctrl Pts',(-13.1161035126276,142.909639490375,176.492694228313));
#4797=CARTESIAN_POINT('Ctrl Pts',(-12.4633492274502,144.58152058108,175.303877632788));
#4798=CARTESIAN_POINT('Ctrl Pts',(-11.8112565810221,146.250791301192,174.116709710562));
#4799=CARTESIAN_POINT('Ctrl Pts',(-11.1579823030514,147.92218805198,172.927824603262));
#4800=CARTESIAN_POINT('',(-10.1798393628328,147.073909013363,172.24609855976));
#4801=CARTESIAN_POINT('Ctrl Pts',(-10.1798394115695,147.07390888,172.246098656856));
#4802=CARTESIAN_POINT('Ctrl Pts',(-10.188278466021,147.085853752373,172.258269151765));
#4803=CARTESIAN_POINT('Ctrl Pts',(-10.1968968901365,147.097784556565,172.270328166986));
#4804=CARTESIAN_POINT('Ctrl Pts',(-10.2056930887131,147.109699046782,172.282273474601));
#4805=CARTESIAN_POINT('Ctrl Pts',(-10.2183631039892,147.126860639002,172.299479456099));
#4806=CARTESIAN_POINT('Ctrl Pts',(-10.2314005871638,147.143986543685,172.316447663416));
#4807=CARTESIAN_POINT('Ctrl Pts',(-10.2448005976288,147.161069899285,172.333171717278));
#4808=CARTESIAN_POINT('Ctrl Pts',(-10.278939679263,147.20459300495,172.375779433261));
#4809=CARTESIAN_POINT('Ctrl Pts',(-10.3154119636737,147.247815489974,172.416777468872));
#4810=CARTESIAN_POINT('Ctrl Pts',(-10.354129930594,147.290619040073,172.456070219681));
#4811=CARTESIAN_POINT('Ctrl Pts',(-10.4126594680976,147.355324710077,172.515468651857));
#4812=CARTESIAN_POINT('Ctrl Pts',(-10.4762038618962,147.418946375142,172.570850912392));
#4813=CARTESIAN_POINT('Ctrl Pts',(-10.5444148498758,147.481053327249,172.621960404865));
#4814=CARTESIAN_POINT('Ctrl Pts',(-10.573913475315,147.507912192244,172.64406329209));
#4815=CARTESIAN_POINT('Ctrl Pts',(-10.6042850429782,147.53448725059,172.665367458353));
#4816=CARTESIAN_POINT('Ctrl Pts',(-10.6355021678771,147.560741350801,172.685853880227));
#4817=CARTESIAN_POINT('Ctrl Pts',(-10.7144411140819,147.627130264287,172.737658028093));
#4818=CARTESIAN_POINT('Ctrl Pts',(-10.7984795848505,147.691213192011,172.78403118139));
#4819=CARTESIAN_POINT('Ctrl Pts',(-10.8870727056993,147.752408971664,172.824814188138));
#4820=CARTESIAN_POINT('Ctrl Pts',(-10.9732319493416,147.8119235484,172.864476782494));
#4821=CARTESIAN_POINT('Ctrl Pts',(-11.0636994150623,147.868706745715,172.898852565914));
#4822=CARTESIAN_POINT('Ctrl Pts',(-11.1579823030514,147.92218805198,172.927824603262));
#4823=CARTESIAN_POINT('',(-15.1325502310271,134.380512696179,181.270081660724));
#4824=CARTESIAN_POINT('',(-10.1792184816343,147.075500281525,172.244967296177));
#4825=CARTESIAN_POINT('',(-16.1001521102733,135.247857998156,181.936446308533));
#4826=CARTESIAN_POINT('Origin',(-17.2968860777477,134.249493713057,179.897915355693));
#4827=CARTESIAN_POINT('',(-15.9344626519174,135.658027572618,181.641546425121));
#4828=CARTESIAN_POINT('Ctrl Pts',(-16.1001521102733,135.247857998156,181.936446308533));
#4829=CARTESIAN_POINT('Ctrl Pts',(-16.017362140156,135.452800052319,181.789101000689));
#4830=CARTESIAN_POINT('Ctrl Pts',(-15.9344626519174,135.658027572618,181.641546425121));
#4831=CARTESIAN_POINT('Origin',(-17.1365237458167,134.660489365281,179.605730527649));
#4832=CARTESIAN_POINT('Origin',(-16.5474770138047,135.100336903381,183.433132968656));
#4833=CARTESIAN_POINT('',(-15.0261490983729,134.227312829635,181.11688179418));
#4834=CARTESIAN_POINT('',(-5.96140108410118,141.103013826433,166.162421575771));
#4835=CARTESIAN_POINT('Ctrl Pts',(-5.96140108410118,141.103013826433,166.162421575771));
#4836=CARTESIAN_POINT('Ctrl Pts',(-7.36754714986009,143.093312291664,168.190313854296));
#4837=CARTESIAN_POINT('Ctrl Pts',(-8.77369324277231,145.083610687303,170.218206182296));
#4838=CARTESIAN_POINT('Ctrl Pts',(-10.1798393628328,147.073909013363,172.24609855976));
#4839=CARTESIAN_POINT('',(-11.2366010883394,127.583104005689,175.773989252406));
#4840=CARTESIAN_POINT('Origin',(-8.04801092410935,134.377172443265,171.316782377398));
#4841=CARTESIAN_POINT('',(-5.76717135325985,141.116289815898,166.284071114061));
#4842=CARTESIAN_POINT('Ctrl Pts',(-5.76717135325982,141.116289815898,166.284071114061));
#4843=CARTESIAN_POINT('Ctrl Pts',(-5.83172632825225,141.112381953266,166.243143934649));
#4844=CARTESIAN_POINT('Ctrl Pts',(-5.89647213191425,141.107956198201,166.202592730764));
#4845=CARTESIAN_POINT('Ctrl Pts',(-5.96140113213287,141.103013695025,166.162421671437));
#4846=CARTESIAN_POINT('',(-5.62837291564922,141.472018955694,166.031176327999));
#4847=CARTESIAN_POINT('',(-5.76717135325985,141.116289815898,166.284071114061));
#4848=CARTESIAN_POINT('',(-5.82199594059674,141.460297904233,165.908421353943));
#4849=CARTESIAN_POINT('Origin',(-19.0956858290934,161.131453832557,188.419939734857));
#4850=CARTESIAN_POINT('',(-9.43765753294216,162.221379354697,194.037756021517));
#4851=CARTESIAN_POINT('',(-20.1517947624535,161.572794505877,187.245105036698));
#4852=CARTESIAN_POINT('',(-10.8610066211214,158.646410928079,196.624172965935));
#4853=CARTESIAN_POINT('Origin',(-11.1649288901475,151.993350067794,187.260999695417));
#4854=CARTESIAN_POINT('',(-9.98810721181827,149.108869571557,175.290374711086));
#4855=CARTESIAN_POINT('',(-9.64988528284795,157.165806513642,186.80963925658));
#4856=CARTESIAN_POINT('',(-11.4696687242205,145.387691349771,177.982571468506));
#4857=CARTESIAN_POINT('Origin',(-10.5183258190293,145.122769078853,178.13993368479));
#4858=CARTESIAN_POINT('',(-9.98523483790943,149.046234650706,175.203843066752));
#4859=CARTESIAN_POINT('Origin',(-9.03542572496222,148.847309362151,175.445304544247));
#4860=CARTESIAN_POINT('',(-11.4670597162893,145.32439494323,177.896518395616));
#4861=CARTESIAN_POINT('Origin',(-12.4004202501749,140.479580499763,181.701354809436));
#4862=CARTESIAN_POINT('',(-9.87495106619148,148.890141383046,175.044795334389));
#4863=CARTESIAN_POINT('',(-9.95874788250861,149.047838049804,175.220635519549));
#4864=CARTESIAN_POINT('Origin',(-9.03148425032853,148.94120100507,175.579544477013));
#4865=CARTESIAN_POINT('',(-14.6261861321851,137.324821880153,183.701999280724));
#4866=CARTESIAN_POINT('',(-13.3270013668391,140.587931791156,181.34120562938));
#4867=CARTESIAN_POINT('',(-14.9543868363694,136.500493424964,184.298384151815));
#4868=CARTESIAN_POINT('',(-13.3270013668391,140.587931791156,181.34120562938));
#4869=CARTESIAN_POINT('',(-14.8712725344834,136.341082514272,184.123784187276));
#4870=CARTESIAN_POINT('Origin',(-14.0278057197052,136.392142133571,184.658533331871));
#4871=CARTESIAN_POINT('',(-13.243887064953,140.428520880464,181.166605664841));
#4872=CARTESIAN_POINT('Origin',(-17.1724590005926,148.742736180007,186.569324712485));
#4873=CARTESIAN_POINT('',(-9.78960835870225,148.76934915881,174.921716808071));
#4874=CARTESIAN_POINT('',(-16.900038490609,158.833298337071,185.176151989125));
#4875=CARTESIAN_POINT('',(-14.7224682742291,136.126829223509,183.909530896513));
#4876=CARTESIAN_POINT('',(-15.8765970446545,137.788581962344,185.571283635348));
#4877=CARTESIAN_POINT('',(-9.77617124099103,148.803787401827,174.897233989191));
#4878=CARTESIAN_POINT('Origin',(-10.6196380557691,148.752727782528,174.362484844596));
#4879=CARTESIAN_POINT('',(-9.70130737379023,148.598352190013,174.729639225901));
#4880=CARTESIAN_POINT('Origin',(-10.6330751745512,148.718289536767,174.386967665427));
#4881=CARTESIAN_POINT('',(-14.6348972479445,135.953961429945,183.718783320171));
#4882=CARTESIAN_POINT('Origin',(-15.5659350890072,136.07576960421,183.374781751918));
#4883=CARTESIAN_POINT('',(-9.6878721439939,148.632785594457,174.705159846856));
#4884=CARTESIAN_POINT('Origin',(3.01023370167901,146.998213455421,179.375134777664));
#4885=CARTESIAN_POINT('',(-14.2516286507214,135.759899127906,182.708446268477));
#4886=CARTESIAN_POINT('',(-14.4139903341249,135.349931002671,183.005455927763));
#4887=CARTESIAN_POINT('',(-14.230656632227,135.812850301598,182.670085770909));
#4888=CARTESIAN_POINT('Origin',(-1.94671354994278,134.29395963106,188.40683669232));
#4889=CARTESIAN_POINT('',(-9.42193899160794,148.629248988139,174.016687873534));
#4890=CARTESIAN_POINT('Origin',(3.14903213928964,147.353942595216,179.122239991603));
#4891=CARTESIAN_POINT('',(-9.56073742921857,148.273519848344,174.269582659596));
#4892=CARTESIAN_POINT('',(-9.56073742921857,148.273519848344,174.269582659596));
#4893=CARTESIAN_POINT('',(-9.46512514347285,148.036832700937,173.989127374445));
#4894=CARTESIAN_POINT('Origin',(3.01023370167901,146.998213455421,179.375134777664));
#4895=CARTESIAN_POINT('',(-14.2539531795399,135.765521250184,182.714909915493));
#4896=CARTESIAN_POINT('Ctrl Pts',(-9.46512514347284,148.036832700937,173.989127374445));
#4897=CARTESIAN_POINT('Ctrl Pts',(-10.1193268397516,146.361397145177,175.181339127122));
#4898=CARTESIAN_POINT('Ctrl Pts',(-10.7726183296094,144.687909224164,176.371818498361));
#4899=CARTESIAN_POINT('Ctrl Pts',(-11.4267393796274,143.011906351844,177.563734109601));
#4900=CARTESIAN_POINT('Ctrl Pts',(-11.5711872360744,142.641798980588,177.826941745412));
#4901=CARTESIAN_POINT('Ctrl Pts',(-11.7156138093518,142.271727114491,178.090106941061));
#4902=CARTESIAN_POINT('Ctrl Pts',(-11.8600386135699,141.901640727447,178.353265235433));
#4903=CARTESIAN_POINT('Ctrl Pts',(-12.6583921582395,139.855871785403,179.807955503206));
#4904=CARTESIAN_POINT('Ctrl Pts',(-13.4558339884395,137.811856935273,181.260872049198));
#4905=CARTESIAN_POINT('Ctrl Pts',(-14.2539531795399,135.765521250184,182.714909915493));
#4906=CARTESIAN_POINT('Origin',(-1.78708139524331,134.703083898253,188.115982268406));
#4907=CARTESIAN_POINT('Origin',(3.01023370167901,146.998213455421,179.375134777664));
#4908=CARTESIAN_POINT('',(-14.5407361172334,135.676089437422,183.386524654329));
#4909=CARTESIAN_POINT('',(-9.60598444777966,148.323457784628,174.395263735268));
#4910=CARTESIAN_POINT('',(-9.59255222271416,148.35788348819,174.37078983093));
#4911=CARTESIAN_POINT('Origin',(2.99682421498066,146.963846028449,179.399567252036));
#4912=CARTESIAN_POINT('Origin',(-1.94671354994278,134.29395963106,188.40683669232));
#4913=CARTESIAN_POINT('Origin',(-17.8816675685686,148.912511883387,187.333288668981));
#4914=CARTESIAN_POINT('',(-9.6192005703333,148.356270990118,174.353895982809));
#4915=CARTESIAN_POINT('',(-17.2706215347203,159.18641038071,185.388488438886));
#4916=CARTESIAN_POINT('',(-9.63263234366554,148.321844635264,174.378369237102));
#4917=CARTESIAN_POINT('',(-11.0257424241829,144.751211121457,176.916691618008));
#4918=CARTESIAN_POINT('',(-14.5673840131191,135.674476288058,183.369630156163));
#4919=CARTESIAN_POINT('',(-9.63263234366553,148.321844635264,174.378369237102));
#4920=CARTESIAN_POINT('',(-14.5092775839947,135.59081273143,183.285966599534));
#4921=CARTESIAN_POINT('',(-14.5673840131191,135.674476288058,183.369630156163));
#4922=CARTESIAN_POINT('',(-14.3448846575782,135.354114364039,183.049268232144));
#4923=CARTESIAN_POINT('',(-16.2287846736524,138.066624784404,185.761782066228));
#4924=CARTESIAN_POINT('',(-14.1817249257579,135.764130799703,182.752764527533));
#4925=CARTESIAN_POINT('',(-13.2735329407278,138.046377287635,181.102361141923));
#4926=CARTESIAN_POINT('',(-14.1855532124102,135.76966189093,182.758274807196));
#4927=CARTESIAN_POINT('',(-17.0203134991736,139.865318657346,186.838524072841));
#4928=CARTESIAN_POINT('',(-9.39645633933896,148.040989615922,174.032662706107));
#4929=CARTESIAN_POINT('Ctrl Pts',(-9.39644910112363,148.040990054092,174.032667295063));
#4930=CARTESIAN_POINT('Ctrl Pts',(-10.0504773039419,146.366398696046,175.224170056067));
#4931=CARTESIAN_POINT('Ctrl Pts',(-10.7041952351749,144.692094050855,176.415156045351));
#4932=CARTESIAN_POINT('Ctrl Pts',(-11.3583927581597,143.016043763272,177.607065180691));
#4933=CARTESIAN_POINT('Ctrl Pts',(-12.3015484972341,140.59968418964,179.32543906924));
#4934=CARTESIAN_POINT('Ctrl Pts',(-13.2430693947809,138.186438659232,181.040936961721));
#4935=CARTESIAN_POINT('Ctrl Pts',(-14.1855459741949,135.7696623291,182.758279396152));
#4936=CARTESIAN_POINT('',(-12.2391347446936,152.064641638457,178.132276492788));
#4937=CARTESIAN_POINT('Origin',(-4.96198578631619,136.2559459136,189.459356092451));
#4938=CARTESIAN_POINT('',(-4.9619857863162,136.2559459136,189.459356092451));
#4939=CARTESIAN_POINT('',(-12.0044605675652,148.178264323794,172.87465398132));
#4940=CARTESIAN_POINT('Ctrl Pts',(-22.0378751878116,162.433411570803,187.339361326406));
#4941=CARTESIAN_POINT('Ctrl Pts',(-10.0606487371089,163.158461507815,194.932802518476));
#4942=CARTESIAN_POINT('Ctrl Pts',(-22.6599410184706,160.872446394388,188.469600015937));
#4943=CARTESIAN_POINT('Ctrl Pts',(-10.682714567768,161.5974963314,196.063041208008));
#4944=CARTESIAN_POINT('Ctrl Pts',(-23.2821139345308,159.311475073401,189.600008199376));
#4945=CARTESIAN_POINT('Ctrl Pts',(-11.3048874838281,160.036525010413,197.193449391446));
#4946=CARTESIAN_POINT('Ctrl Pts',(-24.9330042574718,155.170193517151,192.599402360401));
#4947=CARTESIAN_POINT('Ctrl Pts',(-12.9557778067691,155.895243454162,200.192843552471));
#4948=CARTESIAN_POINT('Ctrl Pts',(-25.9631985286582,152.586598827892,194.471031425904));
#4949=CARTESIAN_POINT('Ctrl Pts',(-13.9859720779555,153.311648764904,202.064472617974));
#4950=CARTESIAN_POINT('Ctrl Pts',(-26.9924664553238,150.005903583678,196.340922507472));
#4951=CARTESIAN_POINT('Ctrl Pts',(-15.0152400046212,150.73095352069,203.934363699542));
#4952=CARTESIAN_POINT('',(-21.9535285226658,162.438517556275,187.392836264378));
#4953=CARTESIAN_POINT('Ctrl Pts',(-21.9535285226658,162.438517556275,187.392836264378));
#4954=CARTESIAN_POINT('Ctrl Pts',(-22.5755943533249,160.87755237986,188.52307495391));
#4955=CARTESIAN_POINT('Ctrl Pts',(-23.197767269385,159.316581058873,189.653483137348));
#4956=CARTESIAN_POINT('Ctrl Pts',(-23.8196746823062,157.756517580981,190.78338585535));
#4957=CARTESIAN_POINT('Ctrl Pts',(-24.848657592326,155.175299502623,192.652877298373));
#4958=CARTESIAN_POINT('Ctrl Pts',(-25.8788518635124,152.591704813364,194.524506363876));
#4959=CARTESIAN_POINT('Ctrl Pts',(-26.908119790178,150.01100956915,196.394397445444));
#4960=CARTESIAN_POINT('',(-22.0378751878116,162.433411570803,187.339361326406));
#4961=CARTESIAN_POINT('',(-21.9650847308403,156.008319383738,193.821915097934));
#4962=CARTESIAN_POINT('',(-21.4048910594523,157.413462315596,192.804146597831));
#4963=CARTESIAN_POINT('Ctrl Pts',(-21.9650847308403,156.008319383738,193.821915097934));
#4964=CARTESIAN_POINT('Ctrl Pts',(-21.7783493309203,156.476689580889,193.482653373501));
#4965=CARTESIAN_POINT('Ctrl Pts',(-21.5916142346897,156.945080095704,193.143390188083));
#4966=CARTESIAN_POINT('Ctrl Pts',(-21.4048910594523,157.413462315596,192.804146597831));
#4967=CARTESIAN_POINT('',(-13.8136911969375,157.873001006545,197.616891016443));
#4968=CARTESIAN_POINT('Ctrl Pts',(-21.4048910594523,157.413462315596,192.804146597831));
#4969=CARTESIAN_POINT('Ctrl Pts',(-18.8744911052807,157.566641879246,194.408394737368));
#4970=CARTESIAN_POINT('Ctrl Pts',(-16.344091151109,157.719821442895,196.012642876906));
#4971=CARTESIAN_POINT('Ctrl Pts',(-13.8136911969375,157.873001006545,197.616891016443));
#4972=CARTESIAN_POINT('',(-14.372203932153,156.472074203569,198.631605584004));
#4973=CARTESIAN_POINT('Ctrl Pts',(-13.8136911969375,157.873001006545,197.616891016443));
#4974=CARTESIAN_POINT('Ctrl Pts',(-13.9998540967882,157.406024198862,197.955116683594));
#4975=CARTESIAN_POINT('Ctrl Pts',(-14.1860288462004,156.939039145944,198.293361828494));
#4976=CARTESIAN_POINT('Ctrl Pts',(-14.372203932153,156.472074203569,198.631605584004));
#4977=CARTESIAN_POINT('Ctrl Pts',(-14.372203932153,156.472074203569,198.631605584004));
#4978=CARTESIAN_POINT('Ctrl Pts',(-16.9031642532119,156.317489125687,197.028375521838));
#4979=CARTESIAN_POINT('Ctrl Pts',(-19.4341245194125,156.162904185814,195.425145359763));
#4980=CARTESIAN_POINT('Ctrl Pts',(-21.9650847308403,156.008319383738,193.821915097934));
#4981=CARTESIAN_POINT('Ctrl Pts',(-10.6050467813326,147.967826728697,173.266428516486));
#4982=CARTESIAN_POINT('Ctrl Pts',(-8.99241210131735,145.683967626464,170.938962343719));
#4983=CARTESIAN_POINT('Ctrl Pts',(-7.37977745007248,143.400108522495,168.61149615272));
#4984=CARTESIAN_POINT('Ctrl Pts',(-5.76714282742699,141.116249416801,166.284029943599));
#4985=CARTESIAN_POINT('Ctrl Pts',(-10.7878376293608,147.956801168324,173.150596957918));
#4986=CARTESIAN_POINT('Ctrl Pts',(-9.17511371136455,145.672947449279,170.82318733538));
#4987=CARTESIAN_POINT('Ctrl Pts',(-7.5623898229342,143.389093729482,168.495777693086));
#4988=CARTESIAN_POINT('Ctrl Pts',(-5.94966596469317,141.105240006827,166.168368032669));
#4989=CARTESIAN_POINT('Ctrl Pts',(-10.9722503501406,147.941618834258,173.037720543133));
#4990=CARTESIAN_POINT('Ctrl Pts',(-9.35943561013596,145.657774558262,170.710364584556));
#4991=CARTESIAN_POINT('Ctrl Pts',(-7.74662090206945,143.373930278409,168.383008607617));
#4992=CARTESIAN_POINT('Ctrl Pts',(-6.13380622656987,141.090085992591,166.055652613946));
#4993=CARTESIAN_POINT('Ctrl Pts',(-11.1580601181248,147.922298235941,172.927936884664));
#4994=CARTESIAN_POINT('Ctrl Pts',(-9.54515330226061,145.638467433274,170.600631504033));
#4995=CARTESIAN_POINT('Ctrl Pts',(-7.93224652175908,143.354636619611,168.273326109663));
#4996=CARTESIAN_POINT('Ctrl Pts',(-6.31933977653392,141.070805794954,165.946020701611));
#4997=CARTESIAN_POINT('',(-10.605046818998,147.96782673011,173.266428488998));
#4998=CARTESIAN_POINT('Ctrl Pts',(-11.1579823030514,147.92218805198,172.927824603262));
#4999=CARTESIAN_POINT('Ctrl Pts',(-11.1265881331965,147.925458830665,172.946382061875));
#5000=CARTESIAN_POINT('Ctrl Pts',(-11.0952334863903,147.928611526942,172.965028111341));
#5001=CARTESIAN_POINT('Ctrl Pts',(-11.0639191785711,147.931646066681,172.98376225878));
#5002=CARTESIAN_POINT('Ctrl Pts',(-10.9099215805022,147.946569335423,173.075893105931));
#5003=CARTESIAN_POINT('Ctrl Pts',(-10.7569318584183,147.958632257345,173.170134904154));
#5004=CARTESIAN_POINT('Ctrl Pts',(-10.6050468204721,147.967826726336,173.266428491684));
#5005=CARTESIAN_POINT('Ctrl Pts',(-10.6050467813326,147.967826728697,173.266428516486));
#5006=CARTESIAN_POINT('Ctrl Pts',(-8.99242160992863,145.683981092829,170.938976067206));
#5007=CARTESIAN_POINT('Ctrl Pts',(-7.3797964672947,143.400135455226,168.611523599695));
#5008=CARTESIAN_POINT('Ctrl Pts',(-5.76717135325981,141.116289815898,166.284071114061));
#5009=CARTESIAN_POINT('Origin',(-16.7167128814779,135.210534052569,181.545552976362));
#5010=CARTESIAN_POINT('',(-16.5535531496576,135.620550488233,181.249049271751));
#5011=CARTESIAN_POINT('',(-5.41426043065947,135.894736062504,188.711194236567));
#5012=CARTESIAN_POINT('Origin',(-11.7682845632387,147.897409304452,172.528947450325));
#5013=CARTESIAN_POINT('',(-11.7682845632387,147.897409304452,172.528947450325));
#5014=CARTESIAN_POINT('Origin',(-16.5535531496576,135.620550488233,181.249049271751));
#5015=CARTESIAN_POINT('',(-16.5573814363099,135.62608157946,181.254559551415));
#5016=CARTESIAN_POINT('Ctrl Pts',(-16.5573814363099,135.62608157946,181.254559551415));
#5017=CARTESIAN_POINT('Ctrl Pts',(-4.58015498560727,136.351131516471,188.848000743485));
#5018=CARTESIAN_POINT('Ctrl Pts',(-15.614904856896,138.042857909592,179.537217116983));
#5019=CARTESIAN_POINT('Ctrl Pts',(-3.6376784061933,138.767907846603,187.130658309054));
#5020=CARTESIAN_POINT('Ctrl Pts',(-14.6733839593491,140.456103439999,177.821719224503));
#5021=CARTESIAN_POINT('Ctrl Pts',(-2.69615750864648,141.18115337701,185.415160416573));
#5022=CARTESIAN_POINT('Ctrl Pts',(-13.07603069729,144.548513301214,174.911436200614));
#5023=CARTESIAN_POINT('Ctrl Pts',(-1.09880424658733,145.273563238225,182.504877392684));
#5024=CARTESIAN_POINT('Ctrl Pts',(-12.4223127660569,146.222817946405,173.720450211329));
#5025=CARTESIAN_POINT('Ctrl Pts',(-0.445086315354288,146.947867883417,181.313891403399));
#5026=CARTESIAN_POINT('Ctrl Pts',(-11.7682845632387,147.897409304452,172.528947450325));
#5027=CARTESIAN_POINT('Ctrl Pts',(0.208941887463965,148.622459241463,180.122388642395));
#5028=CARTESIAN_POINT('Origin',(-21.8959168300594,162.789635756763,187.081435088358));
#5029=CARTESIAN_POINT('',(-21.8115701485816,162.794741718693,187.134910002818));
#5030=CARTESIAN_POINT('',(-23.2139278953554,159.275680404823,189.682878833808));
#5031=CARTESIAN_POINT('',(-21.8959168300594,162.789635756763,187.081435088358));
#5032=CARTESIAN_POINT('Origin',(-21.6317674209472,162.415554916097,186.700507250555));
#5033=CARTESIAN_POINT('',(-21.5474207395591,162.420660877797,186.753982165178));
#5034=CARTESIAN_POINT('',(-18.472947437551,158.066694695996,182.320306353921));
#5035=CARTESIAN_POINT('',(-21.6317674225474,162.415554915776,186.70050724976));
#5036=CARTESIAN_POINT('Origin',(-9.65144633724692,155.373647421688,183.801942938889));
#5037=CARTESIAN_POINT('',(-9.42406511283532,162.25618746994,194.013019490951));
#5038=CARTESIAN_POINT('',(-9.40105312912838,162.313942563607,193.972293773957));
#5039=CARTESIAN_POINT('',(-9.97466678560304,149.143318104213,175.265885690877));
#5040=CARTESIAN_POINT('',(-9.49227346845081,160.632018874012,191.69098146143));
#5041=CARTESIAN_POINT('',(-9.97495570381637,149.131999164256,175.249805572207));
#5042=CARTESIAN_POINT('Origin',(-9.02198871731635,148.881749132831,175.420821752815));
#5043=CARTESIAN_POINT('',(-9.83548499842811,149.460317757039,174.959357458628));
#5044=CARTESIAN_POINT('Ctrl Pts',(-9.97495570381637,149.131999164256,175.249805572207));
#5045=CARTESIAN_POINT('Ctrl Pts',(-9.94328968094713,149.200033509965,175.172903803075));
#5046=CARTESIAN_POINT('Ctrl Pts',(-9.83548499842811,149.460317757039,174.959357458628));
#5047=CARTESIAN_POINT('',(-9.83310720333567,149.43614593058,174.926660136856));
#5048=CARTESIAN_POINT('',(-9.50602073536603,157.308634394115,186.180350775213));
#5049=CARTESIAN_POINT('',(-9.84795065635198,149.163367703741,174.534798318433));
#5050=CARTESIAN_POINT('',(-9.50602073536603,157.308634394115,186.180350775213));
#5051=CARTESIAN_POINT('Ctrl Pts',(-9.84795065635199,149.163367703741,174.534798318433));
#5052=CARTESIAN_POINT('Ctrl Pts',(-9.77524170407312,150.892663247076,177.00653369253));
#5053=CARTESIAN_POINT('Ctrl Pts',(-9.70252147286249,152.621802219361,179.477937288829));
#5054=CARTESIAN_POINT('Ctrl Pts',(-9.57184575544878,155.728250287996,183.917693392232));
#5055=CARTESIAN_POINT('Ctrl Pts',(-9.51391244801178,157.105185796144,185.885551039609));
#5056=CARTESIAN_POINT('Ctrl Pts',(-9.39801640618333,159.859229740947,189.821379560328));
#5057=CARTESIAN_POINT('Ctrl Pts',(-9.34006254791463,161.236127293958,191.789049068204));
#5058=CARTESIAN_POINT('Ctrl Pts',(-9.28209215231725,162.6131578102,193.756842444764));
#5059=CARTESIAN_POINT('Origin',(-21.633220013291,162.411831847856,186.703153931012));
#5060=CARTESIAN_POINT('',(-9.80662024793485,149.437749329678,174.943452589653));
#5061=CARTESIAN_POINT('',(-12.2310833624139,149.290983425071,173.406368323375));
#5062=CARTESIAN_POINT('',(-9.72282343161772,149.280052662921,174.767612404493));
#5063=CARTESIAN_POINT('Origin',(-8.87935661575478,149.331112284944,175.302361547117));
#5064=CARTESIAN_POINT('',(-9.63748072412848,149.159260438685,174.644533878175));
#5065=CARTESIAN_POINT('',(-16.7479108560353,159.223209616945,184.898969059229));
#5066=CARTESIAN_POINT('',(-9.54917973921646,148.988263469887,174.452456296005));
#5067=CARTESIAN_POINT('Origin',(-10.4809475399775,149.108200816641,174.109784735531));
#5068=CARTESIAN_POINT('',(-9.4538568132059,148.713369064502,174.118080805371));
#5069=CARTESIAN_POINT('Origin',(3.14895184955442,147.353757308324,179.12238432214));
#5070=CARTESIAN_POINT('',(-9.48045341904092,148.711878025389,174.101093750269));
#5071=CARTESIAN_POINT('',(-11.8523329329915,148.568175603668,172.597471051424));
#5072=CARTESIAN_POINT('',(-9.86792813923869,148.688216452853,173.855647285033));
#5073=CARTESIAN_POINT('',(-11.8523329329915,148.568175603668,172.597471051424));
#5074=CARTESIAN_POINT('',(-11.5993100575954,148.583449484295,172.757927077509));
#5075=CARTESIAN_POINT('',(-11.8523672711131,148.568087593222,172.597533616921));
#5076=CARTESIAN_POINT('',(-11.9203280073866,149.037879714975,173.220882381921));
#5077=CARTESIAN_POINT('Ctrl Pts',(-11.5992928885579,148.583493489458,172.757895794802));
#5078=CARTESIAN_POINT('Ctrl Pts',(-11.7063045946783,148.734955565029,172.912224656891));
#5079=CARTESIAN_POINT('Ctrl Pts',(-11.8133163009545,148.886417640202,173.066553519264));
#5080=CARTESIAN_POINT('Ctrl Pts',(-11.9203280073866,149.037879714975,173.220882381921));
#5081=CARTESIAN_POINT('Ctrl Pts',(-9.84795065635198,149.163367703741,174.534798318433));
#5082=CARTESIAN_POINT('Ctrl Pts',(-10.5387431092156,149.121538359902,174.096826344929));
#5083=CARTESIAN_POINT('Ctrl Pts',(-11.22953555352,149.079709057394,173.658854353978));
#5084=CARTESIAN_POINT('Ctrl Pts',(-11.9203280073866,149.037879714975,173.220882381921));
#5085=CARTESIAN_POINT('Origin',(-9.80812119716054,162.746970504993,194.573778052979));
#5086=CARTESIAN_POINT('',(-9.43681406612778,162.221430414319,194.038290770659));
#5087=CARTESIAN_POINT('Origin',(-9.43681406612779,162.221430414319,194.038290770659));
#5088=CARTESIAN_POINT('',(-9.43765753294216,162.221379354697,194.037756021517));
#5089=CARTESIAN_POINT('Origin',(-9.43765753294216,162.221379354697,194.037756021517));
#5090=CARTESIAN_POINT('',(-9.98810721181827,149.108869571557,175.290374711086));
#5091=CARTESIAN_POINT('Ctrl Pts',(-9.9852348379094,149.046234650706,175.203843066752));
#5092=CARTESIAN_POINT('Ctrl Pts',(-9.98939421696705,149.0782112421,175.24654150126));
#5093=CARTESIAN_POINT('Ctrl Pts',(-9.98810721181828,149.108869571557,175.290374711086));
#5094=CARTESIAN_POINT('Ctrl Pts',(-9.83310720333562,149.43614593058,174.926660136856));
#5095=CARTESIAN_POINT('Ctrl Pts',(-9.83726658239328,149.468122521974,174.969358571364));
#5096=CARTESIAN_POINT('Ctrl Pts',(-9.8359795772445,149.498780851431,175.01319178119));
#5097=CARTESIAN_POINT('',(-9.98523483790943,149.046234650706,175.203843066752));
#5098=CARTESIAN_POINT('Origin',(-9.98523483790943,149.046234650706,175.203843066752));
#5099=CARTESIAN_POINT('',(-12.3832109969877,148.901072145197,173.683551253271));
#5100=CARTESIAN_POINT('',(-9.95874788250861,149.047838049804,175.220635519549));
#5101=CARTESIAN_POINT('Ctrl Pts',(-9.8749510661915,148.890141383046,175.044795334389));
#5102=CARTESIAN_POINT('Ctrl Pts',(-9.93097255914189,148.969432993748,175.125587741817));
#5103=CARTESIAN_POINT('Ctrl Pts',(-9.95874788250863,149.047838049804,175.220635519549));
#5104=CARTESIAN_POINT('Ctrl Pts',(-9.72282343161772,149.280052662921,174.767612404493));
#5105=CARTESIAN_POINT('Ctrl Pts',(-9.7788449245681,149.359344273623,174.848404811921));
#5106=CARTESIAN_POINT('Ctrl Pts',(-9.80662024793485,149.437749329678,174.943452589653));
#5107=CARTESIAN_POINT('',(-9.87495106619148,148.890141383046,175.044795334389));
#5108=CARTESIAN_POINT('Origin',(-9.87495106619149,148.890141383046,175.044795334389));
#5109=CARTESIAN_POINT('',(-9.78960835870225,148.76934915881,174.921716808071));
#5110=CARTESIAN_POINT('Ctrl Pts',(-9.78960835869404,148.769349158811,174.921716808076));
#5111=CARTESIAN_POINT('Ctrl Pts',(-9.72874336714117,148.683202164826,174.833939261681));
#5112=CARTESIAN_POINT('Ctrl Pts',(-9.70130737379925,148.598352190014,174.729639225897));
#5113=CARTESIAN_POINT('Ctrl Pts',(-9.63748072412028,149.159260438685,174.64453387818));
#5114=CARTESIAN_POINT('Ctrl Pts',(-9.5766157325674,149.0731134447,174.556756331785));
#5115=CARTESIAN_POINT('Ctrl Pts',(-9.54917973922548,148.988263469888,174.452456296001));
#5116=CARTESIAN_POINT('',(-9.70130737379023,148.598352190013,174.729639225901));
#5117=CARTESIAN_POINT('Ctrl Pts',(-9.60598444777966,148.323457784628,174.395263735268));
#5118=CARTESIAN_POINT('Ctrl Pts',(-9.65699226748896,148.461300995788,174.56117194594));
#5119=CARTESIAN_POINT('Ctrl Pts',(-9.70130737379023,148.598352190013,174.729639225901));
#5120=CARTESIAN_POINT('Ctrl Pts',(-9.45385681320588,148.713369064502,174.118080805371));
#5121=CARTESIAN_POINT('Ctrl Pts',(-9.50486463291518,148.851212275662,174.283989016044));
#5122=CARTESIAN_POINT('Ctrl Pts',(-9.54917973921645,148.988263469887,174.452456296005));
#5123=CARTESIAN_POINT('',(-9.60598444777966,148.323457784628,174.395263735268));
#5124=CARTESIAN_POINT('Origin',(-9.60598444777966,148.323457784628,174.395263735268));
#5125=CARTESIAN_POINT('',(-9.6192005703333,148.356270990118,174.353895982809));
#5126=CARTESIAN_POINT('Origin',(-22.282879262251,162.460934477126,186.41415647504));
#5127=CARTESIAN_POINT('',(-10.466280044314,148.323296417134,173.013608418694));
#5128=CARTESIAN_POINT('',(-9.88179354170274,148.358424419128,173.384260290142));
#5129=CARTESIAN_POINT('',(-11.6295492585633,148.252623289828,172.276201433317));
#5130=CARTESIAN_POINT('',(-9.74266351457823,151.667718338914,178.114400178487));
#5131=CARTESIAN_POINT('',(-17.1318230971096,159.542139520506,185.135593652824));
#5132=CARTESIAN_POINT('',(-5.82189788102893,141.460345938694,165.908542739492));
#5133=CARTESIAN_POINT('',(-5.62837291564922,141.472018955694,166.031176327999));
#5134=CARTESIAN_POINT('',(-10.0404210685914,147.431230848962,171.992073955955));
#5135=CARTESIAN_POINT('',(-10.3514533608799,147.871465012639,172.440613547868));
#5136=CARTESIAN_POINT('',(-11.0146704316917,148.290185587988,172.666367052303));
#5137=CARTESIAN_POINT('Origin',(-12.2047558907442,147.300210438199,170.619906205084));
#5138=CARTESIAN_POINT('',(-11.0481049605223,148.28807927261,172.645193869776));
#5139=CARTESIAN_POINT('Origin',(-9.61919349198688,148.356271411094,174.353900477787));
#5140=CARTESIAN_POINT('Origin',(-7.69884009922424,153.432580420316,167.725638958107));
#5141=CARTESIAN_POINT('',(-5.96069631863959,141.104616798899,166.161437525554));
#5142=CARTESIAN_POINT('',(-4.65109892103954,144.461008727699,163.775313017277));
#5143=CARTESIAN_POINT('',(-10.179218501453,147.075500286959,172.244967292943));
#5144=CARTESIAN_POINT('',(-8.0699513232295,144.090049928462,169.20319363257));
#5145=CARTESIAN_POINT('',(-12.6565166354055,140.726314720111,176.758683281015));
#5146=CARTESIAN_POINT('Origin',(-5.62837291564922,141.472018955694,166.031176327999));
#5147=CARTESIAN_POINT('',(-5.76717135325985,141.116289815898,166.284071114061));
#5148=CARTESIAN_POINT('Origin',(-5.76717135325981,141.116289815898,166.284071114061));
#5149=CARTESIAN_POINT('',(-11.1531115122609,147.934649064494,172.918960734813));
#5150=CARTESIAN_POINT('',(-11.7682845632387,147.897409304452,172.528947450325));
#5151=CARTESIAN_POINT('Origin',(-12.3435543283549,146.944481298403,170.872800991146));
#5152=CARTESIAN_POINT('Origin',(-12.3435543283549,146.944481298403,170.872800991146));
#5153=CARTESIAN_POINT('',(-11.0300978545924,148.249377679003,172.695090188149));
#5154=CARTESIAN_POINT('Ctrl Pts',(-11.8523672695704,148.568087593432,172.597533617785));
#5155=CARTESIAN_POINT('Ctrl Pts',(0.124861500278526,149.29313418748,180.190971471034));
#5156=CARTESIAN_POINT('Ctrl Pts',(-13.384698854083,150.737559319721,174.807351907897));
#5157=CARTESIAN_POINT('Ctrl Pts',(-1.40747008423409,151.462605913768,182.400789761147));
#5158=CARTESIAN_POINT('Ctrl Pts',(-14.916950004773,152.90705221115,177.017041307773));
#5159=CARTESIAN_POINT('Ctrl Pts',(-2.93972123492405,153.632098805197,184.610479161022));
#5160=CARTESIAN_POINT('Ctrl Pts',(-18.1776258108272,157.524080574737,181.719298713949));
#5161=CARTESIAN_POINT('Ctrl Pts',(-6.20039704097826,158.249127168784,189.312736567199));
#5162=CARTESIAN_POINT('Ctrl Pts',(-19.9046522949795,159.969672284348,184.20984696341));
#5163=CARTESIAN_POINT('Ctrl Pts',(-7.92742352513053,160.694718878395,191.803284816659));
#5164=CARTESIAN_POINT('Ctrl Pts',(-21.6317674209472,162.415554916097,186.700507250555));
#5165=CARTESIAN_POINT('Ctrl Pts',(-9.65453865109825,163.140601510144,194.293945103804));
#5166=CARTESIAN_POINT('',(-11.7680205881394,148.573193555243,172.651008532329));
#5167=CARTESIAN_POINT('',(-11.8523672711131,148.568087593222,172.597533616921));
#5168=CARTESIAN_POINT('Ctrl Pts',(-11.7680205880926,148.573193555362,172.651008532244));
#5169=CARTESIAN_POINT('Ctrl Pts',(-13.3981438724962,150.881118557772,175.001854971371));
#5170=CARTESIAN_POINT('Ctrl Pts',(-15.0278144366654,153.188555430511,177.352033937194));
#5171=CARTESIAN_POINT('Ctrl Pts',(-18.287877365741,157.804751956275,182.053404071132));
#5172=CARTESIAN_POINT('Ctrl Pts',(-19.9174805678444,160.112394163998,184.403457179823));
#5173=CARTESIAN_POINT('Ctrl Pts',(-21.5474207394694,162.420660878027,186.753982165014));
#5174=CARTESIAN_POINT('Origin',(-11.6295492585634,148.252623289828,172.276201433317));
#5175=CARTESIAN_POINT('',(-11.5452025770856,148.257729251758,172.329676347777));
#5176=CARTESIAN_POINT('',(-11.6295492585633,148.252623289828,172.276201433317));
#5177=CARTESIAN_POINT('',(-13.4720703576145,150.98576799961,175.108467907262));
#5178=CARTESIAN_POINT('Origin',(-11.7682845632386,147.897409304452,172.528947450325));
#5179=CARTESIAN_POINT('',(-11.6839378980929,147.902515289924,172.582422388297));
#5180=CARTESIAN_POINT('',(-13.0193408415781,144.483313699257,175.015247595897));
#5181=CARTESIAN_POINT('',(-11.7682845632387,147.897409304452,172.528947450325));
#5182=CARTESIAN_POINT('Ctrl Pts',(-16.5573814363099,135.62608157946,181.254559551415));
#5183=CARTESIAN_POINT('Ctrl Pts',(-4.58015498560727,136.351131516471,188.848000743485));
#5184=CARTESIAN_POINT('Ctrl Pts',(-15.614904856896,138.042857909592,179.537217116983));
#5185=CARTESIAN_POINT('Ctrl Pts',(-3.6376784061933,138.767907846603,187.130658309054));
#5186=CARTESIAN_POINT('Ctrl Pts',(-14.6733839593491,140.456103439999,177.821719224503));
#5187=CARTESIAN_POINT('Ctrl Pts',(-2.69615750864648,141.18115337701,185.415160416573));
#5188=CARTESIAN_POINT('Ctrl Pts',(-13.07603069729,144.548513301214,174.911436200614));
#5189=CARTESIAN_POINT('Ctrl Pts',(-1.09880424658733,145.273563238225,182.504877392684));
#5190=CARTESIAN_POINT('Ctrl Pts',(-12.4223127660569,146.222817946405,173.720450211329));
#5191=CARTESIAN_POINT('Ctrl Pts',(-0.445086315354288,146.947867883417,181.313891403399));
#5192=CARTESIAN_POINT('Ctrl Pts',(-11.7682845632387,147.897409304452,172.528947450325));
#5193=CARTESIAN_POINT('Ctrl Pts',(0.208941887463965,148.622459241463,180.122388642395));
#5194=CARTESIAN_POINT('',(-16.4730347711641,135.631187564932,181.308034489387));
#5195=CARTESIAN_POINT('',(-14.4589896175805,140.794124228536,177.638280454516));
#5196=CARTESIAN_POINT('Ctrl Pts',(-16.4730347711641,135.631187564932,181.308034489387));
#5197=CARTESIAN_POINT('Ctrl Pts',(-15.8015780762098,137.352992310555,180.084533449345));
#5198=CARTESIAN_POINT('Ctrl Pts',(-15.1302547803073,139.073904579097,178.861328038039));
#5199=CARTESIAN_POINT('Ctrl Pts',(-14.4588391176755,140.794507763126,177.638006447896));
#5200=CARTESIAN_POINT('Ctrl Pts',(-14.4588391176755,140.794507763126,177.638006447896));
#5201=CARTESIAN_POINT('Ctrl Pts',(-13.5342437298595,143.163921908128,175.953390548963));
#5202=CARTESIAN_POINT('Ctrl Pts',(-12.6094731815844,145.532749917997,174.268554333273));
#5203=CARTESIAN_POINT('Ctrl Pts',(-11.6839378980929,147.902515289924,172.582422388297));
#5204=CARTESIAN_POINT('',(-16.5573814363099,135.62608157946,181.254559551415));
#5205=CARTESIAN_POINT('Origin',(-16.5535531496576,135.620550488233,181.249049271751));
#5206=CARTESIAN_POINT('',(-16.4692064845118,135.625656473705,181.302524209724));
#5207=CARTESIAN_POINT('',(-18.4002074948104,138.41555799267,184.081928304283));
#5208=CARTESIAN_POINT('',(-16.5535531496576,135.620550488233,181.249049271751));
#5209=CARTESIAN_POINT('Origin',(-16.7167128814779,135.210534052569,181.545552976362));
#5210=CARTESIAN_POINT('',(-16.6323662163388,135.215640038024,181.599027914347));
#5211=CARTESIAN_POINT('',(-15.4887658621688,138.089479899183,179.520808381729));
#5212=CARTESIAN_POINT('',(-5.41426043065947,135.894736062504,188.711194236567));
#5213=CARTESIAN_POINT('Origin',(-11.6949954425152,132.758835325437,180.920329496177));
#5214=CARTESIAN_POINT('',(-17.6447412636727,136.673291082477,183.056678958792));
#5215=CARTESIAN_POINT('',(-14.9543868363694,136.500493424964,184.298384151815));
#5216=CARTESIAN_POINT('Origin',(-26.1600311381777,149.103410736083,195.675095123096));
#5217=CARTESIAN_POINT('',(-23.5139616717663,150.121734775412,196.498912175984));
#5218=CARTESIAN_POINT('',(-23.859082251324,149.250109042467,197.126501088358));
#5219=CARTESIAN_POINT('',(-23.4144105998579,150.373157846528,196.317882261672));
#5220=CARTESIAN_POINT('',(-23.859082251324,149.250109042467,197.126501088358));
#5221=CARTESIAN_POINT('',(-25.8810470503742,150.223838968893,194.754060533492));
#5222=CARTESIAN_POINT('',(-25.1800412562644,150.266274650239,195.198490879991));
#5223=CARTESIAN_POINT('',(-31.6814267480338,135.574581564974,205.301834851894));
#5224=CARTESIAN_POINT('',(-13.868549491167,155.404486909729,197.93912162206));
#5225=CARTESIAN_POINT('',(-13.2261175137924,157.026993002712,196.77088301261));
#5226=CARTESIAN_POINT('',(-14.6741667640129,153.369845142445,199.404106609924));
#5227=CARTESIAN_POINT('',(-20.8173188467953,156.56745642902,191.958140711255));
#5228=CARTESIAN_POINT('',(-22.0402924455686,156.493423206525,191.182788232239));
#5229=CARTESIAN_POINT('',(-21.4597508241698,154.944950336037,193.126379320704));
#5230=CARTESIAN_POINT('',(-22.5865821689124,152.099060363248,195.175480127681));
#5231=CARTESIAN_POINT('',(-18.8871237564417,155.100685400388,194.757397992366));
#5232=CARTESIAN_POINT('Origin',(-12.5246755138474,148.235645139262,174.250727619934));
#5233=CARTESIAN_POINT('',(-17.0156308168102,137.369382443722,181.997909720198));
#5234=CARTESIAN_POINT('',(-20.4286388547149,128.797067980156,188.199804879988));
#5235=CARTESIAN_POINT('',(-17.0928225827053,137.175503002508,182.138177552551));
#5236=CARTESIAN_POINT('',(-20.4286388547149,128.797067980156,188.199804879988));
#5237=CARTESIAN_POINT('',(-15.7751576759671,137.25526840326,182.973563331097));
#5238=CARTESIAN_POINT('Origin',(-17.4210232868895,136.35117454732,182.734562423643));
#5239=CARTESIAN_POINT('',(-14.9543868363694,136.500493424964,184.298384151815));
#5240=CARTESIAN_POINT('',(-17.4210232868895,136.35117454732,182.734562423643));
#5241=CARTESIAN_POINT('Origin',(-14.9543868363694,136.500493424964,184.298384151815));
#5242=CARTESIAN_POINT('',(-14.6261861321851,137.324821880153,183.701999280724));
#5243=CARTESIAN_POINT('Origin',(-14.6261861321851,137.324821880153,183.701999280724));
#5244=CARTESIAN_POINT('',(-25.9809485376933,149.972920437449,194.935594987492));
#5245=CARTESIAN_POINT('',(-18.6292070231883,139.387640085734,184.350314635777));
#5246=CARTESIAN_POINT('',(-23.5143120871731,150.122239315093,196.499416715665));
#5247=CARTESIAN_POINT('',(-25.9809485376933,149.972920437449,194.935594987492));
#5248=CARTESIAN_POINT('',(-14.6261861321851,137.324821880153,183.701999280724));
#5249=CARTESIAN_POINT('Origin',(-22.9003184588321,151.664382316901,195.383707619918));
#5250=CARTESIAN_POINT('',(-22.9003184588321,151.664382316901,195.383707619918));
#5251=CARTESIAN_POINT('',(-24.6943825578683,153.204336254436,192.597731368535));
#5252=CARTESIAN_POINT('Origin',(-14.0121925038441,138.86696488196,182.586290184976));
#5253=CARTESIAN_POINT('Origin',(-21.210525389338,157.133608201459,192.524292483693));
#5254=CARTESIAN_POINT('',(-13.6193240563351,157.59314477515,197.337034785048));
#5255=CARTESIAN_POINT('',(-21.210525389338,157.133608201459,192.524292483693));
#5256=CARTESIAN_POINT('Origin',(-13.6193240563351,157.59314477515,197.337034785048));
#5257=CARTESIAN_POINT('',(-14.4588570066281,156.254431175663,198.789065887994));
#5258=CARTESIAN_POINT('',(-14.2640173660933,155.973894623253,198.508529335583));
#5259=CARTESIAN_POINT('',(-14.4588570066281,156.254431175663,198.789065887993));
#5260=CARTESIAN_POINT('Origin',(-14.2640173660933,155.973894623253,198.508529335583));
#5261=CARTESIAN_POINT('',(-22.050058339631,155.794894601971,193.976323586638));
#5262=CARTESIAN_POINT('',(-21.8552186990961,155.514358049561,193.695787034228));
#5263=CARTESIAN_POINT('',(-22.050058339631,155.794894601971,193.976323586638));
#5264=CARTESIAN_POINT('Origin',(-21.8552186990961,155.514358049561,193.695787034228));
#5265=CARTESIAN_POINT('',(-22.050058339631,155.794894601971,193.976323586638));
#5266=CARTESIAN_POINT('Origin',(-22.050058339631,155.794894601971,193.976323586638));
#5267=CARTESIAN_POINT('Origin',(-18.2064531323621,146.520465801126,183.002433576835));
#5268=CARTESIAN_POINT('',(-21.3196029629657,160.787311135888,186.550599851309));
#5269=CARTESIAN_POINT('Ctrl Pts',(-21.3485114978993,160.713459178938,186.603249290713));
#5270=CARTESIAN_POINT('Ctrl Pts',(-21.3388749228183,160.738085521076,186.585697990186));
#5271=CARTESIAN_POINT('Ctrl Pts',(-21.3292387274346,160.762702911041,186.568148143344));
#5272=CARTESIAN_POINT('Ctrl Pts',(-21.3196029629647,160.787311135884,186.550599851304));
#5273=CARTESIAN_POINT('',(-12.3128417814409,148.111920154178,173.554406033142));
#5274=CARTESIAN_POINT('Ctrl Pts',(-21.3196029629678,160.787311135887,186.550599851309));
#5275=CARTESIAN_POINT('Ctrl Pts',(-20.5727815989084,159.733356676957,185.473263815258));
#5276=CARTESIAN_POINT('Ctrl Pts',(-19.8305612773745,158.687956568226,184.402368266029));
#5277=CARTESIAN_POINT('Ctrl Pts',(-17.0169608489435,154.728970297089,180.342456657836));
#5278=CARTESIAN_POINT('Ctrl Pts',(-14.8680289950092,151.713111339018,177.240882559929));
#5279=CARTESIAN_POINT('Ctrl Pts',(-12.3128417814408,148.111920154178,173.554406033142));
#5280=CARTESIAN_POINT('',(-14.9025062917426,141.421964889825,178.277896795688));
#5281=CARTESIAN_POINT('Ctrl Pts',(-12.3128417814408,148.111920154178,173.554406033142));
#5282=CARTESIAN_POINT('Ctrl Pts',(-13.0913244024077,146.09905128545,174.974512231495));
#5283=CARTESIAN_POINT('Ctrl Pts',(-13.8626619565957,144.086722437624,176.383296859649));
#5284=CARTESIAN_POINT('Ctrl Pts',(-14.9025062917426,141.421964889825,178.277896795688));
#5285=CARTESIAN_POINT('',(-16.6723038825219,136.885323885242,181.502595173827));
#5286=CARTESIAN_POINT('Ctrl Pts',(-14.9025062914918,141.42196488984,178.277896795847));
#5287=CARTESIAN_POINT('Ctrl Pts',(-15.4926262212867,139.909693788089,179.353097328046));
#5288=CARTESIAN_POINT('Ctrl Pts',(-16.082346359123,138.398024834519,180.427609777187));
#5289=CARTESIAN_POINT('Ctrl Pts',(-16.6723038780414,136.885323885513,181.502595176668));
#5290=CARTESIAN_POINT('Ctrl Pts',(-16.6723126036323,136.885337830383,181.502576322494));
#5291=CARTESIAN_POINT('Ctrl Pts',(-16.7867524497203,137.046656178131,181.667681245459));
#5292=CARTESIAN_POINT('Ctrl Pts',(-16.9011954530397,137.208009424532,181.832787053798));
#5293=CARTESIAN_POINT('Ctrl Pts',(-17.0156400136739,137.369395104317,181.997891793345));
#5294=CARTESIAN_POINT('Ctrl Pts',(-16.4692064845117,135.625656473705,181.302524209724));
#5295=CARTESIAN_POINT('Ctrl Pts',(-19.8877928033829,139.127338185222,173.683140149069));
#5296=CARTESIAN_POINT('Ctrl Pts',(-23.3309900176227,140.773216427884,168.774171070883));
#5297=CARTESIAN_POINT('Ctrl Pts',(-38.4995763826164,139.854979656109,159.157445858608));
#5298=CARTESIAN_POINT('Ctrl Pts',(-16.5235930617873,135.488984328478,181.401358777932));
#5299=CARTESIAN_POINT('Ctrl Pts',(-19.9090058873767,139.056177745233,173.713157750539));
#5300=CARTESIAN_POINT('Ctrl Pts',(-23.3309160092008,140.771993863972,168.774171070883));
#5301=CARTESIAN_POINT('Ctrl Pts',(-38.4995023741945,139.853757092197,159.157445858608));
#5302=CARTESIAN_POINT('Ctrl Pts',(-16.577979639063,135.352312183251,181.500193346139));
#5303=CARTESIAN_POINT('Ctrl Pts',(-19.927251705193,138.936000281893,173.743175352008));
#5304=CARTESIAN_POINT('Ctrl Pts',(-23.321940202246,140.623720230008,168.774171070883));
#5305=CARTESIAN_POINT('Ctrl Pts',(-38.4905265672396,139.705483458233,159.157445858608));
#5306=CARTESIAN_POINT('Ctrl Pts',(-16.6323662163387,135.215640038024,181.599027914347));
#5307=CARTESIAN_POINT('Ctrl Pts',(-19.946981156098,138.840331330229,173.773192953477));
#5308=CARTESIAN_POINT('Ctrl Pts',(-23.3174152945576,140.548972131071,168.774171070883));
#5309=CARTESIAN_POINT('Ctrl Pts',(-38.4860016595513,139.630735359296,159.157445858608));
#5310=CARTESIAN_POINT('',(-38.4860016595513,139.630735359296,159.157445858608));
#5311=CARTESIAN_POINT('Ctrl Pts',(-16.6323662163387,135.215640038024,181.599027914347));
#5312=CARTESIAN_POINT('Ctrl Pts',(-19.946981156098,138.840331330229,173.773192953477));
#5313=CARTESIAN_POINT('Ctrl Pts',(-23.3174152945576,140.548972131071,168.774171070883));
#5314=CARTESIAN_POINT('Ctrl Pts',(-38.4860016595513,139.630735359296,159.157445858608));
#5315=CARTESIAN_POINT('',(-38.4995763826164,139.854979656109,159.157445858608));
#5316=CARTESIAN_POINT('',(-38.9277485082321,146.928063708198,159.157445858609));
#5317=CARTESIAN_POINT('Ctrl Pts',(-16.4692064845117,135.625656473705,181.302524209724));
#5318=CARTESIAN_POINT('Ctrl Pts',(-19.8877928033829,139.127338185222,173.683140149069));
#5319=CARTESIAN_POINT('Ctrl Pts',(-23.3309900176227,140.773216427884,168.774171070883));
#5320=CARTESIAN_POINT('Ctrl Pts',(-38.4995763826164,139.854979656109,159.157445858608));
#5321=CARTESIAN_POINT('Ctrl Pts',(-16.473034771164,135.631187564932,181.308034489387));
#5322=CARTESIAN_POINT('Ctrl Pts',(-19.8893532018517,139.131618759986,173.68489050501));
#5323=CARTESIAN_POINT('Ctrl Pts',(-23.3312120428885,140.776884119619,168.774171070883));
#5324=CARTESIAN_POINT('Ctrl Pts',(-38.4997984078822,139.858647347845,159.157445858608));
#5325=CARTESIAN_POINT('Ctrl Pts',(-16.4717586756133,135.629343867856,181.306197729499));
#5326=CARTESIAN_POINT('Ctrl Pts',(-19.8888330690288,139.130191901731,173.68430705303));
#5327=CARTESIAN_POINT('Ctrl Pts',(-23.3311380344666,140.775661555707,168.774171070883));
#5328=CARTESIAN_POINT('Ctrl Pts',(-38.4997243994603,139.857424783933,159.157445858608));
#5329=CARTESIAN_POINT('Ctrl Pts',(-16.4704825800625,135.627500170781,181.304360969612));
#5330=CARTESIAN_POINT('Ctrl Pts',(-19.8883129362058,139.128765043477,173.68372360105));
#5331=CARTESIAN_POINT('Ctrl Pts',(-23.3310640260447,140.774438991795,168.774171070883));
#5332=CARTESIAN_POINT('Ctrl Pts',(-38.4996503910383,139.856202220021,159.157445858608));
#5333=CARTESIAN_POINT('Ctrl Pts',(-16.4692064845117,135.625656473705,181.302524209724));
#5334=CARTESIAN_POINT('Ctrl Pts',(-19.8877928033829,139.127338185222,173.683140149069));
#5335=CARTESIAN_POINT('Ctrl Pts',(-23.3309900176227,140.773216427884,168.774171070883));
#5336=CARTESIAN_POINT('Ctrl Pts',(-38.4995763826164,139.854979656109,159.157445858608));
#5337=CARTESIAN_POINT('',(-38.4997984078822,139.858647347845,159.157445858608));
#5338=CARTESIAN_POINT('',(-38.9277485082321,146.928063708198,159.157445858609));
#5339=CARTESIAN_POINT('Ctrl Pts',(-16.473034771164,135.631187564932,181.308034489387));
#5340=CARTESIAN_POINT('Ctrl Pts',(-19.8893532018517,139.131618759986,173.68489050501));
#5341=CARTESIAN_POINT('Ctrl Pts',(-23.3312120428885,140.776884119619,168.774171070883));
#5342=CARTESIAN_POINT('Ctrl Pts',(-38.4997984078822,139.858647347845,159.157445858608));
#5343=CARTESIAN_POINT('Ctrl Pts',(-11.6839378980929,147.902515289924,172.582422388297));
#5344=CARTESIAN_POINT('Ctrl Pts',(-18.4206845810478,147.673635069572,170.865912546277));
#5345=CARTESIAN_POINT('Ctrl Pts',(-23.7346523860484,147.441417578145,168.774171070883));
#5346=CARTESIAN_POINT('Ctrl Pts',(-38.9032387510421,146.52318080637,159.157445858609));
#5347=CARTESIAN_POINT('Ctrl Pts',(-13.2815713705256,143.811891682664,175.492976834227));
#5348=CARTESIAN_POINT('Ctrl Pts',(-18.95461478507,145.545238332744,171.806916585122));
#5349=CARTESIAN_POINT('Ctrl Pts',(-23.7307585667729,147.377094588927,168.774171070883));
#5350=CARTESIAN_POINT('Ctrl Pts',(-38.8993449317666,146.458857817153,159.157445858609));
#5351=CARTESIAN_POINT('Ctrl Pts',(-14.8769261834621,139.724061106126,178.399670432929));
#5352=CARTESIAN_POINT('Ctrl Pts',(-19.3551663173656,141.24048197767,172.745346725814));
#5353=CARTESIAN_POINT('Ctrl Pts',(-23.3312860513105,140.778106683531,168.774171070883));
#5354=CARTESIAN_POINT('Ctrl Pts',(-38.4998724163041,139.859869911757,159.157445858608));
#5355=CARTESIAN_POINT('Ctrl Pts',(-16.4730347711641,135.631187564932,181.308034489387));
#5356=CARTESIAN_POINT('Ctrl Pts',(-19.8893532018518,139.131618759986,173.68489050501));
#5357=CARTESIAN_POINT('Ctrl Pts',(-23.3312120428885,140.776884119619,168.774171070883));
#5358=CARTESIAN_POINT('Ctrl Pts',(-38.4997984078822,139.858647347845,159.157445858608));
#5359=CARTESIAN_POINT('',(-38.9032387510421,146.52318080637,159.157445858609));
#5360=CARTESIAN_POINT('',(-38.9277485082321,146.928063708198,159.157445858609));
#5361=CARTESIAN_POINT('Ctrl Pts',(-11.6839378980929,147.902515289924,172.582422388297));
#5362=CARTESIAN_POINT('Ctrl Pts',(-18.4206845810478,147.673635069572,170.865912546277));
#5363=CARTESIAN_POINT('Ctrl Pts',(-23.7346523860484,147.441417578145,168.774171070883));
#5364=CARTESIAN_POINT('Ctrl Pts',(-38.9032387510421,146.52318080637,159.157445858609));
#5365=CARTESIAN_POINT('Ctrl Pts',(-11.5452025770855,148.257729251758,172.329676347777));
#5366=CARTESIAN_POINT('Ctrl Pts',(-18.3862216049334,147.920443893673,170.779131399713));
#5367=CARTESIAN_POINT('Ctrl Pts',(-23.7463338438748,147.634386545796,168.774171070883));
#5368=CARTESIAN_POINT('Ctrl Pts',(-38.9149202088685,146.716149774021,159.157445858609));
#5369=CARTESIAN_POINT('Ctrl Pts',(-11.5914476840879,148.139324597813,172.41392502795));
#5370=CARTESIAN_POINT('Ctrl Pts',(-18.3977092636381,147.83817428564,170.808058448567));
#5371=CARTESIAN_POINT('Ctrl Pts',(-23.7424400245993,147.570063556579,168.774171070883));
#5372=CARTESIAN_POINT('Ctrl Pts',(-38.911026389593,146.651826784804,159.157445858609));
#5373=CARTESIAN_POINT('Ctrl Pts',(-11.6376927910903,148.020919943868,172.498173708124));
#5374=CARTESIAN_POINT('Ctrl Pts',(-18.4091969223429,147.755904677606,170.836985497422));
#5375=CARTESIAN_POINT('Ctrl Pts',(-23.7385462053239,147.505740567362,168.774171070883));
#5376=CARTESIAN_POINT('Ctrl Pts',(-38.9071325703175,146.587503795587,159.157445858609));
#5377=CARTESIAN_POINT('Ctrl Pts',(-11.6839378980927,147.902515289924,172.582422388297));
#5378=CARTESIAN_POINT('Ctrl Pts',(-18.4206845810476,147.673635069572,170.865912546277));
#5379=CARTESIAN_POINT('Ctrl Pts',(-23.7346523860484,147.441417578145,168.774171070883));
#5380=CARTESIAN_POINT('Ctrl Pts',(-38.9032387510421,146.52318080637,159.157445858609));
#5381=CARTESIAN_POINT('',(-38.9149202088685,146.716149774021,159.157445858609));
#5382=CARTESIAN_POINT('',(-38.9277485082321,146.928063708198,159.157445858609));
#5383=CARTESIAN_POINT('Ctrl Pts',(-11.5452025770855,148.257729251758,172.329676347777));
#5384=CARTESIAN_POINT('Ctrl Pts',(-18.3862216049334,147.920443893673,170.779131399713));
#5385=CARTESIAN_POINT('Ctrl Pts',(-23.7463338438748,147.634386545796,168.774171070883));
#5386=CARTESIAN_POINT('Ctrl Pts',(-38.9149202088685,146.716149774021,159.157445858609));
#5387=CARTESIAN_POINT('Ctrl Pts',(-11.7680205880925,148.573193555362,172.651008532244));
#5388=CARTESIAN_POINT('Ctrl Pts',(-18.4638516049186,148.167189091301,170.889535621104));
#5389=CARTESIAN_POINT('Ctrl Pts',(-23.7591621432384,147.846300479973,168.774171070883));
#5390=CARTESIAN_POINT('Ctrl Pts',(-38.9277485082321,146.928063708198,159.157445858609));
#5391=CARTESIAN_POINT('Ctrl Pts',(-11.6937479177569,148.468038787494,172.543897804088));
#5392=CARTESIAN_POINT('Ctrl Pts',(-18.4379749382569,148.084940692092,170.852734213974));
#5393=CARTESIAN_POINT('Ctrl Pts',(-23.7548860434506,147.775662501914,168.774171070883));
#5394=CARTESIAN_POINT('Ctrl Pts',(-38.9234724084442,146.857425730139,159.157445858609));
#5395=CARTESIAN_POINT('Ctrl Pts',(-11.6194752474212,148.362884019626,172.436787075933));
#5396=CARTESIAN_POINT('Ctrl Pts',(-18.4119708447577,148.000587296602,170.815932806843));
#5397=CARTESIAN_POINT('Ctrl Pts',(-23.7502276631503,147.698709535013,168.774171070883));
#5398=CARTESIAN_POINT('Ctrl Pts',(-38.9188140281439,146.780472763238,159.157445858609));
#5399=CARTESIAN_POINT('Ctrl Pts',(-11.5452025770855,148.257729251758,172.329676347777));
#5400=CARTESIAN_POINT('Ctrl Pts',(-18.3862216049334,147.920443893673,170.779131399713));
#5401=CARTESIAN_POINT('Ctrl Pts',(-23.7463338438748,147.634386545796,168.774171070883));
#5402=CARTESIAN_POINT('Ctrl Pts',(-38.9149202088685,146.716149774021,159.157445858609));
#5403=CARTESIAN_POINT('',(-38.9277485082321,146.928063708198,159.157445858609));
#5404=CARTESIAN_POINT('',(-38.9277485082321,146.928063708198,159.157445858609));
#5405=CARTESIAN_POINT('Ctrl Pts',(-11.7680205880925,148.573193555362,172.651008532244));
#5406=CARTESIAN_POINT('Ctrl Pts',(-18.4638516049186,148.167189091301,170.889535621104));
#5407=CARTESIAN_POINT('Ctrl Pts',(-23.7591621432384,147.846300479973,168.774171070883));
#5408=CARTESIAN_POINT('Ctrl Pts',(-38.9277485082321,146.928063708198,159.157445858609));
#5409=CARTESIAN_POINT('Ctrl Pts',(-21.5474207394694,162.420660878027,186.753982165014));
#5410=CARTESIAN_POINT('Ctrl Pts',(-23.7025821712841,152.663216139099,177.509042658573));
#5411=CARTESIAN_POINT('Ctrl Pts',(-25.9059948024589,147.716341059688,172.172807238568));
#5412=CARTESIAN_POINT('Ctrl Pts',(-41.0745811674526,146.798104287913,162.556082026293));
#5413=CARTESIAN_POINT('Ctrl Pts',(-18.2875179481511,157.804095659766,182.052899822434));
#5414=CARTESIAN_POINT('Ctrl Pts',(-22.188363738819,151.149995388636,175.669905330413));
#5415=CARTESIAN_POINT('Ctrl Pts',(-25.8866646667409,147.717511217604,172.142205832308));
#5416=CARTESIAN_POINT('Ctrl Pts',(-41.0552510317346,146.799274445829,162.525480620033));
#5417=CARTESIAN_POINT('Ctrl Pts',(-15.0282447057942,153.189011773954,177.352669033131));
#5418=CARTESIAN_POINT('Ctrl Pts',(-20.2103778385356,149.665861959036,173.096484160236));
#5419=CARTESIAN_POINT('Ctrl Pts',(-24.4747730296452,147.802980673211,169.907049793445));
#5420=CARTESIAN_POINT('Ctrl Pts',(-39.6433593946389,146.884743901437,160.29032458117));
#5421=CARTESIAN_POINT('Ctrl Pts',(-11.7680205880926,148.573193555362,172.651008532244));
#5422=CARTESIAN_POINT('Ctrl Pts',(-18.4638516049187,148.167189091301,170.889535621104));
#5423=CARTESIAN_POINT('Ctrl Pts',(-23.7591621432384,147.846300479973,168.774171070883));
#5424=CARTESIAN_POINT('Ctrl Pts',(-38.9277485082321,146.928063708198,159.157445858609));
#5425=CARTESIAN_POINT('',(-41.0745811674526,146.798104287913,162.556082026293));
#5426=CARTESIAN_POINT('',(-41.1325715746067,146.794593814163,162.647886245074));
#5427=CARTESIAN_POINT('Ctrl Pts',(-21.5474207394694,162.420660878027,186.753982165014));
#5428=CARTESIAN_POINT('Ctrl Pts',(-23.7025821712841,152.663216139099,177.509042658573));
#5429=CARTESIAN_POINT('Ctrl Pts',(-25.9059948024589,147.716341059688,172.172807238568));
#5430=CARTESIAN_POINT('Ctrl Pts',(-41.0745811674526,146.798104287913,162.556082026293));
#5431=CARTESIAN_POINT('Ctrl Pts',(-21.8115701485815,162.794741718693,187.134910002818));
#5432=CARTESIAN_POINT('Ctrl Pts',(-23.861188763161,152.78363856754,177.676999358526));
#5433=CARTESIAN_POINT('Ctrl Pts',(-25.963985209613,147.712830585937,172.264611457349));
#5434=CARTESIAN_POINT('Ctrl Pts',(-41.1325715746067,146.794593814163,162.647886245074));
#5435=CARTESIAN_POINT('Ctrl Pts',(-21.723520345574,162.670048105061,187.007934056938));
#5436=CARTESIAN_POINT('Ctrl Pts',(-23.8083198992319,152.743497757983,177.62101379193));
#5437=CARTESIAN_POINT('Ctrl Pts',(-25.944655073895,147.714000743854,172.234010051088));
#5438=CARTESIAN_POINT('Ctrl Pts',(-41.1132414388886,146.795763972079,162.617284838814));
#5439=CARTESIAN_POINT('Ctrl Pts',(-21.6354705425665,162.545354491429,186.880958111058));
#5440=CARTESIAN_POINT('Ctrl Pts',(-23.7554510353028,152.703356948426,177.565028225333));
#5441=CARTESIAN_POINT('Ctrl Pts',(-25.9253249381769,147.715170901771,172.203408644828));
#5442=CARTESIAN_POINT('Ctrl Pts',(-41.0939113031706,146.796934129996,162.586683432553));
#5443=CARTESIAN_POINT('Ctrl Pts',(-21.547420739559,162.420660877797,186.753982165178));
#5444=CARTESIAN_POINT('Ctrl Pts',(-23.7025821713737,152.663216138869,177.509042658737));
#5445=CARTESIAN_POINT('Ctrl Pts',(-25.9059948024589,147.716341059688,172.172807238568));
#5446=CARTESIAN_POINT('Ctrl Pts',(-41.0745811674526,146.798104287913,162.556082026293));
#5447=CARTESIAN_POINT('',(-41.1325715746067,146.794593814163,162.647886245074));
#5448=CARTESIAN_POINT('',(-41.1325715746067,146.794593814163,162.647886245074));
#5449=CARTESIAN_POINT('Ctrl Pts',(-21.8115701485815,162.794741718693,187.134910002818));
#5450=CARTESIAN_POINT('Ctrl Pts',(-23.861188763161,152.78363856754,177.676999358526));
#5451=CARTESIAN_POINT('Ctrl Pts',(-25.963985209613,147.712830585937,172.264611457349));
#5452=CARTESIAN_POINT('Ctrl Pts',(-41.1325715746067,146.794593814163,162.647886245074));
#5453=CARTESIAN_POINT('Ctrl Pts',(-21.9535285226657,162.438517556275,187.392836264378));
#5454=CARTESIAN_POINT('Ctrl Pts',(-23.903639114868,152.529153727801,177.760859817768));
#5455=CARTESIAN_POINT('Ctrl Pts',(-25.9516776160327,147.509518322798,172.264611457349));
#5456=CARTESIAN_POINT('Ctrl Pts',(-41.1202639810264,146.591281551023,162.647886245074));
#5457=CARTESIAN_POINT('Ctrl Pts',(-21.9062090646376,162.557258943748,187.306860843858));
#5458=CARTESIAN_POINT('Ctrl Pts',(-23.8894889976323,152.613982007714,177.732906331354));
#5459=CARTESIAN_POINT('Ctrl Pts',(-25.9557801472261,147.577289077178,172.264611457349));
#5460=CARTESIAN_POINT('Ctrl Pts',(-41.1243665122198,146.659052305403,162.647886245074));
#5461=CARTESIAN_POINT('Ctrl Pts',(-21.8588896066096,162.67600033122,187.220885423338));
#5462=CARTESIAN_POINT('Ctrl Pts',(-23.8753388803967,152.698810287627,177.70495284494));
#5463=CARTESIAN_POINT('Ctrl Pts',(-25.9598826784196,147.645059831558,172.264611457349));
#5464=CARTESIAN_POINT('Ctrl Pts',(-41.1284690434132,146.726823059783,162.647886245074));
#5465=CARTESIAN_POINT('Ctrl Pts',(-21.8115701485815,162.794741718693,187.134910002818));
#5466=CARTESIAN_POINT('Ctrl Pts',(-23.861188763161,152.78363856754,177.676999358526));
#5467=CARTESIAN_POINT('Ctrl Pts',(-25.963985209613,147.712830585937,172.264611457349));
#5468=CARTESIAN_POINT('Ctrl Pts',(-41.1325715746067,146.794593814163,162.647886245074));
#5469=CARTESIAN_POINT('',(-41.1202639810264,146.591281551023,162.647886245074));
#5470=CARTESIAN_POINT('',(-40.6908247259258,139.49726546526,162.647886245074));
#5471=CARTESIAN_POINT('Ctrl Pts',(-21.9535285226657,162.438517556275,187.392836264378));
#5472=CARTESIAN_POINT('Ctrl Pts',(-23.903639114868,152.529153727801,177.760859817768));
#5473=CARTESIAN_POINT('Ctrl Pts',(-25.9516776160327,147.509518322798,172.264611457349));
#5474=CARTESIAN_POINT('Ctrl Pts',(-41.1202639810264,146.591281551023,162.647886245074));
#5475=CARTESIAN_POINT('Ctrl Pts',(-26.908119790178,150.01100956915,196.394397445444));
#5476=CARTESIAN_POINT('Ctrl Pts',(-25.6222013387854,143.635918352346,180.537376083792));
#5477=CARTESIAN_POINT('Ctrl Pts',(-25.5222383609321,140.415502237035,172.264611457348));
#5478=CARTESIAN_POINT('Ctrl Pts',(-40.6908247259258,139.49726546526,162.647886245074));
#5479=CARTESIAN_POINT('Ctrl Pts',(-25.2565865391567,154.151917777938,193.394024834007));
#5480=CARTESIAN_POINT('Ctrl Pts',(-25.0493453784681,146.599267175106,179.611969183285));
#5481=CARTESIAN_POINT('Ctrl Pts',(-25.665384779299,142.780174265623,172.264611457348));
#5482=CARTESIAN_POINT('Ctrl Pts',(-40.8339711442927,141.861937493848,162.647886245074));
#5483=CARTESIAN_POINT('Ctrl Pts',(-23.6043513440296,158.296067015551,190.392235572792));
#5484=CARTESIAN_POINT('Ctrl Pts',(-24.5223694178049,150.330410441819,178.685617849593));
#5485=CARTESIAN_POINT('Ctrl Pts',(-25.9475750848393,147.441747568418,172.264611457349));
#5486=CARTESIAN_POINT('Ctrl Pts',(-41.116161449833,146.523510796644,162.647886245074));
#5487=CARTESIAN_POINT('Ctrl Pts',(-21.9535285226658,162.438517556275,187.392836264378));
#5488=CARTESIAN_POINT('Ctrl Pts',(-23.9036391148681,152.529153727801,177.760859817768));
#5489=CARTESIAN_POINT('Ctrl Pts',(-25.9516776160327,147.509518322798,172.264611457349));
#5490=CARTESIAN_POINT('Ctrl Pts',(-41.1202639810264,146.591281551023,162.647886245074));
#5491=CARTESIAN_POINT('',(-40.6908247259258,139.49726546526,162.647886245074));
#5492=CARTESIAN_POINT('',(-40.6908247259258,139.49726546526,162.647886245074));
#5493=CARTESIAN_POINT('Ctrl Pts',(-26.908119790178,150.01100956915,196.394397445444));
#5494=CARTESIAN_POINT('Ctrl Pts',(-25.6222013387854,143.635918352346,180.537376083792));
#5495=CARTESIAN_POINT('Ctrl Pts',(-25.5222383609321,140.415502237035,172.264611457348));
#5496=CARTESIAN_POINT('Ctrl Pts',(-40.6908247259258,139.49726546526,162.647886245074));
#5497=CARTESIAN_POINT('Ctrl Pts',(-16.6323662163387,135.215640038024,181.599027914347));
#5498=CARTESIAN_POINT('Ctrl Pts',(-19.946981156098,138.840331330229,173.773192953477));
#5499=CARTESIAN_POINT('Ctrl Pts',(-23.3174152945576,140.548972131071,168.774171070883));
#5500=CARTESIAN_POINT('Ctrl Pts',(-38.4860016595513,139.630735359296,159.157445858608));
#5501=CARTESIAN_POINT('Ctrl Pts',(-20.0576174076293,140.147429881706,186.530817758066));
#5502=CARTESIAN_POINT('Ctrl Pts',(-21.8387212170047,140.438860337574,176.027920663602));
#5503=CARTESIAN_POINT('Ctrl Pts',(-24.0523563166825,140.504482166392,169.937651199705));
#5504=CARTESIAN_POINT('Ctrl Pts',(-39.2209426816761,139.586245394617,160.32092598743));
#5505=CARTESIAN_POINT('Ctrl Pts',(-23.4828685989199,145.079219725387,191.462607601784));
#5506=CARTESIAN_POINT('Ctrl Pts',(-23.7304612779113,142.037389344919,178.282648373727));
#5507=CARTESIAN_POINT('Ctrl Pts',(-24.7872973388073,140.459992201713,171.101131328527));
#5508=CARTESIAN_POINT('Ctrl Pts',(-39.955883703801,139.541755429939,161.484406116252));
#5509=CARTESIAN_POINT('Ctrl Pts',(-26.9081197902105,150.011009569069,196.394397445503));
#5510=CARTESIAN_POINT('Ctrl Pts',(-25.6222013388179,143.635918352265,180.537376083851));
#5511=CARTESIAN_POINT('Ctrl Pts',(-25.5222383609322,140.415502237035,172.264611457348));
#5512=CARTESIAN_POINT('Ctrl Pts',(-40.6908247259258,139.49726546526,162.647886245074));
#5513=CARTESIAN_POINT('',(-38.4860016595513,139.630735359296,159.157445858608));
#5514=CARTESIAN_POINT('Ctrl Pts',(-39.500144723151,145.907474397134,162.469763269529));
#5515=CARTESIAN_POINT('Ctrl Pts',(-39.1264962226703,145.93643503933,162.713842922066));
#5516=CARTESIAN_POINT('Ctrl Pts',(-38.7491774986577,145.963091555989,162.955316603437));
#5517=CARTESIAN_POINT('Ctrl Pts',(-38.3796645929891,145.992423228774,163.207553930404));
#5518=CARTESIAN_POINT('Ctrl Pts',(-37.6389317340173,146.055899549496,163.70834201827));
#5519=CARTESIAN_POINT('Ctrl Pts',(-36.9054641006936,146.127863279102,164.218437465108));
#5520=CARTESIAN_POINT('Ctrl Pts',(-36.5407690814055,146.166348189765,164.476042718558));
#5521=CARTESIAN_POINT('Ctrl Pts',(-35.4531367925267,146.28907193282,165.256757444871));
#5522=CARTESIAN_POINT('Ctrl Pts',(-34.386926482445,146.437137403023,166.062656251982));
#5523=CARTESIAN_POINT('Ctrl Pts',(-33.6873809859828,146.549538387476,166.61220441685));
#5524=CARTESIAN_POINT('Ctrl Pts',(-32.3155195426234,146.808452960295,167.738267895395));
#5525=CARTESIAN_POINT('Ctrl Pts',(-31.0101690254897,147.153273878317,168.918958558115));
#5526=CARTESIAN_POINT('Ctrl Pts',(-30.3769834375297,147.351498246718,169.523245927398));
#5527=CARTESIAN_POINT('Ctrl Pts',(-29.1570111862332,147.810271738526,170.757136699388));
#5528=CARTESIAN_POINT('Ctrl Pts',(-28.0402020837353,148.404795799302,172.03034773747));
#5529=CARTESIAN_POINT('Ctrl Pts',(-27.5103155631333,148.738849068328,172.673942159638));
#5530=CARTESIAN_POINT('Ctrl Pts',(-26.010019211772,149.849430198465,174.614650102981));
#5531=CARTESIAN_POINT('Ctrl Pts',(-24.7837333563505,151.26154189498,176.566368536276));
#5532=CARTESIAN_POINT('Ctrl Pts',(-24.0959672552732,152.315600700545,177.856670207687));
#5533=CARTESIAN_POINT('Ctrl Pts',(-23.2432040648721,154.009911332337,179.769883105284));
#5534=CARTESIAN_POINT('Ctrl Pts',(-22.5933731810477,155.820557951263,181.651026294577));
#5535=CARTESIAN_POINT('Ctrl Pts',(-22.3960206361833,156.433856076171,182.274713690137));
#5536=CARTESIAN_POINT('Ctrl Pts',(-22.1233903707502,157.36559952503,183.205479848797));
#5537=CARTESIAN_POINT('Ctrl Pts',(-21.8796008904498,158.310088922782,184.13100123975));
#5538=CARTESIAN_POINT('Ctrl Pts',(-21.801639349319,158.624904634252,184.439948397311));
#5539=CARTESIAN_POINT('Ctrl Pts',(-21.6869782643339,159.102396905032,184.899742644115));
#5540=CARTESIAN_POINT('Ctrl Pts',(-21.5776396708707,159.580717795575,185.359538923114));
#5541=CARTESIAN_POINT('Ctrl Pts',(-21.5420733505291,159.739382519446,185.513475283588));
#5542=CARTESIAN_POINT('Ctrl Pts',(-21.4719994407305,160.056804198585,185.821369144091));
#5543=CARTESIAN_POINT('Ctrl Pts',(-21.4013841873433,160.380569712952,186.124430358821));
#5544=CARTESIAN_POINT('Ctrl Pts',(-21.3614219278304,160.550256562058,186.269026279749));
#5545=CARTESIAN_POINT('Ctrl Pts',(-21.3298426557931,160.711648491178,186.421396489984));
#5546=CARTESIAN_POINT('Ctrl Pts',(-21.301502836709,160.857198232991,186.586672986713));
#5547=CARTESIAN_POINT('Ctrl Pts',(-39.4960788711083,145.838570067789,162.470120296156));
#5548=CARTESIAN_POINT('Ctrl Pts',(-39.1214808290855,145.867280053788,162.713546236149));
#5549=CARTESIAN_POINT('Ctrl Pts',(-38.7441442205066,145.893477875739,162.955919423512));
#5550=CARTESIAN_POINT('Ctrl Pts',(-38.3743237629468,145.922248174843,163.208659869012));
#5551=CARTESIAN_POINT('Ctrl Pts',(-37.6328148690047,145.984468202375,163.710290796941));
#5552=CARTESIAN_POINT('Ctrl Pts',(-36.8986205855909,146.055030043464,164.221397489401));
#5553=CARTESIAN_POINT('Ctrl Pts',(-36.533553648855,146.092814108162,164.479507419198));
#5554=CARTESIAN_POINT('Ctrl Pts',(-35.4448987071548,146.213408957385,165.261986606662));
#5555=CARTESIAN_POINT('Ctrl Pts',(-34.3778280525319,146.35935142589,166.070051538262));
#5556=CARTESIAN_POINT('Ctrl Pts',(-33.6780134594824,146.470440410308,166.621189687744));
#5557=CARTESIAN_POINT('Ctrl Pts',(-32.306040036921,146.726777810342,167.750865094634));
#5558=CARTESIAN_POINT('Ctrl Pts',(-31.0014905821764,147.069124177862,168.936035534473));
#5559=CARTESIAN_POINT('Ctrl Pts',(-30.3692851472062,147.266293971985,169.5426072094));
#5560=CARTESIAN_POINT('Ctrl Pts',(-29.1517150765705,147.722903848112,170.781747410156));
#5561=CARTESIAN_POINT('Ctrl Pts',(-28.0392185117788,148.315717330125,172.060663455378));
#5562=CARTESIAN_POINT('Ctrl Pts',(-27.5119089218182,148.649037589195,172.707067171499));
#5563=CARTESIAN_POINT('Ctrl Pts',(-26.02094465163,149.757750477318,174.656473602587));
#5564=CARTESIAN_POINT('Ctrl Pts',(-24.8048219901326,151.167639906307,176.615063278292));
#5565=CARTESIAN_POINT('Ctrl Pts',(-24.1233864678374,152.218867771403,177.909321071656));
#5566=CARTESIAN_POINT('Ctrl Pts',(-23.2760177141102,153.906861371575,179.828505837928));
#5567=CARTESIAN_POINT('Ctrl Pts',(-22.6317041882984,155.710500044402,181.717732151839));
#5568=CARTESIAN_POINT('Ctrl Pts',(-22.4358589751588,156.32123977418,182.344034669046));
#5569=CARTESIAN_POINT('Ctrl Pts',(-22.1655953645174,157.249224129994,183.279164726547));
#5570=CARTESIAN_POINT('Ctrl Pts',(-21.9242453673364,158.189694111851,184.209458755225));
#5571=CARTESIAN_POINT('Ctrl Pts',(-21.8471289382317,158.503107581125,184.520057135646));
#5572=CARTESIAN_POINT('Ctrl Pts',(-21.7337358990968,158.978462435672,184.982394701526));
#5573=CARTESIAN_POINT('Ctrl Pts',(-21.6257839159514,159.454365506073,185.445054705614));
#5574=CARTESIAN_POINT('Ctrl Pts',(-21.5907099439448,159.612170293513,185.600001857797));
#5575=CARTESIAN_POINT('Ctrl Pts',(-21.5216840435862,159.927736764327,185.910051527096));
#5576=CARTESIAN_POINT('Ctrl Pts',(-21.4522457591013,160.249292550955,186.215615321492));
#5577=CARTESIAN_POINT('Ctrl Pts',(-21.4113253389532,160.417487534658,186.361600566339));
#5578=CARTESIAN_POINT('Ctrl Pts',(-21.3824529631734,160.576031952759,186.517098083439));
#5579=CARTESIAN_POINT('Ctrl Pts',(-21.3545955897423,160.722191431851,186.681952844667));
#5580=CARTESIAN_POINT('Ctrl Pts',(-39.4914740011439,145.770378189202,162.46947175264));
#5581=CARTESIAN_POINT('Ctrl Pts',(-39.1162966987857,145.798954173531,162.712740561115));
#5582=CARTESIAN_POINT('Ctrl Pts',(-38.7393834825049,145.824879232236,162.956545819012));
#5583=CARTESIAN_POINT('Ctrl Pts',(-38.3688518170961,145.853061744955,163.209227470463));
#5584=CARTESIAN_POINT('Ctrl Pts',(-37.6265742291208,145.913977352716,163.711782492875));
#5585=CARTESIAN_POINT('Ctrl Pts',(-36.8916562573914,145.983095625696,164.223987017044));
#5586=CARTESIAN_POINT('Ctrl Pts',(-36.5261881750629,146.020151802538,164.482593131574));
#5587=CARTESIAN_POINT('Ctrl Pts',(-35.4364482051595,146.138589518119,165.266856090569));
#5588=CARTESIAN_POINT('Ctrl Pts',(-34.3684634399866,146.28242549436,166.077129324784));
#5589=CARTESIAN_POINT('Ctrl Pts',(-33.6683619927578,146.392232864574,166.629871263814));
#5590=CARTESIAN_POINT('Ctrl Pts',(-32.2962410291208,146.646088526969,167.763131987928));
#5591=CARTESIAN_POINT('Ctrl Pts',(-30.9924139982325,146.986055651301,168.952798689616));
#5592=CARTESIAN_POINT('Ctrl Pts',(-30.3612433123239,147.182252962131,169.561613283536));
#5593=CARTESIAN_POINT('Ctrl Pts',(-29.1459664620657,147.63675901588,170.80592223022));
#5594=CARTESIAN_POINT('Ctrl Pts',(-28.0377933490629,148.227863359135,172.090491860588));
#5595=CARTESIAN_POINT('Ctrl Pts',(-27.5130454490308,148.56041302233,172.739671025309));
#5596=CARTESIAN_POINT('Ctrl Pts',(-26.0315153044867,149.667132182813,174.697797779482));
#5597=CARTESIAN_POINT('Ctrl Pts',(-24.8254769156295,151.074418439579,176.663301655903));
#5598=CARTESIAN_POINT('Ctrl Pts',(-24.1511807348778,152.122854508582,177.961796882937));
#5599=CARTESIAN_POINT('Ctrl Pts',(-23.3084805170413,153.803925468059,179.886974434297));
#5600=CARTESIAN_POINT('Ctrl Pts',(-22.670198762339,155.600386737414,181.784631698203));
#5601=CARTESIAN_POINT('Ctrl Pts',(-22.4758256197835,156.208443358774,182.413614758784));
#5602=CARTESIAN_POINT('Ctrl Pts',(-22.2080412822727,157.132520566142,183.353287809182));
#5603=CARTESIAN_POINT('Ctrl Pts',(-21.9692652951092,158.068723067555,184.288631703551));
#5604=CARTESIAN_POINT('Ctrl Pts',(-21.8929793050258,158.380772650513,184.600873642736));
#5605=CARTESIAN_POINT('Ctrl Pts',(-21.7809470248761,158.853711387362,185.066011784527));
#5606=CARTESIAN_POINT('Ctrl Pts',(-21.6745151646745,159.326721921989,185.531971622867));
#5607=CARTESIAN_POINT('Ctrl Pts',(-21.6399568349259,159.483559362003,185.688040556352));
#5608=CARTESIAN_POINT('Ctrl Pts',(-21.5719239522746,159.797257872628,186.000318459235));
#5609=CARTESIAN_POINT('Ctrl Pts',(-21.5041220468814,160.115285900553,186.309554299709));
#5610=CARTESIAN_POINT('Ctrl Pts',(-21.4722144507741,160.261959274698,186.475863015494));
#5611=CARTESIAN_POINT('Ctrl Pts',(-21.4427047230182,160.41853510427,186.632959521447));
#5612=CARTESIAN_POINT('Ctrl Pts',(-21.4118922886699,160.574310655137,186.788983459441));
#5613=CARTESIAN_POINT('Ctrl Pts',(-39.4871359107485,145.702803607845,162.469056270299));
#5614=CARTESIAN_POINT('Ctrl Pts',(-39.1118157689539,145.731364974943,162.712752611474));
#5615=CARTESIAN_POINT('Ctrl Pts',(-38.7350458751952,145.757249735426,162.957390700127));
#5616=CARTESIAN_POINT('Ctrl Pts',(-38.3635909757573,145.784810829213,163.209742910342));
#5617=CARTESIAN_POINT('Ctrl Pts',(-37.6205106236922,145.844381605103,163.713226753689));
#5618=CARTESIAN_POINT('Ctrl Pts',(-36.8848439981296,145.912025380367,164.22657154465));
#5619=CARTESIAN_POINT('Ctrl Pts',(-36.5189361751703,145.948329800341,164.485653111096));
#5620=CARTESIAN_POINT('Ctrl Pts',(-35.4279967424776,146.064600581818,165.271617201631));
#5621=CARTESIAN_POINT('Ctrl Pts',(-34.3591164152696,146.206365221282,166.084191473279));
#5622=CARTESIAN_POINT('Ctrl Pts',(-33.6586938359631,146.314931142135,166.63850603413));
#5623=CARTESIAN_POINT('Ctrl Pts',(-32.2862491645635,146.566401385909,167.775156609081));
#5624=CARTESIAN_POINT('Ctrl Pts',(-30.9831238225609,146.904117759819,168.969319574683));
#5625=CARTESIAN_POINT('Ctrl Pts',(-30.3529537923432,147.099407945166,169.580270473457));
#5626=CARTESIAN_POINT('Ctrl Pts',(-29.1397505225233,147.551863527177,170.829539863824));
#5627=CARTESIAN_POINT('Ctrl Pts',(-28.0357325946111,148.141217424498,172.119583266382));
#5628=CARTESIAN_POINT('Ctrl Pts',(-27.5136002705202,148.472966409582,172.771589879698));
#5629=CARTESIAN_POINT('Ctrl Pts',(-26.0407370860747,149.577286100983,174.737946420699));
#5630=CARTESIAN_POINT('Ctrl Pts',(-24.8453777689992,150.981655074115,176.711308374451));
#5631=CARTESIAN_POINT('Ctrl Pts',(-24.1776336798573,152.026941781094,178.01401640941));
#5632=CARTESIAN_POINT('Ctrl Pts',(-23.3401094305443,153.700936505006,179.945290216059));
#5633=CARTESIAN_POINT('Ctrl Pts',(-22.707966731944,155.489924744105,181.851714101278));
#5634=CARTESIAN_POINT('Ctrl Pts',(-22.5152891992271,156.095287606574,182.483482196161));
#5635=CARTESIAN_POINT('Ctrl Pts',(-22.2503047325804,157.015382857022,183.427856008575));
#5636=CARTESIAN_POINT('Ctrl Pts',(-22.014348513404,157.947144347798,184.368487750623));
#5637=CARTESIAN_POINT('Ctrl Pts',(-21.9388831727059,158.257902820639,184.682338814114));
#5638=CARTESIAN_POINT('Ctrl Pts',(-21.8283334561977,158.728161447119,185.150522041371));
#5639=CARTESIAN_POINT('Ctrl Pts',(-21.7235457884882,159.197931567558,185.620096113181));
#5640=CARTESIAN_POINT('Ctrl Pts',(-21.689495194227,159.353786764237,185.777309468963));
#5641=CARTESIAN_POINT('Ctrl Pts',(-21.6223550400455,159.66565861102,186.091824191824));
#5642=CARTESIAN_POINT('Ctrl Pts',(-21.5563973168203,159.979644334502,186.405128100491));
#5643=CARTESIAN_POINT('Ctrl Pts',(-21.5235304182879,160.137555225622,186.561287144793));
#5644=CARTESIAN_POINT('Ctrl Pts',(-21.4937587888004,160.290842376183,186.720990946713));
#5645=CARTESIAN_POINT('Ctrl Pts',(-21.4654940997353,160.438196253202,186.884855189487));
#5646=CARTESIAN_POINT('Ctrl Pts',(-39.479095876753,145.568692862946,162.468833395853));
#5647=CARTESIAN_POINT('Ctrl Pts',(-39.1034883558376,145.597392793883,162.713284611976));
#5648=CARTESIAN_POINT('Ctrl Pts',(-38.7265062636244,145.623335531106,162.958770179901));
#5649=CARTESIAN_POINT('Ctrl Pts',(-38.3535156872498,145.649795952325,163.210834032908));
#5650=CARTESIAN_POINT('Ctrl Pts',(-37.6089127227055,145.706714502288,163.716341499418));
#5651=CARTESIAN_POINT('Ctrl Pts',(-36.8716320165296,145.771412747471,164.231880078662));
#5652=CARTESIAN_POINT('Ctrl Pts',(-36.5048233392538,145.806227908216,164.491928277707));
#5653=CARTESIAN_POINT('Ctrl Pts',(-35.4113447019306,145.918201698385,165.281189110474));
#5654=CARTESIAN_POINT('Ctrl Pts',(-34.3405694022194,146.055935367093,166.098242825661));
#5655=CARTESIAN_POINT('Ctrl Pts',(-33.6394303664152,146.162089310516,166.655667359457));
#5656=CARTESIAN_POINT('Ctrl Pts',(-32.2662269651167,146.409029236376,167.798918665698));
#5657=CARTESIAN_POINT('Ctrl Pts',(-30.9643102094324,146.742474733779,169.001755670691));
#5658=CARTESIAN_POINT('Ctrl Pts',(-30.3361058537471,146.936055651526,169.616912904666));
#5659=CARTESIAN_POINT('Ctrl Pts',(-29.1266008181123,147.384510406229,170.875585749971));
#5660=CARTESIAN_POINT('Ctrl Pts',(-28.0304597810382,147.970253072917,172.176186429442));
#5661=CARTESIAN_POINT('Ctrl Pts',(-27.5130873472879,148.300187968689,172.833609165819));
#5662=CARTESIAN_POINT('Ctrl Pts',(-26.0571164219961,149.399146195934,174.816354435028));
#5663=CARTESIAN_POINT('Ctrl Pts',(-24.8813679034305,150.796322197431,176.805399140535));
#5664=CARTESIAN_POINT('Ctrl Pts',(-24.2294004957982,151.835789855263,178.117745702177));
#5665=CARTESIAN_POINT('Ctrl Pts',(-23.4002854045056,153.494341048651,180.061804742017));
#5666=CARTESIAN_POINT('Ctrl Pts',(-22.782493416025,155.268477213625,181.986343114085));
#5667=CARTESIAN_POINT('Ctrl Pts',(-22.5931135216413,155.86822780447,182.623876948819));
#5668=CARTESIAN_POINT('Ctrl Pts',(-22.3341925801398,156.780147957764,183.577961702853));
#5669=CARTESIAN_POINT('Ctrl Pts',(-22.1043234293867,157.702835894797,184.529449359318));
#5670=CARTESIAN_POINT('Ctrl Pts',(-22.0306454239153,158.010854563021,184.846676159538));
#5671=CARTESIAN_POINT('Ctrl Pts',(-21.9232547005375,158.475454186598,185.321227327167));
#5672=CARTESIAN_POINT('Ctrl Pts',(-21.8217812485014,158.938781222434,185.797979877822));
#5673=CARTESIAN_POINT('Ctrl Pts',(-21.7887409033765,159.092687379421,185.957452323807));
#5674=CARTESIAN_POINT('Ctrl Pts',(-21.7236692354172,159.40042185093,186.2767433898));
#5675=CARTESIAN_POINT('Ctrl Pts',(-21.6611476254813,159.707339299459,186.597070362258));
#5676=CARTESIAN_POINT('Ctrl Pts',(-21.6307325905933,159.86031369446,186.757746082461));
#5677=CARTESIAN_POINT('Ctrl Pts',(-21.6026293789594,160.010611098834,186.920168859263));
#5678=CARTESIAN_POINT('Ctrl Pts',(-21.5754657024896,160.156662732331,187.085281041729));
#5679=CARTESIAN_POINT('Ctrl Pts',(-39.4717564288193,145.436155361676,162.469112304044));
#5680=CARTESIAN_POINT('Ctrl Pts',(-39.0958866762351,145.465211288881,162.714241480892));
#5681=CARTESIAN_POINT('Ctrl Pts',(-38.7183812884904,145.491370474666,162.960053045576));
#5682=CARTESIAN_POINT('Ctrl Pts',(-38.3441092156218,145.517039162659,163.21202144606));
#5683=CARTESIAN_POINT('Ctrl Pts',(-37.5980697669023,145.571606105757,163.719614327784));
#5684=CARTESIAN_POINT('Ctrl Pts',(-36.859110058947,145.633496718263,164.237333128755));
#5685=CARTESIAN_POINT('Ctrl Pts',(-36.4913728789405,145.666904739994,164.498356916703));
#5686=CARTESIAN_POINT('Ctrl Pts',(-35.3952139705055,145.774785371914,165.290799928174));
#5687=CARTESIAN_POINT('Ctrl Pts',(-34.322401306957,145.908762505339,166.112045067566));
#5688=CARTESIAN_POINT('Ctrl Pts',(-33.620421883968,146.012677244767,166.672487437921));
#5689=CARTESIAN_POINT('Ctrl Pts',(-32.2462618813848,146.2555256452,167.822044302705));
#5690=CARTESIAN_POINT('Ctrl Pts',(-30.945375471231,146.585195275633,169.032933113202));
#5691=CARTESIAN_POINT('Ctrl Pts',(-30.318906366361,146.77720166372,169.652156034258));
#5692=CARTESIAN_POINT('Ctrl Pts',(-29.1125578536084,147.221891863868,170.919407904776));
#5693=CARTESIAN_POINT('Ctrl Pts',(-28.0234588197113,147.803786766355,172.229879643354));
#5694=CARTESIAN_POINT('Ctrl Pts',(-27.5101129737119,148.131552814176,172.892389166947));
#5695=CARTESIAN_POINT('Ctrl Pts',(-26.0695219147969,149.22393623456,174.891099921489));
#5696=CARTESIAN_POINT('Ctrl Pts',(-24.9119892535095,150.611947374226,176.896456671416));
#5697=CARTESIAN_POINT('Ctrl Pts',(-24.2762127467081,151.644964072882,178.219678268845));
#5698=CARTESIAN_POINT('Ctrl Pts',(-23.4569914044463,153.287406238632,180.178534728563));
#5699=CARTESIAN_POINT('Ctrl Pts',(-22.854891096175,155.045981571038,182.12194748094));
#5700=CARTESIAN_POINT('Ctrl Pts',(-22.6691388398792,155.639851556682,182.765676934995));
#5701=CARTESIAN_POINT('Ctrl Pts',(-22.4170260153196,156.543201887724,183.729960376414));
#5702=CARTESIAN_POINT('Ctrl Pts',(-22.1939189069863,157.456390864276,184.692733158693));
#5703=CARTESIAN_POINT('Ctrl Pts',(-22.1223144803001,157.76132653147,185.013633761315));
#5704=CARTESIAN_POINT('Ctrl Pts',(-22.0183355891316,158.220034499614,185.494751560499));
#5705=CARTESIAN_POINT('Ctrl Pts',(-21.9203212575719,158.677008973926,185.97847107194));
#5706=CARTESIAN_POINT('Ctrl Pts',(-21.8883751986658,158.828912863467,186.14017602601));
#5707=CARTESIAN_POINT('Ctrl Pts',(-21.8257242007302,159.132235062854,186.464220247327));
#5708=CARTESIAN_POINT('Ctrl Pts',(-21.7663894790069,159.433470412299,186.790013052752));
#5709=CARTESIAN_POINT('Ctrl Pts',(-21.7378099447408,159.583294791449,186.953504995702));
#5710=CARTESIAN_POINT('Ctrl Pts',(-21.711075548044,159.731013669794,187.118206237551));
#5711=CARTESIAN_POINT('Ctrl Pts',(-21.6849890555143,159.875360893343,187.284864030904));
#5712=CARTESIAN_POINT('Ctrl Pts',(-39.4681605377998,145.370154955506,162.469258364366));
#5713=CARTESIAN_POINT('Ctrl Pts',(-39.0921199176545,145.399414818462,162.714656977549));
#5714=CARTESIAN_POINT('Ctrl Pts',(-38.7143660747965,145.425683366763,162.960667850883));
#5715=CARTESIAN_POINT('Ctrl Pts',(-38.3395236869351,145.451045532693,163.212641080555));
#5716=CARTESIAN_POINT('Ctrl Pts',(-37.5927802572146,145.50456603541,163.721245321858));
#5717=CARTESIAN_POINT('Ctrl Pts',(-36.8529921966783,145.56512168728,164.240066376111));
#5718=CARTESIAN_POINT('Ctrl Pts',(-36.4847938946542,145.597861214001,164.501584525092));
#5719=CARTESIAN_POINT('Ctrl Pts',(-35.3872957188657,145.703778464567,165.295614734597));
#5720=CARTESIAN_POINT('Ctrl Pts',(-34.3134353685645,145.835959343061,166.118857332375));
#5721=CARTESIAN_POINT('Ctrl Pts',(-33.6110104057603,145.938803641481,166.680782268151));
#5722=CARTESIAN_POINT('Ctrl Pts',(-32.2363417436493,146.179709937022,167.833445683542));
#5723=CARTESIAN_POINT('Ctrl Pts',(-30.9359648208169,146.507620698707,169.048189367246));
#5724=CARTESIAN_POINT('Ctrl Pts',(-30.3102721082926,146.698855329947,169.669417044774));
#5725=CARTESIAN_POINT('Ctrl Pts',(-29.1054469599661,147.141730247791,170.94079553916));
#5726=CARTESIAN_POINT('Ctrl Pts',(-28.0196595343286,147.721637498327,172.256047668629));
#5727=CARTESIAN_POINT('Ctrl Pts',(-27.5081559701246,148.048237213733,172.921032525059));
#5728=CARTESIAN_POINT('Ctrl Pts',(-26.0748147866808,149.137026949344,174.927613973057));
#5729=CARTESIAN_POINT('Ctrl Pts',(-24.9263214526115,150.520086406588,176.941324694012));
#5730=CARTESIAN_POINT('Ctrl Pts',(-24.2978864438134,151.549437072192,178.270104306571));
#5731=CARTESIAN_POINT('Ctrl Pts',(-23.4849938767868,153.184023542376,180.237064710003));
#5732=CARTESIAN_POINT('Ctrl Pts',(-22.8905618310811,154.934482057424,182.190008522997));
#5733=CARTESIAN_POINT('Ctrl Pts',(-22.7067901220172,155.525374798876,182.836951024171));
#5734=CARTESIAN_POINT('Ctrl Pts',(-22.4582142940718,156.424341777798,183.80642718339));
#5735=CARTESIAN_POINT('Ctrl Pts',(-22.2386080346518,157.332674836987,184.774909918964));
#5736=CARTESIAN_POINT('Ctrl Pts',(-22.1681155357013,157.635968139623,185.097724602672));
#5737=CARTESIAN_POINT('Ctrl Pts',(-22.0658780144872,158.091752741586,185.582094415567));
#5738=CARTESIAN_POINT('Ctrl Pts',(-21.9696373484375,158.545615343033,186.06918527448));
#5739=CARTESIAN_POINT('Ctrl Pts',(-21.938273452304,158.696501378475,186.231992666458));
#5740=CARTESIAN_POINT('Ctrl Pts',(-21.8769079472181,158.997637082803,186.558317319966));
#5741=CARTESIAN_POINT('Ctrl Pts',(-21.8190921614677,159.296372274171,186.886471475838));
#5742=CARTESIAN_POINT('Ctrl Pts',(-21.7913367666488,159.444887453231,187.05111512577));
#5743=CARTESIAN_POINT('Ctrl Pts',(-21.7651572184239,159.591431260045,187.21683066707));
#5744=CARTESIAN_POINT('Ctrl Pts',(-21.7395606845423,159.734895724641,187.384282872082));
#5745=CARTESIAN_POINT('Ctrl Pts',(-39.4573609316016,145.172550617037,162.469515248704));
#5746=CARTESIAN_POINT('Ctrl Pts',(-39.0807553623987,145.202464642593,162.715634307193));
#5747=CARTESIAN_POINT('Ctrl Pts',(-38.7022623480559,145.229099254073,162.962271411106));
#5748=CARTESIAN_POINT('Ctrl Pts',(-38.3259133708127,145.25376600856,163.214458530183));
#5749=CARTESIAN_POINT('Ctrl Pts',(-37.5770684581117,145.304612172442,163.72590587596));
#5750=CARTESIAN_POINT('Ctrl Pts',(-36.8348679179627,145.361479554753,164.248057996517));
#5751=CARTESIAN_POINT('Ctrl Pts',(-36.4653427122593,145.392341253131,164.511128189124));
#5752=CARTESIAN_POINT('Ctrl Pts',(-35.3639189973768,145.492706659882,165.30996793575));
#5753=CARTESIAN_POINT('Ctrl Pts',(-34.2868675167885,145.619779524377,166.138896619753));
#5754=CARTESIAN_POINT('Ctrl Pts',(-33.58305031915,145.719569776978,166.705186327486));
#5755=CARTESIAN_POINT('Ctrl Pts',(-32.2068293191937,145.954946692526,167.867118026991));
#5756=CARTESIAN_POINT('Ctrl Pts',(-30.9080661805353,146.27796529828,169.092934517316));
#5757=CARTESIAN_POINT('Ctrl Pts',(-30.2843714173213,146.466890190323,169.720123178944));
#5758=CARTESIAN_POINT('Ctrl Pts',(-29.0842322590558,146.904559204131,171.003542730157));
#5759=CARTESIAN_POINT('Ctrl Pts',(-28.00783253068,147.478327968914,172.332753171938));
#5760=CARTESIAN_POINT('Ctrl Pts',(-27.501443429314,147.801222323119,173.005030196693));
#5761=CARTESIAN_POINT('Ctrl Pts',(-26.0886018985048,148.878394047402,175.034925746459));
#5762=CARTESIAN_POINT('Ctrl Pts',(-24.9676101413786,150.245804643681,177.074378037255));
#5763=CARTESIAN_POINT('Ctrl Pts',(-24.3573534328493,151.26232244204,178.419708591738));
#5764=CARTESIAN_POINT('Ctrl Pts',(-23.5692367442327,152.874547128791,180.413363324955));
#5765=CARTESIAN_POINT('Ctrl Pts',(-22.9962371501366,154.599334972608,182.394966478655));
#5766=CARTESIAN_POINT('Ctrl Pts',(-22.8191521207633,155.181312223234,183.051933946997));
#5767=CARTESIAN_POINT('Ctrl Pts',(-22.5813419630551,156.066764104306,184.037175822388));
#5768=CARTESIAN_POINT('Ctrl Pts',(-22.3724547378787,156.960189669491,185.022904261315));
#5769=CARTESIAN_POINT('Ctrl Pts',(-22.3054425566281,157.258384826098,185.351568376601));
#5770=CARTESIAN_POINT('Ctrl Pts',(-22.2085492090476,157.705459589834,185.845566182485));
#5771=CARTESIAN_POINT('Ctrl Pts',(-22.117769331621,158.150087346382,186.342498357506));
#5772=CARTESIAN_POINT('Ctrl Pts',(-22.0882195910015,158.297916533978,186.508535742643));
#5773=CARTESIAN_POINT('Ctrl Pts',(-22.0307694408178,158.592591405338,186.841438156896));
#5774=CARTESIAN_POINT('Ctrl Pts',(-21.9772897726558,158.884217446447,187.176225381232));
#5775=CARTESIAN_POINT('Ctrl Pts',(-21.9517459730873,159.029057660177,187.344104290738));
#5776=CARTESIAN_POINT('Ctrl Pts',(-21.9273098510449,159.172291032561,187.512716559969));
#5777=CARTESIAN_POINT('Ctrl Pts',(-21.9032409924171,159.313181832894,187.682489899703));
#5778=CARTESIAN_POINT('Ctrl Pts',(-39.4463090580796,144.975238253952,162.469235230661));
#5779=CARTESIAN_POINT('Ctrl Pts',(-39.069002642767,145.005876922299,162.71587381034));
#5780=CARTESIAN_POINT('Ctrl Pts',(-38.6898301068727,145.033012971069,162.963272072476));
#5781=CARTESIAN_POINT('Ctrl Pts',(-38.3124554512969,145.057649138675,163.216108197409));
#5782=CARTESIAN_POINT('Ctrl Pts',(-37.5615529957998,145.107274670379,163.729829678874));
#5783=CARTESIAN_POINT('Ctrl Pts',(-36.8171693836674,145.161571687411,164.255277870272));
#5784=CARTESIAN_POINT('Ctrl Pts',(-36.4465118784284,145.191001999652,164.520083097464));
#5785=CARTESIAN_POINT('Ctrl Pts',(-35.3415379690187,145.28700179348,165.323864722338));
#5786=CARTESIAN_POINT('Ctrl Pts',(-34.2612653801337,145.409869781884,166.157675966041));
#5787=CARTESIAN_POINT('Ctrl Pts',(-33.5559362019364,145.507096258875,166.728075926552));
#5788=CARTESIAN_POINT('Ctrl Pts',(-32.1782078816071,145.73783733122,167.899157949913));
#5789=CARTESIAN_POINT('Ctrl Pts',(-30.8813361267463,146.057008529101,169.134771992079));
#5790=CARTESIAN_POINT('Ctrl Pts',(-30.2587527774238,146.243640801515,169.767760833523));
#5791=CARTESIAN_POINT('Ctrl Pts',(-29.0639066744911,146.676815093796,171.06241336241));
#5792=CARTESIAN_POINT('Ctrl Pts',(-27.9955161577332,147.243981386702,172.404642486788));
#5793=CARTESIAN_POINT('Ctrl Pts',(-27.4934505358436,147.56272013169,173.083938615094));
#5794=CARTESIAN_POINT('Ctrl Pts',(-26.097749425566,148.62602887902,175.13643597114));
#5795=CARTESIAN_POINT('Ctrl Pts',(-25.0046320127668,149.975457832455,177.203365944934));
#5796=CARTESIAN_POINT('Ctrl Pts',(-24.4043997346423,150.974857994325,178.565458683834));
#5797=CARTESIAN_POINT('Ctrl Pts',(-23.6531397115061,152.56665781621,180.591311711771));
#5798=CARTESIAN_POINT('Ctrl Pts',(-23.0987524847266,154.262585935543,182.602251870984));
#5799=CARTESIAN_POINT('Ctrl Pts',(-22.9302658604451,154.835650046004,183.270258664726));
#5800=CARTESIAN_POINT('Ctrl Pts',(-22.7034642188646,155.706467659363,184.271714616596));
#5801=CARTESIAN_POINT('Ctrl Pts',(-22.5057635847445,156.584076501961,185.274840876433));
#5802=CARTESIAN_POINT('Ctrl Pts',(-22.4425693488173,156.876804114166,185.609522767811));
#5803=CARTESIAN_POINT('Ctrl Pts',(-22.3513636336129,157.31534429478,186.112731327042));
#5804=CARTESIAN_POINT('Ctrl Pts',(-22.2663474207902,157.751047418433,186.618718193502));
#5805=CARTESIAN_POINT('Ctrl Pts',(-22.2387415385067,157.895849607086,186.78774555917));
#5806=CARTESIAN_POINT('Ctrl Pts',(-22.1852414993021,158.184351164986,187.12653777722));
#5807=CARTESIAN_POINT('Ctrl Pts',(-22.1355891224705,158.46979199763,187.466933487851));
#5808=CARTESIAN_POINT('Ctrl Pts',(-22.1118750132093,158.61152107685,187.637593620647));
#5809=CARTESIAN_POINT('Ctrl Pts',(-22.0892365471621,158.751956342222,187.808723314597));
#5810=CARTESIAN_POINT('Ctrl Pts',(-22.0667816659913,158.89049660031,187.980631213817));
#5811=CARTESIAN_POINT('Ctrl Pts',(-39.4386366411043,144.842974812287,162.46883788198));
#5812=CARTESIAN_POINT('Ctrl Pts',(-39.0608655402688,144.874079952908,162.715853121885));
#5813=CARTESIAN_POINT('Ctrl Pts',(-38.6812745740333,144.901654502405,162.963801930778));
#5814=CARTESIAN_POINT('Ctrl Pts',(-38.3032915620327,144.926558380756,163.217094631261));
#5815=CARTESIAN_POINT('Ctrl Pts',(-37.5510490221008,144.976073938082,163.732086602778));
#5816=CARTESIAN_POINT('Ctrl Pts',(-36.8053139701395,145.029313255261,164.259604301266));
#5817=CARTESIAN_POINT('Ctrl Pts',(-36.4340029679057,145.058046137845,164.52561280863));
#5818=CARTESIAN_POINT('Ctrl Pts',(-35.3269149566735,145.151822151765,165.332731119992));
#5819=CARTESIAN_POINT('Ctrl Pts',(-34.2445935540734,145.272341657861,166.169563512384));
#5820=CARTESIAN_POINT('Ctrl Pts',(-33.5382440505432,145.368093059379,166.742584076241));
#5821=CARTESIAN_POINT('Ctrl Pts',(-32.1596493833509,145.596146690775,167.919739919808));
#5822=CARTESIAN_POINT('Ctrl Pts',(-30.8641735227273,145.913112504393,169.161519016222));
#5823=CARTESIAN_POINT('Ctrl Pts',(-30.2420528404375,146.098231795242,169.798301292585));
#5824=CARTESIAN_POINT('Ctrl Pts',(-29.0512636404705,146.528724745501,171.100271703413));
#5825=CARTESIAN_POINT('Ctrl Pts',(-27.9878330131405,147.09133796312,172.45095868938));
#5826=CARTESIAN_POINT('Ctrl Pts',(-27.4888323276808,147.407300804558,173.134962535126));
#5827=CARTESIAN_POINT('Ctrl Pts',(-26.103348945357,148.460589335077,175.202351614163));
#5828=CARTESIAN_POINT('Ctrl Pts',(-25.0281481989278,149.796994642294,177.288109588581));
#5829=CARTESIAN_POINT('Ctrl Pts',(-24.4347950024408,150.784438292919,178.662175578257));
#5830=CARTESIAN_POINT('Ctrl Pts',(-23.7075680084193,152.361577773474,180.710108816911));
#5831=CARTESIAN_POINT('Ctrl Pts',(-23.1665471198143,154.037714090622,182.741496872672));
#5832=CARTESIAN_POINT('Ctrl Pts',(-23.0042718006038,154.604769034352,183.417159838179));
#5833=CARTESIAN_POINT('Ctrl Pts',(-22.7847459280757,155.465320554112,184.429531939458));
#5834=CARTESIAN_POINT('Ctrl Pts',(-22.5945394369881,156.332071603571,185.444151353221));
#5835=CARTESIAN_POINT('Ctrl Pts',(-22.5339441768925,156.621141143051,185.782765163704));
#5836=CARTESIAN_POINT('Ctrl Pts',(-22.4466767470055,157.054042025047,186.291923443813));
#5837=CARTESIAN_POINT('Ctrl Pts',(-22.3655394937728,157.483912469175,186.803652849347));
#5838=CARTESIAN_POINT('Ctrl Pts',(-22.3392107195877,157.626755754682,186.974552123612));
#5839=CARTESIAN_POINT('Ctrl Pts',(-22.288234133911,157.911303332586,187.317028796551));
#5840=CARTESIAN_POINT('Ctrl Pts',(-22.241028899303,158.19287863282,187.660908131046));
#5841=CARTESIAN_POINT('Ctrl Pts',(-22.2184962757376,158.332756498799,187.833215193782));
#5842=CARTESIAN_POINT('Ctrl Pts',(-22.1970035781537,158.471498447873,188.005864744757));
#5843=CARTESIAN_POINT('Ctrl Pts',(-22.1756255750818,158.608542156725,188.179138739675));
#5844=CARTESIAN_POINT('Ctrl Pts',(-39.4232236187103,144.576934790334,162.468540876532));
#5845=CARTESIAN_POINT('Ctrl Pts',(-39.0445194613646,144.608958434909,162.716354424423));
#5846=CARTESIAN_POINT('Ctrl Pts',(-38.6640368269663,144.637566418907,162.965332478076));
#5847=CARTESIAN_POINT('Ctrl Pts',(-38.2848311300596,144.663423830878,163.219435955794));
#5848=CARTESIAN_POINT('Ctrl Pts',(-37.5300046387045,144.71372476979,163.736788494912));
#5849=CARTESIAN_POINT('Ctrl Pts',(-36.7816584364978,144.765964509291,164.268063131309));
#5850=CARTESIAN_POINT('Ctrl Pts',(-36.4090843316789,144.793816623774,164.536271186523));
#5851=CARTESIAN_POINT('Ctrl Pts',(-35.298049303225,144.884493596318,165.349763435816));
#5852=CARTESIAN_POINT('Ctrl Pts',(-34.2119723766532,145.001174581886,166.19273551469));
#5853=CARTESIAN_POINT('Ctrl Pts',(-33.5036526464019,145.094463403534,166.770753526037));
#5854=CARTESIAN_POINT('Ctrl Pts',(-32.1234550216192,145.317978533571,167.959572676351));
#5855=CARTESIAN_POINT('Ctrl Pts',(-30.8305627229957,145.630874840066,169.213664453057));
#5856=CARTESIAN_POINT('Ctrl Pts',(-30.2096645765236,145.813319217804,169.857547258231));
#5857=CARTESIAN_POINT('Ctrl Pts',(-29.0264561432524,146.23851167759,171.173847482986));
#5858=CARTESIAN_POINT('Ctrl Pts',(-27.9727513755906,146.791899250549,172.541193723849));
#5859=CARTESIAN_POINT('Ctrl Pts',(-27.4805019604352,147.102421567114,173.234575887051));
#5860=CARTESIAN_POINT('Ctrl Pts',(-26.1148094621047,148.134874146587,175.331764282465));
#5861=CARTESIAN_POINT('Ctrl Pts',(-25.0700668991435,149.442284354571,177.455130690065));
#5862=CARTESIAN_POINT('Ctrl Pts',(-24.4990053221352,150.407567113225,178.856281726711));
#5863=CARTESIAN_POINT('Ctrl Pts',(-23.8094414872203,151.950297256905,180.946732781622));
#5864=CARTESIAN_POINT('Ctrl Pts',(-23.301019053197,153.587264296572,183.021614715312));
#5865=CARTESIAN_POINT('Ctrl Pts',(-23.1501709636123,154.141319805476,183.712381191915));
#5866=CARTESIAN_POINT('Ctrl Pts',(-22.9464232967989,154.981101862049,184.747191778457));
#5867=CARTESIAN_POINT('Ctrl Pts',(-22.7717802569711,155.82598035899,185.784666422165));
#5868=CARTESIAN_POINT('Ctrl Pts',(-22.7164698031092,156.107682592873,186.130989172072));
#5869=CARTESIAN_POINT('Ctrl Pts',(-22.6371517019297,156.529345635605,186.651663774007));
#5870=CARTESIAN_POINT('Ctrl Pts',(-22.5637763598977,156.947877444303,187.174364998585));
#5871=CARTESIAN_POINT('Ctrl Pts',(-22.540002446271,157.086939887818,187.348837094026));
#5872=CARTESIAN_POINT('Ctrl Pts',(-22.4940631688404,157.363977564153,187.698258946833));
#5873=CARTESIAN_POINT('Ctrl Pts',(-22.4516745757743,157.638389026365,188.048573055307));
#5874=CARTESIAN_POINT('Ctrl Pts',(-22.4314987163654,157.774842860895,188.223932636407));
#5875=CARTESIAN_POINT('Ctrl Pts',(-22.4122023097978,157.910348174555,188.399486649446));
#5876=CARTESIAN_POINT('Ctrl Pts',(-22.3929223366079,158.044464999032,188.575436666062));
#5877=CARTESIAN_POINT('Ctrl Pts',(-39.4075163120627,144.309149189528,162.468623940407));
#5878=CARTESIAN_POINT('Ctrl Pts',(-39.0278262921386,144.34206230803,162.717261643145));
#5879=CARTESIAN_POINT('Ctrl Pts',(-38.6463716566399,144.371826233571,162.967222487726));
#5880=CARTESIAN_POINT('Ctrl Pts',(-38.266042752398,144.399018979172,163.222256311402));
#5881=CARTESIAN_POINT('Ctrl Pts',(-37.5088225433236,144.451325278121,163.741883042045));
#5882=CARTESIAN_POINT('Ctrl Pts',(-36.758057486525,144.504220273187,164.276387941507));
#5883=CARTESIAN_POINT('Ctrl Pts',(-36.3843197725045,144.532020028602,164.546476870101));
#5884=CARTESIAN_POINT('Ctrl Pts',(-35.2697866060014,144.621874664615,165.365766156192));
#5885=CARTESIAN_POINT('Ctrl Pts',(-34.1805508242495,144.736350351103,166.215020428496));
#5886=CARTESIAN_POINT('Ctrl Pts',(-33.4704943610869,144.828096713494,166.797664347918));
#5887=CARTESIAN_POINT('Ctrl Pts',(-32.0888436302824,145.048578002293,167.997266555914));
#5888=CARTESIAN_POINT('Ctrl Pts',(-30.7981556617115,145.357999944138,169.263601887394));
#5889=CARTESIAN_POINT('Ctrl Pts',(-30.178924435015,145.5383244959,169.913799579958));
#5890=CARTESIAN_POINT('Ctrl Pts',(-29.0019238552798,145.958145044849,171.244050282529));
#5891=CARTESIAN_POINT('Ctrl Pts',(-27.9576977545535,146.502134512467,172.627708433612));
#5892=CARTESIAN_POINT('Ctrl Pts',(-27.4720122644681,146.807012196143,173.330262637921));
#5893=CARTESIAN_POINT('Ctrl Pts',(-26.1256868790729,147.817617659978,175.457395072604));
#5894=CARTESIAN_POINT('Ctrl Pts',(-25.1061174268962,149.092438104837,177.618702756501));
#5895=CARTESIAN_POINT('Ctrl Pts',(-24.5620963056906,150.035323185937,179.049646960585));
#5896=CARTESIAN_POINT('Ctrl Pts',(-23.90466176372,151.5389977228,181.183255508564));
#5897=CARTESIAN_POINT('Ctrl Pts',(-23.4327331018261,153.135341199229,183.304126164593));
#5898=CARTESIAN_POINT('Ctrl Pts',(-23.2929119741765,153.675212898302,184.010016520914));
#5899=CARTESIAN_POINT('Ctrl Pts',(-23.1064495589915,154.493601561254,185.067945268943));
#5900=CARTESIAN_POINT('Ctrl Pts',(-22.9482852167553,155.3164272837,186.127922372518));
#5901=CARTESIAN_POINT('Ctrl Pts',(-22.8983996282405,155.590737839694,186.481649593036));
#5902=CARTESIAN_POINT('Ctrl Pts',(-22.8271162192954,156.001306932649,187.013159633995));
#5903=CARTESIAN_POINT('Ctrl Pts',(-22.7615236890294,156.409027058896,187.54606177103));
#5904=CARTESIAN_POINT('Ctrl Pts',(-22.7403116305417,156.54453378001,187.72385136207));
#5905=CARTESIAN_POINT('Ctrl Pts',(-22.6993982574122,156.814600441812,188.079705038126));
#5906=CARTESIAN_POINT('Ctrl Pts',(-22.6617898184872,157.082425161833,188.436012587184));
#5907=CARTESIAN_POINT('Ctrl Pts',(-22.6439143185701,157.215692642602,188.614261834876));
#5908=CARTESIAN_POINT('Ctrl Pts',(-22.6268873994434,157.348210060606,188.792554307466));
#5909=CARTESIAN_POINT('Ctrl Pts',(-22.6097635113242,157.479568482532,188.971063368206));
#5910=CARTESIAN_POINT('Ctrl Pts',(-39.3995688613925,144.175127024162,162.468644381852));
#5911=CARTESIAN_POINT('Ctrl Pts',(-39.0193695675193,144.208479663192,162.717695759904));
#5912=CARTESIAN_POINT('Ctrl Pts',(-38.6374218032618,144.23880745282,162.968168267441));
#5913=CARTESIAN_POINT('Ctrl Pts',(-38.2565724162579,144.266656820209,163.223756631669));
#5914=CARTESIAN_POINT('Ctrl Pts',(-37.4982124637126,144.32006806438,163.744588953953));
#5915=CARTESIAN_POINT('Ctrl Pts',(-36.7462767726169,144.373557590234,164.280620671967));
#5916=CARTESIAN_POINT('Ctrl Pts',(-36.3719716082311,144.401490930585,164.55157149065));
#5917=CARTESIAN_POINT('Ctrl Pts',(-35.2557610518955,144.491400346055,165.373600352559));
#5918=CARTESIAN_POINT('Ctrl Pts',(-34.1650799363733,144.605159308342,166.226039100976));
#5919=CARTESIAN_POINT('Ctrl Pts',(-33.4542355758022,144.696350895349,166.810930277486));
#5920=CARTESIAN_POINT('Ctrl Pts',(-32.0718667890421,144.915653471291,168.015711178898));
#5921=CARTESIAN_POINT('Ctrl Pts',(-30.7821746162097,145.223455455835,169.288156935924));
#5922=CARTESIAN_POINT('Ctrl Pts',(-30.1638747652942,145.402831606609,169.941362589003));
#5923=CARTESIAN_POINT('Ctrl Pts',(-28.9895336331275,145.819893936603,171.278529387871));
#5924=CARTESIAN_POINT('Ctrl Pts',(-27.9500174700384,146.35915685789,172.670302758832));
#5925=CARTESIAN_POINT('Ctrl Pts',(-27.46726094604,146.661071314173,173.377372659032));
#5926=CARTESIAN_POINT('Ctrl Pts',(-26.1307520066524,147.660652983434,175.519539185113));
#5927=CARTESIAN_POINT('Ctrl Pts',(-25.1235724304374,148.918775879564,177.699964351004));
#5928=CARTESIAN_POINT('Ctrl Pts',(-24.5921047202761,149.849784121292,179.145834973732));
#5929=CARTESIAN_POINT('Ctrl Pts',(-23.9519100876842,151.333716686117,181.301799461235));
#5930=CARTESIAN_POINT('Ctrl Pts',(-23.4978320262012,152.909017266163,183.445779752664));
#5931=CARTESIAN_POINT('Ctrl Pts',(-23.3637084688531,153.441652572017,184.159312383657));
#5932=CARTESIAN_POINT('Ctrl Pts',(-23.1860695429784,154.24916686303,185.228849140901));
#5933=CARTESIAN_POINT('Ctrl Pts',(-23.0363250100573,155.060962849088,186.299968748984));
#5934=CARTESIAN_POINT('Ctrl Pts',(-22.9891799472547,155.331585421106,186.657328495199));
#5935=CARTESIAN_POINT('Ctrl Pts',(-22.9219324624512,155.736656487526,187.194118670186));
#5936=CARTESIAN_POINT('Ctrl Pts',(-22.8602368157638,156.139084820901,187.731985184999));
#5937=CARTESIAN_POINT('Ctrl Pts',(-22.8403068163728,156.272859098931,187.911390643279));
#5938=CARTESIAN_POINT('Ctrl Pts',(-22.801913364909,156.539539681175,188.270382681272));
#5939=CARTESIAN_POINT('Ctrl Pts',(-22.7667122523593,156.804189432607,188.629609876806));
#5940=CARTESIAN_POINT('Ctrl Pts',(-22.7500119134078,156.935942953316,188.809249895528));
#5941=CARTESIAN_POINT('Ctrl Pts',(-22.7340991629791,157.067008244336,188.98888031632));
#5942=CARTESIAN_POINT('Ctrl Pts',(-22.7180471246039,157.197003361194,189.168660058708));
#5943=CARTESIAN_POINT('Ctrl Pts',(-39.387642573015,143.974416127729,162.468612370736));
#5944=CARTESIAN_POINT('Ctrl Pts',(-39.006687691895,144.008421658312,162.718323339039));
#5945=CARTESIAN_POINT('Ctrl Pts',(-38.6240049502522,144.03953920755,162.969612690739));
#5946=CARTESIAN_POINT('Ctrl Pts',(-38.2423615584698,144.068285075192,163.226051893874));
#5947=CARTESIAN_POINT('Ctrl Pts',(-37.4823147111286,144.123305776179,163.748741502055));
#5948=CARTESIAN_POINT('Ctrl Pts',(-36.7286486495911,144.17785530483,164.287005226989));
#5949=CARTESIAN_POINT('Ctrl Pts',(-36.353499789531,144.20612561787,164.559183985806));
#5950=CARTESIAN_POINT('Ctrl Pts',(-35.2348414413155,144.296578925006,165.38517385144));
#5951=CARTESIAN_POINT('Ctrl Pts',(-34.1421215295562,144.409779522938,166.24230975305));
#5952=CARTESIAN_POINT('Ctrl Pts',(-33.4302100247592,144.500417483674,166.830524544175));
#5953=CARTESIAN_POINT('Ctrl Pts',(-32.0468336296797,144.718387463017,168.042881125672));
#5954=CARTESIAN_POINT('Ctrl Pts',(-30.7585480605365,145.023966087137,169.324302998311));
#5955=CARTESIAN_POINT('Ctrl Pts',(-30.14160554314,145.201968500614,169.982017184998));
#5956=CARTESIAN_POINT('Ctrl Pts',(-28.9710585192253,145.614921963971,171.329432593294));
#5957=CARTESIAN_POINT('Ctrl Pts',(-27.9383567902638,146.1469955947,172.733385484066));
#5958=CARTESIAN_POINT('Ctrl Pts',(-27.4595873379457,146.444304295906,173.447213826833));
#5959=CARTESIAN_POINT('Ctrl Pts',(-26.1374864093549,147.427106974546,175.611991018225));
#5960=CARTESIAN_POINT('Ctrl Pts',(-25.1501012249718,148.660170012836,177.821548883398));
#5961=CARTESIAN_POINT('Ctrl Pts',(-24.6355970437293,149.572373066311,179.289698197308));
#5962=CARTESIAN_POINT('Ctrl Pts',(-24.0223098579462,151.026273888621,181.479982528343));
#5963=CARTESIAN_POINT('Ctrl Pts',(-23.5947896643005,152.569187225738,183.658782211973));
#5964=CARTESIAN_POINT('Ctrl Pts',(-23.4696004385283,153.090893430357,184.38394001647));
#5965=CARTESIAN_POINT('Ctrl Pts',(-23.3051647869343,153.881774315335,185.470815730223));
#5966=CARTESIAN_POINT('Ctrl Pts',(-23.1681210426113,154.676972705089,186.558464151905));
#5967=CARTESIAN_POINT('Ctrl Pts',(-23.1251313682564,154.942085773477,186.921202513524));
#5968=CARTESIAN_POINT('Ctrl Pts',(-23.063985367606,155.338995375648,187.465798577623));
#5969=CARTESIAN_POINT('Ctrl Pts',(-23.0081448283891,155.733615560911,188.01096392831));
#5970=CARTESIAN_POINT('Ctrl Pts',(-22.990136466755,155.864837281473,188.192739562902));
#5971=CARTESIAN_POINT('Ctrl Pts',(-22.9555142277036,156.12653970978,188.55633112269));
#5972=CARTESIAN_POINT('Ctrl Pts',(-22.9239159443127,156.386520715461,188.91985298748));
#5973=CARTESIAN_POINT('Ctrl Pts',(-22.9089739080795,156.516032946786,189.101557009622));
#5974=CARTESIAN_POINT('Ctrl Pts',(-22.8947529952056,156.644955736094,189.283170360047));
#5975=CARTESIAN_POINT('Ctrl Pts',(-22.8803247582994,156.772935586136,189.464835213692));
#5976=CARTESIAN_POINT('Ctrl Pts',(-39.3758598635489,143.774265930419,162.468538330705));
#5977=CARTESIAN_POINT('Ctrl Pts',(-38.9941309891492,143.808910563322,162.718902394066));
#5978=CARTESIAN_POINT('Ctrl Pts',(-38.6106599385528,143.840737770514,162.970983297399));
#5979=CARTESIAN_POINT('Ctrl Pts',(-38.2281791329665,143.87024787839,163.228276675595));
#5980=CARTESIAN_POINT('Ctrl Pts',(-37.4664150107756,143.926736227308,163.752850633362));
#5981=CARTESIAN_POINT('Ctrl Pts',(-36.7110467548338,143.982454127336,164.293331798556));
#5982=CARTESIAN_POINT('Ctrl Pts',(-36.3350779848579,144.011187698259,164.566706573052));
#5983=CARTESIAN_POINT('Ctrl Pts',(-35.214078402681,144.10267211254,165.396535739538));
#5984=CARTESIAN_POINT('Ctrl Pts',(-34.119485393267,144.215966669435,166.258209243684));
#5985=CARTESIAN_POINT('Ctrl Pts',(-33.4066724000045,144.306410249178,166.849696321013));
#5986=CARTESIAN_POINT('Ctrl Pts',(-32.0224440233968,144.523611421705,168.069403772457));
#5987=CARTESIAN_POINT('Ctrl Pts',(-30.7354722669837,144.82722984989,169.359561587865));
#5988=CARTESIAN_POINT('Ctrl Pts',(-30.1198591914598,145.003913787528,170.021816788374));
#5989=CARTESIAN_POINT('Ctrl Pts',(-28.9529304683018,145.41280908917,171.379372727319));
#5990=CARTESIAN_POINT('Ctrl Pts',(-27.9266968261612,145.937566720142,172.795581641083));
#5991=CARTESIAN_POINT('Ctrl Pts',(-27.4516126809033,146.230151064155,173.516181102802));
#5992=CARTESIAN_POINT('Ctrl Pts',(-26.1434197032762,147.195890157581,175.703731405471));
#5993=CARTESIAN_POINT('Ctrl Pts',(-25.1765803632905,148.403726483807,177.942865615562));
#5994=CARTESIAN_POINT('Ctrl Pts',(-24.6779227458672,149.296320558242,179.433319893657));
#5995=CARTESIAN_POINT('Ctrl Pts',(-24.0916729362482,150.719301832614,181.658528861367));
#5996=CARTESIAN_POINT('Ctrl Pts',(-23.6910091893133,152.229004912375,183.872385981657));
#5997=CARTESIAN_POINT('Ctrl Pts',(-23.574944967974,152.739569836207,184.609260274272));
#5998=CARTESIAN_POINT('Ctrl Pts',(-23.4238246687552,153.513508651916,185.713400859852));
#5999=CARTESIAN_POINT('Ctrl Pts',(-23.299583492177,154.292068098164,186.817358098938));
#6000=CARTESIAN_POINT('Ctrl Pts',(-23.2607883800015,154.551696922331,187.185391613283));
#6001=CARTESIAN_POINT('Ctrl Pts',(-23.2057877137864,154.940539589927,187.737651704529));
#6002=CARTESIAN_POINT('Ctrl Pts',(-23.1558128054771,155.327494895516,188.289959173353));
#6003=CARTESIAN_POINT('Ctrl Pts',(-23.1397252581812,155.456215300334,188.474051810336));
#6004=CARTESIAN_POINT('Ctrl Pts',(-23.1088725449623,155.713045921596,188.842140778332));
#6005=CARTESIAN_POINT('Ctrl Pts',(-23.0808799199557,155.96845851678,189.209874077759));
#6006=CARTESIAN_POINT('Ctrl Pts',(-23.0676848471044,156.095769965448,189.393609969779));
#6007=CARTESIAN_POINT('Ctrl Pts',(-23.055184796569,156.222594835876,189.577177131547));
#6008=CARTESIAN_POINT('Ctrl Pts',(-23.0424040651445,156.348588735817,189.760709377236));
#6009=CARTESIAN_POINT('Ctrl Pts',(-39.3719548831116,143.707618437416,162.468508952532));
#6010=CARTESIAN_POINT('Ctrl Pts',(-38.989964841923,143.742474335427,162.719087317384));
#6011=CARTESIAN_POINT('Ctrl Pts',(-38.6062228997043,143.77452911064,162.971425547767));
#6012=CARTESIAN_POINT('Ctrl Pts',(-38.2234570207303,143.804278828805,163.229002862239));
#6013=CARTESIAN_POINT('Ctrl Pts',(-37.4611139185915,143.861235959596,163.754205900471));
#6014=CARTESIAN_POINT('Ctrl Pts',(-36.7051806707056,143.917346764174,164.295428608524));
#6015=CARTESIAN_POINT('Ctrl Pts',(-36.3289417711131,143.946244209523,164.569202049406));
#6016=CARTESIAN_POINT('Ctrl Pts',(-35.2071736443839,144.03811464998,165.400302993742));
#6017=CARTESIAN_POINT('Ctrl Pts',(-34.1119728928465,144.151506343029,166.263468201358));
#6018=CARTESIAN_POINT('Ctrl Pts',(-33.3988773174803,144.241921701073,166.8560416079));
#6019=CARTESIAN_POINT('Ctrl Pts',(-32.0143850633135,144.458924076891,168.078178734562));
#6020=CARTESIAN_POINT('Ctrl Pts',(-30.7278437670498,144.76191639312,169.371222518972));
#6021=CARTESIAN_POINT('Ctrl Pts',(-30.1126700342126,144.93816490885,170.034998682967));
#6022=CARTESIAN_POINT('Ctrl Pts',(-28.9469378390681,145.345714761441,171.395926332183));
#6023=CARTESIAN_POINT('Ctrl Pts',(-27.9228216358389,145.868020356384,172.816232788896));
#6024=CARTESIAN_POINT('Ctrl Pts',(-27.4489464028599,146.159022477558,173.539093188852));
#6025=CARTESIAN_POINT('Ctrl Pts',(-26.1453296769046,147.11904569953,175.734255679693));
#6026=CARTESIAN_POINT('Ctrl Pts',(-25.1853847327218,148.31845293118,177.983287913586));
#6027=CARTESIAN_POINT('Ctrl Pts',(-24.6919539972161,149.204451682042,179.48118629641));
#6028=CARTESIAN_POINT('Ctrl Pts',(-24.114670966334,150.617019757257,181.718077006023));
#6029=CARTESIAN_POINT('Ctrl Pts',(-23.7230176171482,152.115581069131,183.943644259401));
#6030=CARTESIAN_POINT('Ctrl Pts',(-23.6100012149427,152.622406260171,184.684428154966));
#6031=CARTESIAN_POINT('Ctrl Pts',(-23.4633351716305,153.390670570635,185.794315417563));
#6032=CARTESIAN_POINT('Ctrl Pts',(-23.343370682414,154.163680299774,186.903687112795));
#6033=CARTESIAN_POINT('Ctrl Pts',(-23.3059767580297,154.421483486659,187.273477789156));
#6034=CARTESIAN_POINT('Ctrl Pts',(-23.2530286273652,154.807646146937,187.828279106947));
#6035=CARTESIAN_POINT('Ctrl Pts',(-23.2050099889285,155.192059614201,188.382953449803));
#6036=CARTESIAN_POINT('Ctrl Pts',(-23.1895627652188,155.319950930586,188.567813868117));
#6037=CARTESIAN_POINT('Ctrl Pts',(-23.1599659627431,155.57516689051,188.937393416233));
#6038=CARTESIAN_POINT('Ctrl Pts',(-23.1331786748746,155.82906643986,189.306522834476));
#6039=CARTESIAN_POINT('Ctrl Pts',(-23.1205825814587,155.955653291241,189.490930385515));
#6040=CARTESIAN_POINT('Ctrl Pts',(-23.108645047349,156.081778832414,189.67514765162));
#6041=CARTESIAN_POINT('Ctrl Pts',(-23.0964075432057,156.207110779575,189.859302122176));
#6042=CARTESIAN_POINT('Ctrl Pts',(-39.3641901677238,143.574452197333,162.468429514132));
#6043=CARTESIAN_POINT('Ctrl Pts',(-38.9816709670423,143.609726079242,162.719427457147));
#6044=CARTESIAN_POINT('Ctrl Pts',(-38.5973715560348,143.642218727849,162.972267859354));
#6045=CARTESIAN_POINT('Ctrl Pts',(-38.2140257052708,143.672419403094,163.230416437533));
#6046=CARTESIAN_POINT('Ctrl Pts',(-37.4505087752502,143.730271867047,163.756880522081));
#6047=CARTESIAN_POINT('Ctrl Pts',(-36.6934487492231,143.787166562213,164.299594275342));
#6048=CARTESIAN_POINT('Ctrl Pts',(-36.3166767874672,143.816404860484,164.5741686584));
#6049=CARTESIAN_POINT('Ctrl Pts',(-35.19339669671,143.909115081076,165.407803512316));
#6050=CARTESIAN_POINT('Ctrl Pts',(-34.0970143202207,144.022818793383,166.273910111796));
#6051=CARTESIAN_POINT('Ctrl Pts',(-33.3833874322986,144.113244197561,166.868647485305));
#6052=CARTESIAN_POINT('Ctrl Pts',(-31.9984111854893,144.32995349921,168.095608938666));
#6053=CARTESIAN_POINT('Ctrl Pts',(-30.7127219458139,144.631742592877,169.3943814395));
#6054=CARTESIAN_POINT('Ctrl Pts',(-30.0984211268244,144.807127207572,170.061213834169));
#6055=CARTESIAN_POINT('Ctrl Pts',(-28.93506826794,145.211999276674,171.428876865079));
#6056=CARTESIAN_POINT('Ctrl Pts',(-27.9151189892785,145.72937870627,172.857408547991));
#6057=CARTESIAN_POINT('Ctrl Pts',(-27.4436427667037,146.017210555402,173.584801157539));
#6058=CARTESIAN_POINT('Ctrl Pts',(-26.1490684415067,146.965757969146,175.795237779338));
#6059=CARTESIAN_POINT('Ctrl Pts',(-25.2028801808759,148.14824757785,178.064110739043));
#6060=CARTESIAN_POINT('Ctrl Pts',(-24.7199165769884,149.020990396852,179.576929744231));
#6061=CARTESIAN_POINT('Ctrl Pts',(-24.1604397723905,150.412530731053,181.837230422114));
#6062=CARTESIAN_POINT('Ctrl Pts',(-23.7869244716623,151.88868720774,184.086254080828));
#6063=CARTESIAN_POINT('Ctrl Pts',(-23.6799968220131,152.387978922186,184.834855396741));
#6064=CARTESIAN_POINT('Ctrl Pts',(-23.5422766180246,153.144852467806,185.956220990784));
#6065=CARTESIAN_POINT('Ctrl Pts',(-23.4308836334721,153.906758530873,187.076384645213));
#6066=CARTESIAN_POINT('Ctrl Pts',(-23.3962961062975,154.16091417589,187.449675821133));
#6067=CARTESIAN_POINT('Ctrl Pts',(-23.3474552536306,154.541730187179,188.009537128729));
#6068=CARTESIAN_POINT('Ctrl Pts',(-23.30335119966,154.921081425662,188.568923575465));
#6069=CARTESIAN_POINT('Ctrl Pts',(-23.2891852634342,155.047322325163,188.755312676134));
#6070=CARTESIAN_POINT('Ctrl Pts',(-23.2621035577349,155.29932521161,189.127860354044));
#6071=CARTESIAN_POINT('Ctrl Pts',(-23.237725562056,155.550211928137,189.499772561708));
#6072=CARTESIAN_POINT('Ctrl Pts',(-23.2262987996727,155.675347206921,189.685523555832));
#6073=CARTESIAN_POINT('Ctrl Pts',(-23.2155137352343,155.800086670607,189.871035175658));
#6074=CARTESIAN_POINT('Ctrl Pts',(-23.2043801413752,155.924102425281,190.056430607303));
#6075=CARTESIAN_POINT('Ctrl Pts',(-39.3565066913685,143.441500093558,162.468300155905));
#6076=CARTESIAN_POINT('Ctrl Pts',(-38.9734522520664,143.477179760665,162.719710113324));
#6077=CARTESIAN_POINT('Ctrl Pts',(-38.5885740535158,143.510075585187,162.973043939822));
#6078=CARTESIAN_POINT('Ctrl Pts',(-38.2046269685307,143.540674093262,163.231772596847));
#6079=CARTESIAN_POINT('Ctrl Pts',(-37.4399016600403,143.599339786958,163.759505903043));
#6080=CARTESIAN_POINT('Ctrl Pts',(-36.6817180171181,143.65700800684,164.30372171461));
#6081=CARTESIAN_POINT('Ctrl Pts',(-36.3044265430979,143.686607362265,164.579101242031));
#6082=CARTESIAN_POINT('Ctrl Pts',(-35.1796866326175,143.780271011636,165.41524896817));
#6083=CARTESIAN_POINT('Ctrl Pts',(-34.0821980270178,143.894496358254,166.284220017951));
#6084=CARTESIAN_POINT('Ctrl Pts',(-33.3681002990417,143.985051134382,166.881101771164));
#6085=CARTESIAN_POINT('Ctrl Pts',(-31.9827292017816,144.201655129527,168.112826461408));
#6086=CARTESIAN_POINT('Ctrl Pts',(-30.6978879390003,144.502327319942,169.41726158469));
#6087=CARTESIAN_POINT('Ctrl Pts',(-30.0844457613326,144.676858928083,170.087173915528));
#6088=CARTESIAN_POINT('Ctrl Pts',(-28.9234484749536,145.079073166252,171.46157525436));
#6089=CARTESIAN_POINT('Ctrl Pts',(-27.9075486952078,145.591492096805,172.898400293772));
#6090=CARTESIAN_POINT('Ctrl Pts',(-27.4384506169386,145.876151580896,173.630352160961));
#6091=CARTESIAN_POINT('Ctrl Pts',(-26.1527257645307,146.813160898081,175.85617033175));
#6092=CARTESIAN_POINT('Ctrl Pts',(-25.2201017747598,147.978610526499,178.144929154782));
#6093=CARTESIAN_POINT('Ctrl Pts',(-24.747723882314,148.838020608108,179.672738352327));
#6094=CARTESIAN_POINT('Ctrl Pts',(-24.205849054923,150.208194689007,181.956490097676));
#6095=CARTESIAN_POINT('Ctrl Pts',(-23.8506428753819,151.661724786906,184.229015128244));
#6096=CARTESIAN_POINT('Ctrl Pts',(-23.749788172274,152.153386979502,184.985416554616));
#6097=CARTESIAN_POINT('Ctrl Pts',(-23.6210764947367,152.898797795944,186.118228655324));
#6098=CARTESIAN_POINT('Ctrl Pts',(-23.5182855843413,153.649592692309,187.249121056191));
#6099=CARTESIAN_POINT('Ctrl Pts',(-23.4865104147034,153.900106484692,187.625888868407));
#6100=CARTESIAN_POINT('Ctrl Pts',(-23.44177676958,154.275596354026,188.190773752563));
#6101=CARTESIAN_POINT('Ctrl Pts',(-23.4015906661588,154.649919680682,188.754839794007));
#6102=CARTESIAN_POINT('Ctrl Pts',(-23.3887083658477,154.774522886902,188.942747456186));
#6103=CARTESIAN_POINT('Ctrl Pts',(-23.364146884306,155.023338361785,189.318245229992));
#6104=CARTESIAN_POINT('Ctrl Pts',(-23.3421873839932,155.271235552775,189.692927511689));
#6105=CARTESIAN_POINT('Ctrl Pts',(-23.3319417111248,155.394930861314,189.880016716106));
#6106=CARTESIAN_POINT('Ctrl Pts',(-23.3223097847281,155.518290867299,190.066820257554));
#6107=CARTESIAN_POINT('Ctrl Pts',(-23.3122821224285,155.640994634983,190.253455913177));
#6108=CARTESIAN_POINT('Ctrl Pts',(-39.3526828454433,143.3750666923,162.46822060096));
#6109=CARTESIAN_POINT('Ctrl Pts',(-38.9693610332531,143.410945432885,162.719837090291));
#6110=CARTESIAN_POINT('Ctrl Pts',(-38.5841905361327,143.444034168157,162.973419335148));
#6111=CARTESIAN_POINT('Ctrl Pts',(-38.1999372729077,143.47481922305,163.232440940787));
#6112=CARTESIAN_POINT('Ctrl Pts',(-37.4345984898794,143.533871659165,163.760811553509));
#6113=CARTESIAN_POINT('Ctrl Pts',(-36.6758530462707,143.591922400471,164.305780013463));
#6114=CARTESIAN_POINT('Ctrl Pts',(-36.2983050295211,143.621705811151,164.581562504431));
#6115=CARTESIAN_POINT('Ctrl Pts',(-35.1728487416064,143.715869078488,165.418961105166));
#6116=CARTESIAN_POINT('Ctrl Pts',(-34.0748277116084,143.830401145494,166.289346876302));
#6117=CARTESIAN_POINT('Ctrl Pts',(-33.3605079217821,143.921047033944,166.887295387162));
#6118=CARTESIAN_POINT('Ctrl Pts',(-31.9749621152391,144.137640003618,168.121388662478));
#6119=CARTESIAN_POINT('Ctrl Pts',(-30.6905471699556,144.437772383026,169.428643680258));
#6120=CARTESIAN_POINT('Ctrl Pts',(-30.0775302122512,144.611879508345,170.100100664743));
#6121=CARTESIAN_POINT('Ctrl Pts',(-28.9177056047162,145.012768241448,171.477876627039));
#6122=CARTESIAN_POINT('Ctrl Pts',(-27.9038059421969,145.522700820596,172.918867370445));
#6123=CARTESIAN_POINT('Ctrl Pts',(-27.4358961141304,145.805776058347,173.653107189846));
#6124=CARTESIAN_POINT('Ctrl Pts',(-26.1545547498672,146.73700725441,175.886645047644));
#6125=CARTESIAN_POINT('Ctrl Pts',(-25.2286308349511,147.893904821319,178.185346719056));
#6126=CARTESIAN_POINT('Ctrl Pts',(-24.7616003561781,148.746643383993,179.720669813832));
#6127=CARTESIAN_POINT('Ctrl Pts',(-24.2284869291851,150.106065386662,182.016144595921));
#6128=CARTESIAN_POINT('Ctrl Pts',(-23.8824628264167,151.54823237565,184.300424528697));
#6129=CARTESIAN_POINT('Ctrl Pts',(-23.7846396772968,152.036058573831,185.060718280263));
#6130=CARTESIAN_POINT('Ctrl Pts',(-23.6604452825927,152.77572308219,186.19924527116));
#6131=CARTESIAN_POINT('Ctrl Pts',(-23.5619617601165,153.520960817619,187.335488957017));
#6132=CARTESIAN_POINT('Ctrl Pts',(-23.5315936876916,153.76965463999,187.713990067105));
#6133=CARTESIAN_POINT('Ctrl Pts',(-23.4889125061948,154.14248498254,188.281379725954));
#6134=CARTESIAN_POINT('Ctrl Pts',(-23.4506860440727,154.514300785613,188.84778012964));
#6135=CARTESIAN_POINT('Ctrl Pts',(-23.4384463235166,154.638087604483,189.036445471545));
#6136=CARTESIAN_POINT('Ctrl Pts',(-23.4151462452308,154.885314193783,189.413415756651));
#6137=CARTESIAN_POINT('Ctrl Pts',(-23.3943996600031,155.131721228232,189.789481654761));
#6138=CARTESIAN_POINT('Ctrl Pts',(-23.384754946676,155.254700807005,189.977238577782));
#6139=CARTESIAN_POINT('Ctrl Pts',(-23.3756939534159,155.377370340074,190.164688811946));
#6140=CARTESIAN_POINT('Ctrl Pts',(-23.3662162121255,155.49941768254,190.351945329925));
#6141=CARTESIAN_POINT('Ctrl Pts',(-39.3412551427428,143.175843568399,162.467948495105));
#6142=CARTESIAN_POINT('Ctrl Pts',(-38.9571407673765,143.212305115974,162.720200174962));
#6143=CARTESIAN_POINT('Ctrl Pts',(-38.5710940899703,143.24594584372,162.974548627292));
#6144=CARTESIAN_POINT('Ctrl Pts',(-38.1858999735588,143.277256114907,163.234452504966));
#6145=CARTESIAN_POINT('Ctrl Pts',(-37.4186921145623,143.337415275319,163.764742931407));
#6146=CARTESIAN_POINT('Ctrl Pts',(-36.6582608671092,143.396603865178,164.311965455348));
#6147=CARTESIAN_POINT('Ctrl Pts',(-36.2799517353888,143.426949377727,164.588950740582));
#6148=CARTESIAN_POINT('Ctrl Pts',(-35.1523890532294,143.522672281053,165.430076066266));
#6149=CARTESIAN_POINT('Ctrl Pts',(-34.0528424802369,143.638244156453,166.304663425779));
#6150=CARTESIAN_POINT('Ctrl Pts',(-33.3378886968186,143.729232089824,166.905792653211));
#6151=CARTESIAN_POINT('Ctrl Pts',(-31.9518844212406,143.945900686595,168.146956577489));
#6152=CARTESIAN_POINT('Ctrl Pts',(-30.668766815482,144.244460541476,169.462653830738));
#6153=CARTESIAN_POINT('Ctrl Pts',(-30.0570060194144,144.417297365024,170.138752221647));
#6154=CARTESIAN_POINT('Ctrl Pts',(-28.9006856560504,144.814213695565,171.526684605097));
#6155=CARTESIAN_POINT('Ctrl Pts',(-27.8927238377557,145.31667600987,172.980232262275));
#6156=CARTESIAN_POINT('Ctrl Pts',(-27.4283756102903,145.595006335335,173.721367321593));
#6157=CARTESIAN_POINT('Ctrl Pts',(-26.1600867147412,146.508896476097,175.978151517162));
#6158=CARTESIAN_POINT('Ctrl Pts',(-25.2540006569104,147.640061924108,178.306667959419));
#6159=CARTESIAN_POINT('Ctrl Pts',(-24.8031628029295,148.472784223132,179.864580298373));
#6160=CARTESIAN_POINT('Ctrl Pts',(-24.2962863494264,149.79980077049,182.195176077608));
#6161=CARTESIAN_POINT('Ctrl Pts',(-23.9778290368763,151.207739570917,184.514719751576));
#6162=CARTESIAN_POINT('Ctrl Pts',(-23.8890986636677,151.684009482077,185.286656220205));
#6163=CARTESIAN_POINT('Ctrl Pts',(-23.7784744445263,152.40639168475,186.442301128215));
#6164=CARTESIAN_POINT('Ctrl Pts',(-23.6929254653224,153.134951460771,187.594565828175));
#6165=CARTESIAN_POINT('Ctrl Pts',(-23.6667801755721,153.378186999198,187.978254481521));
#6166=CARTESIAN_POINT('Ctrl Pts',(-23.6302588076997,153.743047353835,188.553142000272));
#6167=CARTESIAN_POINT('Ctrl Pts',(-23.5979122114914,154.107354097579,189.126536277882));
#6168=CARTESIAN_POINT('Ctrl Pts',(-23.5875999906935,154.228696471272,189.317472653173));
#6169=CARTESIAN_POINT('Ctrl Pts',(-23.5680870264957,154.471166759909,189.698857710137));
#6170=CARTESIAN_POINT('Ctrl Pts',(-23.550976863237,154.713110684938,190.079075394117));
#6171=CARTESIAN_POINT('Ctrl Pts',(-23.5430970116988,154.83393561459,190.26884154294));
#6172=CARTESIAN_POINT('Ctrl Pts',(-23.535784720457,154.954545909803,190.458229359395));
#6173=CARTESIAN_POINT('Ctrl Pts',(-23.5279792599973,155.074630377978,190.647348232126));
#6174=CARTESIAN_POINT('Ctrl Pts',(-39.3299014512287,142.976679354417,162.467636060772));
#6175=CARTESIAN_POINT('Ctrl Pts',(-38.9450204485657,143.013672451076,162.720570848052));
#6176=CARTESIAN_POINT('Ctrl Pts',(-38.5580973193805,143.047785609191,162.97574450228));
#6177=CARTESIAN_POINT('Ctrl Pts',(-38.1718994511324,143.079528510772,163.23654023387));
#6178=CARTESIAN_POINT('Ctrl Pts',(-37.4027594014505,143.140660192561,163.768780723119));
#6179=CARTESIAN_POINT('Ctrl Pts',(-36.6406614561048,143.200973698146,164.318236556131));
#6180=CARTESIAN_POINT('Ctrl Pts',(-36.2616213086643,143.231911850108,164.596394948166));
#6181=CARTESIAN_POINT('Ctrl Pts',(-35.132091911073,143.329359793345,165.441151605627));
#6182=CARTESIAN_POINT('Ctrl Pts',(-34.0312485459377,143.446278411928,166.319835052088));
#6183=CARTESIAN_POINT('Ctrl Pts',(-33.3157372245652,143.537783256767,166.924081581832));
#6184=CARTESIAN_POINT('Ctrl Pts',(-31.9294547448127,143.754804563586,168.172216279075));
#6185=CARTESIAN_POINT('Ctrl Pts',(-30.6477146696761,144.051905654775,169.496341519004));
#6186=CARTESIAN_POINT('Ctrl Pts',(-30.0371249691985,144.223469530104,170.177090536063));
#6187=CARTESIAN_POINT('Ctrl Pts',(-28.8842907791652,144.616412170526,171.575324948166));
#6188=CARTESIAN_POINT('Ctrl Pts',(-27.8820951900268,145.111384505439,173.041613141634));
#6189=CARTESIAN_POINT('Ctrl Pts',(-27.4213124684272,145.38499931358,173.789766255499));
#6190=CARTESIAN_POINT('Ctrl Pts',(-26.1658264915664,146.281577695416,176.07004470476));
#6191=CARTESIAN_POINT('Ctrl Pts',(-25.2789539044351,147.386897607535,178.428375967542));
#6192=CARTESIAN_POINT('Ctrl Pts',(-24.8446263182708,148.199613003758,180.008938820194));
#6193=CARTESIAN_POINT('Ctrl Pts',(-24.3639286290768,149.493905595823,182.374431320522));
#6194=CARTESIAN_POINT('Ctrl Pts',(-24.0729999790582,150.867259220491,184.729164245815));
#6195=CARTESIAN_POINT('Ctrl Pts',(-23.9933689791514,151.331862562403,185.512617923516));
#6196=CARTESIAN_POINT('Ctrl Pts',(-23.8963213861182,152.036841581054,186.685292335516));
#6197=CARTESIAN_POINT('Ctrl Pts',(-23.8237223715158,152.748696896492,187.85349175562));
#6198=CARTESIAN_POINT('Ctrl Pts',(-23.8018027520285,152.986475532838,188.242338354863));
#6199=CARTESIAN_POINT('Ctrl Pts',(-23.7714479412496,153.343382097262,188.824689716166));
#6200=CARTESIAN_POINT('Ctrl Pts',(-23.7449825412247,153.700203614493,189.405070255761));
#6201=CARTESIAN_POINT('Ctrl Pts',(-23.7365977768723,153.819109753724,189.598278508098));
#6202=CARTESIAN_POINT('Ctrl Pts',(-23.7208726649502,154.056839746491,189.984085294085));
#6203=CARTESIAN_POINT('Ctrl Pts',(-23.7074150656471,154.294337362969,190.368467156883));
#6204=CARTESIAN_POINT('Ctrl Pts',(-23.7013473954443,154.413026297664,190.560243742726));
#6205=CARTESIAN_POINT('Ctrl Pts',(-23.695762351689,154.531571903481,190.751582232451));
#6206=CARTESIAN_POINT('Ctrl Pts',(-23.6896191862787,154.649686827222,190.942577523958));
#6207=CARTESIAN_POINT('Ctrl Pts',(-39.3223263287412,142.843783921191,162.467468827499));
#6208=CARTESIAN_POINT('Ctrl Pts',(-38.9369418871443,142.881101667551,162.720878967534));
#6209=CARTESIAN_POINT('Ctrl Pts',(-38.5494272654686,142.915493436506,162.976620350486));
#6210=CARTESIAN_POINT('Ctrl Pts',(-38.1625334121083,142.947489488161,163.23801548413));
#6211=CARTESIAN_POINT('Ctrl Pts',(-37.3920944467564,143.009229236574,163.771577120836));
#6212=CARTESIAN_POINT('Ctrl Pts',(-36.6289121458154,143.07030094128,164.322506055144));
#6213=CARTESIAN_POINT('Ctrl Pts',(-36.2494027813533,143.101648806874,164.601423572445));
#6214=CARTESIAN_POINT('Ctrl Pts',(-35.1186369183199,143.200306476946,165.448543042406));
#6215=CARTESIAN_POINT('Ctrl Pts',(-34.0170467064166,143.31821399241,166.329931573124));
#6216=CARTESIAN_POINT('Ctrl Pts',(-33.3011786773372,143.410113239969,166.936222994741));
#6217=CARTESIAN_POINT('Ctrl Pts',(-31.9147762240421,143.627449581758,168.188964762228));
#6218=CARTESIAN_POINT('Ctrl Pts',(-30.6340158085254,143.923605128142,169.518738721798));
#6219=CARTESIAN_POINT('Ctrl Pts',(-30.0241416103827,144.094308141299,170.202578185026));
#6220=CARTESIAN_POINT('Ctrl Pts',(-28.873647684107,144.484588452131,171.607792529335));
#6221=CARTESIAN_POINT('Ctrl Pts',(-27.8752313748186,144.974571470282,173.082657247131));
#6222=CARTESIAN_POINT('Ctrl Pts',(-27.4168373512239,145.245059735457,173.835570717463));
#6223=CARTESIAN_POINT('Ctrl Pts',(-26.1698126804423,146.130154456145,176.131607948565));
#6224=CARTESIAN_POINT('Ctrl Pts',(-25.2956248258914,147.218298792273,178.509850737253));
#6225=CARTESIAN_POINT('Ctrl Pts',(-24.8723143719585,148.017689199265,180.105469767243));
#6226=CARTESIAN_POINT('Ctrl Pts',(-24.4091183078361,149.29013886714,182.494038231591));
#6227=CARTESIAN_POINT('Ctrl Pts',(-24.1364392276729,150.640331447159,184.872152772085));
#6228=CARTESIAN_POINT('Ctrl Pts',(-24.0628906603917,151.097140303616,185.663194562362));
#6229=CARTESIAN_POINT('Ctrl Pts',(-23.974849881292,151.790469835936,186.847183919028));
#6230=CARTESIAN_POINT('Ctrl Pts',(-23.9108714712971,152.491170536079,188.025979337399));
#6231=CARTESIAN_POINT('Ctrl Pts',(-23.8917709584792,152.725309365856,188.418256904065));
#6232=CARTESIAN_POINT('Ctrl Pts',(-23.8655267535267,153.076912054453,189.00558208853));
#6233=CARTESIAN_POINT('Ctrl Pts',(-23.8429815382115,153.428738765761,189.590634993054));
#6234=CARTESIAN_POINT('Ctrl Pts',(-23.8358814276337,153.546018475484,189.785364821302));
#6235=CARTESIAN_POINT('Ctrl Pts',(-23.8226824526421,153.780583088971,190.174136242392));
#6236=CARTESIAN_POINT('Ctrl Pts',(-23.8116552930093,154.015109443967,190.561313469507));
#6237=CARTESIAN_POINT('Ctrl Pts',(-23.806759934749,154.132362623821,190.754443215238));
#6238=CARTESIAN_POINT('Ctrl Pts',(-23.8023596705593,154.249537371567,190.947086803173));
#6239=CARTESIAN_POINT('Ctrl Pts',(-23.7973454795239,154.366339973528,191.139339910311));
#6240=CARTESIAN_POINT('Ctrl Pts',(-39.3067867652956,142.577306675389,162.467248678379));
#6241=CARTESIAN_POINT('Ctrl Pts',(-38.9203219887113,142.615200995488,162.721536075764));
#6242=CARTESIAN_POINT('Ctrl Pts',(-38.5315697922366,142.650101918159,162.978349788197));
#6243=CARTESIAN_POINT('Ctrl Pts',(-38.1433620798717,142.682596292271,163.241040157149));
#6244=CARTESIAN_POINT('Ctrl Pts',(-37.3704817592805,142.745586843916,163.777343322451));
#6245=CARTESIAN_POINT('Ctrl Pts',(-36.6052860930142,142.80825173241,164.331205478854));
#6246=CARTESIAN_POINT('Ctrl Pts',(-36.2248992476134,142.840455460031,164.611600521036));
#6247=CARTESIAN_POINT('Ctrl Pts',(-35.091820365771,142.941632937842,165.46332838534));
#6248=CARTESIAN_POINT('Ctrl Pts',(-33.9889025633996,143.061604426936,166.350078174717));
#6249=CARTESIAN_POINT('Ctrl Pts',(-33.2723432984896,143.154340841941,166.96041017249));
#6250=CARTESIAN_POINT('Ctrl Pts',(-31.8857686329804,143.372375069733,168.22227933507));
#6251=CARTESIAN_POINT('Ctrl Pts',(-30.6070594784886,143.666638545225,169.563416376073));
#6252=CARTESIAN_POINT('Ctrl Pts',(-29.9984803214703,143.83557258185,170.253436787495));
#6253=CARTESIAN_POINT('Ctrl Pts',(-28.8527314540724,144.220489689579,171.672865299703));
#6254=CARTESIAN_POINT('Ctrl Pts',(-27.8617660770952,144.700504544118,173.165074618865));
#6255=CARTESIAN_POINT('Ctrl Pts',(-27.4082619159923,144.964793122264,173.927738768089));
#6256=CARTESIAN_POINT('Ctrl Pts',(-26.1780285350999,145.827084848509,176.255424093336));
#6257=CARTESIAN_POINT('Ctrl Pts',(-25.3297562123065,146.881292437853,178.673903914918));
#6258=CARTESIAN_POINT('Ctrl Pts',(-24.9280585175601,147.654025332534,180.299160163572));
#6259=CARTESIAN_POINT('Ctrl Pts',(-24.4998561799727,148.882896025396,182.733835331951));
#6260=CARTESIAN_POINT('Ctrl Pts',(-24.2634451527418,150.18669493705,185.158033708594));
#6261=CARTESIAN_POINT('Ctrl Pts',(-24.2020125187182,150.627895715421,185.964259489987));
#6262=CARTESIAN_POINT('Ctrl Pts',(-24.1319043034656,151.297883309874,187.17066647843));
#6263=CARTESIAN_POINT('Ctrl Pts',(-24.0851051637365,151.976223770579,188.370594611326));
#6264=CARTESIAN_POINT('Ctrl Pts',(-24.0716239464177,152.203065090663,188.769741938136));
#6265=CARTESIAN_POINT('Ctrl Pts',(-24.053597705749,152.544035872498,189.367042448684));
#6266=CARTESIAN_POINT('Ctrl Pts',(-24.0388907533741,152.885839173493,189.961498279164));
#6267=CARTESIAN_POINT('Ctrl Pts',(-24.0343586749685,152.999853448065,190.159293768724));
#6268=CARTESIAN_POINT('Ctrl Pts',(-24.0262156125539,153.228058391435,190.554045478534));
#6269=CARTESIAN_POINT('Ctrl Pts',(-24.0200775021815,153.456603533153,190.946880522184));
#6270=CARTESIAN_POINT('Ctrl Pts',(-24.0175889005546,153.57097072097,191.142752408185));
#6271=CARTESIAN_POINT('Ctrl Pts',(-24.0155323354723,153.685374078107,191.338045143796));
#6272=CARTESIAN_POINT('Ctrl Pts',(-24.0127577520989,153.799534168974,191.532839923263));
#6273=CARTESIAN_POINT('Ctrl Pts',(-39.2905314143503,142.309525795853,162.467420330511));
#6274=CARTESIAN_POINT('Ctrl Pts',(-38.9028797603872,142.347817136762,162.72251310759));
#6275=CARTESIAN_POINT('Ctrl Pts',(-38.5128255598519,142.38312569294,162.980290192619));
#6276=CARTESIAN_POINT('Ctrl Pts',(-38.1234168892312,142.416144239483,163.244249796256));
#6277=CARTESIAN_POINT('Ctrl Pts',(-37.3483966018997,142.480431086795,163.783295409897));
#6278=CARTESIAN_POINT('Ctrl Pts',(-36.5814734995649,142.544728200473,164.34002664172));
#6279=CARTESIAN_POINT('Ctrl Pts',(-36.2003043888067,142.577792794885,164.621824827899));
#6280=CARTESIAN_POINT('Ctrl Pts',(-35.0650822523938,142.6814802849,165.477964992277));
#6281=CARTESIAN_POINT('Ctrl Pts',(-33.9608338211467,142.803479929175,166.369948631368));
#6282=CARTESIAN_POINT('Ctrl Pts',(-33.2438694479769,142.897103713879,166.984334863942));
#6283=CARTESIAN_POINT('Ctrl Pts',(-31.8571735537757,143.115808563736,168.255150282708));
#6284=CARTESIAN_POINT('Ctrl Pts',(-30.5803767322842,143.408034061676,169.607695210769));
#6285=CARTESIAN_POINT('Ctrl Pts',(-29.9731524223581,143.575119313888,170.30407352852));
#6286=CARTESIAN_POINT('Ctrl Pts',(-28.8319732630304,143.954499718156,171.738132487));
#6287=CARTESIAN_POINT('Ctrl Pts',(-27.8485881323247,144.424613418348,173.248270797507));
#6288=CARTESIAN_POINT('Ctrl Pts',(-27.400012807428,144.682785336692,174.020986364439));
#6289=CARTESIAN_POINT('Ctrl Pts',(-26.1868668448474,145.522743423535,176.380947086608));
#6290=CARTESIAN_POINT('Ctrl Pts',(-25.3653523118486,146.543916556213,178.840035305806));
#6291=CARTESIAN_POINT('Ctrl Pts',(-24.9848941852054,147.290280959657,180.49428295418));
#6292=CARTESIAN_POINT('Ctrl Pts',(-24.5915538659292,148.476099465213,182.974652009412));
#6293=CARTESIAN_POINT('Ctrl Pts',(-24.3909011363762,149.7337010074,185.443501750687));
#6294=CARTESIAN_POINT('Ctrl Pts',(-24.3414211987214,150.159335083272,186.264840515619));
#6295=CARTESIAN_POINT('Ctrl Pts',(-24.2890036968246,150.805973618811,187.493196893926));
#6296=CARTESIAN_POINT('Ctrl Pts',(-24.259238998302,151.461850181885,188.71417226695));
#6297=CARTESIAN_POINT('Ctrl Pts',(-24.2513379296788,151.68134781632,189.120211726084));
#6298=CARTESIAN_POINT('Ctrl Pts',(-24.2414703261719,152.011588241191,189.727602495145));
#6299=CARTESIAN_POINT('Ctrl Pts',(-24.234607781291,152.343247110607,190.331644935887));
#6300=CARTESIAN_POINT('Ctrl Pts',(-24.232654987537,152.453953541347,190.532573361938));
#6301=CARTESIAN_POINT('Ctrl Pts',(-24.2295967588595,152.675710016656,190.933454063086));
#6302=CARTESIAN_POINT('Ctrl Pts',(-24.2283888870326,152.898181769336,191.332113528827));
#6303=CARTESIAN_POINT('Ctrl Pts',(-24.2283415495518,153.009618741317,191.530813148829));
#6304=CARTESIAN_POINT('Ctrl Pts',(-24.2286400154259,153.121196227056,191.728846230313));
#6305=CARTESIAN_POINT('Ctrl Pts',(-24.2281104585149,153.232664670055,191.926263732788));
#6306=CARTESIAN_POINT('Ctrl Pts',(-39.282244033954,142.175298250566,162.467685526001));
#6307=CARTESIAN_POINT('Ctrl Pts',(-38.8939810172327,142.213734236683,162.723181209705));
#6308=CARTESIAN_POINT('Ctrl Pts',(-38.5032655034146,142.249221206501,162.981407969602));
#6309=CARTESIAN_POINT('Ctrl Pts',(-38.1132675519033,142.282523365021,163.245925759678));
#6310=CARTESIAN_POINT('Ctrl Pts',(-37.3372493726981,142.347473516301,163.786282130215));
#6311=CARTESIAN_POINT('Ctrl Pts',(-36.569531631581,142.412574675312,164.344420049588));
#6312=CARTESIAN_POINT('Ctrl Pts',(-36.1879892393597,142.446055898626,164.626901723333));
#6313=CARTESIAN_POINT('Ctrl Pts',(-35.0517033187392,142.550947314897,165.485207194255));
#6314=CARTESIAN_POINT('Ctrl Pts',(-33.946713609827,142.673901065521,166.379772610838));
#6315=CARTESIAN_POINT('Ctrl Pts',(-33.2296677750475,142.767968016507,166.996212665102));
#6316=CARTESIAN_POINT('Ctrl Pts',(-31.8429017918421,142.986960648687,168.271453418947));
#6317=CARTESIAN_POINT('Ctrl Pts',(-30.5669550983607,143.278096018266,169.629695909906));
#6318=CARTESIAN_POINT('Ctrl Pts',(-29.9604929471971,143.444238440589,170.329336090693));
#6319=CARTESIAN_POINT('Ctrl Pts',(-28.821491326057,143.820784542012,171.770797827918));
#6320=CARTESIAN_POINT('Ctrl Pts',(-27.8420021687805,144.285973857533,173.290090299463));
#6321=CARTESIAN_POINT('Ctrl Pts',(-27.3958666088113,144.541104046866,174.067875063185));
#6322=CARTESIAN_POINT('Ctrl Pts',(-26.1914587030015,145.370044209624,176.444206774051));
#6323=CARTESIAN_POINT('Ctrl Pts',(-25.3835154598191,146.374955513644,178.923604495173));
#6324=CARTESIAN_POINT('Ctrl Pts',(-25.0136807225087,147.108279079277,180.592257464563));
#6325=CARTESIAN_POINT('Ctrl Pts',(-24.6377026540084,148.272779285867,183.095287365954));
#6326=CARTESIAN_POINT('Ctrl Pts',(-24.4547904865043,149.507415462382,185.586072037312));
#6327=CARTESIAN_POINT('Ctrl Pts',(-24.411228560634,149.925296231434,186.414940014582));
#6328=CARTESIAN_POINT('Ctrl Pts',(-24.3675788521707,150.560279549647,187.654135157166));
#6329=CARTESIAN_POINT('Ctrl Pts',(-24.3462889599291,151.204897812853,188.885621491739));
#6330=CARTESIAN_POINT('Ctrl Pts',(-24.3411666505294,151.420708716514,189.295116205775));
#6331=CARTESIAN_POINT('Ctrl Pts',(-24.3353532245398,151.745547723264,189.907597728615));
#6332=CARTESIAN_POINT('Ctrl Pts',(-24.332416964717,152.072089147222,190.516497480955));
#6333=CARTESIAN_POINT('Ctrl Pts',(-24.3317590715225,152.181125924332,190.719014894523));
#6334=CARTESIAN_POINT('Ctrl Pts',(-24.3312587884042,152.39962114154,191.123016432853));
#6335=CARTESIAN_POINT('Ctrl Pts',(-24.3325169008671,152.619038413085,191.524624322086));
#6336=CARTESIAN_POINT('Ctrl Pts',(-24.3336413657605,152.729022902469,191.724722448118));
#6337=CARTESIAN_POINT('Ctrl Pts',(-24.3351470131588,152.839196322098,191.92412872972));
#6338=CARTESIAN_POINT('Ctrl Pts',(-24.3357631875801,152.949299800158,192.122891612855));
#6339=CARTESIAN_POINT('Ctrl Pts',(-39.2658475906029,141.907127349341,162.468223132387));
#6340=CARTESIAN_POINT('Ctrl Pts',(-38.8763156597706,141.945741310498,162.724482836092));
#6341=CARTESIAN_POINT('Ctrl Pts',(-38.484176545125,141.981445616957,162.983488645425));
#6342=CARTESIAN_POINT('Ctrl Pts',(-38.0929740475018,142.015181215774,163.249050156844));
#6343=CARTESIAN_POINT('Ctrl Pts',(-37.3149750877457,142.081163189406,163.791970057835));
#6344=CARTESIAN_POINT('Ctrl Pts',(-36.5457278624587,142.147615250045,164.352952683478));
#6345=CARTESIAN_POINT('Ctrl Pts',(-36.1634667318922,142.181822226679,164.636833340526));
#6346=CARTESIAN_POINT('Ctrl Pts',(-35.0249901108438,142.288831755151,165.499494082827));
#6347=CARTESIAN_POINT('Ctrl Pts',(-33.9181138438785,142.41347970839,166.399091730641));
#6348=CARTESIAN_POINT('Ctrl Pts',(-33.2014493938494,142.508441458791,167.019812559765));
#6349=CARTESIAN_POINT('Ctrl Pts',(-31.8145236479848,142.727852881799,168.303801891706));
#6350=CARTESIAN_POINT('Ctrl Pts',(-30.5397591555269,143.01657446288,169.673340587885));
#6351=CARTESIAN_POINT('Ctrl Pts',(-29.9353607426536,143.180840878391,170.37983817585));
#6352=CARTESIAN_POINT('Ctrl Pts',(-28.8001579922943,143.551487477581,171.836196899379));
#6353=CARTESIAN_POINT('Ctrl Pts',(-27.8290275202161,144.00694274245,173.374364310224));
#6354=CARTESIAN_POINT('Ctrl Pts',(-27.3873958750085,144.255949712576,174.162170965976));
#6355=CARTESIAN_POINT('Ctrl Pts',(-26.2013754450387,145.063274633057,176.572150183119));
#6356=CARTESIAN_POINT('Ctrl Pts',(-25.4200419672307,146.03598890714,179.091331434066));
#6357=CARTESIAN_POINT('Ctrl Pts',(-25.072157499314,146.743789337556,180.789126267912));
#6358=CARTESIAN_POINT('Ctrl Pts',(-24.7305182091385,147.866139988009,183.336253921053));
#6359=CARTESIAN_POINT('Ctrl Pts',(-24.5830429300501,149.055408809463,185.871004844577));
#6360=CARTESIAN_POINT('Ctrl Pts',(-24.5511322227742,149.457884258579,186.714191311783));
#6361=CARTESIAN_POINT('Ctrl Pts',(-24.524759906698,150.069610567154,187.975141473798));
#6362=CARTESIAN_POINT('Ctrl Pts',(-24.5203602276232,150.691671585352,189.227642708962));
#6363=CARTESIAN_POINT('Ctrl Pts',(-24.5208221853863,150.900093416782,189.644014038433));
#6364=CARTESIAN_POINT('Ctrl Pts',(-24.5231822701167,151.214084782344,190.266676261338));
#6365=CARTESIAN_POINT('Ctrl Pts',(-24.5280923847206,151.53025946663,190.885477234916));
#6366=CARTESIAN_POINT('Ctrl Pts',(-24.5300124420068,151.63590181169,191.091259555426));
#6367=CARTESIAN_POINT('Ctrl Pts',(-24.5345955205487,151.847748459584,191.50170829353));
#6368=CARTESIAN_POINT('Ctrl Pts',(-24.5408289325292,152.060815676047,191.909580606214));
#6369=CARTESIAN_POINT('Ctrl Pts',(-24.5444676123111,152.167688830471,192.112786200024));
#6370=CARTESIAN_POINT('Ctrl Pts',(-24.5483614623149,152.274901916014,192.315143566251));
#6371=CARTESIAN_POINT('Ctrl Pts',(-24.5512310689046,152.382245882685,192.516647247311));
#6372=CARTESIAN_POINT('Ctrl Pts',(-39.2505575258814,141.64135920832,162.467790789376));
#6373=CARTESIAN_POINT('Ctrl Pts',(-38.8598022310293,141.679880406861,162.724987234351));
#6374=CARTESIAN_POINT('Ctrl Pts',(-38.4660641691713,141.715108517629,162.985059584349));
#6375=CARTESIAN_POINT('Ctrl Pts',(-38.0734416267271,141.748390490072,163.251984681673));
#6376=CARTESIAN_POINT('Ctrl Pts',(-37.2931503502285,141.814122447436,163.797530795595));
#6377=CARTESIAN_POINT('Ctrl Pts',(-36.5223262987771,141.881205858794,164.361169324917));
#6378=CARTESIAN_POINT('Ctrl Pts',(-36.1394085897188,141.915883397604,164.64642408044));
#6379=CARTESIAN_POINT('Ctrl Pts',(-34.9988948704143,142.02436727972,165.513401315744));
#6380=CARTESIAN_POINT('Ctrl Pts',(-33.8898391839345,142.150300059143,166.417952345718));
#6381=CARTESIAN_POINT('Ctrl Pts',(-33.1744713190382,142.246106004326,167.043227857191));
#6382=CARTESIAN_POINT('Ctrl Pts',(-31.7875873234478,142.465600429575,168.335897963514));
#6383=CARTESIAN_POINT('Ctrl Pts',(-30.5131225298778,142.751385847848,169.716752779743));
#6384=CARTESIAN_POINT('Ctrl Pts',(-29.9117192507743,142.913747366998,170.430758047724));
#6385=CARTESIAN_POINT('Ctrl Pts',(-28.7794488350857,143.278015420556,171.902465354123));
#6386=CARTESIAN_POINT('Ctrl Pts',(-27.8175466957204,143.723849185968,173.460755866225));
#6387=CARTESIAN_POINT('Ctrl Pts',(-27.379840345585,143.96666991475,174.258587840271));
#6388=CARTESIAN_POINT('Ctrl Pts',(-26.2135261972586,144.75307801035,176.704000168479));
#6389=CARTESIAN_POINT('Ctrl Pts',(-25.458012861972,145.694463933917,179.261732041144));
#6390=CARTESIAN_POINT('Ctrl Pts',(-25.1330142375112,146.377916636886,180.98874550572));
#6391=CARTESIAN_POINT('Ctrl Pts',(-24.8249652674084,147.459498440369,183.577489630117));
#6392=CARTESIAN_POINT('Ctrl Pts',(-24.7123717744949,148.604780944515,186.155461884506));
#6393=CARTESIAN_POINT('Ctrl Pts',(-24.6917062537276,148.992189087067,187.011676010477));
#6394=CARTESIAN_POINT('Ctrl Pts',(-24.6819733063892,149.580934183809,188.294133841324));
#6395=CARTESIAN_POINT('Ctrl Pts',(-24.6941634609871,150.180355078586,189.567519892214));
#6396=CARTESIAN_POINT('Ctrl Pts',(-24.7001958249164,150.381323376071,189.990729020964));
#6397=CARTESIAN_POINT('Ctrl Pts',(-24.710816018191,150.684332098005,190.623588600442));
#6398=CARTESIAN_POINT('Ctrl Pts',(-24.7236261661413,150.989839613093,191.252669319103));
#6399=CARTESIAN_POINT('Ctrl Pts',(-24.7281323550773,151.091963087056,191.461894420303));
#6400=CARTESIAN_POINT('Ctrl Pts',(-24.737828337999,151.296875002616,191.879222956013));
#6401=CARTESIAN_POINT('Ctrl Pts',(-24.7490531418775,151.503328928204,192.293798466628));
#6402=CARTESIAN_POINT('Ctrl Pts',(-24.7551221977005,151.606995570319,192.500276142561));
#6403=CARTESIAN_POINT('Ctrl Pts',(-24.7615150244661,151.711129792632,192.705800792899));
#6404=CARTESIAN_POINT('Ctrl Pts',(-24.766714939379,151.815565320803,192.910280213537));
#6405=CARTESIAN_POINT('Ctrl Pts',(-39.2433604953532,141.5095312807,162.467071388899));
#6406=CARTESIAN_POINT('Ctrl Pts',(-38.8520497255843,141.547932132357,162.724849740734));
#6407=CARTESIAN_POINT('Ctrl Pts',(-38.4574846163947,141.582643062146,162.985674466856));
#6408=CARTESIAN_POINT('Ctrl Pts',(-38.064075421773,141.615347361828,163.253466486472));
#6409=CARTESIAN_POINT('Ctrl Pts',(-37.2824653501394,141.680451247074,163.80038565516));
#6410=CARTESIAN_POINT('Ctrl Pts',(-36.5107907313435,141.747606623528,164.36524731085));
#6411=CARTESIAN_POINT('Ctrl Pts',(-36.1275607434085,141.782444948569,164.651160700043));
#6412=CARTESIAN_POINT('Ctrl Pts',(-34.9861239931149,141.891483543064,165.520263942244));
#6413=CARTESIAN_POINT('Ctrl Pts',(-33.8759693449859,142.017952970351,166.427287001088));
#6414=CARTESIAN_POINT('Ctrl Pts',(-33.1614954742944,142.114159393187,167.05491762855));
#6415=CARTESIAN_POINT('Ctrl Pts',(-31.7747475725079,142.333604881898,168.351950621904));
#6416=CARTESIAN_POINT('Ctrl Pts',(-30.5001507356859,142.617762763697,169.738476094184));
#6417=CARTESIAN_POINT('Ctrl Pts',(-29.9005474723525,142.77916929512,170.456441100079));
#6418=CARTESIAN_POINT('Ctrl Pts',(-28.7694994309735,143.140108468381,171.935960141197));
#6419=CARTESIAN_POINT('Ctrl Pts',(-27.8124697791279,143.581149944811,173.504696428685));
#6420=CARTESIAN_POINT('Ctrl Pts',(-27.3765634439298,143.820854160993,174.307569264391));
#6421=CARTESIAN_POINT('Ctrl Pts',(-26.2203820122926,144.596957435879,176.771175977063));
#6422=CARTESIAN_POINT('Ctrl Pts',(-25.477558350479,145.522929387031,179.347930300692));
#6423=CARTESIAN_POINT('Ctrl Pts',(-25.1641751719709,146.194529291506,181.089453778779));
#6424=CARTESIAN_POINT('Ctrl Pts',(-24.8727471065339,147.256176699916,183.698394390074));
#6425=CARTESIAN_POINT('Ctrl Pts',(-24.7773357582181,148.379873170183,186.297549330309));
#6426=CARTESIAN_POINT('Ctrl Pts',(-24.7621817693151,148.759866307358,187.160013664041));
#6427=CARTESIAN_POINT('Ctrl Pts',(-24.7605803965308,149.337231295179,188.453056254541));
#6428=CARTESIAN_POINT('Ctrl Pts',(-24.780944925142,149.92531316565,189.736822757894));
#6429=CARTESIAN_POINT('Ctrl Pts',(-24.7897412058526,150.122526781749,190.163453242749));
#6430=CARTESIAN_POINT('Ctrl Pts',(-24.8045067539273,150.420028379981,190.801390179498));
#6431=CARTESIAN_POINT('Ctrl Pts',(-24.8213024377762,150.720076454876,191.435759954963));
#6432=CARTESIAN_POINT('Ctrl Pts',(-24.8271122674264,150.820387382005,191.646774250226));
#6433=CARTESIAN_POINT('Ctrl Pts',(-24.8394328856318,151.0216198194,192.067818107718));
#6434=CARTESIAN_POINT('Ctrl Pts',(-24.8532730842442,151.224516644038,192.486083012781));
#6435=CARTESIAN_POINT('Ctrl Pts',(-24.8606215652695,151.326633268173,192.694151784711));
#6436=CARTESIAN_POINT('Ctrl Pts',(-24.8681735213736,151.429213964128,192.901274711145));
#6437=CARTESIAN_POINT('Ctrl Pts',(-24.8745228057427,151.532115442146,193.107347206828));
#6438=CARTESIAN_POINT('Ctrl Pts',(-39.2305033697589,141.248146957226,162.465383033322));
#6439=CARTESIAN_POINT('Ctrl Pts',(-38.8382641484781,141.28606076322,162.724819647151));
#6440=CARTESIAN_POINT('Ctrl Pts',(-38.4418950738081,141.318941889473,162.9877755487));
#6441=CARTESIAN_POINT('Ctrl Pts',(-38.0462325048624,141.349335261578,163.257502741872));
#6442=CARTESIAN_POINT('Ctrl Pts',(-37.2614379245637,141.412199268332,163.806931730277));
#6443=CARTESIAN_POINT('Ctrl Pts',(-36.4879847125298,141.479272314657,164.373622235189));
#6444=CARTESIAN_POINT('Ctrl Pts',(-36.1041700501867,141.514338195695,164.66063900989));
#6445=CARTESIAN_POINT('Ctrl Pts',(-34.9615032996853,141.624303486928,165.53377095637));
#6446=CARTESIAN_POINT('Ctrl Pts',(-33.8504941846096,141.751801055493,166.446305611438));
#6447=CARTESIAN_POINT('Ctrl Pts',(-33.1371104476016,141.848597319408,167.078276017597));
#6448=CARTESIAN_POINT('Ctrl Pts',(-31.7510755250743,142.067810035441,168.384173032468));
#6449=CARTESIAN_POINT('Ctrl Pts',(-30.4769764462414,142.348555477595,169.782767114614));
#6450=CARTESIAN_POINT('Ctrl Pts',(-29.8800776488592,142.507797472858,170.508439871119));
#6451=CARTESIAN_POINT('Ctrl Pts',(-28.7523282926528,142.861995186498,172.004568089922));
#6452=CARTESIAN_POINT('Ctrl Pts',(-27.8039738094933,143.293141544692,173.594447533717));
#6453=CARTESIAN_POINT('Ctrl Pts',(-27.3724363236217,143.52676263211,174.408143678193));
#6454=CARTESIAN_POINT('Ctrl Pts',(-26.235379412258,144.282166368692,176.908270139753));
#6455=CARTESIAN_POINT('Ctrl Pts',(-25.519567234021,145.178368147704,179.524224301719));
#6456=CARTESIAN_POINT('Ctrl Pts',(-25.2284015553369,145.826693640015,181.293745084779));
#6457=CARTESIAN_POINT('Ctrl Pts',(-24.9700165419747,146.84964129995,183.942073491431));
#6458=CARTESIAN_POINT('Ctrl Pts',(-24.9078022949649,147.930964499948,186.581139854872));
#6459=CARTESIAN_POINT('Ctrl Pts',(-24.9035177632016,148.296470422972,187.456419411281));
#6460=CARTESIAN_POINT('Ctrl Pts',(-24.9178012890474,148.851471603713,188.769567020652));
#6461=CARTESIAN_POINT('Ctrl Pts',(-24.9541042365228,149.416827995997,190.073897366146));
#6462=CARTESIAN_POINT('Ctrl Pts',(-24.9682685796549,149.606418879792,190.507477566947));
#6463=CARTESIAN_POINT('Ctrl Pts',(-24.9912032715783,149.892620866364,191.155873878534));
#6464=CARTESIAN_POINT('Ctrl Pts',(-25.0160704690438,150.181814762441,191.800661679467));
#6465=CARTESIAN_POINT('Ctrl Pts',(-25.0245521697052,150.278553444945,192.015161390899));
#6466=CARTESIAN_POINT('Ctrl Pts',(-25.0421373051341,150.472614861551,192.443373492776));
#6467=CARTESIAN_POINT('Ctrl Pts',(-25.0613751163046,150.667847494129,192.869730821523));
#6468=CARTESIAN_POINT('Ctrl Pts',(-25.0716454048806,150.765529602809,193.082672204633));
#6469=CARTESIAN_POINT('Ctrl Pts',(-25.0821276860281,150.864326480136,193.293922848576));
#6470=CARTESIAN_POINT('Ctrl Pts',(-25.0908972061764,150.964243385903,193.503116884147));
#6471=CARTESIAN_POINT('Ctrl Pts',(-39.2181973161707,140.986918379065,162.464174700721));
#6472=CARTESIAN_POINT('Ctrl Pts',(-38.8247712962436,141.023910138691,162.725304674082));
#6473=CARTESIAN_POINT('Ctrl Pts',(-38.4251774482093,141.052770878139,162.990984086469));
#6474=CARTESIAN_POINT('Ctrl Pts',(-38.0272092751785,141.080059372654,163.263020392529));
#6475=CARTESIAN_POINT('Ctrl Pts',(-37.2393670690458,141.140598384995,163.814143992736));
#6476=CARTESIAN_POINT('Ctrl Pts',(-36.4643236097538,141.207643547389,164.381675652433));
#6477=CARTESIAN_POINT('Ctrl Pts',(-36.0800755999323,141.242896438826,164.669462129007));
#6478=CARTESIAN_POINT('Ctrl Pts',(-34.9372739793731,141.353663785716,165.546144242068));
#6479=CARTESIAN_POINT('Ctrl Pts',(-33.8285374080919,141.482222928365,166.465157155146));
#6480=CARTESIAN_POINT('Ctrl Pts',(-33.1140048665014,141.579083646672,167.100401940585));
#6481=CARTESIAN_POINT('Ctrl Pts',(-31.7289203847872,141.797636452345,168.415448069083));
#6482=CARTESIAN_POINT('Ctrl Pts',(-30.4578862150358,142.074760400827,169.828057666911));
#6483=CARTESIAN_POINT('Ctrl Pts',(-29.8607582318749,142.231057210319,170.560710143391));
#6484=CARTESIAN_POINT('Ctrl Pts',(-28.7384792839182,142.578282010726,172.075695799988));
#6485=CARTESIAN_POINT('Ctrl Pts',(-27.7963888945048,142.998663052533,173.687138637405));
#6486=CARTESIAN_POINT('Ctrl Pts',(-27.3710908218459,143.226446463814,174.513342250995));
#6487=CARTESIAN_POINT('Ctrl Pts',(-26.2515749497388,143.960885838412,177.050396780168));
#6488=CARTESIAN_POINT('Ctrl Pts',(-25.5666893900073,144.829617222135,179.707755169279));
#6489=CARTESIAN_POINT('Ctrl Pts',(-25.2960765720273,145.455859499736,181.502620603982));
#6490=CARTESIAN_POINT('Ctrl Pts',(-25.070393302374,146.442874565413,184.188054368192));
#6491=CARTESIAN_POINT('Ctrl Pts',(-25.0393556104118,147.484143107788,186.86261311216));
#6492=CARTESIAN_POINT('Ctrl Pts',(-25.0455522215641,147.83606278419,187.750658379277));
#6493=CARTESIAN_POINT('Ctrl Pts',(-25.0749902539985,148.369885072231,189.082009814356));
#6494=CARTESIAN_POINT('Ctrl Pts',(-25.1264916281914,148.91294828335,190.406228630235));
#6495=CARTESIAN_POINT('Ctrl Pts',(-25.1456861144481,149.095093245329,190.846537338414));
#6496=CARTESIAN_POINT('Ctrl Pts',(-25.1768016802737,149.369367259468,191.506193761472));
#6497=CARTESIAN_POINT('Ctrl Pts',(-25.2101679825988,149.646969464125,192.162198324532));
#6498=CARTESIAN_POINT('Ctrl Pts',(-25.221466149664,149.740021427225,192.380254873068));
#6499=CARTESIAN_POINT('Ctrl Pts',(-25.2445228633079,149.926964143229,192.815418198442));
#6500=CARTESIAN_POINT('Ctrl Pts',(-25.2687572619816,150.115247591603,193.248932264416));
#6501=CARTESIAN_POINT('Ctrl Pts',(-25.2812342211189,150.209712175097,193.46526254198));
#6502=CARTESIAN_POINT('Ctrl Pts',(-25.2942155728442,150.304802651735,193.680570669269));
#6503=CARTESIAN_POINT('Ctrl Pts',(-25.3054616978352,150.400993452255,193.893842076782));
#6504=CARTESIAN_POINT('Ctrl Pts',(-39.2123247431558,140.856086321305,162.464024719683));
#6505=CARTESIAN_POINT('Ctrl Pts',(-38.8178954040535,140.892313389379,162.725832346634));
#6506=CARTESIAN_POINT('Ctrl Pts',(-38.4151089690947,140.917357284108,162.992926738951));
#6507=CARTESIAN_POINT('Ctrl Pts',(-38.0168390949843,140.943656822039,163.266423335688));
#6508=CARTESIAN_POINT('Ctrl Pts',(-37.2279248267929,141.003518295906,163.818175992267));
#6509=CARTESIAN_POINT('Ctrl Pts',(-36.4520580435687,141.070714997869,164.385638181096));
#6510=CARTESIAN_POINT('Ctrl Pts',(-36.0677360329259,141.106113646551,164.673812317698));
#6511=CARTESIAN_POINT('Ctrl Pts',(-34.9252085413373,141.217328182791,165.552187337732));
#6512=CARTESIAN_POINT('Ctrl Pts',(-33.8185948441283,141.346470487627,166.474614236365));
#6513=CARTESIAN_POINT('Ctrl Pts',(-33.103096836831,141.443195290328,167.111676036548));
#6514=CARTESIAN_POINT('Ctrl Pts',(-31.717622303755,141.661297113887,168.4304350358));
#6515=CARTESIAN_POINT('Ctrl Pts',(-30.4501204594231,141.936613182988,169.851722361246));
#6516=CARTESIAN_POINT('Ctrl Pts',(-29.8512683487301,142.091185192896,170.586937357514));
#6517=CARTESIAN_POINT('Ctrl Pts',(-28.7324296361542,142.434853067549,172.112047025047));
#6518=CARTESIAN_POINT('Ctrl Pts',(-27.7929973826511,142.849612438375,173.734456328792));
#6519=CARTESIAN_POINT('Ctrl Pts',(-27.370691776879,143.074437029941,174.567065304203));
#6520=CARTESIAN_POINT('Ctrl Pts',(-26.2610203953527,143.798578097075,177.122974479647));
#6521=CARTESIAN_POINT('Ctrl Pts',(-25.5896846394756,144.653661757963,179.800660798583));
#6522=CARTESIAN_POINT('Ctrl Pts',(-25.331136067825,145.269624666798,181.607794000029));
#6523=CARTESIAN_POINT('Ctrl Pts',(-25.1212449037424,146.239329645231,184.311379544485));
#6524=CARTESIAN_POINT('Ctrl Pts',(-25.1054761633826,147.261352229896,187.002558692933));
#6525=CARTESIAN_POINT('Ctrl Pts',(-25.1167597822947,147.606772330689,187.896830107852));
#6526=CARTESIAN_POINT('Ctrl Pts',(-25.1535090977781,148.130334417202,189.236891510238));
#6527=CARTESIAN_POINT('Ctrl Pts',(-25.2124118458985,148.662492499894,190.570792227072));
#6528=CARTESIAN_POINT('Ctrl Pts',(-25.2339474826621,148.841120913761,191.014200662436));
#6529=CARTESIAN_POINT('Ctrl Pts',(-25.2692779677572,149.109319578018,191.679667506526));
#6530=CARTESIAN_POINT('Ctrl Pts',(-25.3070938606066,149.380240657377,192.342349458478));
#6531=CARTESIAN_POINT('Ctrl Pts',(-25.3197207243829,149.471236271397,192.562390917732));
#6532=CARTESIAN_POINT('Ctrl Pts',(-25.3459977778986,149.654618245728,193.000942250172));
#6533=CARTESIAN_POINT('Ctrl Pts',(-25.3731488973883,149.83717656624,193.44076689141));
#6534=CARTESIAN_POINT('Ctrl Pts',(-25.3860882141924,149.927364747647,193.661991846457));
#6535=CARTESIAN_POINT('Ctrl Pts',(-25.4004742218243,150.019253142549,193.881054937831));
#6536=CARTESIAN_POINT('Ctrl Pts',(-25.4135677395023,150.113535502325,194.096562620843));
#6537=CARTESIAN_POINT('Ctrl Pts',(-39.2022438886491,140.720334134381,162.463222836023));
#6538=CARTESIAN_POINT('Ctrl Pts',(-38.8067073995229,140.756529774965,162.724391848617));
#6539=CARTESIAN_POINT('Ctrl Pts',(-38.4012117033148,140.778655404066,162.992605013426));
#6540=CARTESIAN_POINT('Ctrl Pts',(-38.0039021802317,140.805464339267,163.267328744395));
#6541=CARTESIAN_POINT('Ctrl Pts',(-37.2141813163816,140.865057938079,163.819729989092));
#6542=CARTESIAN_POINT('Ctrl Pts',(-36.438049237883,140.932570918278,164.387875927035));
#6543=CARTESIAN_POINT('Ctrl Pts',(-36.0535463798422,140.968066627129,164.676460604607));
#6544=CARTESIAN_POINT('Ctrl Pts',(-34.9109068328293,141.079702110078,165.556345560266));
#6545=CARTESIAN_POINT('Ctrl Pts',(-33.805258063773,141.209278007938,166.481139449442));
#6546=CARTESIAN_POINT('Ctrl Pts',(-33.088851065148,141.305926637645,167.119519386751));
#6547=CARTESIAN_POINT('Ctrl Pts',(-31.7036803781577,141.523217985548,168.44383294425));
#6548=CARTESIAN_POINT('Ctrl Pts',(-30.4368625488078,141.796410437165,169.871489684071));
#6549=CARTESIAN_POINT('Ctrl Pts',(-29.8380418207251,141.949126196171,170.611385140068));
#6550=CARTESIAN_POINT('Ctrl Pts',(-28.7216577152076,142.288854828892,172.146328266068));
#6551=CARTESIAN_POINT('Ctrl Pts',(-27.7858935168183,142.697872266137,173.780588608943));
#6552=CARTESIAN_POINT('Ctrl Pts',(-27.3671817289378,142.919636094292,174.620247146229));
#6553=CARTESIAN_POINT('Ctrl Pts',(-26.2671219056977,143.633227022838,177.19571416534));
#6554=CARTESIAN_POINT('Ctrl Pts',(-25.6142940051916,144.475775551425,179.895232000205));
#6555=CARTESIAN_POINT('Ctrl Pts',(-25.3656389214137,145.081759926431,181.71342564168));
#6556=CARTESIAN_POINT('Ctrl Pts',(-25.1724243616452,146.035329881983,184.433976279181));
#6557=CARTESIAN_POINT('Ctrl Pts',(-25.1717294835549,147.039150480344,187.141359244648));
#6558=CARTESIAN_POINT('Ctrl Pts',(-25.1880283354953,147.378418447133,188.041425367129));
#6559=CARTESIAN_POINT('Ctrl Pts',(-25.2321776662365,147.892322653133,189.3898486571));
#6560=CARTESIAN_POINT('Ctrl Pts',(-25.2985233473845,148.414115866038,190.733091119272));
#6561=CARTESIAN_POINT('Ctrl Pts',(-25.3225044729197,148.589149328521,191.179816950463));
#6562=CARTESIAN_POINT('Ctrl Pts',(-25.3617650473289,148.851964124596,191.850311822424));
#6563=CARTESIAN_POINT('Ctrl Pts',(-25.4043795934709,149.11579701705,192.520337586464));
#6564=CARTESIAN_POINT('Ctrl Pts',(-25.4188305981384,149.204355069047,192.742958766295));
#6565=CARTESIAN_POINT('Ctrl Pts',(-25.4472219433913,149.38365512685,193.185359782263));
#6566=CARTESIAN_POINT('Ctrl Pts',(-25.4786060736045,149.559782810388,193.632430422051));
#6567=CARTESIAN_POINT('Ctrl Pts',(-25.4944031676059,149.643964873158,193.861002028104));
#6568=CARTESIAN_POINT('Ctrl Pts',(-25.5120584163578,149.732648468984,194.084048582743));
#6569=CARTESIAN_POINT('Ctrl Pts',(-25.5265123144333,149.825989981735,194.3004752693));
#6570=CARTESIAN_POINT('Ctrl Pts',(-39.1892308993779,140.577792741081,162.466420336924));
#6571=CARTESIAN_POINT('Ctrl Pts',(-38.793799833497,140.614727494869,162.727484820547));
#6572=CARTESIAN_POINT('Ctrl Pts',(-38.388651183505,140.637605200953,162.995995845013));
#6573=CARTESIAN_POINT('Ctrl Pts',(-37.9912812129215,140.664721878212,163.270927500708));
#6574=CARTESIAN_POINT('Ctrl Pts',(-37.2014785401838,140.724847981861,163.823927971059));
#6575=CARTESIAN_POINT('Ctrl Pts',(-36.4253150479233,140.792653667374,164.393124991771));
#6576=CARTESIAN_POINT('Ctrl Pts',(-36.0407640805796,140.828309090614,164.682193877127));
#6577=CARTESIAN_POINT('Ctrl Pts',(-34.8982105422789,140.940421455341,165.563748675641));
#6578=CARTESIAN_POINT('Ctrl Pts',(-33.7932087855129,141.070398309235,166.490684040457));
#6579=CARTESIAN_POINT('Ctrl Pts',(-33.0766397778558,141.166963858972,167.130823738744));
#6580=CARTESIAN_POINT('Ctrl Pts',(-31.6920850617224,141.383411467443,168.460691389474));
#6581=CARTESIAN_POINT('Ctrl Pts',(-30.4262213920156,141.654399145498,169.894808918518));
#6582=CARTESIAN_POINT('Ctrl Pts',(-29.8281808257365,141.805366160381,170.639425851731));
#6583=CARTESIAN_POINT('Ctrl Pts',(-28.7144551129621,142.14110073506,172.183802280003));
#6584=CARTESIAN_POINT('Ctrl Pts',(-27.7832341918617,142.544479432121,173.829616596044));
#6585=CARTESIAN_POINT('Ctrl Pts',(-27.3677984367359,142.763134117044,174.675758424654));
#6586=CARTESIAN_POINT('Ctrl Pts',(-26.2780481109687,143.46637874478,177.269979409415));
#6587=CARTESIAN_POINT('Ctrl Pts',(-25.6416533190832,144.296546948141,179.989492006438));
#6588=CARTESIAN_POINT('Ctrl Pts',(-25.4028167636887,144.893054039429,181.818421926085));
#6589=CARTESIAN_POINT('Ctrl Pts',(-25.2249292788836,145.831194249167,184.555264531261));
#6590=CARTESIAN_POINT('Ctrl Pts',(-25.2383008241586,146.817767908616,187.2783267647));
#6591=CARTESIAN_POINT('Ctrl Pts',(-25.2592497782275,147.151132837987,188.183914463256));
#6592=CARTESIAN_POINT('Ctrl Pts',(-25.3102237634889,147.656012170679,189.540279568073));
#6593=CARTESIAN_POINT('Ctrl Pts',(-25.383429586319,148.16808972564,190.89236143575));
#6594=CARTESIAN_POINT('Ctrl Pts',(-25.4097326604985,148.339790022593,191.342184217839));
#6595=CARTESIAN_POINT('Ctrl Pts',(-25.4525117221536,148.597376541567,192.017636876187));
#6596=CARTESIAN_POINT('Ctrl Pts',(-25.498955918422,148.855529531972,192.693258673555));
#6597=CARTESIAN_POINT('Ctrl Pts',(-25.5147042203106,148.942126571751,192.917837830847));
#6598=CARTESIAN_POINT('Ctrl Pts',(-25.5456064867795,149.117076781953,193.364688210541));
#6599=CARTESIAN_POINT('Ctrl Pts',(-25.5798306957293,149.289063725659,193.816051114988));
#6600=CARTESIAN_POINT('Ctrl Pts',(-25.597730474535,149.371571987986,194.046395630614));
#6601=CARTESIAN_POINT('Ctrl Pts',(-25.6161319798978,149.459053543041,194.270473960155));
#6602=CARTESIAN_POINT('Ctrl Pts',(-25.6301937909473,149.551628811036,194.487261803516));
#6603=CARTESIAN_POINT('',(-39.4398685948274,145.900783997368,162.508678234726));
#6604=CARTESIAN_POINT('',(-39.1273433439806,140.597342454536,162.507826197582));
#6605=CARTESIAN_POINT('Ctrl Pts',(-39.4398685948274,145.900783997368,162.508678234726));
#6606=CARTESIAN_POINT('Ctrl Pts',(-39.3369525380871,144.131098252056,162.508274045252));
#6607=CARTESIAN_POINT('Ctrl Pts',(-39.2315235943044,142.364613704788,162.508114584649));
#6608=CARTESIAN_POINT('Ctrl Pts',(-39.1273433442265,140.597342453551,162.507826197559));
#6609=CARTESIAN_POINT('Ctrl Pts',(-21.319602962964,160.787311135888,186.55059985131));
#6610=CARTESIAN_POINT('Ctrl Pts',(-22.1594688246283,156.769124625834,182.71672417441));
#6611=CARTESIAN_POINT('Ctrl Pts',(-23.1356314354353,153.421412669834,179.417337185879));
#6612=CARTESIAN_POINT('Ctrl Pts',(-25.7911990856167,150.149285340024,175.015903054356));
#6613=CARTESIAN_POINT('Ctrl Pts',(-26.4938619145631,149.478812227597,173.997718841231));
#6614=CARTESIAN_POINT('Ctrl Pts',(-28.2165045684187,148.250001039097,171.800332833538));
#6615=CARTESIAN_POINT('Ctrl Pts',(-29.230424792975,147.752716810504,170.669820226042));
#6616=CARTESIAN_POINT('Ctrl Pts',(-32.1675901204803,146.746984782911,167.791237580015));
#6617=CARTESIAN_POINT('Ctrl Pts',(-34.798714237271,146.229759615978,165.532001966649));
#6618=CARTESIAN_POINT('Ctrl Pts',(-39.4398685948274,145.900783997368,162.508678234726));
#6619=CARTESIAN_POINT('',(-25.6153959375581,149.549022880367,194.399479236236));
#6620=CARTESIAN_POINT('Ctrl Pts',(-25.6153959375622,149.549022880378,194.39947923625));
#6621=CARTESIAN_POINT('Ctrl Pts',(-24.896108199165,151.430981840772,193.085241611427));
#6622=CARTESIAN_POINT('Ctrl Pts',(-24.1782865728943,153.331322714937,191.771561338403));
#6623=CARTESIAN_POINT('Ctrl Pts',(-22.7712720908725,157.034033509643,189.198711917406));
#6624=CARTESIAN_POINT('Ctrl Pts',(-22.0589800370468,158.89785133315,187.897240853133));
#6625=CARTESIAN_POINT('Ctrl Pts',(-21.3485114978993,160.713459178938,186.603249290713));
#6626=CARTESIAN_POINT('Ctrl Pts',(-25.6153959375623,149.549022880366,194.399479236233));
#6627=CARTESIAN_POINT('Ctrl Pts',(-25.3907991255604,148.405432910833,191.460115414684));
#6628=CARTESIAN_POINT('Ctrl Pts',(-25.2106187653317,147.292765580146,188.53417208107));
#6629=CARTESIAN_POINT('Ctrl Pts',(-25.2718955610608,145.218793335725,182.756138534194));
#6630=CARTESIAN_POINT('Ctrl Pts',(-25.5811562667966,144.281125346755,179.915893241104));
#6631=CARTESIAN_POINT('Ctrl Pts',(-27.2512448351678,142.71649670129,174.555261768611));
#6632=CARTESIAN_POINT('Ctrl Pts',(-28.562981863487,142.133217275146,172.193369499551));
#6633=CARTESIAN_POINT('Ctrl Pts',(-32.5913941587921,141.159464714874,167.311925286434));
#6634=CARTESIAN_POINT('Ctrl Pts',(-35.532546095763,140.839318957566,164.880245278114));
#6635=CARTESIAN_POINT('Ctrl Pts',(-39.1273433439806,140.597342454536,162.507826197582));
#6636=CARTESIAN_POINT('Ctrl Pts',(-15.0280051476002,141.406439440497,178.187180634803));
#6637=CARTESIAN_POINT('Ctrl Pts',(-15.6181254683476,139.894167337054,179.262381879287));
#6638=CARTESIAN_POINT('Ctrl Pts',(-16.2078459958694,138.382497385725,180.33689503823));
#6639=CARTESIAN_POINT('Ctrl Pts',(-16.7978039055214,136.869795433528,181.411881149832));
#6640=CARTESIAN_POINT('Ctrl Pts',(-14.988308801824,141.414117330202,178.219766793838));
#6641=CARTESIAN_POINT('Ctrl Pts',(-15.5784293227379,139.901844713737,179.294968403042));
#6642=CARTESIAN_POINT('Ctrl Pts',(-16.1681500506277,138.390174248201,180.369481927209));
#6643=CARTESIAN_POINT('Ctrl Pts',(-16.7581081607965,136.877471781979,181.444468404153));
#6644=CARTESIAN_POINT('Ctrl Pts',(-14.9463065707183,141.419313421478,178.250127876635));
#6645=CARTESIAN_POINT('Ctrl Pts',(-15.5364271922954,139.907040546987,179.325329669258));
#6646=CARTESIAN_POINT('Ctrl Pts',(-16.1261480209585,138.395369822582,180.399843377135));
#6647=CARTESIAN_POINT('Ctrl Pts',(-16.7161062319862,136.882667097858,181.47483003784));
#6648=CARTESIAN_POINT('Ctrl Pts',(-14.9025062914918,141.42196488984,178.277896795847));
#6649=CARTESIAN_POINT('Ctrl Pts',(-15.4926269130113,139.909692015441,179.35309858837));
#6650=CARTESIAN_POINT('Ctrl Pts',(-16.082347741635,138.398021290634,180.427612296224));
#6651=CARTESIAN_POINT('Ctrl Pts',(-16.6723059526441,136.885318566056,181.502598956885));
#6652=CARTESIAN_POINT('',(-16.7573704104496,136.97346967014,181.338205710207));
#6653=CARTESIAN_POINT('Ctrl Pts',(-14.902479399607,141.422039187596,178.277888764685));
#6654=CARTESIAN_POINT('Ctrl Pts',(-15.3067744671461,140.472508010689,178.929523417988));
#6655=CARTESIAN_POINT('Ctrl Pts',(-15.8203287435131,139.255362752961,179.762532176696));
#6656=CARTESIAN_POINT('Ctrl Pts',(-16.4320819221866,137.77186217554,180.784995364476));
#6657=CARTESIAN_POINT('Ctrl Pts',(-16.6493735224932,137.239560293711,181.153482650604));
#6658=CARTESIAN_POINT('Ctrl Pts',(-16.7573704104496,136.97346967014,181.338205710207));
#6659=CARTESIAN_POINT('Ctrl Pts',(-16.6723038825219,136.885323885242,181.502595173827));
#6660=CARTESIAN_POINT('Ctrl Pts',(-16.6979918922966,136.912654413765,181.45797079666));
#6661=CARTESIAN_POINT('Ctrl Pts',(-16.7224363313986,136.938083199429,181.411504656848));
#6662=CARTESIAN_POINT('Ctrl Pts',(-16.745456698403,136.96143935886,181.363476737484));
#6663=CARTESIAN_POINT('Ctrl Pts',(-16.7494716938056,136.965512920012,181.355100160542));
#6664=CARTESIAN_POINT('Ctrl Pts',(-16.7534432877002,136.969523357852,181.346676014049));
#6665=CARTESIAN_POINT('Ctrl Pts',(-16.7573704104266,136.973469670144,181.338205710225));
#6666=CARTESIAN_POINT('Ctrl Pts',(-12.063664016144,148.116524033247,173.624073310301));
#6667=CARTESIAN_POINT('Ctrl Pts',(-13.4751060447142,148.090525879221,173.231279379618));
#6668=CARTESIAN_POINT('Ctrl Pts',(-16.1941618734628,148.038439343423,172.414099975501));
#6669=CARTESIAN_POINT('Ctrl Pts',(-20.081691207529,147.909843949685,170.892597542568));
#6670=CARTESIAN_POINT('Ctrl Pts',(-23.2098478061183,147.745990776221,169.406688036266));
#6671=CARTESIAN_POINT('Ctrl Pts',(-25.0985341074332,147.624597452797,168.440514914997));
#6672=CARTESIAN_POINT('Ctrl Pts',(-26.0821466168829,147.556751464332,167.924359702275));
#6673=CARTESIAN_POINT('Ctrl Pts',(-27.1079290029907,147.481097678582,167.373209283544));
#6674=CARTESIAN_POINT('Ctrl Pts',(-28.5355775615771,147.368893503664,166.588946856761));
#6675=CARTESIAN_POINT('Ctrl Pts',(-30.4392683962545,147.20634201328,165.51044294882));
#6676=CARTESIAN_POINT('Ctrl Pts',(-33.767743641863,146.899286911394,163.550381490584));
#6677=CARTESIAN_POINT('Ctrl Pts',(-36.6134071501561,146.645336198687,161.785841154669));
#6678=CARTESIAN_POINT('Ctrl Pts',(-38.704309053511,146.509262556416,160.465088439985));
#6679=CARTESIAN_POINT('Ctrl Pts',(-12.1723442087159,147.852013626733,173.810690819082));
#6680=CARTESIAN_POINT('Ctrl Pts',(-13.5691508984436,147.849060015896,173.392448156768));
#6681=CARTESIAN_POINT('Ctrl Pts',(-16.2621675916398,147.84056850789,172.531475013284));
#6682=CARTESIAN_POINT('Ctrl Pts',(-20.125317371276,147.755783390038,170.970223582802));
#6683=CARTESIAN_POINT('Ctrl Pts',(-23.2423950142151,147.605654023332,169.466416936166));
#6684=CARTESIAN_POINT('Ctrl Pts',(-25.1252289223754,147.488420228926,168.49079079485));
#6685=CARTESIAN_POINT('Ctrl Pts',(-26.1058292811257,147.422405178912,167.969759185126));
#6686=CARTESIAN_POINT('Ctrl Pts',(-27.1284240098355,147.34870738453,167.413431102832));
#6687=CARTESIAN_POINT('Ctrl Pts',(-28.5514394774999,147.240370690811,166.621588840087));
#6688=CARTESIAN_POINT('Ctrl Pts',(-30.4486874636549,147.08719042762,165.532330327774));
#6689=CARTESIAN_POINT('Ctrl Pts',(-33.7669515552069,146.8153638889,163.554325973209));
#6690=CARTESIAN_POINT('Ctrl Pts',(-36.6118211157048,146.607579382257,161.785892528151));
#6691=CARTESIAN_POINT('Ctrl Pts',(-38.7024961192228,146.476817260634,160.465064873167));
#6692=CARTESIAN_POINT('Ctrl Pts',(-12.3911475972248,147.323178855011,174.183224650062));
#6693=CARTESIAN_POINT('Ctrl Pts',(-13.7589741865536,147.363036736628,173.713764007628));
#6694=CARTESIAN_POINT('Ctrl Pts',(-16.4001340548401,147.435439414443,172.763436788023));
#6695=CARTESIAN_POINT('Ctrl Pts',(-20.2127048255396,147.429861351484,171.117297033728));
#6696=CARTESIAN_POINT('Ctrl Pts',(-23.3012480414414,147.317349216897,169.566604945856));
#6697=CARTESIAN_POINT('Ctrl Pts',(-25.1685687021166,147.222015344853,168.566117062056));
#6698=CARTESIAN_POINT('Ctrl Pts',(-26.141518172656,147.167882702545,168.03292749921));
#6699=CARTESIAN_POINT('Ctrl Pts',(-27.156593843128,147.107437737121,167.464750203293));
#6700=CARTESIAN_POINT('Ctrl Pts',(-28.5700325314951,147.019012880801,166.657927940639));
#6701=CARTESIAN_POINT('Ctrl Pts',(-30.4566831669378,146.895123729621,165.552276638762));
#6702=CARTESIAN_POINT('Ctrl Pts',(-33.7635743860553,146.674342803332,163.556967125313));
#6703=CARTESIAN_POINT('Ctrl Pts',(-36.6061070369213,146.490413476216,161.785967153615));
#6704=CARTESIAN_POINT('Ctrl Pts',(-38.6958803120987,146.36257708573,160.465014278775));
#6705=CARTESIAN_POINT('Ctrl Pts',(-12.8338266384697,146.265660182815,174.925576341793));
#6706=CARTESIAN_POINT('Ctrl Pts',(-14.1443420154781,146.379771396287,174.352213347449));
#6707=CARTESIAN_POINT('Ctrl Pts',(-16.6827181683374,146.585561638113,173.220669732101));
#6708=CARTESIAN_POINT('Ctrl Pts',(-20.3850440742092,146.708300083028,171.392717039975));
#6709=CARTESIAN_POINT('Ctrl Pts',(-23.4067413547649,146.671998301468,169.740451841503));
#6710=CARTESIAN_POINT('Ctrl Pts',(-25.2411596648118,146.621526526565,168.692094060803));
#6711=CARTESIAN_POINT('Ctrl Pts',(-26.1986241436531,146.590157380913,168.136757591283));
#6712=CARTESIAN_POINT('Ctrl Pts',(-27.199305455909,146.552881281776,167.548364894512));
#6713=CARTESIAN_POINT('Ctrl Pts',(-28.5952418482041,146.495441604011,166.717400205369));
#6714=CARTESIAN_POINT('Ctrl Pts',(-30.4635096719487,146.409466816217,165.587148730828));
#6715=CARTESIAN_POINT('Ctrl Pts',(-33.7490859946574,146.241938573216,163.564759886114));
#6716=CARTESIAN_POINT('Ctrl Pts',(-36.5841806690233,146.082659012732,161.786115862473));
#6717=CARTESIAN_POINT('Ctrl Pts',(-38.6719758861456,145.957781792727,160.464914024824));
#6718=CARTESIAN_POINT('Ctrl Pts',(-13.6194600699878,144.415223017238,176.217710442541));
#6719=CARTESIAN_POINT('Ctrl Pts',(-14.8307599487017,144.634721549633,175.459256584557));
#6720=CARTESIAN_POINT('Ctrl Pts',(-17.1886798850764,145.014694867914,174.001861883669));
#6721=CARTESIAN_POINT('Ctrl Pts',(-20.6772995009765,145.295075970094,171.840380055051));
#6722=CARTESIAN_POINT('Ctrl Pts',(-23.5714290542304,145.356888682584,170.014712130672));
#6723=CARTESIAN_POINT('Ctrl Pts',(-25.3466397855745,145.357298885287,168.889314894919));
#6724=CARTESIAN_POINT('Ctrl Pts',(-26.2765676808242,145.35055690091,168.298892525931));
#6725=CARTESIAN_POINT('Ctrl Pts',(-27.2520395950979,145.336942122439,167.678949708577));
#6726=CARTESIAN_POINT('Ctrl Pts',(-28.6175319994306,145.309323346986,166.810600328126));
#6727=CARTESIAN_POINT('Ctrl Pts',(-30.4539003220183,145.256651651806,165.642389272809));
#6728=CARTESIAN_POINT('Ctrl Pts',(-33.7016245745615,145.130696228822,163.577404830791));
#6729=CARTESIAN_POINT('Ctrl Pts',(-36.5225720379291,144.985396921646,161.786367739911));
#6730=CARTESIAN_POINT('Ctrl Pts',(-38.6067158007623,144.862418305437,160.464737244101));
#6731=CARTESIAN_POINT('Ctrl Pts',(-14.7607402409292,141.764141032632,178.046066244467));
#6732=CARTESIAN_POINT('Ctrl Pts',(-15.8284735113956,142.092698937258,177.01382688387));
#6733=CARTESIAN_POINT('Ctrl Pts',(-17.9135969330417,142.626390155779,175.071933905017));
#6734=CARTESIAN_POINT('Ctrl Pts',(-21.0657508877284,143.005880104674,172.44060005523));
#6735=CARTESIAN_POINT('Ctrl Pts',(-23.7730151298109,143.102309237388,170.384895127052));
#6736=CARTESIAN_POINT('Ctrl Pts',(-25.4625710044674,143.113354111688,169.157262436682));
#6737=CARTESIAN_POINT('Ctrl Pts',(-26.3528697065979,143.110527555405,168.520353059386));
#6738=CARTESIAN_POINT('Ctrl Pts',(-27.292056219977,143.099422770006,167.858447244397));
#6739=CARTESIAN_POINT('Ctrl Pts',(-28.6136022103389,143.073559004987,166.94011345755));
#6740=CARTESIAN_POINT('Ctrl Pts',(-30.4034511125867,143.020429794327,165.720444350526));
#6741=CARTESIAN_POINT('Ctrl Pts',(-33.5946546928223,142.890619365924,163.596261567611));
#6742=CARTESIAN_POINT('Ctrl Pts',(-36.393658791868,142.742138966217,161.786719263753));
#6743=CARTESIAN_POINT('Ctrl Pts',(-38.4724022125834,142.618894599064,160.464483349728));
#6744=CARTESIAN_POINT('Ctrl Pts',(-15.7734981792094,139.368926803966,179.684261184843));
#6745=CARTESIAN_POINT('Ctrl Pts',(-16.7019425234648,139.819089011374,178.401037693317));
#6746=CARTESIAN_POINT('Ctrl Pts',(-18.5231405083592,140.557849414033,176.014620232604));
#6747=CARTESIAN_POINT('Ctrl Pts',(-21.3957577981414,141.109449478545,172.965559107732));
#6748=CARTESIAN_POINT('Ctrl Pts',(-23.9534104067446,141.257816330774,170.710910603029));
#6749=CARTESIAN_POINT('Ctrl Pts',(-25.5716918652881,141.286015169151,169.394076818337));
#6750=CARTESIAN_POINT('Ctrl Pts',(-26.4287602615914,141.289740662569,168.716529699042));
#6751=CARTESIAN_POINT('Ctrl Pts',(-27.3370569944226,141.283620689177,168.017744673049));
#6752=CARTESIAN_POINT('Ctrl Pts',(-28.6208087299836,141.262650266664,167.055297158593));
#6753=CARTESIAN_POINT('Ctrl Pts',(-30.3699500368341,141.21324717679,165.789892135537));
#6754=CARTESIAN_POINT('Ctrl Pts',(-33.5113387782436,141.085881196647,163.612967666334));
#6755=CARTESIAN_POINT('Ctrl Pts',(-36.2905992676202,140.937617926651,161.787022241152));
#6756=CARTESIAN_POINT('Ctrl Pts',(-38.364514853406,140.814440791687,160.464253184994));
#6757=CARTESIAN_POINT('Ctrl Pts',(-16.4320819221866,137.77186217554,180.784995364476));
#6758=CARTESIAN_POINT('Ctrl Pts',(-17.2623288638962,138.34481411858,179.337407017805));
#6759=CARTESIAN_POINT('Ctrl Pts',(-18.8986966933547,139.32293445785,176.658625612536));
#6760=CARTESIAN_POINT('Ctrl Pts',(-21.5900920878741,140.156721408605,173.314234096343));
#6761=CARTESIAN_POINT('Ctrl Pts',(-24.0671950141372,140.442137223669,170.921045805994));
#6762=CARTESIAN_POINT('Ctrl Pts',(-25.6492487236596,140.521951289961,169.545405001049));
#6763=CARTESIAN_POINT('Ctrl Pts',(-26.4895969501653,140.54729911404,168.841446957116));
#6764=CARTESIAN_POINT('Ctrl Pts',(-27.3823408465178,140.558515608019,168.119126189335));
#6765=CARTESIAN_POINT('Ctrl Pts',(-28.6467609218263,140.555515342758,167.128808639143));
#6766=CARTESIAN_POINT('Ctrl Pts',(-30.3742804123087,140.519795121579,165.834761143921));
#6767=CARTESIAN_POINT('Ctrl Pts',(-33.4867444526142,140.401879239757,163.624132205999));
#6768=CARTESIAN_POINT('Ctrl Pts',(-36.2532546046921,140.25289201177,161.787222015073));
#6769=CARTESIAN_POINT('Ctrl Pts',(-38.3239739119494,140.129940560955,160.464099510163));
#6770=CARTESIAN_POINT('Ctrl Pts',(-16.6493735224932,137.239560293711,181.153482650604));
#6771=CARTESIAN_POINT('Ctrl Pts',(-17.4461645750132,137.860040295446,179.651655873823));
#6772=CARTESIAN_POINT('Ctrl Pts',(-19.0195199541173,138.933268397145,176.876886810161));
#6773=CARTESIAN_POINT('Ctrl Pts',(-21.645255754194,139.891268812365,173.43100331871));
#6774=CARTESIAN_POINT('Ctrl Pts',(-24.0961817650449,140.248789703508,170.987170212753));
#6775=CARTESIAN_POINT('Ctrl Pts',(-25.6689921951138,140.357584324011,169.591358426278));
#6776=CARTESIAN_POINT('Ctrl Pts',(-26.5054997334445,140.394942361913,168.878652986059));
#6777=CARTESIAN_POINT('Ctrl Pts',(-27.395038492501,140.415403292669,168.148930477376));
#6778=CARTESIAN_POINT('Ctrl Pts',(-28.6557415774193,140.420847061958,167.150289025736));
#6779=CARTESIAN_POINT('Ctrl Pts',(-30.3790387918208,140.388674005612,165.848264094027));
#6780=CARTESIAN_POINT('Ctrl Pts',(-33.4845009873927,140.264718690003,163.628183511316));
#6781=CARTESIAN_POINT('Ctrl Pts',(-36.2459096831891,140.10903956547,161.787289877747));
#6782=CARTESIAN_POINT('Ctrl Pts',(-38.3155164141954,139.985303453998,160.464048359621));
#6783=CARTESIAN_POINT('Ctrl Pts',(-16.7573704104496,136.97346967014,181.338205710207));
#6784=CARTESIAN_POINT('Ctrl Pts',(-17.5372181639285,137.619646482476,179.809451644763));
#6785=CARTESIAN_POINT('Ctrl Pts',(-19.0783708840269,138.745947230377,176.986818659532));
#6786=CARTESIAN_POINT('Ctrl Pts',(-21.6701897036574,139.774111465818,173.489250532119));
#6787=CARTESIAN_POINT('Ctrl Pts',(-24.1059165503968,140.177553108744,171.017673736444));
#6788=CARTESIAN_POINT('Ctrl Pts',(-25.6737558256409,140.307331865337,169.61056583446));
#6789=CARTESIAN_POINT('Ctrl Pts',(-26.5084187963301,140.353989824813,168.893048867972));
#6790=CARTESIAN_POINT('Ctrl Pts',(-27.3967570583721,140.382218067865,168.159424635446));
#6791=CARTESIAN_POINT('Ctrl Pts',(-28.6565795979536,140.395359126657,167.156794262926));
#6792=CARTESIAN_POINT('Ctrl Pts',(-30.3798274622562,140.36676793756,165.851939747415));
#6793=CARTESIAN_POINT('Ctrl Pts',(-33.4848377401762,140.234087340671,163.629790174546));
#6794=CARTESIAN_POINT('Ctrl Pts',(-36.2437958453659,140.063010023343,161.787324284882));
#6795=CARTESIAN_POINT('Ctrl Pts',(-38.3127824749127,139.93769595915,160.464022923588));
#6796=CARTESIAN_POINT('',(-38.3484712919784,140.640359502126,160.467886023794));
#6797=CARTESIAN_POINT('',(-38.6710238026723,145.942584039329,160.464919034846));
#6798=CARTESIAN_POINT('Ctrl Pts',(-38.3484712919784,140.640359502126,160.467886023794));
#6799=CARTESIAN_POINT('Ctrl Pts',(-38.4561805991729,142.408150785144,160.466575193991));
#6800=CARTESIAN_POINT('Ctrl Pts',(-38.5633021606414,144.175734938669,160.46635021895));
#6801=CARTESIAN_POINT('Ctrl Pts',(-38.6710238026723,145.942584039329,160.464919034846));
#6802=CARTESIAN_POINT('Ctrl Pts',(-38.3484712919784,140.640359502126,160.467886023794));
#6803=CARTESIAN_POINT('Ctrl Pts',(-34.8372011751201,140.847736717256,162.708781722654));
#6804=CARTESIAN_POINT('Ctrl Pts',(-31.5142480446954,141.01753513917,164.943935001073));
#6805=CARTESIAN_POINT('Ctrl Pts',(-26.4870830788305,140.961218457008,168.693956760491));
#6806=CARTESIAN_POINT('Ctrl Pts',(-24.4933058124774,140.77633422074,170.354798109341));
#6807=CARTESIAN_POINT('Ctrl Pts',(-19.9765949391965,139.689805611451,175.097866747263));
#6808=CARTESIAN_POINT('Ctrl Pts',(-18.3042312380244,138.527823681601,178.001896753181));
#6809=CARTESIAN_POINT('Ctrl Pts',(-16.7573704104496,136.97346967014,181.338205710207));
#6810=CARTESIAN_POINT('Ctrl Pts',(-12.3128417814408,148.111920154178,173.554406033142));
#6811=CARTESIAN_POINT('Ctrl Pts',(-14.5927382459339,147.985987959983,172.982543237971));
#6812=CARTESIAN_POINT('Ctrl Pts',(-16.78475745672,147.851598947092,172.34315022882));
#6813=CARTESIAN_POINT('Ctrl Pts',(-22.0671903046567,147.433637511491,170.243000980146));
#6814=CARTESIAN_POINT('Ctrl Pts',(-24.8327071034483,147.144875793192,168.843552145831));
#6815=CARTESIAN_POINT('Ctrl Pts',(-31.0297696903775,146.519076573147,165.274153673302));
#6816=CARTESIAN_POINT('Ctrl Pts',(-34.277333746213,146.218411069947,163.245649555599));
#6817=CARTESIAN_POINT('Ctrl Pts',(-38.6710238026723,145.942584039329,160.464919034846));
#6818=CARTESIAN_POINT('Origin',(-40.6527534318572,143.16160496743,160.367916907246));
#6819=CARTESIAN_POINT('',(-39.3294684743295,139.579675739997,158.622696714014));
#6820=CARTESIAN_POINT('',(-41.534291540704,139.446205845961,162.113137100479));
#6821=CARTESIAN_POINT('',(-39.3294684743295,139.579675739997,158.622696714014));
#6822=CARTESIAN_POINT('',(-41.9760383893848,146.743534194864,162.113137100479));
#6823=CARTESIAN_POINT('',(-41.534291540704,139.446205845961,162.113137100479));
#6824=CARTESIAN_POINT('',(-39.7712153230103,146.877004088899,158.622696714014));
#6825=CARTESIAN_POINT('',(-41.9760383893848,146.743534194864,162.113137100479));
#6826=CARTESIAN_POINT('',(-39.7712153230103,146.877004088899,158.622696714014));
#6827=CARTESIAN_POINT('',(-40.5114485523862,145.83036316512,159.890213002982));
#6828=CARTESIAN_POINT('',(-40.1905513205745,140.529380319908,159.890213002981));
#6829=CARTESIAN_POINT('',(-40.5718733608208,146.828535916965,159.890213002982));
#6830=CARTESIAN_POINT('',(-41.1149555431398,145.793829614953,160.845620811511));
#6831=CARTESIAN_POINT('',(-41.9156135809502,145.745361443019,162.113137100479));
#6832=CARTESIAN_POINT('',(-40.7940583113281,140.49284676974,160.845620811511));
#6833=CARTESIAN_POINT('',(-40.7336335028935,139.494674017895,160.845620811511));
#6834=CARTESIAN_POINT('',(-39.389893282764,140.577848491842,158.622696714014));
#6835=CARTESIAN_POINT('Origin',(-38.4860016595513,139.630735359296,159.157445858608));
#6836=CARTESIAN_POINT('',(-40.6908247259258,139.49726546526,162.647886245074));
#6837=CARTESIAN_POINT('',(-38.4860016595513,139.630735359296,159.157445858608));
#6838=CARTESIAN_POINT('Origin',(-40.6908247259258,139.49726546526,162.647886245074));
#6839=CARTESIAN_POINT('',(-41.1325715746067,146.794593814163,162.647886245074));
#6840=CARTESIAN_POINT('Origin',(-41.1325715746067,146.794593814163,162.647886245074));
#6841=CARTESIAN_POINT('',(-38.9277485082321,146.928063708198,159.157445858609));
#6842=CARTESIAN_POINT('Origin',(-38.9277485082321,146.928063708198,159.157445858609));
#6843=CARTESIAN_POINT('Origin',(-39.4010957250045,145.897578841731,160.002456717921));
#6844=CARTESIAN_POINT('',(-39.667981737608,145.881422784419,160.424962147577));
#6845=CARTESIAN_POINT('',(-39.667981737608,145.881422784419,160.424962147576));
#6846=CARTESIAN_POINT('',(-40.2714887283616,145.844889234252,161.380369956106));
#6847=CARTESIAN_POINT('',(-41.072146766172,145.796421062318,162.647886245074));
#6848=CARTESIAN_POINT('',(-40.2714887283616,145.844889234252,161.380369956106));
#6849=CARTESIAN_POINT('Origin',(-40.2714887283616,145.844889234252,161.380369956106));
#6850=CARTESIAN_POINT('',(-39.9505914965499,140.543906389039,161.380369956106));
#6851=CARTESIAN_POINT('',(-39.8901666881153,139.545733637194,161.380369956106));
#6852=CARTESIAN_POINT('',(-39.9505914965499,140.543906389039,161.380369956106));
#6853=CARTESIAN_POINT('Origin',(-40.2174775091534,140.527750331728,161.802875385762));
#6854=CARTESIAN_POINT('',(-39.3470845057964,140.580439939207,160.424962147576));
#6855=CARTESIAN_POINT('',(-39.3470845057963,140.580439939207,160.424962147576));
#6856=CARTESIAN_POINT('',(-38.5464264679858,140.628908111141,159.157445858609));
#6857=CARTESIAN_POINT('Origin',(-39.3470845057964,140.580439939207,160.424962147576));
#6858=CARTESIAN_POINT('',(-39.7284065460426,146.879595536264,160.424962147577));
#6859=CARTESIAN_POINT('Ctrl Pts',(-16.5711073737909,136.785653995772,181.760002425657));
#6860=CARTESIAN_POINT('Ctrl Pts',(-17.4620159721563,137.669327637182,179.481185825547));
#6861=CARTESIAN_POINT('Ctrl Pts',(-18.8738159717571,138.830260631885,176.364946300678));
#6862=CARTESIAN_POINT('Ctrl Pts',(-22.420364534349,140.230049719015,171.406645879958));
#6863=CARTESIAN_POINT('Ctrl Pts',(-27.6202206028286,141.030102574098,166.5367994883));
#6864=CARTESIAN_POINT('Ctrl Pts',(-34.4033617595294,140.879710280282,162.032919549002));
#6865=CARTESIAN_POINT('Ctrl Pts',(-38.6586523061685,140.622114472704,159.335109819029));
#6866=CARTESIAN_POINT('Ctrl Pts',(-19.5794175191894,141.043313821086,185.974494802884));
#6867=CARTESIAN_POINT('Ctrl Pts',(-20.0940828194423,141.110971429949,183.039989646017));
#6868=CARTESIAN_POINT('Ctrl Pts',(-20.9878093864757,141.223669345744,179.10462534367));
#6869=CARTESIAN_POINT('Ctrl Pts',(-23.8320585049426,141.304305147304,173.168925186055));
#6870=CARTESIAN_POINT('Ctrl Pts',(-28.4932250514475,141.218837123994,167.69836555011));
#6871=CARTESIAN_POINT('Ctrl Pts',(-35.0749952132851,140.83905266595,163.06649523786));
#6872=CARTESIAN_POINT('Ctrl Pts',(-39.3168975994721,140.58226731631,160.37717346168));
#6873=CARTESIAN_POINT('Ctrl Pts',(-22.5945092327494,145.298629653162,190.186572024678));
#6874=CARTESIAN_POINT('Ctrl Pts',(-22.7341325562736,144.550250647606,186.595343517658));
#6875=CARTESIAN_POINT('Ctrl Pts',(-23.1125479998444,143.613623194664,181.839669444697));
#6876=CARTESIAN_POINT('Ctrl Pts',(-25.2533121536346,142.369940395472,174.929677416787));
#6877=CARTESIAN_POINT('Ctrl Pts',(-29.366558477663,141.402297929629,168.859887707386));
#6878=CARTESIAN_POINT('Ctrl Pts',(-35.7466286670409,140.798395051617,164.100070926719));
#6879=CARTESIAN_POINT('Ctrl Pts',(-39.9751428927758,140.542420159916,161.419237104331));
#6880=CARTESIAN_POINT('Ctrl Pts',(-25.6153959405819,149.549022885223,194.399479242372));
#6881=CARTESIAN_POINT('Ctrl Pts',(-25.3813226891269,147.983759809654,190.151126377194));
#6882=CARTESIAN_POINT('Ctrl Pts',(-25.2466158242703,145.994718147547,184.575784000277));
#6883=CARTESIAN_POINT('Ctrl Pts',(-26.6780810658799,143.423810802471,176.695017495493));
#6884=CARTESIAN_POINT('Ctrl Pts',(-30.2387839362539,141.581036932644,170.021661517719));
#6885=CARTESIAN_POINT('Ctrl Pts',(-36.4182621207966,140.757737437285,165.133646615578));
#6886=CARTESIAN_POINT('Ctrl Pts',(-40.6333881860795,140.502573003522,162.461300746982));
#6887=CARTESIAN_POINT('Ctrl Pts',(-39.9505914965499,140.543906389039,161.380369956106));
#6888=CARTESIAN_POINT('Ctrl Pts',(-39.9142133084793,140.546108557994,161.509583729886));
#6889=CARTESIAN_POINT('Ctrl Pts',(-39.8649947602434,140.549129295393,161.634564422976));
#6890=CARTESIAN_POINT('Ctrl Pts',(-39.8038276095041,140.552967722332,161.753471969107));
#6891=CARTESIAN_POINT('Ctrl Pts',(-39.7611223402687,140.555647609394,161.836490038614));
#6892=CARTESIAN_POINT('Ctrl Pts',(-39.7125923605591,140.558726277325,161.916548221144));
#6893=CARTESIAN_POINT('Ctrl Pts',(-39.6585262699508,140.562200714611,161.993024351038));
#6894=CARTESIAN_POINT('Ctrl Pts',(-39.5944016972414,140.566321537919,162.083728137769));
#6895=CARTESIAN_POINT('Ctrl Pts',(-39.5228431498665,140.570977263582,162.168900772044));
#6896=CARTESIAN_POINT('Ctrl Pts',(-39.4446002078132,140.576129796684,162.247660214564));
#6897=CARTESIAN_POINT('Ctrl Pts',(-39.4402749783902,140.576414626053,162.252013995866));
#6898=CARTESIAN_POINT('Ctrl Pts',(-39.4359293099547,140.576700969285,162.256348180271));
#6899=CARTESIAN_POINT('Ctrl Pts',(-39.4315633245866,140.576988818378,162.260662618982));
#6900=CARTESIAN_POINT('Ctrl Pts',(-39.375805108772,140.580664953433,162.315762529877));
#6901=CARTESIAN_POINT('Ctrl Pts',(-39.3168561979231,140.584579087079,162.367522564363));
#6902=CARTESIAN_POINT('Ctrl Pts',(-39.25502228649,140.588707648438,162.415674411245));
#6903=CARTESIAN_POINT('Ctrl Pts',(-39.2299874755083,140.590379186771,162.435169739249));
#6904=CARTESIAN_POINT('Ctrl Pts',(-39.2044920974234,140.592084980666,162.454063993624));
#6905=CARTESIAN_POINT('Ctrl Pts',(-39.1785578400189,140.593823073798,162.47234110866));
#6906=CARTESIAN_POINT('Ctrl Pts',(-39.1615846325571,140.594960604549,162.484302942017));
#6907=CARTESIAN_POINT('Ctrl Pts',(-39.1444260505324,140.596111791623,162.495998594631));
#6908=CARTESIAN_POINT('Ctrl Pts',(-39.127088345217,140.597276035023,162.507423807422));
#6909=CARTESIAN_POINT('Ctrl Pts',(-17.0156308168101,137.369382443722,181.997909720198));
#6910=CARTESIAN_POINT('Ctrl Pts',(-18.3530038053374,139.255311601926,183.927290852246));
#6911=CARTESIAN_POINT('Ctrl Pts',(-19.6904991045189,141.145598665362,185.856448799263));
#6912=CARTESIAN_POINT('Ctrl Pts',(-22.5560800756671,145.203338125398,189.988920715328));
#6913=CARTESIAN_POINT('Ctrl Pts',(-24.0871391339043,147.376145738783,192.196413311567));
#6914=CARTESIAN_POINT('Ctrl Pts',(-25.6153959375557,149.549022880363,194.399479236241));
#6915=CARTESIAN_POINT('Ctrl Pts',(-38.3483416178361,140.640354828093,160.46770586004));
#6916=CARTESIAN_POINT('Ctrl Pts',(-38.4226102612134,140.635971439799,160.420358557823));
#6917=CARTESIAN_POINT('Ctrl Pts',(-38.5026463026831,140.631230077597,160.383153567178));
#6918=CARTESIAN_POINT('Ctrl Pts',(-38.5863215646138,140.626245597038,160.356920103033));
#6919=CARTESIAN_POINT('Ctrl Pts',(-38.6262037399746,140.623869841969,160.344416435961));
#6920=CARTESIAN_POINT('Ctrl Pts',(-38.6669120498503,140.621439162407,160.334405697532));
#6921=CARTESIAN_POINT('Ctrl Pts',(-38.7082130112542,140.618967512742,160.32697992168));
#6922=CARTESIAN_POINT('Ctrl Pts',(-38.8164339686289,140.612491046238,160.307522152548));
#6923=CARTESIAN_POINT('Ctrl Pts',(-38.927119250144,140.605828205648,160.306095999758));
#6924=CARTESIAN_POINT('Ctrl Pts',(-39.0357946439207,140.599267069689,160.322762225916));
#6925=CARTESIAN_POINT('Ctrl Pts',(-39.1444700229037,140.592705934624,160.339428449806));
#6926=CARTESIAN_POINT('Ctrl Pts',(-39.2496502563591,140.586338162582,160.373959366841));
#6927=CARTESIAN_POINT('Ctrl Pts',(-39.3470845057963,140.580439939207,160.424962147576));
#6928=CARTESIAN_POINT('Ctrl Pts',(-39.3470774190975,140.580322872229,160.424962147576));
#6929=CARTESIAN_POINT('Ctrl Pts',(-39.4540709348135,142.347775923031,160.424962147576));
#6930=CARTESIAN_POINT('Ctrl Pts',(-39.5610644683571,144.115229268332,160.424962147576));
#6931=CARTESIAN_POINT('Ctrl Pts',(-39.6680579815249,145.88268227704,160.424962147577));
#6932=CARTESIAN_POINT('Ctrl Pts',(-39.1924387898011,140.589600420355,160.344017900499));
#6933=CARTESIAN_POINT('Ctrl Pts',(-39.2996327861377,142.357118326451,160.343955241357));
#6934=CARTESIAN_POINT('Ctrl Pts',(-39.4066619512805,144.124597388958,160.343941412616));
#6935=CARTESIAN_POINT('Ctrl Pts',(-39.5138630135786,145.891925028448,160.343873083199));
#6936=CARTESIAN_POINT('Ctrl Pts',(-38.8400293568118,140.610766721388,160.265644726829));
#6937=CARTESIAN_POINT('Ctrl Pts',(-38.9476263487968,142.378413972674,160.265273974757));
#6938=CARTESIAN_POINT('Ctrl Pts',(-39.0547265918322,144.145944388833,160.265210929199));
#6939=CARTESIAN_POINT('Ctrl Pts',(-39.1623452187239,145.913021490451,160.264806587454));
#6940=CARTESIAN_POINT('Ctrl Pts',(-38.495618504483,140.631493555634,160.37396987742));
#6941=CARTESIAN_POINT('Ctrl Pts',(-38.6033655799555,142.399244375868,160.372989820664));
#6942=CARTESIAN_POINT('Ctrl Pts',(-38.7104904221129,144.166814325638,160.372819588248));
#6943=CARTESIAN_POINT('Ctrl Pts',(-38.8182578166283,145.933716952977,160.371749979526));
#6944=CARTESIAN_POINT('Ctrl Pts',(-38.3484712919784,140.640359502126,160.467886023794));
#6945=CARTESIAN_POINT('Ctrl Pts',(-38.4561805991729,142.408150785144,160.466575193991));
#6946=CARTESIAN_POINT('Ctrl Pts',(-38.5633021606414,144.175734938669,160.46635021895));
#6947=CARTESIAN_POINT('Ctrl Pts',(-38.6710238026723,145.942584039329,160.464919034846));
#6948=CARTESIAN_POINT('Ctrl Pts',(-39.667981737608,145.881422784419,160.424962147577));
#6949=CARTESIAN_POINT('Ctrl Pts',(-39.6290500708003,145.883779529319,160.404487806184));
#6950=CARTESIAN_POINT('Ctrl Pts',(-39.5888704438091,145.88621414558,160.386724291742));
#6951=CARTESIAN_POINT('Ctrl Pts',(-39.5477456411772,145.888709115014,160.371678372421));
#6952=CARTESIAN_POINT('Ctrl Pts',(-39.5061195994686,145.891234493742,160.356449069783));
#6953=CARTESIAN_POINT('Ctrl Pts',(-39.4635241169568,145.893821770886,160.344003694487));
#6954=CARTESIAN_POINT('Ctrl Pts',(-39.420250495633,145.896454154427,160.334397206713));
#6955=CARTESIAN_POINT('Ctrl Pts',(-39.3798980373459,145.898908840302,160.325439199842));
#6956=CARTESIAN_POINT('Ctrl Pts',(-39.3389549525027,145.901402805627,160.318950026604));
#6957=CARTESIAN_POINT('Ctrl Pts',(-39.2976526794425,145.903922730603,160.315014818288));
#6958=CARTESIAN_POINT('Ctrl Pts',(-39.2532036018348,145.906634647709,160.310779787941));
#6959=CARTESIAN_POINT('Ctrl Pts',(-39.2086052405304,145.9093602096,160.309527643608));
#6960=CARTESIAN_POINT('Ctrl Pts',(-39.1641517567998,145.912082309887,160.311309290417));
#6961=CARTESIAN_POINT('Ctrl Pts',(-39.1198803412301,145.914793261266,160.313083640135));
#6962=CARTESIAN_POINT('Ctrl Pts',(-39.0757514729287,145.917500848175,160.317866971881));
#6963=CARTESIAN_POINT('Ctrl Pts',(-39.0320477025981,145.920188620363,160.325568140141));
#6964=CARTESIAN_POINT('Ctrl Pts',(-39.0119444885027,145.921424963574,160.329110585864));
#6965=CARTESIAN_POINT('Ctrl Pts',(-38.9919313217301,145.922657108303,160.333271136948));
#6966=CARTESIAN_POINT('Ctrl Pts',(-38.9720366953205,145.923883394707,160.338044487103));
#6967=CARTESIAN_POINT('Ctrl Pts',(-38.9288278983493,145.92654674506,160.348411644218));
#6968=CARTESIAN_POINT('Ctrl Pts',(-38.8864135839056,145.929167874882,160.361609410372));
#6969=CARTESIAN_POINT('Ctrl Pts',(-38.8450709529037,145.93173124206,160.377527244431));
#6970=CARTESIAN_POINT('Ctrl Pts',(-38.8040650558386,145.934273730723,160.393315428421));
#6971=CARTESIAN_POINT('Ctrl Pts',(-38.7641123937119,145.936759457742,160.411779946979));
#6972=CARTESIAN_POINT('Ctrl Pts',(-38.7254992483135,145.939172320379,160.432860759586));
#6973=CARTESIAN_POINT('Ctrl Pts',(-38.7070224738194,145.940326899172,160.442948138293));
#6974=CARTESIAN_POINT('Ctrl Pts',(-38.6888527428158,145.941464774302,160.453635244371));
#6975=CARTESIAN_POINT('Ctrl Pts',(-38.6710238026723,145.942584039329,160.464919034846));
#6976=CARTESIAN_POINT('Ctrl Pts',(-21.2656369375474,161.00564039283,186.758142722128));
#6977=CARTESIAN_POINT('Ctrl Pts',(-21.9188274896427,158.349114396286,184.234415038789));
#6978=CARTESIAN_POINT('Ctrl Pts',(-23.2983424164139,153.757823292751,179.76620870178));
#6979=CARTESIAN_POINT('Ctrl Pts',(-26.5803292756459,149.772020027935,174.687129569584));
#6980=CARTESIAN_POINT('Ctrl Pts',(-30.3802466655494,147.853999224919,170.900732183271));
#6981=CARTESIAN_POINT('Ctrl Pts',(-33.0687373639998,146.98525775569,168.567350492902));
#6982=CARTESIAN_POINT('Ctrl Pts',(-35.358117804781,146.442687070323,166.692285650635));
#6983=CARTESIAN_POINT('Ctrl Pts',(-37.5092532945809,146.099349878714,164.986998156388));
#6984=CARTESIAN_POINT('Ctrl Pts',(-39.4275725997902,145.90751560873,163.583605357635));
#6985=CARTESIAN_POINT('Ctrl Pts',(-40.4672299000656,145.833039959884,162.890230282328));
#6986=CARTESIAN_POINT('Ctrl Pts',(-41.0084743868483,145.800275496649,162.547086934833));
#6987=CARTESIAN_POINT('Ctrl Pts',(-21.1579675366758,160.8524360857,186.601848345563));
#6988=CARTESIAN_POINT('Ctrl Pts',(-21.8267229136544,158.225228259565,184.104726193664));
#6989=CARTESIAN_POINT('Ctrl Pts',(-23.2345932520064,153.683921390808,179.683275853542));
#6990=CARTESIAN_POINT('Ctrl Pts',(-26.5416850085945,149.736492057576,174.644325770727));
#6991=CARTESIAN_POINT('Ctrl Pts',(-30.346757564359,147.828587884125,170.865113295144));
#6992=CARTESIAN_POINT('Ctrl Pts',(-33.0337805481862,146.962864992168,168.52640057067));
#6993=CARTESIAN_POINT('Ctrl Pts',(-35.3222907618755,146.427166849662,166.643960743389));
#6994=CARTESIAN_POINT('Ctrl Pts',(-37.4872118355916,146.09716812975,164.953225288122));
#6995=CARTESIAN_POINT('Ctrl Pts',(-39.4211006328823,145.90797234604,163.572983268764));
#6996=CARTESIAN_POINT('Ctrl Pts',(-40.4638038014203,145.83324736021,162.88467373795));
#6997=CARTESIAN_POINT('Ctrl Pts',(-41.0049884298432,145.800486520526,162.54156834003));
#6998=CARTESIAN_POINT('Ctrl Pts',(-20.942747751853,160.545978603544,186.2891662923));
#6999=CARTESIAN_POINT('Ctrl Pts',(-21.6424467722225,157.977393151218,183.844781169884));
#7000=CARTESIAN_POINT('Ctrl Pts',(-23.106851896219,153.536239243564,179.5158430626));
#7001=CARTESIAN_POINT('Ctrl Pts',(-26.4634149309573,149.665513034179,174.554836465239));
#7002=CARTESIAN_POINT('Ctrl Pts',(-30.2826342737259,147.78225537238,170.792102429134));
#7003=CARTESIAN_POINT('Ctrl Pts',(-32.9742398927177,146.929921663292,168.451253040477));
#7004=CARTESIAN_POINT('Ctrl Pts',(-35.2726292596012,146.411983962509,166.572708661294));
#7005=CARTESIAN_POINT('Ctrl Pts',(-37.460179255867,146.095742894351,164.910401797722));
#7006=CARTESIAN_POINT('Ctrl Pts',(-39.4087087255187,145.908459339215,163.552661317189));
#7007=CARTESIAN_POINT('Ctrl Pts',(-40.4539132910904,145.833846086424,162.868750657334));
#7008=CARTESIAN_POINT('Ctrl Pts',(-40.9949781761047,145.801092495457,162.525721175484));
#7009=CARTESIAN_POINT('Ctrl Pts',(-20.5127739349669,159.932886880477,185.663447111123));
#7010=CARTESIAN_POINT('Ctrl Pts',(-21.2736630874435,157.481518876115,183.322727396026));
#7011=CARTESIAN_POINT('Ctrl Pts',(-22.8498526692842,153.241063127931,179.174635145241));
#7012=CARTESIAN_POINT('Ctrl Pts',(-26.3043691470374,149.524385556891,174.362303565178));
#7013=CARTESIAN_POINT('Ctrl Pts',(-30.160673340048,147.701594775167,170.638729392396));
#7014=CARTESIAN_POINT('Ctrl Pts',(-32.8743199696241,146.885152821921,168.312801872327));
#7015=CARTESIAN_POINT('Ctrl Pts',(-35.198577956913,146.396206533303,166.459600133284));
#7016=CARTESIAN_POINT('Ctrl Pts',(-37.4133769188764,146.094058793686,164.834625542695));
#7017=CARTESIAN_POINT('Ctrl Pts',(-39.3753388000942,145.909919186951,163.49839438226));
#7018=CARTESIAN_POINT('Ctrl Pts',(-40.4226251996679,145.835740124231,162.818687898298));
#7019=CARTESIAN_POINT('Ctrl Pts',(-40.9634506734517,145.803001026125,162.475810200665));
#7020=CARTESIAN_POINT('Ctrl Pts',(-19.7614780307579,158.85949856457,184.567507313251));
#7021=CARTESIAN_POINT('Ctrl Pts',(-20.627722331429,156.613169328943,182.403749213662));
#7022=CARTESIAN_POINT('Ctrl Pts',(-22.396320878226,152.724305703347,178.562205850833));
#7023=CARTESIAN_POINT('Ctrl Pts',(-26.018394721391,149.280128369639,173.992563284796));
#7024=CARTESIAN_POINT('Ctrl Pts',(-29.9543583044277,147.58196461752,170.351517542539));
#7025=CARTESIAN_POINT('Ctrl Pts',(-32.7159232606267,146.829999867448,168.074172281017));
#7026=CARTESIAN_POINT('Ctrl Pts',(-35.0780166024894,146.378590310624,166.267194635566));
#7027=CARTESIAN_POINT('Ctrl Pts',(-37.3185078213006,146.092791188433,164.680199858391));
#7028=CARTESIAN_POINT('Ctrl Pts',(-39.2908458880309,145.91407027983,163.362083157336));
#7029=CARTESIAN_POINT('Ctrl Pts',(-40.3393619398339,145.840780500775,162.685945380221));
#7030=CARTESIAN_POINT('Ctrl Pts',(-40.8797683862835,145.808066768665,162.343333341539));
#7031=CARTESIAN_POINT('Ctrl Pts',(-18.2633044717934,156.711209503371,182.372230198572));
#7032=CARTESIAN_POINT('Ctrl Pts',(-19.3342764443089,154.874770723944,180.546690864104));
#7033=CARTESIAN_POINT('Ctrl Pts',(-21.4728621445837,151.686708970572,177.280078445138));
#7034=CARTESIAN_POINT('Ctrl Pts',(-25.4203017547479,148.806324231742,173.145662333628));
#7035=CARTESIAN_POINT('Ctrl Pts',(-29.5222931552312,147.378725743824,169.693155496569));
#7036=CARTESIAN_POINT('Ctrl Pts',(-32.3650921887791,146.743312500851,167.517640810413));
#7037=CARTESIAN_POINT('Ctrl Pts',(-34.7759586504058,146.352845507766,165.778657324862));
#7038=CARTESIAN_POINT('Ctrl Pts',(-37.042212497364,146.095909422305,164.233317827129));
#7039=CARTESIAN_POINT('Ctrl Pts',(-39.0234529049253,145.928330081842,162.933668546722));
#7040=CARTESIAN_POINT('Ctrl Pts',(-40.0723721449372,145.856942840591,162.261418245789));
#7041=CARTESIAN_POINT('Ctrl Pts',(-40.6119408203371,145.824279823305,161.919337345195));
#7042=CARTESIAN_POINT('Ctrl Pts',(-15.7072900424209,153.02396752001,178.597978913236));
#7043=CARTESIAN_POINT('Ctrl Pts',(-17.1152667631199,151.890291310425,177.313048886407));
#7044=CARTESIAN_POINT('Ctrl Pts',(-19.8511788173359,149.900929877081,174.929604389094));
#7045=CARTESIAN_POINT('Ctrl Pts',(-24.3077432101384,148.030261180289,171.448538261737));
#7046=CARTESIAN_POINT('Ctrl Pts',(-28.6415933398697,147.067071484864,168.29689354035));
#7047=CARTESIAN_POINT('Ctrl Pts',(-31.5785343410645,146.616619328177,166.254147025278));
#7048=CARTESIAN_POINT('Ctrl Pts',(-34.0388924749041,146.324513368199,164.590243561631));
#7049=CARTESIAN_POINT('Ctrl Pts',(-36.3277683689298,146.116048515245,163.085461169262));
#7050=CARTESIAN_POINT('Ctrl Pts',(-38.3152534938684,145.967915920736,161.803769193691));
#7051=CARTESIAN_POINT('Ctrl Pts',(-39.363307923117,145.899866342252,161.135717748777));
#7052=CARTESIAN_POINT('Ctrl Pts',(-39.9014396857069,145.867290309088,160.794547835886));
#7053=CARTESIAN_POINT('Ctrl Pts',(-13.587772513402,149.952551930561,175.444437420179));
#7054=CARTESIAN_POINT('Ctrl Pts',(-15.2754510176571,149.407551163253,174.596061769072));
#7055=CARTESIAN_POINT('Ctrl Pts',(-18.505527939279,148.430121962965,172.913533641674));
#7056=CARTESIAN_POINT('Ctrl Pts',(-23.3655361582264,147.41392732483,169.972899524509));
#7057=CARTESIAN_POINT('Ctrl Pts',(-27.8582731157764,146.820527905278,167.045689750843));
#7058=CARTESIAN_POINT('Ctrl Pts',(-30.8542748596142,146.518839235683,165.089147350611));
#7059=CARTESIAN_POINT('Ctrl Pts',(-33.3438585475644,146.306599846468,163.471423906833));
#7060=CARTESIAN_POINT('Ctrl Pts',(-35.6449449859943,146.138308147793,161.990353589788));
#7061=CARTESIAN_POINT('Ctrl Pts',(-37.6349491311429,146.006369678302,160.719483783308));
#7062=CARTESIAN_POINT('Ctrl Pts',(-38.681843280078,145.941119091773,160.054242769601));
#7063=CARTESIAN_POINT('Ctrl Pts',(-39.2187784513176,145.908615494771,159.71383148312));
#7064=CARTESIAN_POINT('Ctrl Pts',(-12.3128417814403,148.111920154178,173.554406033142));
#7065=CARTESIAN_POINT('Ctrl Pts',(-14.1764909900378,147.922083925951,172.986469090198));
#7066=CARTESIAN_POINT('Ctrl Pts',(-17.7238174381037,147.557807456664,171.773651668543));
#7067=CARTESIAN_POINT('Ctrl Pts',(-22.8756733571853,147.056747548884,169.229522034749));
#7068=CARTESIAN_POINT('Ctrl Pts',(-27.4911436195032,146.675014655752,166.465561979954));
#7069=CARTESIAN_POINT('Ctrl Pts',(-30.5279176701579,146.456740043158,164.56465729466));
#7070=CARTESIAN_POINT('Ctrl Pts',(-33.0356038485936,146.290001351921,162.973227340379));
#7071=CARTESIAN_POINT('Ctrl Pts',(-35.3429401283149,146.145257956241,161.503980162292));
#7072=CARTESIAN_POINT('Ctrl Pts',(-37.3339040967649,146.022974209106,160.238553834549));
#7073=CARTESIAN_POINT('Ctrl Pts',(-38.3799715559951,145.959393023881,159.574759493209));
#7074=CARTESIAN_POINT('Ctrl Pts',(-38.9161885740333,145.926932900587,159.234803508351));
#7075=CARTESIAN_POINT('Ctrl Pts',(-39.4398685948274,145.900783997368,162.508678234726));
#7076=CARTESIAN_POINT('Ctrl Pts',(-39.4530648081453,145.899848619635,162.500082005896));
#7077=CARTESIAN_POINT('Ctrl Pts',(-39.4661531902626,145.898922019157,162.491324403868));
#7078=CARTESIAN_POINT('Ctrl Pts',(-39.4791320776751,145.89800439256,162.482408321295));
#7079=CARTESIAN_POINT('Ctrl Pts',(-39.4944452536551,145.896921728298,162.47188865677));
#7080=CARTESIAN_POINT('Ctrl Pts',(-39.5096046297023,145.895851654088,162.461149331251));
#7081=CARTESIAN_POINT('Ctrl Pts',(-39.5246074448256,145.894794473749,162.450195056069));
#7082=CARTESIAN_POINT('Ctrl Pts',(-39.5588308803884,145.892382903461,162.425206883666));
#7083=CARTESIAN_POINT('Ctrl Pts',(-39.5922273703075,145.890039333028,162.399109630593));
#7084=CARTESIAN_POINT('Ctrl Pts',(-39.6247635122702,145.887766956751,162.371958411903));
#7085=CARTESIAN_POINT('Ctrl Pts',(-39.6817387763022,145.883787713038,162.324412889898));
#7086=CARTESIAN_POINT('Ctrl Pts',(-39.7359443303577,145.880038194434,162.273749104008));
#7087=CARTESIAN_POINT('Ctrl Pts',(-39.787212996194,145.876526415434,162.220274759113));
#7088=CARTESIAN_POINT('Ctrl Pts',(-39.8389618919196,145.872981741854,162.166299523893));
#7089=CARTESIAN_POINT('Ctrl Pts',(-39.8877192499222,145.869679242981,162.109460104566));
#7090=CARTESIAN_POINT('Ctrl Pts',(-39.9332767385852,145.866629317562,162.050035091675));
#7091=CARTESIAN_POINT('Ctrl Pts',(-39.9529314603442,145.865313497984,162.024397548251));
#7092=CARTESIAN_POINT('Ctrl Pts',(-39.9719900804169,145.864044720269,161.998278340775));
#7093=CARTESIAN_POINT('Ctrl Pts',(-39.990433348823,145.862823970477,161.971698217435));
#7094=CARTESIAN_POINT('Ctrl Pts',(-40.033230634122,145.859991241702,161.910019501015));
#7095=CARTESIAN_POINT('Ctrl Pts',(-40.0725363974485,145.857427706132,161.846121621831));
#7096=CARTESIAN_POINT('Ctrl Pts',(-40.1081659807737,145.855133280805,161.780300792704));
#7097=CARTESIAN_POINT('Ctrl Pts',(-40.1433275085441,145.852868996682,161.715344632815));
#7098=CARTESIAN_POINT('Ctrl Pts',(-40.1749092612689,145.850866769739,161.648514891581));
#7099=CARTESIAN_POINT('Ctrl Pts',(-40.2026919879887,145.849129032166,161.580069252447));
#7100=CARTESIAN_POINT('Ctrl Pts',(-40.2291452824321,145.847474447137,161.514898808105));
#7101=CARTESIAN_POINT('Ctrl Pts',(-40.2521545475935,145.846059636367,161.448262678147));
#7102=CARTESIAN_POINT('Ctrl Pts',(-40.2714887283623,145.844889234265,161.380369956106));
#7103=CARTESIAN_POINT('Ctrl Pts',(-40.2716905154066,145.84822260568,161.380369956106));
#7104=CARTESIAN_POINT('Ctrl Pts',(-40.1646498752191,144.079991093769,161.380369956106));
#7105=CARTESIAN_POINT('Ctrl Pts',(-40.0576090909584,142.311757201876,161.380369956106));
#7106=CARTESIAN_POINT('Ctrl Pts',(-39.950568381345,140.543524543101,161.380369956106));
#7107=CARTESIAN_POINT('Ctrl Pts',(-40.1409071951363,145.856942141831,161.839785809243));
#7108=CARTESIAN_POINT('Ctrl Pts',(-40.0347688950998,144.08791169855,161.839003727354));
#7109=CARTESIAN_POINT('Ctrl Pts',(-39.9281058873623,142.320023174861,161.838740745437));
#7110=CARTESIAN_POINT('Ctrl Pts',(-39.8217008841153,140.551859464971,161.838216564053));
#7111=CARTESIAN_POINT('Ctrl Pts',(-39.8396953631121,145.875975197696,162.248358600225));
#7112=CARTESIAN_POINT('Ctrl Pts',(-39.7351361612431,144.10610854175,162.247290812467));
#7113=CARTESIAN_POINT('Ctrl Pts',(-39.6290716249376,142.338550034601,162.246922999797));
#7114=CARTESIAN_POINT('Ctrl Pts',(-39.5237520852713,140.570427543218,162.246202030478));
#7115=CARTESIAN_POINT('Ctrl Pts',(-39.4398685948274,145.900783997368,162.508678234726));
#7116=CARTESIAN_POINT('Ctrl Pts',(-39.3369039012237,144.130261920327,162.508273854237));
#7117=CARTESIAN_POINT('Ctrl Pts',(-39.2314239448974,142.362944067738,162.508114433985));
#7118=CARTESIAN_POINT('Ctrl Pts',(-39.1271956421469,140.594836881016,162.507825788608));
#7119=CARTESIAN_POINT('Origin',(-19.2163561256574,149.03693974636,184.355085500977));
#7120=CARTESIAN_POINT('Origin',(-43.9813545891969,101.117582091769,179.309638099993));
#7121=CARTESIAN_POINT('',(-43.9275755246297,101.117582091769,179.309638099993));
#7122=CARTESIAN_POINT('',(-43.9813545891969,101.013681131845,179.214325792019));
#7123=CARTESIAN_POINT('',(-44.3207570589565,100.357760752564,178.612625045052));
#7124=CARTESIAN_POINT('',(-43.9813545891969,101.117582091769,179.309638099993));
#7125=CARTESIAN_POINT('',(-43.9813545891969,101.117582091769,179.309638099993));
#7126=CARTESIAN_POINT('',(-43.9813545891969,101.565568258821,179.720592874171));
#7127=CARTESIAN_POINT('Origin',(-43.981354589197,104.827024997163,182.712260963789));
#7128=CARTESIAN_POINT('',(-43.981354589197,104.827024997163,182.712260963789));
#7129=CARTESIAN_POINT('',(-42.2558292773872,104.348450224946,182.273246097017));
#7130=CARTESIAN_POINT('',(-45.1096620818561,105.139961294066,182.999329348227));
#7131=CARTESIAN_POINT('',(-43.981354589197,103.187569644828,181.208326124624));
#7132=CARTESIAN_POINT('',(-43.4828749884027,101.977093620722,180.097910362443));
#7133=CARTESIAN_POINT('Origin',(-44.6534959662929,99.9583826587638,177.518930249261));
#7134=CARTESIAN_POINT('',(-43.9349478911463,101.100948826162,179.301593486336));
#7135=CARTESIAN_POINT('',(-43.9349478911463,101.100948826162,179.301593486336));
#7136=CARTESIAN_POINT('',(-42.27817747389,104.216565763394,182.417014750252));
#7137=CARTESIAN_POINT('',(-42.6956881980206,103.431437758644,181.631886745502));
#7138=CARTESIAN_POINT('',(-42.226282485854,104.522816093416,182.083168010597));
#7139=CARTESIAN_POINT('Origin',(-46.2277886397327,105.957051181866,182.776830184518));
#7140=CARTESIAN_POINT('',(-46.2796836277687,105.650800851845,183.110676924173));
#7141=CARTESIAN_POINT('Origin',(-47.936454045025,102.535183914613,179.995255660256));
#7142=CARTESIAN_POINT('',(-44.8129194062184,101.41563472321,179.453790085907));
#7143=CARTESIAN_POINT('Origin',(-46.2796836277687,105.650800851844,183.110676924173));
#7144=UNCERTAINTY_MEASURE_WITH_UNIT(LENGTH_MEASURE(0.01),#7148,
'DISTANCE_ACCURACY_VALUE',
'Maximum model space distance between geometric entities at asserted c
onnectivities');
#7145=UNCERTAINTY_MEASURE_WITH_UNIT(LENGTH_MEASURE(0.01),#7148,
'DISTANCE_ACCURACY_VALUE',
'Maximum model space distance between geometric entities at asserted c
onnectivities');
#7146=(
GEOMETRIC_REPRESENTATION_CONTEXT(3)
GLOBAL_UNCERTAINTY_ASSIGNED_CONTEXT((#7144))
GLOBAL_UNIT_ASSIGNED_CONTEXT((#7148,#7150,#7151))
REPRESENTATION_CONTEXT('','3D')
);
#7147=(
GEOMETRIC_REPRESENTATION_CONTEXT(3)
GLOBAL_UNCERTAINTY_ASSIGNED_CONTEXT((#7145))
GLOBAL_UNIT_ASSIGNED_CONTEXT((#7148,#7150,#7151))
REPRESENTATION_CONTEXT('','3D')
);
#7148=(
LENGTH_UNIT()
NAMED_UNIT(*)
SI_UNIT(.MILLI.,.METRE.)
);
#7149=(
LENGTH_UNIT()
NAMED_UNIT(*)
SI_UNIT($,.METRE.)
);
#7150=(
NAMED_UNIT(*)
PLANE_ANGLE_UNIT()
SI_UNIT($,.RADIAN.)
);
#7151=(
NAMED_UNIT(*)
SI_UNIT($,.STERADIAN.)
SOLID_ANGLE_UNIT()
);
#7152=SHAPE_DEFINITION_REPRESENTATION(#7153,#7154);
#7153=PRODUCT_DEFINITION_SHAPE('',$,#7156);
#7154=SHAPE_REPRESENTATION('',(#3296),#7146);
#7155=PRODUCT_DEFINITION_CONTEXT('part definition',#7160,'design');
#7156=PRODUCT_DEFINITION('FAN_MOUNRT','FAN_MOUNRT v1',#7157,#7155);
#7157=PRODUCT_DEFINITION_FORMATION('',$,#7162);
#7158=PRODUCT_RELATED_PRODUCT_CATEGORY('FAN_MOUNRT v1','FAN_MOUNRT v1',
(#7162));
#7159=APPLICATION_PROTOCOL_DEFINITION('international standard',
'automotive_design',2009,#7160);
#7160=APPLICATION_CONTEXT(
'Core Data for Automotive Mechanical Design Process');
#7161=PRODUCT_CONTEXT('part definition',#7160,'mechanical');
#7162=PRODUCT('FAN_MOUNRT','FAN_MOUNRT v1',$,(#7161));
#7163=PRESENTATION_STYLE_ASSIGNMENT((#7165));
#7164=PRESENTATION_STYLE_ASSIGNMENT((#7166));
#7165=SURFACE_STYLE_USAGE(.BOTH.,#7167);
#7166=SURFACE_STYLE_USAGE(.BOTH.,#7168);
#7167=SURFACE_SIDE_STYLE('',(#7169));
#7168=SURFACE_SIDE_STYLE('',(#7170));
#7169=SURFACE_STYLE_FILL_AREA(#7171);
#7170=SURFACE_STYLE_FILL_AREA(#7172);
#7171=FILL_AREA_STYLE('Steel - Satin',(#7173));
#7172=FILL_AREA_STYLE('Aluminum - Anodized Glossy (Grey)',(#7174));
#7173=FILL_AREA_STYLE_COLOUR('Steel - Satin',#7175);
#7174=FILL_AREA_STYLE_COLOUR('Aluminum - Anodized Glossy (Grey)',#7176);
#7175=COLOUR_RGB('Steel - Satin',0.627450980392157,0.627450980392157,0.627450980392157);
#7176=COLOUR_RGB('Aluminum - Anodized Glossy (Grey)',0.537254901960784,
0.537254901960784,0.537254901960784);
ENDSEC;
END-ISO-10303-21;
