ISO-10303-21;
HEADER;
/* Generated by software containing ST-Developer
 * from STEP Tools, Inc. (www.steptools.com) 
 */

FILE_DESCRIPTION(
/* description */ (''),
/* implementation_level */ '2;1');

FILE_NAME(
/* name */ 'nema17mounts_both(1x).step',
/* time_stamp */ '2025-12-01T16:03:30+05:30',
/* author */ (''),
/* organization */ (''),
/* preprocessor_version */ 'ST-DEVELOPER v20.1',
/* originating_system */ 'Autodesk Translation Framework v14.21.0.0',
/* authorisation */ '');

FILE_SCHEMA (('AUTOMOTIVE_DESIGN { 1 0 10303 214 3 1 1 }'));
ENDSEC;

DATA;
#10=MECHANICAL_DESIGN_GEOMETRIC_PRESENTATION_REPRESENTATION('',(#23,#24),
#3687);
#11=ITEM_DEFINED_TRANSFORMATION($,$,#2289,#2459);
#12=ITEM_DEFINED_TRANSFORMATION($,$,#2374,#2460);
#13=(
REPRESENTATION_RELATIONSHIP($,$,#3701,#3700)
REPRESENTATION_RELATIONSHIP_WITH_TRANSFORMATION(#11)
SHAPE_REPRESENTATION_RELATIONSHIP()
);
#14=(
REPRESENTATION_RELATIONSHIP($,$,#3702,#3700)
REPRESENTATION_RELATIONSHIP_WITH_TRANSFORMATION(#12)
SHAPE_REPRESENTATION_RELATIONSHIP()
);
#15=CONTEXT_DEPENDENT_SHAPE_REPRESENTATION(#13,#3698);
#16=CONTEXT_DEPENDENT_SHAPE_REPRESENTATION(#14,#3699);
#17=NEXT_ASSEMBLY_USAGE_OCCURRENCE('nema17mount (1):1',
'nema17mount (1):1','nema17mount (1):1',#3704,#3705,'nema17mount (1):1');
#18=NEXT_ASSEMBLY_USAGE_OCCURRENCE('nema17mount (2):1',
'nema17mount (2):1','nema17mount (2):1',#3704,#3706,'nema17mount (2):1');
#19=SHAPE_REPRESENTATION_RELATIONSHIP('SRR','None',#3701,#21);
#20=SHAPE_REPRESENTATION_RELATIONSHIP('SRR','None',#3702,#22);
#21=ADVANCED_BREP_SHAPE_REPRESENTATION('',(#25),#3685);
#22=ADVANCED_BREP_SHAPE_REPRESENTATION('',(#26),#3686);
#23=STYLED_ITEM('',(#3720),#25);
#24=STYLED_ITEM('',(#3720),#26);
#25=MANIFOLD_SOLID_BREP('nema17mount (1)',#2263);
#26=MANIFOLD_SOLID_BREP('nema17mount',#2264);
#27=CYLINDRICAL_SURFACE('',#2297,1.49999999999999);
#28=CYLINDRICAL_SURFACE('',#2300,1.49999999999999);
#29=CYLINDRICAL_SURFACE('',#2303,1.50000000000002);
#30=CYLINDRICAL_SURFACE('',#2321,1.57287156420928);
#31=CYLINDRICAL_SURFACE('',#2324,1.57287156420928);
#32=CYLINDRICAL_SURFACE('',#2336,1.50000000000002);
#33=CYLINDRICAL_SURFACE('',#2338,1.50000000000002);
#34=CYLINDRICAL_SURFACE('',#2340,1.50000000000002);
#35=CYLINDRICAL_SURFACE('',#2342,1.49999999999999);
#36=CYLINDRICAL_SURFACE('',#2365,1.50000000000002);
#37=CYLINDRICAL_SURFACE('',#2366,1.50000000000002);
#38=CYLINDRICAL_SURFACE('',#2367,1.50000000000002);
#39=CYLINDRICAL_SURFACE('',#2368,1.50000000000002);
#40=CYLINDRICAL_SURFACE('',#2369,1.50000000000002);
#41=CYLINDRICAL_SURFACE('',#2372,1.50000000000002);
#42=CYLINDRICAL_SURFACE('',#2382,1.49999999999999);
#43=CYLINDRICAL_SURFACE('',#2385,1.49999999999999);
#44=CYLINDRICAL_SURFACE('',#2388,1.50000000000002);
#45=CYLINDRICAL_SURFACE('',#2406,1.57287156420928);
#46=CYLINDRICAL_SURFACE('',#2409,1.57287156420928);
#47=CYLINDRICAL_SURFACE('',#2421,1.50000000000002);
#48=CYLINDRICAL_SURFACE('',#2423,1.50000000000002);
#49=CYLINDRICAL_SURFACE('',#2425,1.50000000000002);
#50=CYLINDRICAL_SURFACE('',#2427,1.49999999999999);
#51=CYLINDRICAL_SURFACE('',#2450,1.50000000000002);
#52=CYLINDRICAL_SURFACE('',#2451,1.50000000000002);
#53=CYLINDRICAL_SURFACE('',#2452,1.50000000000002);
#54=CYLINDRICAL_SURFACE('',#2453,1.50000000000002);
#55=CYLINDRICAL_SURFACE('',#2454,1.50000000000002);
#56=CYLINDRICAL_SURFACE('',#2457,1.50000000000002);
#57=FACE_BOUND('',#289,.T.);
#58=FACE_BOUND('',#290,.T.);
#59=FACE_BOUND('',#291,.T.);
#60=FACE_BOUND('',#299,.T.);
#61=FACE_BOUND('',#300,.T.);
#62=FACE_BOUND('',#301,.T.);
#63=FACE_BOUND('',#302,.T.);
#64=FACE_BOUND('',#316,.T.);
#65=FACE_BOUND('',#317,.T.);
#66=FACE_BOUND('',#318,.T.);
#67=FACE_BOUND('',#319,.T.);
#68=FACE_BOUND('',#320,.T.);
#69=FACE_BOUND('',#334,.T.);
#70=FACE_BOUND('',#335,.T.);
#71=FACE_BOUND('',#336,.T.);
#72=FACE_BOUND('',#337,.T.);
#73=FACE_BOUND('',#343,.T.);
#74=FACE_BOUND('',#344,.T.);
#75=FACE_BOUND('',#347,.T.);
#76=FACE_BOUND('',#348,.T.);
#77=FACE_BOUND('',#349,.T.);
#78=FACE_BOUND('',#350,.T.);
#79=FACE_BOUND('',#351,.T.);
#80=FACE_BOUND('',#352,.T.);
#81=FACE_BOUND('',#354,.T.);
#82=FACE_BOUND('',#355,.T.);
#83=FACE_BOUND('',#356,.T.);
#84=FACE_BOUND('',#357,.T.);
#85=FACE_BOUND('',#358,.T.);
#86=FACE_BOUND('',#359,.T.);
#87=FACE_BOUND('',#373,.T.);
#88=FACE_BOUND('',#374,.T.);
#89=FACE_BOUND('',#375,.T.);
#90=FACE_BOUND('',#383,.T.);
#91=FACE_BOUND('',#384,.T.);
#92=FACE_BOUND('',#385,.T.);
#93=FACE_BOUND('',#386,.T.);
#94=FACE_BOUND('',#400,.T.);
#95=FACE_BOUND('',#401,.T.);
#96=FACE_BOUND('',#402,.T.);
#97=FACE_BOUND('',#403,.T.);
#98=FACE_BOUND('',#404,.T.);
#99=FACE_BOUND('',#418,.T.);
#100=FACE_BOUND('',#419,.T.);
#101=FACE_BOUND('',#420,.T.);
#102=FACE_BOUND('',#421,.T.);
#103=FACE_BOUND('',#427,.T.);
#104=FACE_BOUND('',#428,.T.);
#105=FACE_BOUND('',#431,.T.);
#106=FACE_BOUND('',#432,.T.);
#107=FACE_BOUND('',#433,.T.);
#108=FACE_BOUND('',#434,.T.);
#109=FACE_BOUND('',#435,.T.);
#110=FACE_BOUND('',#436,.T.);
#111=FACE_BOUND('',#438,.T.);
#112=FACE_BOUND('',#439,.T.);
#113=FACE_BOUND('',#440,.T.);
#114=FACE_BOUND('',#441,.T.);
#115=FACE_BOUND('',#442,.T.);
#116=FACE_BOUND('',#443,.T.);
#117=CIRCLE('',#2294,1.50000000000002);
#118=CIRCLE('',#2295,1.49999999999999);
#119=CIRCLE('',#2296,1.49999999999999);
#120=CIRCLE('',#2298,1.49999999999999);
#121=CIRCLE('',#2301,1.49999999999999);
#122=CIRCLE('',#2304,1.50000000000002);
#123=CIRCLE('',#2307,1.49999999999999);
#124=CIRCLE('',#2308,1.50000000000002);
#125=CIRCLE('',#2309,1.50000000000002);
#126=CIRCLE('',#2310,1.50000000000002);
#127=CIRCLE('',#2322,1.57287156420928);
#128=CIRCLE('',#2323,1.57287156420928);
#129=CIRCLE('',#2325,1.57287156420928);
#130=CIRCLE('',#2326,1.57287156420928);
#131=CIRCLE('',#2337,1.50000000000002);
#132=CIRCLE('',#2339,1.50000000000002);
#133=CIRCLE('',#2341,1.50000000000002);
#134=CIRCLE('',#2343,1.49999999999999);
#135=CIRCLE('',#2352,1.50000000000002);
#136=CIRCLE('',#2353,1.50000000000002);
#137=CIRCLE('',#2354,1.50000000000002);
#138=CIRCLE('',#2355,1.50000000000002);
#139=CIRCLE('',#2356,1.50000000000002);
#140=CIRCLE('',#2357,1.50000000000002);
#141=CIRCLE('',#2359,1.50000000000002);
#142=CIRCLE('',#2360,1.50000000000002);
#143=CIRCLE('',#2361,1.50000000000002);
#144=CIRCLE('',#2362,1.50000000000002);
#145=CIRCLE('',#2363,1.50000000000002);
#146=CIRCLE('',#2364,1.50000000000002);
#147=CIRCLE('',#2379,1.50000000000002);
#148=CIRCLE('',#2380,1.49999999999999);
#149=CIRCLE('',#2381,1.49999999999999);
#150=CIRCLE('',#2383,1.49999999999999);
#151=CIRCLE('',#2386,1.49999999999999);
#152=CIRCLE('',#2389,1.50000000000002);
#153=CIRCLE('',#2392,1.49999999999999);
#154=CIRCLE('',#2393,1.50000000000002);
#155=CIRCLE('',#2394,1.50000000000002);
#156=CIRCLE('',#2395,1.50000000000002);
#157=CIRCLE('',#2407,1.57287156420928);
#158=CIRCLE('',#2408,1.57287156420928);
#159=CIRCLE('',#2410,1.57287156420928);
#160=CIRCLE('',#2411,1.57287156420928);
#161=CIRCLE('',#2422,1.50000000000002);
#162=CIRCLE('',#2424,1.50000000000002);
#163=CIRCLE('',#2426,1.50000000000002);
#164=CIRCLE('',#2428,1.49999999999999);
#165=CIRCLE('',#2437,1.50000000000002);
#166=CIRCLE('',#2438,1.50000000000002);
#167=CIRCLE('',#2439,1.50000000000002);
#168=CIRCLE('',#2440,1.50000000000002);
#169=CIRCLE('',#2441,1.50000000000002);
#170=CIRCLE('',#2442,1.50000000000002);
#171=CIRCLE('',#2444,1.50000000000002);
#172=CIRCLE('',#2445,1.50000000000002);
#173=CIRCLE('',#2446,1.50000000000002);
#174=CIRCLE('',#2447,1.50000000000002);
#175=CIRCLE('',#2448,1.50000000000002);
#176=CIRCLE('',#2449,1.50000000000002);
#177=FACE_OUTER_BOUND('',#285,.T.);
#178=FACE_OUTER_BOUND('',#286,.T.);
#179=FACE_OUTER_BOUND('',#287,.T.);
#180=FACE_OUTER_BOUND('',#288,.T.);
#181=FACE_OUTER_BOUND('',#292,.T.);
#182=FACE_OUTER_BOUND('',#293,.T.);
#183=FACE_OUTER_BOUND('',#294,.T.);
#184=FACE_OUTER_BOUND('',#295,.T.);
#185=FACE_OUTER_BOUND('',#296,.T.);
#186=FACE_OUTER_BOUND('',#297,.T.);
#187=FACE_OUTER_BOUND('',#298,.T.);
#188=FACE_OUTER_BOUND('',#303,.T.);
#189=FACE_OUTER_BOUND('',#304,.T.);
#190=FACE_OUTER_BOUND('',#305,.T.);
#191=FACE_OUTER_BOUND('',#306,.T.);
#192=FACE_OUTER_BOUND('',#307,.T.);
#193=FACE_OUTER_BOUND('',#308,.T.);
#194=FACE_OUTER_BOUND('',#309,.T.);
#195=FACE_OUTER_BOUND('',#310,.T.);
#196=FACE_OUTER_BOUND('',#311,.T.);
#197=FACE_OUTER_BOUND('',#312,.T.);
#198=FACE_OUTER_BOUND('',#313,.T.);
#199=FACE_OUTER_BOUND('',#314,.T.);
#200=FACE_OUTER_BOUND('',#315,.T.);
#201=FACE_OUTER_BOUND('',#321,.T.);
#202=FACE_OUTER_BOUND('',#322,.T.);
#203=FACE_OUTER_BOUND('',#323,.T.);
#204=FACE_OUTER_BOUND('',#324,.T.);
#205=FACE_OUTER_BOUND('',#325,.T.);
#206=FACE_OUTER_BOUND('',#326,.T.);
#207=FACE_OUTER_BOUND('',#327,.T.);
#208=FACE_OUTER_BOUND('',#328,.T.);
#209=FACE_OUTER_BOUND('',#329,.T.);
#210=FACE_OUTER_BOUND('',#330,.T.);
#211=FACE_OUTER_BOUND('',#331,.T.);
#212=FACE_OUTER_BOUND('',#332,.T.);
#213=FACE_OUTER_BOUND('',#333,.T.);
#214=FACE_OUTER_BOUND('',#338,.T.);
#215=FACE_OUTER_BOUND('',#339,.T.);
#216=FACE_OUTER_BOUND('',#340,.T.);
#217=FACE_OUTER_BOUND('',#341,.T.);
#218=FACE_OUTER_BOUND('',#342,.T.);
#219=FACE_OUTER_BOUND('',#345,.T.);
#220=FACE_OUTER_BOUND('',#346,.T.);
#221=FACE_OUTER_BOUND('',#353,.T.);
#222=FACE_OUTER_BOUND('',#360,.T.);
#223=FACE_OUTER_BOUND('',#361,.T.);
#224=FACE_OUTER_BOUND('',#362,.T.);
#225=FACE_OUTER_BOUND('',#363,.T.);
#226=FACE_OUTER_BOUND('',#364,.T.);
#227=FACE_OUTER_BOUND('',#365,.T.);
#228=FACE_OUTER_BOUND('',#366,.T.);
#229=FACE_OUTER_BOUND('',#367,.T.);
#230=FACE_OUTER_BOUND('',#368,.T.);
#231=FACE_OUTER_BOUND('',#369,.T.);
#232=FACE_OUTER_BOUND('',#370,.T.);
#233=FACE_OUTER_BOUND('',#371,.T.);
#234=FACE_OUTER_BOUND('',#372,.T.);
#235=FACE_OUTER_BOUND('',#376,.T.);
#236=FACE_OUTER_BOUND('',#377,.T.);
#237=FACE_OUTER_BOUND('',#378,.T.);
#238=FACE_OUTER_BOUND('',#379,.T.);
#239=FACE_OUTER_BOUND('',#380,.T.);
#240=FACE_OUTER_BOUND('',#381,.T.);
#241=FACE_OUTER_BOUND('',#382,.T.);
#242=FACE_OUTER_BOUND('',#387,.T.);
#243=FACE_OUTER_BOUND('',#388,.T.);
#244=FACE_OUTER_BOUND('',#389,.T.);
#245=FACE_OUTER_BOUND('',#390,.T.);
#246=FACE_OUTER_BOUND('',#391,.T.);
#247=FACE_OUTER_BOUND('',#392,.T.);
#248=FACE_OUTER_BOUND('',#393,.T.);
#249=FACE_OUTER_BOUND('',#394,.T.);
#250=FACE_OUTER_BOUND('',#395,.T.);
#251=FACE_OUTER_BOUND('',#396,.T.);
#252=FACE_OUTER_BOUND('',#397,.T.);
#253=FACE_OUTER_BOUND('',#398,.T.);
#254=FACE_OUTER_BOUND('',#399,.T.);
#255=FACE_OUTER_BOUND('',#405,.T.);
#256=FACE_OUTER_BOUND('',#406,.T.);
#257=FACE_OUTER_BOUND('',#407,.T.);
#258=FACE_OUTER_BOUND('',#408,.T.);
#259=FACE_OUTER_BOUND('',#409,.T.);
#260=FACE_OUTER_BOUND('',#410,.T.);
#261=FACE_OUTER_BOUND('',#411,.T.);
#262=FACE_OUTER_BOUND('',#412,.T.);
#263=FACE_OUTER_BOUND('',#413,.T.);
#264=FACE_OUTER_BOUND('',#414,.T.);
#265=FACE_OUTER_BOUND('',#415,.T.);
#266=FACE_OUTER_BOUND('',#416,.T.);
#267=FACE_OUTER_BOUND('',#417,.T.);
#268=FACE_OUTER_BOUND('',#422,.T.);
#269=FACE_OUTER_BOUND('',#423,.T.);
#270=FACE_OUTER_BOUND('',#424,.T.);
#271=FACE_OUTER_BOUND('',#425,.T.);
#272=FACE_OUTER_BOUND('',#426,.T.);
#273=FACE_OUTER_BOUND('',#429,.T.);
#274=FACE_OUTER_BOUND('',#430,.T.);
#275=FACE_OUTER_BOUND('',#437,.T.);
#276=FACE_OUTER_BOUND('',#444,.T.);
#277=FACE_OUTER_BOUND('',#445,.T.);
#278=FACE_OUTER_BOUND('',#446,.T.);
#279=FACE_OUTER_BOUND('',#447,.T.);
#280=FACE_OUTER_BOUND('',#448,.T.);
#281=FACE_OUTER_BOUND('',#449,.T.);
#282=FACE_OUTER_BOUND('',#450,.T.);
#283=FACE_OUTER_BOUND('',#451,.T.);
#284=FACE_OUTER_BOUND('',#452,.T.);
#285=EDGE_LOOP('',(#1461,#1462,#1463,#1464));
#286=EDGE_LOOP('',(#1465,#1466,#1467,#1468,#1469));
#287=EDGE_LOOP('',(#1470,#1471,#1472,#1473,#1474,#1475));
#288=EDGE_LOOP('',(#1476,#1477,#1478,#1479,#1480,#1481,#1482));
#289=EDGE_LOOP('',(#1483,#1484,#1485));
#290=EDGE_LOOP('',(#1486,#1487,#1488));
#291=EDGE_LOOP('',(#1489,#1490,#1491));
#292=EDGE_LOOP('',(#1492,#1493,#1494,#1495));
#293=EDGE_LOOP('',(#1496,#1497,#1498,#1499));
#294=EDGE_LOOP('',(#1500,#1501,#1502,#1503));
#295=EDGE_LOOP('',(#1504,#1505,#1506,#1507));
#296=EDGE_LOOP('',(#1508,#1509,#1510,#1511));
#297=EDGE_LOOP('',(#1512,#1513,#1514,#1515));
#298=EDGE_LOOP('',(#1516,#1517,#1518,#1519,#1520));
#299=EDGE_LOOP('',(#1521,#1522,#1523));
#300=EDGE_LOOP('',(#1524,#1525,#1526));
#301=EDGE_LOOP('',(#1527,#1528,#1529));
#302=EDGE_LOOP('',(#1530,#1531,#1532));
#303=EDGE_LOOP('',(#1533,#1534,#1535,#1536,#1537,#1538,#1539,#1540,#1541,
#1542,#1543));
#304=EDGE_LOOP('',(#1544,#1545,#1546,#1547));
#305=EDGE_LOOP('',(#1548,#1549,#1550,#1551));
#306=EDGE_LOOP('',(#1552,#1553,#1554,#1555));
#307=EDGE_LOOP('',(#1556,#1557,#1558,#1559));
#308=EDGE_LOOP('',(#1560,#1561,#1562,#1563));
#309=EDGE_LOOP('',(#1564,#1565,#1566,#1567));
#310=EDGE_LOOP('',(#1568,#1569,#1570,#1571));
#311=EDGE_LOOP('',(#1572,#1573,#1574,#1575));
#312=EDGE_LOOP('',(#1576,#1577,#1578,#1579));
#313=EDGE_LOOP('',(#1580,#1581,#1582,#1583));
#314=EDGE_LOOP('',(#1584,#1585,#1586,#1587));
#315=EDGE_LOOP('',(#1588,#1589,#1590,#1591));
#316=EDGE_LOOP('',(#1592,#1593,#1594));
#317=EDGE_LOOP('',(#1595,#1596,#1597));
#318=EDGE_LOOP('',(#1598,#1599,#1600));
#319=EDGE_LOOP('',(#1601,#1602,#1603));
#320=EDGE_LOOP('',(#1604,#1605,#1606));
#321=EDGE_LOOP('',(#1607,#1608,#1609,#1610));
#322=EDGE_LOOP('',(#1611,#1612,#1613,#1614));
#323=EDGE_LOOP('',(#1615,#1616,#1617,#1618));
#324=EDGE_LOOP('',(#1619,#1620,#1621,#1622));
#325=EDGE_LOOP('',(#1623,#1624,#1625,#1626));
#326=EDGE_LOOP('',(#1627,#1628,#1629,#1630));
#327=EDGE_LOOP('',(#1631,#1632,#1633,#1634));
#328=EDGE_LOOP('',(#1635,#1636,#1637,#1638));
#329=EDGE_LOOP('',(#1639,#1640,#1641,#1642));
#330=EDGE_LOOP('',(#1643,#1644,#1645,#1646));
#331=EDGE_LOOP('',(#1647,#1648,#1649,#1650));
#332=EDGE_LOOP('',(#1651,#1652,#1653,#1654));
#333=EDGE_LOOP('',(#1655,#1656,#1657,#1658,#1659));
#334=EDGE_LOOP('',(#1660,#1661,#1662));
#335=EDGE_LOOP('',(#1663,#1664,#1665));
#336=EDGE_LOOP('',(#1666,#1667,#1668));
#337=EDGE_LOOP('',(#1669,#1670,#1671));
#338=EDGE_LOOP('',(#1672,#1673,#1674,#1675));
#339=EDGE_LOOP('',(#1676,#1677,#1678,#1679));
#340=EDGE_LOOP('',(#1680,#1681,#1682,#1683,#1684,#1685));
#341=EDGE_LOOP('',(#1686,#1687,#1688,#1689));
#342=EDGE_LOOP('',(#1690,#1691,#1692,#1693));
#343=EDGE_LOOP('',(#1694,#1695,#1696));
#344=EDGE_LOOP('',(#1697,#1698,#1699));
#345=EDGE_LOOP('',(#1700,#1701,#1702,#1703,#1704,#1705));
#346=EDGE_LOOP('',(#1706,#1707,#1708,#1709,#1710,#1711,#1712,#1713));
#347=EDGE_LOOP('',(#1714));
#348=EDGE_LOOP('',(#1715));
#349=EDGE_LOOP('',(#1716));
#350=EDGE_LOOP('',(#1717));
#351=EDGE_LOOP('',(#1718));
#352=EDGE_LOOP('',(#1719));
#353=EDGE_LOOP('',(#1720,#1721,#1722,#1723,#1724,#1725));
#354=EDGE_LOOP('',(#1726));
#355=EDGE_LOOP('',(#1727));
#356=EDGE_LOOP('',(#1728));
#357=EDGE_LOOP('',(#1729));
#358=EDGE_LOOP('',(#1730));
#359=EDGE_LOOP('',(#1731));
#360=EDGE_LOOP('',(#1732,#1733,#1734,#1735));
#361=EDGE_LOOP('',(#1736,#1737,#1738,#1739));
#362=EDGE_LOOP('',(#1740,#1741,#1742,#1743));
#363=EDGE_LOOP('',(#1744,#1745,#1746,#1747));
#364=EDGE_LOOP('',(#1748,#1749,#1750,#1751));
#365=EDGE_LOOP('',(#1752,#1753,#1754,#1755,#1756));
#366=EDGE_LOOP('',(#1757,#1758,#1759,#1760));
#367=EDGE_LOOP('',(#1761,#1762,#1763,#1764));
#368=EDGE_LOOP('',(#1765,#1766,#1767,#1768));
#369=EDGE_LOOP('',(#1769,#1770,#1771,#1772));
#370=EDGE_LOOP('',(#1773,#1774,#1775,#1776,#1777));
#371=EDGE_LOOP('',(#1778,#1779,#1780,#1781,#1782,#1783));
#372=EDGE_LOOP('',(#1784,#1785,#1786,#1787,#1788,#1789,#1790));
#373=EDGE_LOOP('',(#1791,#1792,#1793));
#374=EDGE_LOOP('',(#1794,#1795,#1796));
#375=EDGE_LOOP('',(#1797,#1798,#1799));
#376=EDGE_LOOP('',(#1800,#1801,#1802,#1803));
#377=EDGE_LOOP('',(#1804,#1805,#1806,#1807));
#378=EDGE_LOOP('',(#1808,#1809,#1810,#1811));
#379=EDGE_LOOP('',(#1812,#1813,#1814,#1815));
#380=EDGE_LOOP('',(#1816,#1817,#1818,#1819));
#381=EDGE_LOOP('',(#1820,#1821,#1822,#1823));
#382=EDGE_LOOP('',(#1824,#1825,#1826,#1827,#1828));
#383=EDGE_LOOP('',(#1829,#1830,#1831));
#384=EDGE_LOOP('',(#1832,#1833,#1834));
#385=EDGE_LOOP('',(#1835,#1836,#1837));
#386=EDGE_LOOP('',(#1838,#1839,#1840));
#387=EDGE_LOOP('',(#1841,#1842,#1843,#1844,#1845,#1846,#1847,#1848,#1849,
#1850,#1851));
#388=EDGE_LOOP('',(#1852,#1853,#1854,#1855));
#389=EDGE_LOOP('',(#1856,#1857,#1858,#1859));
#390=EDGE_LOOP('',(#1860,#1861,#1862,#1863));
#391=EDGE_LOOP('',(#1864,#1865,#1866,#1867));
#392=EDGE_LOOP('',(#1868,#1869,#1870,#1871));
#393=EDGE_LOOP('',(#1872,#1873,#1874,#1875));
#394=EDGE_LOOP('',(#1876,#1877,#1878,#1879));
#395=EDGE_LOOP('',(#1880,#1881,#1882,#1883));
#396=EDGE_LOOP('',(#1884,#1885,#1886,#1887));
#397=EDGE_LOOP('',(#1888,#1889,#1890,#1891));
#398=EDGE_LOOP('',(#1892,#1893,#1894,#1895));
#399=EDGE_LOOP('',(#1896,#1897,#1898,#1899));
#400=EDGE_LOOP('',(#1900,#1901,#1902));
#401=EDGE_LOOP('',(#1903,#1904,#1905));
#402=EDGE_LOOP('',(#1906,#1907,#1908));
#403=EDGE_LOOP('',(#1909,#1910,#1911));
#404=EDGE_LOOP('',(#1912,#1913,#1914));
#405=EDGE_LOOP('',(#1915,#1916,#1917,#1918));
#406=EDGE_LOOP('',(#1919,#1920,#1921,#1922));
#407=EDGE_LOOP('',(#1923,#1924,#1925,#1926));
#408=EDGE_LOOP('',(#1927,#1928,#1929,#1930));
#409=EDGE_LOOP('',(#1931,#1932,#1933,#1934));
#410=EDGE_LOOP('',(#1935,#1936,#1937,#1938));
#411=EDGE_LOOP('',(#1939,#1940,#1941,#1942));
#412=EDGE_LOOP('',(#1943,#1944,#1945,#1946));
#413=EDGE_LOOP('',(#1947,#1948,#1949,#1950));
#414=EDGE_LOOP('',(#1951,#1952,#1953,#1954));
#415=EDGE_LOOP('',(#1955,#1956,#1957,#1958));
#416=EDGE_LOOP('',(#1959,#1960,#1961,#1962));
#417=EDGE_LOOP('',(#1963,#1964,#1965,#1966,#1967));
#418=EDGE_LOOP('',(#1968,#1969,#1970));
#419=EDGE_LOOP('',(#1971,#1972,#1973));
#420=EDGE_LOOP('',(#1974,#1975,#1976));
#421=EDGE_LOOP('',(#1977,#1978,#1979));
#422=EDGE_LOOP('',(#1980,#1981,#1982,#1983));
#423=EDGE_LOOP('',(#1984,#1985,#1986,#1987));
#424=EDGE_LOOP('',(#1988,#1989,#1990,#1991,#1992,#1993));
#425=EDGE_LOOP('',(#1994,#1995,#1996,#1997));
#426=EDGE_LOOP('',(#1998,#1999,#2000,#2001));
#427=EDGE_LOOP('',(#2002,#2003,#2004));
#428=EDGE_LOOP('',(#2005,#2006,#2007));
#429=EDGE_LOOP('',(#2008,#2009,#2010,#2011,#2012,#2013));
#430=EDGE_LOOP('',(#2014,#2015,#2016,#2017,#2018,#2019,#2020,#2021));
#431=EDGE_LOOP('',(#2022));
#432=EDGE_LOOP('',(#2023));
#433=EDGE_LOOP('',(#2024));
#434=EDGE_LOOP('',(#2025));
#435=EDGE_LOOP('',(#2026));
#436=EDGE_LOOP('',(#2027));
#437=EDGE_LOOP('',(#2028,#2029,#2030,#2031,#2032,#2033));
#438=EDGE_LOOP('',(#2034));
#439=EDGE_LOOP('',(#2035));
#440=EDGE_LOOP('',(#2036));
#441=EDGE_LOOP('',(#2037));
#442=EDGE_LOOP('',(#2038));
#443=EDGE_LOOP('',(#2039));
#444=EDGE_LOOP('',(#2040,#2041,#2042,#2043));
#445=EDGE_LOOP('',(#2044,#2045,#2046,#2047));
#446=EDGE_LOOP('',(#2048,#2049,#2050,#2051));
#447=EDGE_LOOP('',(#2052,#2053,#2054,#2055));
#448=EDGE_LOOP('',(#2056,#2057,#2058,#2059));
#449=EDGE_LOOP('',(#2060,#2061,#2062,#2063,#2064));
#450=EDGE_LOOP('',(#2065,#2066,#2067,#2068));
#451=EDGE_LOOP('',(#2069,#2070,#2071,#2072));
#452=EDGE_LOOP('',(#2073,#2074,#2075,#2076));
#453=LINE('',#3060,#701);
#454=LINE('',#3062,#702);
#455=LINE('',#3064,#703);
#456=LINE('',#3065,#704);
#457=LINE('',#3068,#705);
#458=LINE('',#3070,#706);
#459=LINE('',#3072,#707);
#460=LINE('',#3073,#708);
#461=LINE('',#3076,#709);
#462=LINE('',#3078,#710);
#463=LINE('',#3080,#711);
#464=LINE('',#3081,#712);
#465=LINE('',#3084,#713);
#466=LINE('',#3086,#714);
#467=LINE('',#3088,#715);
#468=LINE('',#3090,#716);
#469=LINE('',#3092,#717);
#470=LINE('',#3093,#718);
#471=LINE('',#3096,#719);
#472=LINE('',#3099,#720);
#473=LINE('',#3102,#721);
#474=LINE('',#3105,#722);
#475=LINE('',#3108,#723);
#476=LINE('',#3111,#724);
#477=LINE('',#3114,#725);
#478=LINE('',#3117,#726);
#479=LINE('',#3120,#727);
#480=LINE('',#3121,#728);
#481=LINE('',#3124,#729);
#482=LINE('',#3127,#730);
#483=LINE('',#3130,#731);
#484=LINE('',#3131,#732);
#485=LINE('',#3134,#733);
#486=LINE('',#3137,#734);
#487=LINE('',#3140,#735);
#488=LINE('',#3141,#736);
#489=LINE('',#3144,#737);
#490=LINE('',#3146,#738);
#491=LINE('',#3148,#739);
#492=LINE('',#3149,#740);
#493=LINE('',#3152,#741);
#494=LINE('',#3154,#742);
#495=LINE('',#3158,#743);
#496=LINE('',#3160,#744);
#497=LINE('',#3164,#745);
#498=LINE('',#3166,#746);
#499=LINE('',#3170,#747);
#500=LINE('',#3172,#748);
#501=LINE('',#3176,#749);
#502=LINE('',#3178,#750);
#503=LINE('',#3180,#751);
#504=LINE('',#3181,#752);
#505=LINE('',#3183,#753);
#506=LINE('',#3185,#754);
#507=LINE('',#3187,#755);
#508=LINE('',#3188,#756);
#509=LINE('',#3191,#757);
#510=LINE('',#3192,#758);
#511=LINE('',#3195,#759);
#512=LINE('',#3196,#760);
#513=LINE('',#3198,#761);
#514=LINE('',#3200,#762);
#515=LINE('',#3202,#763);
#516=LINE('',#3206,#764);
#517=LINE('',#3208,#765);
#518=LINE('',#3210,#766);
#519=LINE('',#3211,#767);
#520=LINE('',#3214,#768);
#521=LINE('',#3216,#769);
#522=LINE('',#3217,#770);
#523=LINE('',#3221,#771);
#524=LINE('',#3223,#772);
#525=LINE('',#3225,#773);
#526=LINE('',#3226,#774);
#527=LINE('',#3229,#775);
#528=LINE('',#3231,#776);
#529=LINE('',#3232,#777);
#530=LINE('',#3241,#778);
#531=LINE('',#3243,#779);
#532=LINE('',#3244,#780);
#533=LINE('',#3248,#781);
#534=LINE('',#3249,#782);
#535=LINE('',#3250,#783);
#536=LINE('',#3253,#784);
#537=LINE('',#3254,#785);
#538=LINE('',#3258,#786);
#539=LINE('',#3259,#787);
#540=LINE('',#3260,#788);
#541=LINE('',#3263,#789);
#542=LINE('',#3264,#790);
#543=LINE('',#3268,#791);
#544=LINE('',#3269,#792);
#545=LINE('',#3270,#793);
#546=LINE('',#3273,#794);
#547=LINE('',#3274,#795);
#548=LINE('',#3278,#796);
#549=LINE('',#3279,#797);
#550=LINE('',#3280,#798);
#551=LINE('',#3283,#799);
#552=LINE('',#3284,#800);
#553=LINE('',#3295,#801);
#554=LINE('',#3297,#802);
#555=LINE('',#3298,#803);
#556=LINE('',#3302,#804);
#557=LINE('',#3304,#805);
#558=LINE('',#3306,#806);
#559=LINE('',#3307,#807);
#560=LINE('',#3310,#808);
#561=LINE('',#3312,#809);
#562=LINE('',#3313,#810);
#563=LINE('',#3315,#811);
#564=LINE('',#3316,#812);
#565=LINE('',#3317,#813);
#566=LINE('',#3319,#814);
#567=LINE('',#3321,#815);
#568=LINE('',#3322,#816);
#569=LINE('',#3324,#817);
#570=LINE('',#3325,#818);
#571=LINE('',#3353,#819);
#572=LINE('',#3355,#820);
#573=LINE('',#3357,#821);
#574=LINE('',#3359,#822);
#575=LINE('',#3361,#823);
#576=LINE('',#3365,#824);
#577=LINE('',#3371,#825);
#578=LINE('',#3373,#826);
#579=LINE('',#3375,#827);
#580=LINE('',#3376,#828);
#581=LINE('',#3379,#829);
#582=LINE('',#3381,#830);
#583=LINE('',#3383,#831);
#584=LINE('',#3384,#832);
#585=LINE('',#3387,#833);
#586=LINE('',#3389,#834);
#587=LINE('',#3391,#835);
#588=LINE('',#3392,#836);
#589=LINE('',#3395,#837);
#590=LINE('',#3397,#838);
#591=LINE('',#3399,#839);
#592=LINE('',#3401,#840);
#593=LINE('',#3403,#841);
#594=LINE('',#3404,#842);
#595=LINE('',#3407,#843);
#596=LINE('',#3409,#844);
#597=LINE('',#3413,#845);
#598=LINE('',#3415,#846);
#599=LINE('',#3419,#847);
#600=LINE('',#3421,#848);
#601=LINE('',#3425,#849);
#602=LINE('',#3428,#850);
#603=LINE('',#3431,#851);
#604=LINE('',#3432,#852);
#605=LINE('',#3435,#853);
#606=LINE('',#3438,#854);
#607=LINE('',#3441,#855);
#608=LINE('',#3442,#856);
#609=LINE('',#3445,#857);
#610=LINE('',#3448,#858);
#611=LINE('',#3451,#859);
#612=LINE('',#3452,#860);
#613=LINE('',#3455,#861);
#614=LINE('',#3457,#862);
#615=LINE('',#3459,#863);
#616=LINE('',#3460,#864);
#617=LINE('',#3463,#865);
#618=LINE('',#3466,#866);
#619=LINE('',#3469,#867);
#620=LINE('',#3472,#868);
#621=LINE('',#3475,#869);
#622=LINE('',#3478,#870);
#623=LINE('',#3481,#871);
#624=LINE('',#3484,#872);
#625=LINE('',#3487,#873);
#626=LINE('',#3489,#874);
#627=LINE('',#3491,#875);
#628=LINE('',#3492,#876);
#629=LINE('',#3494,#877);
#630=LINE('',#3496,#878);
#631=LINE('',#3498,#879);
#632=LINE('',#3499,#880);
#633=LINE('',#3502,#881);
#634=LINE('',#3503,#882);
#635=LINE('',#3506,#883);
#636=LINE('',#3507,#884);
#637=LINE('',#3509,#885);
#638=LINE('',#3511,#886);
#639=LINE('',#3513,#887);
#640=LINE('',#3517,#888);
#641=LINE('',#3519,#889);
#642=LINE('',#3521,#890);
#643=LINE('',#3522,#891);
#644=LINE('',#3525,#892);
#645=LINE('',#3527,#893);
#646=LINE('',#3528,#894);
#647=LINE('',#3532,#895);
#648=LINE('',#3534,#896);
#649=LINE('',#3536,#897);
#650=LINE('',#3537,#898);
#651=LINE('',#3540,#899);
#652=LINE('',#3542,#900);
#653=LINE('',#3543,#901);
#654=LINE('',#3552,#902);
#655=LINE('',#3554,#903);
#656=LINE('',#3555,#904);
#657=LINE('',#3559,#905);
#658=LINE('',#3560,#906);
#659=LINE('',#3561,#907);
#660=LINE('',#3564,#908);
#661=LINE('',#3565,#909);
#662=LINE('',#3569,#910);
#663=LINE('',#3570,#911);
#664=LINE('',#3571,#912);
#665=LINE('',#3574,#913);
#666=LINE('',#3575,#914);
#667=LINE('',#3579,#915);
#668=LINE('',#3580,#916);
#669=LINE('',#3581,#917);
#670=LINE('',#3584,#918);
#671=LINE('',#3585,#919);
#672=LINE('',#3589,#920);
#673=LINE('',#3590,#921);
#674=LINE('',#3591,#922);
#675=LINE('',#3594,#923);
#676=LINE('',#3595,#924);
#677=LINE('',#3606,#925);
#678=LINE('',#3608,#926);
#679=LINE('',#3609,#927);
#680=LINE('',#3613,#928);
#681=LINE('',#3615,#929);
#682=LINE('',#3617,#930);
#683=LINE('',#3618,#931);
#684=LINE('',#3621,#932);
#685=LINE('',#3623,#933);
#686=LINE('',#3624,#934);
#687=LINE('',#3626,#935);
#688=LINE('',#3627,#936);
#689=LINE('',#3628,#937);
#690=LINE('',#3630,#938);
#691=LINE('',#3632,#939);
#692=LINE('',#3633,#940);
#693=LINE('',#3635,#941);
#694=LINE('',#3636,#942);
#695=LINE('',#3664,#943);
#696=LINE('',#3666,#944);
#697=LINE('',#3668,#945);
#698=LINE('',#3670,#946);
#699=LINE('',#3672,#947);
#700=LINE('',#3676,#948);
#701=VECTOR('',#2467,10.);
#702=VECTOR('',#2468,10.);
#703=VECTOR('',#2469,10.);
#704=VECTOR('',#2470,10.);
#705=VECTOR('',#2473,10.);
#706=VECTOR('',#2474,10.);
#707=VECTOR('',#2475,10.);
#708=VECTOR('',#2476,10.);
#709=VECTOR('',#2479,10.);
#710=VECTOR('',#2480,10.);
#711=VECTOR('',#2481,10.);
#712=VECTOR('',#2482,10.);
#713=VECTOR('',#2485,10.);
#714=VECTOR('',#2486,10.);
#715=VECTOR('',#2487,10.);
#716=VECTOR('',#2488,10.);
#717=VECTOR('',#2489,10.);
#718=VECTOR('',#2490,10.);
#719=VECTOR('',#2491,10.);
#720=VECTOR('',#2494,10.);
#721=VECTOR('',#2495,10.);
#722=VECTOR('',#2498,10.);
#723=VECTOR('',#2499,10.);
#724=VECTOR('',#2502,10.);
#725=VECTOR('',#2505,10.);
#726=VECTOR('',#2508,10.);
#727=VECTOR('',#2511,10.);
#728=VECTOR('',#2512,10.);
#729=VECTOR('',#2515,10.);
#730=VECTOR('',#2518,10.);
#731=VECTOR('',#2521,10.);
#732=VECTOR('',#2522,10.);
#733=VECTOR('',#2525,10.);
#734=VECTOR('',#2528,10.);
#735=VECTOR('',#2531,10.);
#736=VECTOR('',#2532,10.);
#737=VECTOR('',#2535,10.);
#738=VECTOR('',#2536,10.);
#739=VECTOR('',#2537,10.);
#740=VECTOR('',#2538,10.);
#741=VECTOR('',#2539,10.);
#742=VECTOR('',#2540,10.);
#743=VECTOR('',#2543,10.);
#744=VECTOR('',#2544,10.);
#745=VECTOR('',#2547,10.);
#746=VECTOR('',#2548,10.);
#747=VECTOR('',#2551,10.);
#748=VECTOR('',#2552,10.);
#749=VECTOR('',#2557,10.);
#750=VECTOR('',#2558,10.);
#751=VECTOR('',#2559,10.);
#752=VECTOR('',#2560,10.);
#753=VECTOR('',#2561,10.);
#754=VECTOR('',#2562,10.);
#755=VECTOR('',#2563,10.);
#756=VECTOR('',#2564,10.);
#757=VECTOR('',#2567,10.);
#758=VECTOR('',#2568,10.);
#759=VECTOR('',#2571,10.);
#760=VECTOR('',#2572,10.);
#761=VECTOR('',#2575,10.);
#762=VECTOR('',#2578,10.);
#763=VECTOR('',#2581,10.);
#764=VECTOR('',#2584,10.);
#765=VECTOR('',#2585,10.);
#766=VECTOR('',#2586,10.);
#767=VECTOR('',#2587,10.);
#768=VECTOR('',#2590,10.);
#769=VECTOR('',#2591,10.);
#770=VECTOR('',#2592,10.);
#771=VECTOR('',#2595,10.);
#772=VECTOR('',#2596,10.);
#773=VECTOR('',#2597,10.);
#774=VECTOR('',#2598,10.);
#775=VECTOR('',#2601,10.);
#776=VECTOR('',#2602,10.);
#777=VECTOR('',#2603,10.);
#778=VECTOR('',#2618,10.);
#779=VECTOR('',#2619,10.);
#780=VECTOR('',#2620,10.);
#781=VECTOR('',#2623,10.);
#782=VECTOR('',#2624,10.);
#783=VECTOR('',#2625,10.);
#784=VECTOR('',#2628,10.);
#785=VECTOR('',#2629,10.);
#786=VECTOR('',#2632,10.);
#787=VECTOR('',#2633,10.);
#788=VECTOR('',#2634,10.);
#789=VECTOR('',#2637,10.);
#790=VECTOR('',#2638,10.);
#791=VECTOR('',#2641,10.);
#792=VECTOR('',#2642,10.);
#793=VECTOR('',#2643,10.);
#794=VECTOR('',#2646,10.);
#795=VECTOR('',#2647,10.);
#796=VECTOR('',#2650,10.);
#797=VECTOR('',#2651,10.);
#798=VECTOR('',#2652,10.);
#799=VECTOR('',#2655,10.);
#800=VECTOR('',#2656,10.);
#801=VECTOR('',#2675,10.);
#802=VECTOR('',#2676,10.);
#803=VECTOR('',#2677,10.);
#804=VECTOR('',#2680,10.);
#805=VECTOR('',#2681,10.);
#806=VECTOR('',#2682,10.);
#807=VECTOR('',#2683,10.);
#808=VECTOR('',#2686,10.);
#809=VECTOR('',#2687,10.);
#810=VECTOR('',#2688,10.);
#811=VECTOR('',#2691,10.);
#812=VECTOR('',#2692,10.);
#813=VECTOR('',#2693,10.);
#814=VECTOR('',#2696,10.);
#815=VECTOR('',#2699,10.);
#816=VECTOR('',#2700,10.);
#817=VECTOR('',#2703,10.);
#818=VECTOR('',#2704,10.);
#819=VECTOR('',#2735,1.50000000000002);
#820=VECTOR('',#2738,1.50000000000002);
#821=VECTOR('',#2741,1.50000000000002);
#822=VECTOR('',#2744,1.50000000000002);
#823=VECTOR('',#2747,1.50000000000002);
#824=VECTOR('',#2754,1.50000000000002);
#825=VECTOR('',#2761,10.);
#826=VECTOR('',#2762,10.);
#827=VECTOR('',#2763,10.);
#828=VECTOR('',#2764,10.);
#829=VECTOR('',#2767,10.);
#830=VECTOR('',#2768,10.);
#831=VECTOR('',#2769,10.);
#832=VECTOR('',#2770,10.);
#833=VECTOR('',#2773,10.);
#834=VECTOR('',#2774,10.);
#835=VECTOR('',#2775,10.);
#836=VECTOR('',#2776,10.);
#837=VECTOR('',#2779,10.);
#838=VECTOR('',#2780,10.);
#839=VECTOR('',#2781,10.);
#840=VECTOR('',#2782,10.);
#841=VECTOR('',#2783,10.);
#842=VECTOR('',#2784,10.);
#843=VECTOR('',#2785,10.);
#844=VECTOR('',#2786,10.);
#845=VECTOR('',#2789,10.);
#846=VECTOR('',#2790,10.);
#847=VECTOR('',#2793,10.);
#848=VECTOR('',#2794,10.);
#849=VECTOR('',#2799,10.);
#850=VECTOR('',#2802,10.);
#851=VECTOR('',#2805,10.);
#852=VECTOR('',#2806,10.);
#853=VECTOR('',#2809,10.);
#854=VECTOR('',#2812,10.);
#855=VECTOR('',#2815,10.);
#856=VECTOR('',#2816,10.);
#857=VECTOR('',#2819,10.);
#858=VECTOR('',#2822,10.);
#859=VECTOR('',#2825,10.);
#860=VECTOR('',#2826,10.);
#861=VECTOR('',#2829,10.);
#862=VECTOR('',#2830,10.);
#863=VECTOR('',#2831,10.);
#864=VECTOR('',#2832,10.);
#865=VECTOR('',#2833,10.);
#866=VECTOR('',#2836,10.);
#867=VECTOR('',#2837,10.);
#868=VECTOR('',#2840,10.);
#869=VECTOR('',#2841,10.);
#870=VECTOR('',#2844,10.);
#871=VECTOR('',#2845,10.);
#872=VECTOR('',#2848,10.);
#873=VECTOR('',#2851,10.);
#874=VECTOR('',#2852,10.);
#875=VECTOR('',#2853,10.);
#876=VECTOR('',#2854,10.);
#877=VECTOR('',#2855,10.);
#878=VECTOR('',#2856,10.);
#879=VECTOR('',#2857,10.);
#880=VECTOR('',#2858,10.);
#881=VECTOR('',#2861,10.);
#882=VECTOR('',#2862,10.);
#883=VECTOR('',#2865,10.);
#884=VECTOR('',#2866,10.);
#885=VECTOR('',#2869,10.);
#886=VECTOR('',#2872,10.);
#887=VECTOR('',#2875,10.);
#888=VECTOR('',#2878,10.);
#889=VECTOR('',#2879,10.);
#890=VECTOR('',#2880,10.);
#891=VECTOR('',#2881,10.);
#892=VECTOR('',#2884,10.);
#893=VECTOR('',#2885,10.);
#894=VECTOR('',#2886,10.);
#895=VECTOR('',#2889,10.);
#896=VECTOR('',#2890,10.);
#897=VECTOR('',#2891,10.);
#898=VECTOR('',#2892,10.);
#899=VECTOR('',#2895,10.);
#900=VECTOR('',#2896,10.);
#901=VECTOR('',#2897,10.);
#902=VECTOR('',#2912,10.);
#903=VECTOR('',#2913,10.);
#904=VECTOR('',#2914,10.);
#905=VECTOR('',#2917,10.);
#906=VECTOR('',#2918,10.);
#907=VECTOR('',#2919,10.);
#908=VECTOR('',#2922,10.);
#909=VECTOR('',#2923,10.);
#910=VECTOR('',#2926,10.);
#911=VECTOR('',#2927,10.);
#912=VECTOR('',#2928,10.);
#913=VECTOR('',#2931,10.);
#914=VECTOR('',#2932,10.);
#915=VECTOR('',#2935,10.);
#916=VECTOR('',#2936,10.);
#917=VECTOR('',#2937,10.);
#918=VECTOR('',#2940,10.);
#919=VECTOR('',#2941,10.);
#920=VECTOR('',#2944,10.);
#921=VECTOR('',#2945,10.);
#922=VECTOR('',#2946,10.);
#923=VECTOR('',#2949,10.);
#924=VECTOR('',#2950,10.);
#925=VECTOR('',#2969,10.);
#926=VECTOR('',#2970,10.);
#927=VECTOR('',#2971,10.);
#928=VECTOR('',#2974,10.);
#929=VECTOR('',#2975,10.);
#930=VECTOR('',#2976,10.);
#931=VECTOR('',#2977,10.);
#932=VECTOR('',#2980,10.);
#933=VECTOR('',#2981,10.);
#934=VECTOR('',#2982,10.);
#935=VECTOR('',#2985,10.);
#936=VECTOR('',#2986,10.);
#937=VECTOR('',#2987,10.);
#938=VECTOR('',#2990,10.);
#939=VECTOR('',#2993,10.);
#940=VECTOR('',#2994,10.);
#941=VECTOR('',#2997,10.);
#942=VECTOR('',#2998,10.);
#943=VECTOR('',#3029,1.50000000000002);
#944=VECTOR('',#3032,1.50000000000002);
#945=VECTOR('',#3035,1.50000000000002);
#946=VECTOR('',#3038,1.50000000000002);
#947=VECTOR('',#3041,1.50000000000002);
#948=VECTOR('',#3048,1.50000000000002);
#949=VERTEX_POINT('',#3058);
#950=VERTEX_POINT('',#3059);
#951=VERTEX_POINT('',#3061);
#952=VERTEX_POINT('',#3063);
#953=VERTEX_POINT('',#3067);
#954=VERTEX_POINT('',#3069);
#955=VERTEX_POINT('',#3071);
#956=VERTEX_POINT('',#3075);
#957=VERTEX_POINT('',#3077);
#958=VERTEX_POINT('',#3079);
#959=VERTEX_POINT('',#3083);
#960=VERTEX_POINT('',#3085);
#961=VERTEX_POINT('',#3087);
#962=VERTEX_POINT('',#3089);
#963=VERTEX_POINT('',#3091);
#964=VERTEX_POINT('',#3094);
#965=VERTEX_POINT('',#3095);
#966=VERTEX_POINT('',#3097);
#967=VERTEX_POINT('',#3100);
#968=VERTEX_POINT('',#3101);
#969=VERTEX_POINT('',#3103);
#970=VERTEX_POINT('',#3106);
#971=VERTEX_POINT('',#3107);
#972=VERTEX_POINT('',#3109);
#973=VERTEX_POINT('',#3113);
#974=VERTEX_POINT('',#3115);
#975=VERTEX_POINT('',#3119);
#976=VERTEX_POINT('',#3123);
#977=VERTEX_POINT('',#3125);
#978=VERTEX_POINT('',#3129);
#979=VERTEX_POINT('',#3133);
#980=VERTEX_POINT('',#3135);
#981=VERTEX_POINT('',#3139);
#982=VERTEX_POINT('',#3143);
#983=VERTEX_POINT('',#3145);
#984=VERTEX_POINT('',#3147);
#985=VERTEX_POINT('',#3150);
#986=VERTEX_POINT('',#3151);
#987=VERTEX_POINT('',#3153);
#988=VERTEX_POINT('',#3156);
#989=VERTEX_POINT('',#3157);
#990=VERTEX_POINT('',#3159);
#991=VERTEX_POINT('',#3162);
#992=VERTEX_POINT('',#3163);
#993=VERTEX_POINT('',#3165);
#994=VERTEX_POINT('',#3168);
#995=VERTEX_POINT('',#3169);
#996=VERTEX_POINT('',#3171);
#997=VERTEX_POINT('',#3175);
#998=VERTEX_POINT('',#3177);
#999=VERTEX_POINT('',#3179);
#1000=VERTEX_POINT('',#3182);
#1001=VERTEX_POINT('',#3184);
#1002=VERTEX_POINT('',#3186);
#1003=VERTEX_POINT('',#3190);
#1004=VERTEX_POINT('',#3194);
#1005=VERTEX_POINT('',#3204);
#1006=VERTEX_POINT('',#3205);
#1007=VERTEX_POINT('',#3207);
#1008=VERTEX_POINT('',#3209);
#1009=VERTEX_POINT('',#3213);
#1010=VERTEX_POINT('',#3215);
#1011=VERTEX_POINT('',#3219);
#1012=VERTEX_POINT('',#3220);
#1013=VERTEX_POINT('',#3222);
#1014=VERTEX_POINT('',#3224);
#1015=VERTEX_POINT('',#3228);
#1016=VERTEX_POINT('',#3230);
#1017=VERTEX_POINT('',#3240);
#1018=VERTEX_POINT('',#3242);
#1019=VERTEX_POINT('',#3246);
#1020=VERTEX_POINT('',#3247);
#1021=VERTEX_POINT('',#3252);
#1022=VERTEX_POINT('',#3256);
#1023=VERTEX_POINT('',#3257);
#1024=VERTEX_POINT('',#3262);
#1025=VERTEX_POINT('',#3266);
#1026=VERTEX_POINT('',#3267);
#1027=VERTEX_POINT('',#3272);
#1028=VERTEX_POINT('',#3276);
#1029=VERTEX_POINT('',#3277);
#1030=VERTEX_POINT('',#3282);
#1031=VERTEX_POINT('',#3294);
#1032=VERTEX_POINT('',#3296);
#1033=VERTEX_POINT('',#3300);
#1034=VERTEX_POINT('',#3301);
#1035=VERTEX_POINT('',#3303);
#1036=VERTEX_POINT('',#3305);
#1037=VERTEX_POINT('',#3309);
#1038=VERTEX_POINT('',#3311);
#1039=VERTEX_POINT('',#3327);
#1040=VERTEX_POINT('',#3329);
#1041=VERTEX_POINT('',#3331);
#1042=VERTEX_POINT('',#3333);
#1043=VERTEX_POINT('',#3335);
#1044=VERTEX_POINT('',#3337);
#1045=VERTEX_POINT('',#3340);
#1046=VERTEX_POINT('',#3342);
#1047=VERTEX_POINT('',#3344);
#1048=VERTEX_POINT('',#3346);
#1049=VERTEX_POINT('',#3348);
#1050=VERTEX_POINT('',#3350);
#1051=VERTEX_POINT('',#3369);
#1052=VERTEX_POINT('',#3370);
#1053=VERTEX_POINT('',#3372);
#1054=VERTEX_POINT('',#3374);
#1055=VERTEX_POINT('',#3378);
#1056=VERTEX_POINT('',#3380);
#1057=VERTEX_POINT('',#3382);
#1058=VERTEX_POINT('',#3386);
#1059=VERTEX_POINT('',#3388);
#1060=VERTEX_POINT('',#3390);
#1061=VERTEX_POINT('',#3394);
#1062=VERTEX_POINT('',#3396);
#1063=VERTEX_POINT('',#3398);
#1064=VERTEX_POINT('',#3400);
#1065=VERTEX_POINT('',#3402);
#1066=VERTEX_POINT('',#3405);
#1067=VERTEX_POINT('',#3406);
#1068=VERTEX_POINT('',#3408);
#1069=VERTEX_POINT('',#3411);
#1070=VERTEX_POINT('',#3412);
#1071=VERTEX_POINT('',#3414);
#1072=VERTEX_POINT('',#3417);
#1073=VERTEX_POINT('',#3418);
#1074=VERTEX_POINT('',#3420);
#1075=VERTEX_POINT('',#3424);
#1076=VERTEX_POINT('',#3426);
#1077=VERTEX_POINT('',#3430);
#1078=VERTEX_POINT('',#3434);
#1079=VERTEX_POINT('',#3436);
#1080=VERTEX_POINT('',#3440);
#1081=VERTEX_POINT('',#3444);
#1082=VERTEX_POINT('',#3446);
#1083=VERTEX_POINT('',#3450);
#1084=VERTEX_POINT('',#3454);
#1085=VERTEX_POINT('',#3456);
#1086=VERTEX_POINT('',#3458);
#1087=VERTEX_POINT('',#3461);
#1088=VERTEX_POINT('',#3462);
#1089=VERTEX_POINT('',#3464);
#1090=VERTEX_POINT('',#3467);
#1091=VERTEX_POINT('',#3468);
#1092=VERTEX_POINT('',#3470);
#1093=VERTEX_POINT('',#3473);
#1094=VERTEX_POINT('',#3474);
#1095=VERTEX_POINT('',#3476);
#1096=VERTEX_POINT('',#3479);
#1097=VERTEX_POINT('',#3480);
#1098=VERTEX_POINT('',#3482);
#1099=VERTEX_POINT('',#3486);
#1100=VERTEX_POINT('',#3488);
#1101=VERTEX_POINT('',#3490);
#1102=VERTEX_POINT('',#3493);
#1103=VERTEX_POINT('',#3495);
#1104=VERTEX_POINT('',#3497);
#1105=VERTEX_POINT('',#3501);
#1106=VERTEX_POINT('',#3505);
#1107=VERTEX_POINT('',#3515);
#1108=VERTEX_POINT('',#3516);
#1109=VERTEX_POINT('',#3518);
#1110=VERTEX_POINT('',#3520);
#1111=VERTEX_POINT('',#3524);
#1112=VERTEX_POINT('',#3526);
#1113=VERTEX_POINT('',#3530);
#1114=VERTEX_POINT('',#3531);
#1115=VERTEX_POINT('',#3533);
#1116=VERTEX_POINT('',#3535);
#1117=VERTEX_POINT('',#3539);
#1118=VERTEX_POINT('',#3541);
#1119=VERTEX_POINT('',#3551);
#1120=VERTEX_POINT('',#3553);
#1121=VERTEX_POINT('',#3557);
#1122=VERTEX_POINT('',#3558);
#1123=VERTEX_POINT('',#3563);
#1124=VERTEX_POINT('',#3567);
#1125=VERTEX_POINT('',#3568);
#1126=VERTEX_POINT('',#3573);
#1127=VERTEX_POINT('',#3577);
#1128=VERTEX_POINT('',#3578);
#1129=VERTEX_POINT('',#3583);
#1130=VERTEX_POINT('',#3587);
#1131=VERTEX_POINT('',#3588);
#1132=VERTEX_POINT('',#3593);
#1133=VERTEX_POINT('',#3605);
#1134=VERTEX_POINT('',#3607);
#1135=VERTEX_POINT('',#3611);
#1136=VERTEX_POINT('',#3612);
#1137=VERTEX_POINT('',#3614);
#1138=VERTEX_POINT('',#3616);
#1139=VERTEX_POINT('',#3620);
#1140=VERTEX_POINT('',#3622);
#1141=VERTEX_POINT('',#3638);
#1142=VERTEX_POINT('',#3640);
#1143=VERTEX_POINT('',#3642);
#1144=VERTEX_POINT('',#3644);
#1145=VERTEX_POINT('',#3646);
#1146=VERTEX_POINT('',#3648);
#1147=VERTEX_POINT('',#3651);
#1148=VERTEX_POINT('',#3653);
#1149=VERTEX_POINT('',#3655);
#1150=VERTEX_POINT('',#3657);
#1151=VERTEX_POINT('',#3659);
#1152=VERTEX_POINT('',#3661);
#1153=EDGE_CURVE('',#949,#950,#453,.T.);
#1154=EDGE_CURVE('',#951,#949,#454,.T.);
#1155=EDGE_CURVE('',#952,#951,#455,.T.);
#1156=EDGE_CURVE('',#950,#952,#456,.T.);
#1157=EDGE_CURVE('',#953,#951,#457,.T.);
#1158=EDGE_CURVE('',#953,#954,#458,.T.);
#1159=EDGE_CURVE('',#954,#955,#459,.T.);
#1160=EDGE_CURVE('',#955,#952,#460,.T.);
#1161=EDGE_CURVE('',#955,#956,#461,.T.);
#1162=EDGE_CURVE('',#956,#957,#462,.T.);
#1163=EDGE_CURVE('',#958,#957,#463,.T.);
#1164=EDGE_CURVE('',#950,#958,#464,.T.);
#1165=EDGE_CURVE('',#959,#951,#465,.T.);
#1166=EDGE_CURVE('',#949,#960,#466,.T.);
#1167=EDGE_CURVE('',#960,#961,#467,.T.);
#1168=EDGE_CURVE('',#961,#962,#468,.T.);
#1169=EDGE_CURVE('',#962,#963,#469,.T.);
#1170=EDGE_CURVE('',#963,#959,#470,.T.);
#1171=EDGE_CURVE('',#964,#965,#471,.T.);
#1172=EDGE_CURVE('',#965,#966,#117,.T.);
#1173=EDGE_CURVE('',#966,#964,#472,.T.);
#1174=EDGE_CURVE('',#967,#968,#473,.T.);
#1175=EDGE_CURVE('',#968,#969,#118,.T.);
#1176=EDGE_CURVE('',#969,#967,#474,.T.);
#1177=EDGE_CURVE('',#970,#971,#475,.T.);
#1178=EDGE_CURVE('',#971,#972,#119,.T.);
#1179=EDGE_CURVE('',#972,#970,#476,.T.);
#1180=EDGE_CURVE('',#973,#971,#477,.T.);
#1181=EDGE_CURVE('',#973,#974,#120,.T.);
#1182=EDGE_CURVE('',#974,#972,#478,.T.);
#1183=EDGE_CURVE('',#974,#975,#479,.T.);
#1184=EDGE_CURVE('',#970,#975,#480,.T.);
#1185=EDGE_CURVE('',#976,#968,#481,.T.);
#1186=EDGE_CURVE('',#976,#977,#121,.T.);
#1187=EDGE_CURVE('',#977,#969,#482,.T.);
#1188=EDGE_CURVE('',#977,#978,#483,.T.);
#1189=EDGE_CURVE('',#967,#978,#484,.T.);
#1190=EDGE_CURVE('',#979,#965,#485,.T.);
#1191=EDGE_CURVE('',#979,#980,#122,.T.);
#1192=EDGE_CURVE('',#980,#966,#486,.T.);
#1193=EDGE_CURVE('',#980,#981,#487,.T.);
#1194=EDGE_CURVE('',#964,#981,#488,.T.);
#1195=EDGE_CURVE('',#960,#982,#489,.T.);
#1196=EDGE_CURVE('',#982,#983,#490,.T.);
#1197=EDGE_CURVE('',#984,#983,#491,.T.);
#1198=EDGE_CURVE('',#961,#984,#492,.T.);
#1199=EDGE_CURVE('',#985,#986,#493,.T.);
#1200=EDGE_CURVE('',#987,#985,#494,.T.);
#1201=EDGE_CURVE('',#986,#987,#123,.T.);
#1202=EDGE_CURVE('',#988,#989,#495,.T.);
#1203=EDGE_CURVE('',#990,#988,#496,.T.);
#1204=EDGE_CURVE('',#990,#989,#124,.T.);
#1205=EDGE_CURVE('',#991,#992,#497,.T.);
#1206=EDGE_CURVE('',#993,#991,#498,.T.);
#1207=EDGE_CURVE('',#993,#992,#125,.T.);
#1208=EDGE_CURVE('',#994,#995,#499,.T.);
#1209=EDGE_CURVE('',#996,#994,#500,.T.);
#1210=EDGE_CURVE('',#996,#995,#126,.T.);
#1211=EDGE_CURVE('',#984,#997,#501,.T.);
#1212=EDGE_CURVE('',#998,#997,#502,.T.);
#1213=EDGE_CURVE('',#998,#999,#503,.T.);
#1214=EDGE_CURVE('',#999,#957,#504,.T.);
#1215=EDGE_CURVE('',#1000,#956,#505,.T.);
#1216=EDGE_CURVE('',#1001,#1000,#506,.T.);
#1217=EDGE_CURVE('',#1002,#1001,#507,.T.);
#1218=EDGE_CURVE('',#1002,#962,#508,.T.);
#1219=EDGE_CURVE('',#1002,#1003,#509,.T.);
#1220=EDGE_CURVE('',#1003,#963,#510,.T.);
#1221=EDGE_CURVE('',#1004,#1003,#511,.T.);
#1222=EDGE_CURVE('',#1004,#959,#512,.T.);
#1223=EDGE_CURVE('',#981,#979,#513,.T.);
#1224=EDGE_CURVE('',#978,#976,#514,.T.);
#1225=EDGE_CURVE('',#975,#973,#515,.T.);
#1226=EDGE_CURVE('',#1005,#1006,#516,.T.);
#1227=EDGE_CURVE('',#1006,#1007,#517,.T.);
#1228=EDGE_CURVE('',#1007,#1008,#518,.T.);
#1229=EDGE_CURVE('',#1005,#1008,#519,.T.);
#1230=EDGE_CURVE('',#1009,#1005,#520,.T.);
#1231=EDGE_CURVE('',#1008,#1010,#521,.T.);
#1232=EDGE_CURVE('',#1009,#1010,#522,.T.);
#1233=EDGE_CURVE('',#1011,#1012,#523,.T.);
#1234=EDGE_CURVE('',#1012,#1013,#524,.T.);
#1235=EDGE_CURVE('',#1013,#1014,#525,.T.);
#1236=EDGE_CURVE('',#1011,#1014,#526,.T.);
#1237=EDGE_CURVE('',#1015,#1011,#527,.T.);
#1238=EDGE_CURVE('',#1014,#1016,#528,.T.);
#1239=EDGE_CURVE('',#1015,#1016,#529,.T.);
#1240=EDGE_CURVE('',#1006,#1009,#127,.T.);
#1241=EDGE_CURVE('',#1010,#1007,#128,.T.);
#1242=EDGE_CURVE('',#1012,#1015,#129,.T.);
#1243=EDGE_CURVE('',#1016,#1013,#130,.T.);
#1244=EDGE_CURVE('',#1017,#998,#530,.T.);
#1245=EDGE_CURVE('',#1018,#1017,#531,.T.);
#1246=EDGE_CURVE('',#1018,#999,#532,.T.);
#1247=EDGE_CURVE('',#1019,#1020,#533,.T.);
#1248=EDGE_CURVE('',#1020,#996,#534,.T.);
#1249=EDGE_CURVE('',#994,#1019,#535,.T.);
#1250=EDGE_CURVE('',#1021,#1019,#536,.T.);
#1251=EDGE_CURVE('',#1021,#995,#537,.T.);
#1252=EDGE_CURVE('',#1022,#1023,#538,.T.);
#1253=EDGE_CURVE('',#1023,#993,#539,.T.);
#1254=EDGE_CURVE('',#991,#1022,#540,.T.);
#1255=EDGE_CURVE('',#1024,#1022,#541,.T.);
#1256=EDGE_CURVE('',#1024,#992,#542,.T.);
#1257=EDGE_CURVE('',#1025,#1026,#543,.T.);
#1258=EDGE_CURVE('',#1026,#990,#544,.T.);
#1259=EDGE_CURVE('',#988,#1025,#545,.T.);
#1260=EDGE_CURVE('',#1027,#1025,#546,.T.);
#1261=EDGE_CURVE('',#1027,#989,#547,.T.);
#1262=EDGE_CURVE('',#1028,#1029,#548,.T.);
#1263=EDGE_CURVE('',#1029,#987,#549,.T.);
#1264=EDGE_CURVE('',#985,#1028,#550,.T.);
#1265=EDGE_CURVE('',#1030,#1028,#551,.T.);
#1266=EDGE_CURVE('',#1030,#986,#552,.T.);
#1267=EDGE_CURVE('',#1020,#1021,#131,.T.);
#1268=EDGE_CURVE('',#1023,#1024,#132,.T.);
#1269=EDGE_CURVE('',#1026,#1027,#133,.T.);
#1270=EDGE_CURVE('',#1029,#1030,#134,.T.);
#1271=EDGE_CURVE('',#997,#1031,#553,.T.);
#1272=EDGE_CURVE('',#1032,#1031,#554,.T.);
#1273=EDGE_CURVE('',#1032,#1017,#555,.T.);
#1274=EDGE_CURVE('',#1033,#1034,#556,.T.);
#1275=EDGE_CURVE('',#1033,#1035,#557,.T.);
#1276=EDGE_CURVE('',#1036,#1035,#558,.T.);
#1277=EDGE_CURVE('',#1034,#1036,#559,.T.);
#1278=EDGE_CURVE('',#1033,#1037,#560,.T.);
#1279=EDGE_CURVE('',#1037,#1038,#561,.T.);
#1280=EDGE_CURVE('',#1035,#1038,#562,.T.);
#1281=EDGE_CURVE('',#1034,#982,#563,.T.);
#1282=EDGE_CURVE('',#1032,#1036,#564,.T.);
#1283=EDGE_CURVE('',#1031,#983,#565,.T.);
#1284=EDGE_CURVE('',#1001,#1004,#566,.T.);
#1285=EDGE_CURVE('',#1001,#953,#567,.T.);
#1286=EDGE_CURVE('',#954,#1000,#568,.T.);
#1287=EDGE_CURVE('',#1038,#1018,#569,.T.);
#1288=EDGE_CURVE('',#1037,#958,#570,.T.);
#1289=EDGE_CURVE('',#1039,#1039,#135,.T.);
#1290=EDGE_CURVE('',#1040,#1040,#136,.T.);
#1291=EDGE_CURVE('',#1041,#1041,#137,.T.);
#1292=EDGE_CURVE('',#1042,#1042,#138,.T.);
#1293=EDGE_CURVE('',#1043,#1043,#139,.T.);
#1294=EDGE_CURVE('',#1044,#1044,#140,.T.);
#1295=EDGE_CURVE('',#1045,#1045,#141,.T.);
#1296=EDGE_CURVE('',#1046,#1046,#142,.T.);
#1297=EDGE_CURVE('',#1047,#1047,#143,.T.);
#1298=EDGE_CURVE('',#1048,#1048,#144,.T.);
#1299=EDGE_CURVE('',#1049,#1049,#145,.T.);
#1300=EDGE_CURVE('',#1050,#1050,#146,.T.);
#1301=EDGE_CURVE('',#1043,#1049,#571,.T.);
#1302=EDGE_CURVE('',#1044,#1046,#572,.T.);
#1303=EDGE_CURVE('',#1042,#1047,#573,.T.);
#1304=EDGE_CURVE('',#1040,#1050,#574,.T.);
#1305=EDGE_CURVE('',#1039,#1048,#575,.T.);
#1306=EDGE_CURVE('',#1041,#1045,#576,.T.);
#1307=EDGE_CURVE('',#1051,#1052,#577,.T.);
#1308=EDGE_CURVE('',#1052,#1053,#578,.T.);
#1309=EDGE_CURVE('',#1053,#1054,#579,.T.);
#1310=EDGE_CURVE('',#1054,#1051,#580,.T.);
#1311=EDGE_CURVE('',#1055,#1053,#581,.T.);
#1312=EDGE_CURVE('',#1056,#1055,#582,.T.);
#1313=EDGE_CURVE('',#1057,#1056,#583,.T.);
#1314=EDGE_CURVE('',#1057,#1054,#584,.T.);
#1315=EDGE_CURVE('',#1052,#1058,#585,.T.);
#1316=EDGE_CURVE('',#1058,#1059,#586,.T.);
#1317=EDGE_CURVE('',#1060,#1059,#587,.T.);
#1318=EDGE_CURVE('',#1055,#1060,#588,.T.);
#1319=EDGE_CURVE('',#1061,#1054,#589,.T.);
#1320=EDGE_CURVE('',#1062,#1061,#590,.T.);
#1321=EDGE_CURVE('',#1063,#1062,#591,.T.);
#1322=EDGE_CURVE('',#1064,#1063,#592,.T.);
#1323=EDGE_CURVE('',#1065,#1064,#593,.T.);
#1324=EDGE_CURVE('',#1051,#1065,#594,.T.);
#1325=EDGE_CURVE('',#1066,#1067,#595,.T.);
#1326=EDGE_CURVE('',#1068,#1066,#596,.T.);
#1327=EDGE_CURVE('',#1067,#1068,#147,.T.);
#1328=EDGE_CURVE('',#1069,#1070,#597,.T.);
#1329=EDGE_CURVE('',#1071,#1069,#598,.T.);
#1330=EDGE_CURVE('',#1070,#1071,#148,.T.);
#1331=EDGE_CURVE('',#1072,#1073,#599,.T.);
#1332=EDGE_CURVE('',#1074,#1072,#600,.T.);
#1333=EDGE_CURVE('',#1073,#1074,#149,.T.);
#1334=EDGE_CURVE('',#1075,#1074,#601,.T.);
#1335=EDGE_CURVE('',#1076,#1075,#150,.T.);
#1336=EDGE_CURVE('',#1076,#1073,#602,.T.);
#1337=EDGE_CURVE('',#1072,#1077,#603,.T.);
#1338=EDGE_CURVE('',#1075,#1077,#604,.T.);
#1339=EDGE_CURVE('',#1078,#1071,#605,.T.);
#1340=EDGE_CURVE('',#1079,#1078,#151,.T.);
#1341=EDGE_CURVE('',#1079,#1070,#606,.T.);
#1342=EDGE_CURVE('',#1069,#1080,#607,.T.);
#1343=EDGE_CURVE('',#1078,#1080,#608,.T.);
#1344=EDGE_CURVE('',#1081,#1068,#609,.T.);
#1345=EDGE_CURVE('',#1082,#1081,#152,.T.);
#1346=EDGE_CURVE('',#1082,#1067,#610,.T.);
#1347=EDGE_CURVE('',#1066,#1083,#611,.T.);
#1348=EDGE_CURVE('',#1081,#1083,#612,.T.);
#1349=EDGE_CURVE('',#1064,#1084,#613,.T.);
#1350=EDGE_CURVE('',#1084,#1085,#614,.T.);
#1351=EDGE_CURVE('',#1086,#1085,#615,.T.);
#1352=EDGE_CURVE('',#1065,#1086,#616,.T.);
#1353=EDGE_CURVE('',#1087,#1088,#617,.T.);
#1354=EDGE_CURVE('',#1088,#1089,#153,.T.);
#1355=EDGE_CURVE('',#1089,#1087,#618,.T.);
#1356=EDGE_CURVE('',#1090,#1091,#619,.T.);
#1357=EDGE_CURVE('',#1092,#1091,#154,.T.);
#1358=EDGE_CURVE('',#1092,#1090,#620,.T.);
#1359=EDGE_CURVE('',#1093,#1094,#621,.T.);
#1360=EDGE_CURVE('',#1095,#1094,#155,.T.);
#1361=EDGE_CURVE('',#1095,#1093,#622,.T.);
#1362=EDGE_CURVE('',#1096,#1097,#623,.T.);
#1363=EDGE_CURVE('',#1098,#1097,#156,.T.);
#1364=EDGE_CURVE('',#1098,#1096,#624,.T.);
#1365=EDGE_CURVE('',#1099,#1063,#625,.T.);
#1366=EDGE_CURVE('',#1099,#1100,#626,.T.);
#1367=EDGE_CURVE('',#1100,#1101,#627,.T.);
#1368=EDGE_CURVE('',#1101,#1060,#628,.T.);
#1369=EDGE_CURVE('',#1102,#1059,#629,.T.);
#1370=EDGE_CURVE('',#1103,#1102,#630,.T.);
#1371=EDGE_CURVE('',#1103,#1104,#631,.T.);
#1372=EDGE_CURVE('',#1084,#1104,#632,.T.);
#1373=EDGE_CURVE('',#1105,#1062,#633,.T.);
#1374=EDGE_CURVE('',#1099,#1105,#634,.T.);
#1375=EDGE_CURVE('',#1106,#1061,#635,.T.);
#1376=EDGE_CURVE('',#1106,#1105,#636,.T.);
#1377=EDGE_CURVE('',#1083,#1082,#637,.T.);
#1378=EDGE_CURVE('',#1080,#1079,#638,.T.);
#1379=EDGE_CURVE('',#1077,#1076,#639,.T.);
#1380=EDGE_CURVE('',#1107,#1108,#640,.T.);
#1381=EDGE_CURVE('',#1107,#1109,#641,.T.);
#1382=EDGE_CURVE('',#1110,#1109,#642,.T.);
#1383=EDGE_CURVE('',#1108,#1110,#643,.T.);
#1384=EDGE_CURVE('',#1111,#1107,#644,.T.);
#1385=EDGE_CURVE('',#1111,#1112,#645,.T.);
#1386=EDGE_CURVE('',#1109,#1112,#646,.T.);
#1387=EDGE_CURVE('',#1113,#1114,#647,.T.);
#1388=EDGE_CURVE('',#1113,#1115,#648,.T.);
#1389=EDGE_CURVE('',#1116,#1115,#649,.T.);
#1390=EDGE_CURVE('',#1114,#1116,#650,.T.);
#1391=EDGE_CURVE('',#1117,#1113,#651,.T.);
#1392=EDGE_CURVE('',#1117,#1118,#652,.T.);
#1393=EDGE_CURVE('',#1115,#1118,#653,.T.);
#1394=EDGE_CURVE('',#1112,#1110,#157,.T.);
#1395=EDGE_CURVE('',#1108,#1111,#158,.T.);
#1396=EDGE_CURVE('',#1118,#1116,#159,.T.);
#1397=EDGE_CURVE('',#1114,#1117,#160,.T.);
#1398=EDGE_CURVE('',#1119,#1103,#654,.T.);
#1399=EDGE_CURVE('',#1120,#1102,#655,.T.);
#1400=EDGE_CURVE('',#1120,#1119,#656,.T.);
#1401=EDGE_CURVE('',#1121,#1122,#657,.T.);
#1402=EDGE_CURVE('',#1096,#1121,#658,.T.);
#1403=EDGE_CURVE('',#1122,#1098,#659,.T.);
#1404=EDGE_CURVE('',#1123,#1121,#660,.T.);
#1405=EDGE_CURVE('',#1123,#1097,#661,.T.);
#1406=EDGE_CURVE('',#1124,#1125,#662,.T.);
#1407=EDGE_CURVE('',#1093,#1124,#663,.T.);
#1408=EDGE_CURVE('',#1125,#1095,#664,.T.);
#1409=EDGE_CURVE('',#1126,#1124,#665,.T.);
#1410=EDGE_CURVE('',#1126,#1094,#666,.T.);
#1411=EDGE_CURVE('',#1127,#1128,#667,.T.);
#1412=EDGE_CURVE('',#1090,#1127,#668,.T.);
#1413=EDGE_CURVE('',#1128,#1092,#669,.T.);
#1414=EDGE_CURVE('',#1129,#1127,#670,.T.);
#1415=EDGE_CURVE('',#1129,#1091,#671,.T.);
#1416=EDGE_CURVE('',#1130,#1131,#672,.T.);
#1417=EDGE_CURVE('',#1087,#1130,#673,.T.);
#1418=EDGE_CURVE('',#1131,#1089,#674,.T.);
#1419=EDGE_CURVE('',#1132,#1130,#675,.T.);
#1420=EDGE_CURVE('',#1132,#1088,#676,.T.);
#1421=EDGE_CURVE('',#1122,#1123,#161,.T.);
#1422=EDGE_CURVE('',#1125,#1126,#162,.T.);
#1423=EDGE_CURVE('',#1128,#1129,#163,.T.);
#1424=EDGE_CURVE('',#1131,#1132,#164,.T.);
#1425=EDGE_CURVE('',#1104,#1133,#677,.T.);
#1426=EDGE_CURVE('',#1134,#1119,#678,.T.);
#1427=EDGE_CURVE('',#1134,#1133,#679,.T.);
#1428=EDGE_CURVE('',#1135,#1136,#680,.T.);
#1429=EDGE_CURVE('',#1136,#1137,#681,.T.);
#1430=EDGE_CURVE('',#1137,#1138,#682,.T.);
#1431=EDGE_CURVE('',#1135,#1138,#683,.T.);
#1432=EDGE_CURVE('',#1135,#1139,#684,.T.);
#1433=EDGE_CURVE('',#1138,#1140,#685,.T.);
#1434=EDGE_CURVE('',#1139,#1140,#686,.T.);
#1435=EDGE_CURVE('',#1136,#1086,#687,.T.);
#1436=EDGE_CURVE('',#1133,#1085,#688,.T.);
#1437=EDGE_CURVE('',#1134,#1137,#689,.T.);
#1438=EDGE_CURVE('',#1100,#1106,#690,.T.);
#1439=EDGE_CURVE('',#1100,#1057,#691,.T.);
#1440=EDGE_CURVE('',#1056,#1101,#692,.T.);
#1441=EDGE_CURVE('',#1140,#1120,#693,.T.);
#1442=EDGE_CURVE('',#1139,#1058,#694,.T.);
#1443=EDGE_CURVE('',#1141,#1141,#165,.T.);
#1444=EDGE_CURVE('',#1142,#1142,#166,.T.);
#1445=EDGE_CURVE('',#1143,#1143,#167,.T.);
#1446=EDGE_CURVE('',#1144,#1144,#168,.T.);
#1447=EDGE_CURVE('',#1145,#1145,#169,.T.);
#1448=EDGE_CURVE('',#1146,#1146,#170,.T.);
#1449=EDGE_CURVE('',#1147,#1147,#171,.T.);
#1450=EDGE_CURVE('',#1148,#1148,#172,.T.);
#1451=EDGE_CURVE('',#1149,#1149,#173,.T.);
#1452=EDGE_CURVE('',#1150,#1150,#174,.T.);
#1453=EDGE_CURVE('',#1151,#1151,#175,.T.);
#1454=EDGE_CURVE('',#1152,#1152,#176,.T.);
#1455=EDGE_CURVE('',#1145,#1151,#695,.T.);
#1456=EDGE_CURVE('',#1146,#1148,#696,.T.);
#1457=EDGE_CURVE('',#1144,#1149,#697,.T.);
#1458=EDGE_CURVE('',#1142,#1152,#698,.T.);
#1459=EDGE_CURVE('',#1141,#1150,#699,.T.);
#1460=EDGE_CURVE('',#1143,#1147,#700,.T.);
#1461=ORIENTED_EDGE('',*,*,#1153,.F.);
#1462=ORIENTED_EDGE('',*,*,#1154,.F.);
#1463=ORIENTED_EDGE('',*,*,#1155,.F.);
#1464=ORIENTED_EDGE('',*,*,#1156,.F.);
#1465=ORIENTED_EDGE('',*,*,#1155,.T.);
#1466=ORIENTED_EDGE('',*,*,#1157,.F.);
#1467=ORIENTED_EDGE('',*,*,#1158,.T.);
#1468=ORIENTED_EDGE('',*,*,#1159,.T.);
#1469=ORIENTED_EDGE('',*,*,#1160,.T.);
#1470=ORIENTED_EDGE('',*,*,#1156,.T.);
#1471=ORIENTED_EDGE('',*,*,#1160,.F.);
#1472=ORIENTED_EDGE('',*,*,#1161,.T.);
#1473=ORIENTED_EDGE('',*,*,#1162,.T.);
#1474=ORIENTED_EDGE('',*,*,#1163,.F.);
#1475=ORIENTED_EDGE('',*,*,#1164,.F.);
#1476=ORIENTED_EDGE('',*,*,#1165,.T.);
#1477=ORIENTED_EDGE('',*,*,#1154,.T.);
#1478=ORIENTED_EDGE('',*,*,#1166,.T.);
#1479=ORIENTED_EDGE('',*,*,#1167,.T.);
#1480=ORIENTED_EDGE('',*,*,#1168,.T.);
#1481=ORIENTED_EDGE('',*,*,#1169,.T.);
#1482=ORIENTED_EDGE('',*,*,#1170,.T.);
#1483=ORIENTED_EDGE('',*,*,#1171,.T.);
#1484=ORIENTED_EDGE('',*,*,#1172,.T.);
#1485=ORIENTED_EDGE('',*,*,#1173,.T.);
#1486=ORIENTED_EDGE('',*,*,#1174,.T.);
#1487=ORIENTED_EDGE('',*,*,#1175,.T.);
#1488=ORIENTED_EDGE('',*,*,#1176,.T.);
#1489=ORIENTED_EDGE('',*,*,#1177,.T.);
#1490=ORIENTED_EDGE('',*,*,#1178,.T.);
#1491=ORIENTED_EDGE('',*,*,#1179,.T.);
#1492=ORIENTED_EDGE('',*,*,#1178,.F.);
#1493=ORIENTED_EDGE('',*,*,#1180,.F.);
#1494=ORIENTED_EDGE('',*,*,#1181,.T.);
#1495=ORIENTED_EDGE('',*,*,#1182,.T.);
#1496=ORIENTED_EDGE('',*,*,#1179,.F.);
#1497=ORIENTED_EDGE('',*,*,#1182,.F.);
#1498=ORIENTED_EDGE('',*,*,#1183,.T.);
#1499=ORIENTED_EDGE('',*,*,#1184,.F.);
#1500=ORIENTED_EDGE('',*,*,#1175,.F.);
#1501=ORIENTED_EDGE('',*,*,#1185,.F.);
#1502=ORIENTED_EDGE('',*,*,#1186,.T.);
#1503=ORIENTED_EDGE('',*,*,#1187,.T.);
#1504=ORIENTED_EDGE('',*,*,#1176,.F.);
#1505=ORIENTED_EDGE('',*,*,#1187,.F.);
#1506=ORIENTED_EDGE('',*,*,#1188,.T.);
#1507=ORIENTED_EDGE('',*,*,#1189,.F.);
#1508=ORIENTED_EDGE('',*,*,#1172,.F.);
#1509=ORIENTED_EDGE('',*,*,#1190,.F.);
#1510=ORIENTED_EDGE('',*,*,#1191,.T.);
#1511=ORIENTED_EDGE('',*,*,#1192,.T.);
#1512=ORIENTED_EDGE('',*,*,#1173,.F.);
#1513=ORIENTED_EDGE('',*,*,#1192,.F.);
#1514=ORIENTED_EDGE('',*,*,#1193,.T.);
#1515=ORIENTED_EDGE('',*,*,#1194,.F.);
#1516=ORIENTED_EDGE('',*,*,#1167,.F.);
#1517=ORIENTED_EDGE('',*,*,#1195,.T.);
#1518=ORIENTED_EDGE('',*,*,#1196,.T.);
#1519=ORIENTED_EDGE('',*,*,#1197,.F.);
#1520=ORIENTED_EDGE('',*,*,#1198,.F.);
#1521=ORIENTED_EDGE('',*,*,#1199,.F.);
#1522=ORIENTED_EDGE('',*,*,#1200,.F.);
#1523=ORIENTED_EDGE('',*,*,#1201,.F.);
#1524=ORIENTED_EDGE('',*,*,#1202,.F.);
#1525=ORIENTED_EDGE('',*,*,#1203,.F.);
#1526=ORIENTED_EDGE('',*,*,#1204,.T.);
#1527=ORIENTED_EDGE('',*,*,#1205,.F.);
#1528=ORIENTED_EDGE('',*,*,#1206,.F.);
#1529=ORIENTED_EDGE('',*,*,#1207,.T.);
#1530=ORIENTED_EDGE('',*,*,#1208,.F.);
#1531=ORIENTED_EDGE('',*,*,#1209,.F.);
#1532=ORIENTED_EDGE('',*,*,#1210,.T.);
#1533=ORIENTED_EDGE('',*,*,#1168,.F.);
#1534=ORIENTED_EDGE('',*,*,#1198,.T.);
#1535=ORIENTED_EDGE('',*,*,#1211,.T.);
#1536=ORIENTED_EDGE('',*,*,#1212,.F.);
#1537=ORIENTED_EDGE('',*,*,#1213,.T.);
#1538=ORIENTED_EDGE('',*,*,#1214,.T.);
#1539=ORIENTED_EDGE('',*,*,#1162,.F.);
#1540=ORIENTED_EDGE('',*,*,#1215,.F.);
#1541=ORIENTED_EDGE('',*,*,#1216,.F.);
#1542=ORIENTED_EDGE('',*,*,#1217,.F.);
#1543=ORIENTED_EDGE('',*,*,#1218,.T.);
#1544=ORIENTED_EDGE('',*,*,#1169,.F.);
#1545=ORIENTED_EDGE('',*,*,#1218,.F.);
#1546=ORIENTED_EDGE('',*,*,#1219,.T.);
#1547=ORIENTED_EDGE('',*,*,#1220,.T.);
#1548=ORIENTED_EDGE('',*,*,#1170,.F.);
#1549=ORIENTED_EDGE('',*,*,#1220,.F.);
#1550=ORIENTED_EDGE('',*,*,#1221,.F.);
#1551=ORIENTED_EDGE('',*,*,#1222,.T.);
#1552=ORIENTED_EDGE('',*,*,#1171,.F.);
#1553=ORIENTED_EDGE('',*,*,#1194,.T.);
#1554=ORIENTED_EDGE('',*,*,#1223,.T.);
#1555=ORIENTED_EDGE('',*,*,#1190,.T.);
#1556=ORIENTED_EDGE('',*,*,#1174,.F.);
#1557=ORIENTED_EDGE('',*,*,#1189,.T.);
#1558=ORIENTED_EDGE('',*,*,#1224,.T.);
#1559=ORIENTED_EDGE('',*,*,#1185,.T.);
#1560=ORIENTED_EDGE('',*,*,#1177,.F.);
#1561=ORIENTED_EDGE('',*,*,#1184,.T.);
#1562=ORIENTED_EDGE('',*,*,#1225,.T.);
#1563=ORIENTED_EDGE('',*,*,#1180,.T.);
#1564=ORIENTED_EDGE('',*,*,#1226,.T.);
#1565=ORIENTED_EDGE('',*,*,#1227,.T.);
#1566=ORIENTED_EDGE('',*,*,#1228,.T.);
#1567=ORIENTED_EDGE('',*,*,#1229,.F.);
#1568=ORIENTED_EDGE('',*,*,#1230,.T.);
#1569=ORIENTED_EDGE('',*,*,#1229,.T.);
#1570=ORIENTED_EDGE('',*,*,#1231,.T.);
#1571=ORIENTED_EDGE('',*,*,#1232,.F.);
#1572=ORIENTED_EDGE('',*,*,#1233,.T.);
#1573=ORIENTED_EDGE('',*,*,#1234,.T.);
#1574=ORIENTED_EDGE('',*,*,#1235,.T.);
#1575=ORIENTED_EDGE('',*,*,#1236,.F.);
#1576=ORIENTED_EDGE('',*,*,#1237,.T.);
#1577=ORIENTED_EDGE('',*,*,#1236,.T.);
#1578=ORIENTED_EDGE('',*,*,#1238,.T.);
#1579=ORIENTED_EDGE('',*,*,#1239,.F.);
#1580=ORIENTED_EDGE('',*,*,#1227,.F.);
#1581=ORIENTED_EDGE('',*,*,#1240,.T.);
#1582=ORIENTED_EDGE('',*,*,#1232,.T.);
#1583=ORIENTED_EDGE('',*,*,#1241,.T.);
#1584=ORIENTED_EDGE('',*,*,#1234,.F.);
#1585=ORIENTED_EDGE('',*,*,#1242,.T.);
#1586=ORIENTED_EDGE('',*,*,#1239,.T.);
#1587=ORIENTED_EDGE('',*,*,#1243,.T.);
#1588=ORIENTED_EDGE('',*,*,#1244,.F.);
#1589=ORIENTED_EDGE('',*,*,#1245,.F.);
#1590=ORIENTED_EDGE('',*,*,#1246,.T.);
#1591=ORIENTED_EDGE('',*,*,#1213,.F.);
#1592=ORIENTED_EDGE('',*,*,#1235,.F.);
#1593=ORIENTED_EDGE('',*,*,#1243,.F.);
#1594=ORIENTED_EDGE('',*,*,#1238,.F.);
#1595=ORIENTED_EDGE('',*,*,#1228,.F.);
#1596=ORIENTED_EDGE('',*,*,#1241,.F.);
#1597=ORIENTED_EDGE('',*,*,#1231,.F.);
#1598=ORIENTED_EDGE('',*,*,#1193,.F.);
#1599=ORIENTED_EDGE('',*,*,#1191,.F.);
#1600=ORIENTED_EDGE('',*,*,#1223,.F.);
#1601=ORIENTED_EDGE('',*,*,#1183,.F.);
#1602=ORIENTED_EDGE('',*,*,#1181,.F.);
#1603=ORIENTED_EDGE('',*,*,#1225,.F.);
#1604=ORIENTED_EDGE('',*,*,#1188,.F.);
#1605=ORIENTED_EDGE('',*,*,#1186,.F.);
#1606=ORIENTED_EDGE('',*,*,#1224,.F.);
#1607=ORIENTED_EDGE('',*,*,#1247,.T.);
#1608=ORIENTED_EDGE('',*,*,#1248,.T.);
#1609=ORIENTED_EDGE('',*,*,#1209,.T.);
#1610=ORIENTED_EDGE('',*,*,#1249,.T.);
#1611=ORIENTED_EDGE('',*,*,#1250,.T.);
#1612=ORIENTED_EDGE('',*,*,#1249,.F.);
#1613=ORIENTED_EDGE('',*,*,#1208,.T.);
#1614=ORIENTED_EDGE('',*,*,#1251,.F.);
#1615=ORIENTED_EDGE('',*,*,#1252,.T.);
#1616=ORIENTED_EDGE('',*,*,#1253,.T.);
#1617=ORIENTED_EDGE('',*,*,#1206,.T.);
#1618=ORIENTED_EDGE('',*,*,#1254,.T.);
#1619=ORIENTED_EDGE('',*,*,#1255,.T.);
#1620=ORIENTED_EDGE('',*,*,#1254,.F.);
#1621=ORIENTED_EDGE('',*,*,#1205,.T.);
#1622=ORIENTED_EDGE('',*,*,#1256,.F.);
#1623=ORIENTED_EDGE('',*,*,#1257,.T.);
#1624=ORIENTED_EDGE('',*,*,#1258,.T.);
#1625=ORIENTED_EDGE('',*,*,#1203,.T.);
#1626=ORIENTED_EDGE('',*,*,#1259,.T.);
#1627=ORIENTED_EDGE('',*,*,#1260,.T.);
#1628=ORIENTED_EDGE('',*,*,#1259,.F.);
#1629=ORIENTED_EDGE('',*,*,#1202,.T.);
#1630=ORIENTED_EDGE('',*,*,#1261,.F.);
#1631=ORIENTED_EDGE('',*,*,#1262,.T.);
#1632=ORIENTED_EDGE('',*,*,#1263,.T.);
#1633=ORIENTED_EDGE('',*,*,#1200,.T.);
#1634=ORIENTED_EDGE('',*,*,#1264,.T.);
#1635=ORIENTED_EDGE('',*,*,#1265,.T.);
#1636=ORIENTED_EDGE('',*,*,#1264,.F.);
#1637=ORIENTED_EDGE('',*,*,#1199,.T.);
#1638=ORIENTED_EDGE('',*,*,#1266,.F.);
#1639=ORIENTED_EDGE('',*,*,#1251,.T.);
#1640=ORIENTED_EDGE('',*,*,#1210,.F.);
#1641=ORIENTED_EDGE('',*,*,#1248,.F.);
#1642=ORIENTED_EDGE('',*,*,#1267,.T.);
#1643=ORIENTED_EDGE('',*,*,#1256,.T.);
#1644=ORIENTED_EDGE('',*,*,#1207,.F.);
#1645=ORIENTED_EDGE('',*,*,#1253,.F.);
#1646=ORIENTED_EDGE('',*,*,#1268,.T.);
#1647=ORIENTED_EDGE('',*,*,#1261,.T.);
#1648=ORIENTED_EDGE('',*,*,#1204,.F.);
#1649=ORIENTED_EDGE('',*,*,#1258,.F.);
#1650=ORIENTED_EDGE('',*,*,#1269,.T.);
#1651=ORIENTED_EDGE('',*,*,#1266,.T.);
#1652=ORIENTED_EDGE('',*,*,#1201,.T.);
#1653=ORIENTED_EDGE('',*,*,#1263,.F.);
#1654=ORIENTED_EDGE('',*,*,#1270,.T.);
#1655=ORIENTED_EDGE('',*,*,#1271,.T.);
#1656=ORIENTED_EDGE('',*,*,#1272,.F.);
#1657=ORIENTED_EDGE('',*,*,#1273,.T.);
#1658=ORIENTED_EDGE('',*,*,#1244,.T.);
#1659=ORIENTED_EDGE('',*,*,#1212,.T.);
#1660=ORIENTED_EDGE('',*,*,#1250,.F.);
#1661=ORIENTED_EDGE('',*,*,#1267,.F.);
#1662=ORIENTED_EDGE('',*,*,#1247,.F.);
#1663=ORIENTED_EDGE('',*,*,#1255,.F.);
#1664=ORIENTED_EDGE('',*,*,#1268,.F.);
#1665=ORIENTED_EDGE('',*,*,#1252,.F.);
#1666=ORIENTED_EDGE('',*,*,#1265,.F.);
#1667=ORIENTED_EDGE('',*,*,#1270,.F.);
#1668=ORIENTED_EDGE('',*,*,#1262,.F.);
#1669=ORIENTED_EDGE('',*,*,#1260,.F.);
#1670=ORIENTED_EDGE('',*,*,#1269,.F.);
#1671=ORIENTED_EDGE('',*,*,#1257,.F.);
#1672=ORIENTED_EDGE('',*,*,#1274,.F.);
#1673=ORIENTED_EDGE('',*,*,#1275,.T.);
#1674=ORIENTED_EDGE('',*,*,#1276,.F.);
#1675=ORIENTED_EDGE('',*,*,#1277,.F.);
#1676=ORIENTED_EDGE('',*,*,#1278,.T.);
#1677=ORIENTED_EDGE('',*,*,#1279,.T.);
#1678=ORIENTED_EDGE('',*,*,#1280,.F.);
#1679=ORIENTED_EDGE('',*,*,#1275,.F.);
#1680=ORIENTED_EDGE('',*,*,#1281,.F.);
#1681=ORIENTED_EDGE('',*,*,#1277,.T.);
#1682=ORIENTED_EDGE('',*,*,#1282,.F.);
#1683=ORIENTED_EDGE('',*,*,#1272,.T.);
#1684=ORIENTED_EDGE('',*,*,#1283,.T.);
#1685=ORIENTED_EDGE('',*,*,#1196,.F.);
#1686=ORIENTED_EDGE('',*,*,#1217,.T.);
#1687=ORIENTED_EDGE('',*,*,#1284,.T.);
#1688=ORIENTED_EDGE('',*,*,#1221,.T.);
#1689=ORIENTED_EDGE('',*,*,#1219,.F.);
#1690=ORIENTED_EDGE('',*,*,#1285,.F.);
#1691=ORIENTED_EDGE('',*,*,#1216,.T.);
#1692=ORIENTED_EDGE('',*,*,#1286,.F.);
#1693=ORIENTED_EDGE('',*,*,#1158,.F.);
#1694=ORIENTED_EDGE('',*,*,#1226,.F.);
#1695=ORIENTED_EDGE('',*,*,#1230,.F.);
#1696=ORIENTED_EDGE('',*,*,#1240,.F.);
#1697=ORIENTED_EDGE('',*,*,#1233,.F.);
#1698=ORIENTED_EDGE('',*,*,#1237,.F.);
#1699=ORIENTED_EDGE('',*,*,#1242,.F.);
#1700=ORIENTED_EDGE('',*,*,#1287,.F.);
#1701=ORIENTED_EDGE('',*,*,#1279,.F.);
#1702=ORIENTED_EDGE('',*,*,#1288,.T.);
#1703=ORIENTED_EDGE('',*,*,#1163,.T.);
#1704=ORIENTED_EDGE('',*,*,#1214,.F.);
#1705=ORIENTED_EDGE('',*,*,#1246,.F.);
#1706=ORIENTED_EDGE('',*,*,#1153,.T.);
#1707=ORIENTED_EDGE('',*,*,#1164,.T.);
#1708=ORIENTED_EDGE('',*,*,#1288,.F.);
#1709=ORIENTED_EDGE('',*,*,#1278,.F.);
#1710=ORIENTED_EDGE('',*,*,#1274,.T.);
#1711=ORIENTED_EDGE('',*,*,#1281,.T.);
#1712=ORIENTED_EDGE('',*,*,#1195,.F.);
#1713=ORIENTED_EDGE('',*,*,#1166,.F.);
#1714=ORIENTED_EDGE('',*,*,#1289,.T.);
#1715=ORIENTED_EDGE('',*,*,#1290,.T.);
#1716=ORIENTED_EDGE('',*,*,#1291,.F.);
#1717=ORIENTED_EDGE('',*,*,#1292,.T.);
#1718=ORIENTED_EDGE('',*,*,#1293,.T.);
#1719=ORIENTED_EDGE('',*,*,#1294,.T.);
#1720=ORIENTED_EDGE('',*,*,#1282,.T.);
#1721=ORIENTED_EDGE('',*,*,#1276,.T.);
#1722=ORIENTED_EDGE('',*,*,#1280,.T.);
#1723=ORIENTED_EDGE('',*,*,#1287,.T.);
#1724=ORIENTED_EDGE('',*,*,#1245,.T.);
#1725=ORIENTED_EDGE('',*,*,#1273,.F.);
#1726=ORIENTED_EDGE('',*,*,#1295,.F.);
#1727=ORIENTED_EDGE('',*,*,#1296,.F.);
#1728=ORIENTED_EDGE('',*,*,#1297,.F.);
#1729=ORIENTED_EDGE('',*,*,#1298,.F.);
#1730=ORIENTED_EDGE('',*,*,#1299,.F.);
#1731=ORIENTED_EDGE('',*,*,#1300,.F.);
#1732=ORIENTED_EDGE('',*,*,#1293,.F.);
#1733=ORIENTED_EDGE('',*,*,#1301,.T.);
#1734=ORIENTED_EDGE('',*,*,#1299,.T.);
#1735=ORIENTED_EDGE('',*,*,#1301,.F.);
#1736=ORIENTED_EDGE('',*,*,#1294,.F.);
#1737=ORIENTED_EDGE('',*,*,#1302,.T.);
#1738=ORIENTED_EDGE('',*,*,#1296,.T.);
#1739=ORIENTED_EDGE('',*,*,#1302,.F.);
#1740=ORIENTED_EDGE('',*,*,#1292,.F.);
#1741=ORIENTED_EDGE('',*,*,#1303,.T.);
#1742=ORIENTED_EDGE('',*,*,#1297,.T.);
#1743=ORIENTED_EDGE('',*,*,#1303,.F.);
#1744=ORIENTED_EDGE('',*,*,#1290,.F.);
#1745=ORIENTED_EDGE('',*,*,#1304,.T.);
#1746=ORIENTED_EDGE('',*,*,#1300,.T.);
#1747=ORIENTED_EDGE('',*,*,#1304,.F.);
#1748=ORIENTED_EDGE('',*,*,#1289,.F.);
#1749=ORIENTED_EDGE('',*,*,#1305,.T.);
#1750=ORIENTED_EDGE('',*,*,#1298,.T.);
#1751=ORIENTED_EDGE('',*,*,#1305,.F.);
#1752=ORIENTED_EDGE('',*,*,#1165,.F.);
#1753=ORIENTED_EDGE('',*,*,#1222,.F.);
#1754=ORIENTED_EDGE('',*,*,#1284,.F.);
#1755=ORIENTED_EDGE('',*,*,#1285,.T.);
#1756=ORIENTED_EDGE('',*,*,#1157,.T.);
#1757=ORIENTED_EDGE('',*,*,#1286,.T.);
#1758=ORIENTED_EDGE('',*,*,#1215,.T.);
#1759=ORIENTED_EDGE('',*,*,#1161,.F.);
#1760=ORIENTED_EDGE('',*,*,#1159,.F.);
#1761=ORIENTED_EDGE('',*,*,#1291,.T.);
#1762=ORIENTED_EDGE('',*,*,#1306,.T.);
#1763=ORIENTED_EDGE('',*,*,#1295,.T.);
#1764=ORIENTED_EDGE('',*,*,#1306,.F.);
#1765=ORIENTED_EDGE('',*,*,#1211,.F.);
#1766=ORIENTED_EDGE('',*,*,#1197,.T.);
#1767=ORIENTED_EDGE('',*,*,#1283,.F.);
#1768=ORIENTED_EDGE('',*,*,#1271,.F.);
#1769=ORIENTED_EDGE('',*,*,#1307,.T.);
#1770=ORIENTED_EDGE('',*,*,#1308,.T.);
#1771=ORIENTED_EDGE('',*,*,#1309,.T.);
#1772=ORIENTED_EDGE('',*,*,#1310,.T.);
#1773=ORIENTED_EDGE('',*,*,#1309,.F.);
#1774=ORIENTED_EDGE('',*,*,#1311,.F.);
#1775=ORIENTED_EDGE('',*,*,#1312,.F.);
#1776=ORIENTED_EDGE('',*,*,#1313,.F.);
#1777=ORIENTED_EDGE('',*,*,#1314,.T.);
#1778=ORIENTED_EDGE('',*,*,#1308,.F.);
#1779=ORIENTED_EDGE('',*,*,#1315,.T.);
#1780=ORIENTED_EDGE('',*,*,#1316,.T.);
#1781=ORIENTED_EDGE('',*,*,#1317,.F.);
#1782=ORIENTED_EDGE('',*,*,#1318,.F.);
#1783=ORIENTED_EDGE('',*,*,#1311,.T.);
#1784=ORIENTED_EDGE('',*,*,#1319,.F.);
#1785=ORIENTED_EDGE('',*,*,#1320,.F.);
#1786=ORIENTED_EDGE('',*,*,#1321,.F.);
#1787=ORIENTED_EDGE('',*,*,#1322,.F.);
#1788=ORIENTED_EDGE('',*,*,#1323,.F.);
#1789=ORIENTED_EDGE('',*,*,#1324,.F.);
#1790=ORIENTED_EDGE('',*,*,#1310,.F.);
#1791=ORIENTED_EDGE('',*,*,#1325,.F.);
#1792=ORIENTED_EDGE('',*,*,#1326,.F.);
#1793=ORIENTED_EDGE('',*,*,#1327,.F.);
#1794=ORIENTED_EDGE('',*,*,#1328,.F.);
#1795=ORIENTED_EDGE('',*,*,#1329,.F.);
#1796=ORIENTED_EDGE('',*,*,#1330,.F.);
#1797=ORIENTED_EDGE('',*,*,#1331,.F.);
#1798=ORIENTED_EDGE('',*,*,#1332,.F.);
#1799=ORIENTED_EDGE('',*,*,#1333,.F.);
#1800=ORIENTED_EDGE('',*,*,#1333,.T.);
#1801=ORIENTED_EDGE('',*,*,#1334,.F.);
#1802=ORIENTED_EDGE('',*,*,#1335,.F.);
#1803=ORIENTED_EDGE('',*,*,#1336,.T.);
#1804=ORIENTED_EDGE('',*,*,#1332,.T.);
#1805=ORIENTED_EDGE('',*,*,#1337,.T.);
#1806=ORIENTED_EDGE('',*,*,#1338,.F.);
#1807=ORIENTED_EDGE('',*,*,#1334,.T.);
#1808=ORIENTED_EDGE('',*,*,#1330,.T.);
#1809=ORIENTED_EDGE('',*,*,#1339,.F.);
#1810=ORIENTED_EDGE('',*,*,#1340,.F.);
#1811=ORIENTED_EDGE('',*,*,#1341,.T.);
#1812=ORIENTED_EDGE('',*,*,#1329,.T.);
#1813=ORIENTED_EDGE('',*,*,#1342,.T.);
#1814=ORIENTED_EDGE('',*,*,#1343,.F.);
#1815=ORIENTED_EDGE('',*,*,#1339,.T.);
#1816=ORIENTED_EDGE('',*,*,#1327,.T.);
#1817=ORIENTED_EDGE('',*,*,#1344,.F.);
#1818=ORIENTED_EDGE('',*,*,#1345,.F.);
#1819=ORIENTED_EDGE('',*,*,#1346,.T.);
#1820=ORIENTED_EDGE('',*,*,#1326,.T.);
#1821=ORIENTED_EDGE('',*,*,#1347,.T.);
#1822=ORIENTED_EDGE('',*,*,#1348,.F.);
#1823=ORIENTED_EDGE('',*,*,#1344,.T.);
#1824=ORIENTED_EDGE('',*,*,#1323,.T.);
#1825=ORIENTED_EDGE('',*,*,#1349,.T.);
#1826=ORIENTED_EDGE('',*,*,#1350,.T.);
#1827=ORIENTED_EDGE('',*,*,#1351,.F.);
#1828=ORIENTED_EDGE('',*,*,#1352,.F.);
#1829=ORIENTED_EDGE('',*,*,#1353,.T.);
#1830=ORIENTED_EDGE('',*,*,#1354,.T.);
#1831=ORIENTED_EDGE('',*,*,#1355,.T.);
#1832=ORIENTED_EDGE('',*,*,#1356,.T.);
#1833=ORIENTED_EDGE('',*,*,#1357,.F.);
#1834=ORIENTED_EDGE('',*,*,#1358,.T.);
#1835=ORIENTED_EDGE('',*,*,#1359,.T.);
#1836=ORIENTED_EDGE('',*,*,#1360,.F.);
#1837=ORIENTED_EDGE('',*,*,#1361,.T.);
#1838=ORIENTED_EDGE('',*,*,#1362,.T.);
#1839=ORIENTED_EDGE('',*,*,#1363,.F.);
#1840=ORIENTED_EDGE('',*,*,#1364,.T.);
#1841=ORIENTED_EDGE('',*,*,#1322,.T.);
#1842=ORIENTED_EDGE('',*,*,#1365,.F.);
#1843=ORIENTED_EDGE('',*,*,#1366,.T.);
#1844=ORIENTED_EDGE('',*,*,#1367,.T.);
#1845=ORIENTED_EDGE('',*,*,#1368,.T.);
#1846=ORIENTED_EDGE('',*,*,#1317,.T.);
#1847=ORIENTED_EDGE('',*,*,#1369,.F.);
#1848=ORIENTED_EDGE('',*,*,#1370,.F.);
#1849=ORIENTED_EDGE('',*,*,#1371,.T.);
#1850=ORIENTED_EDGE('',*,*,#1372,.F.);
#1851=ORIENTED_EDGE('',*,*,#1349,.F.);
#1852=ORIENTED_EDGE('',*,*,#1321,.T.);
#1853=ORIENTED_EDGE('',*,*,#1373,.F.);
#1854=ORIENTED_EDGE('',*,*,#1374,.F.);
#1855=ORIENTED_EDGE('',*,*,#1365,.T.);
#1856=ORIENTED_EDGE('',*,*,#1320,.T.);
#1857=ORIENTED_EDGE('',*,*,#1375,.F.);
#1858=ORIENTED_EDGE('',*,*,#1376,.T.);
#1859=ORIENTED_EDGE('',*,*,#1373,.T.);
#1860=ORIENTED_EDGE('',*,*,#1325,.T.);
#1861=ORIENTED_EDGE('',*,*,#1346,.F.);
#1862=ORIENTED_EDGE('',*,*,#1377,.F.);
#1863=ORIENTED_EDGE('',*,*,#1347,.F.);
#1864=ORIENTED_EDGE('',*,*,#1328,.T.);
#1865=ORIENTED_EDGE('',*,*,#1341,.F.);
#1866=ORIENTED_EDGE('',*,*,#1378,.F.);
#1867=ORIENTED_EDGE('',*,*,#1342,.F.);
#1868=ORIENTED_EDGE('',*,*,#1331,.T.);
#1869=ORIENTED_EDGE('',*,*,#1336,.F.);
#1870=ORIENTED_EDGE('',*,*,#1379,.F.);
#1871=ORIENTED_EDGE('',*,*,#1337,.F.);
#1872=ORIENTED_EDGE('',*,*,#1380,.F.);
#1873=ORIENTED_EDGE('',*,*,#1381,.T.);
#1874=ORIENTED_EDGE('',*,*,#1382,.F.);
#1875=ORIENTED_EDGE('',*,*,#1383,.F.);
#1876=ORIENTED_EDGE('',*,*,#1384,.F.);
#1877=ORIENTED_EDGE('',*,*,#1385,.T.);
#1878=ORIENTED_EDGE('',*,*,#1386,.F.);
#1879=ORIENTED_EDGE('',*,*,#1381,.F.);
#1880=ORIENTED_EDGE('',*,*,#1387,.F.);
#1881=ORIENTED_EDGE('',*,*,#1388,.T.);
#1882=ORIENTED_EDGE('',*,*,#1389,.F.);
#1883=ORIENTED_EDGE('',*,*,#1390,.F.);
#1884=ORIENTED_EDGE('',*,*,#1391,.F.);
#1885=ORIENTED_EDGE('',*,*,#1392,.T.);
#1886=ORIENTED_EDGE('',*,*,#1393,.F.);
#1887=ORIENTED_EDGE('',*,*,#1388,.F.);
#1888=ORIENTED_EDGE('',*,*,#1383,.T.);
#1889=ORIENTED_EDGE('',*,*,#1394,.F.);
#1890=ORIENTED_EDGE('',*,*,#1385,.F.);
#1891=ORIENTED_EDGE('',*,*,#1395,.F.);
#1892=ORIENTED_EDGE('',*,*,#1390,.T.);
#1893=ORIENTED_EDGE('',*,*,#1396,.F.);
#1894=ORIENTED_EDGE('',*,*,#1392,.F.);
#1895=ORIENTED_EDGE('',*,*,#1397,.F.);
#1896=ORIENTED_EDGE('',*,*,#1398,.T.);
#1897=ORIENTED_EDGE('',*,*,#1370,.T.);
#1898=ORIENTED_EDGE('',*,*,#1399,.F.);
#1899=ORIENTED_EDGE('',*,*,#1400,.T.);
#1900=ORIENTED_EDGE('',*,*,#1389,.T.);
#1901=ORIENTED_EDGE('',*,*,#1393,.T.);
#1902=ORIENTED_EDGE('',*,*,#1396,.T.);
#1903=ORIENTED_EDGE('',*,*,#1382,.T.);
#1904=ORIENTED_EDGE('',*,*,#1386,.T.);
#1905=ORIENTED_EDGE('',*,*,#1394,.T.);
#1906=ORIENTED_EDGE('',*,*,#1348,.T.);
#1907=ORIENTED_EDGE('',*,*,#1377,.T.);
#1908=ORIENTED_EDGE('',*,*,#1345,.T.);
#1909=ORIENTED_EDGE('',*,*,#1338,.T.);
#1910=ORIENTED_EDGE('',*,*,#1379,.T.);
#1911=ORIENTED_EDGE('',*,*,#1335,.T.);
#1912=ORIENTED_EDGE('',*,*,#1343,.T.);
#1913=ORIENTED_EDGE('',*,*,#1378,.T.);
#1914=ORIENTED_EDGE('',*,*,#1340,.T.);
#1915=ORIENTED_EDGE('',*,*,#1401,.F.);
#1916=ORIENTED_EDGE('',*,*,#1402,.F.);
#1917=ORIENTED_EDGE('',*,*,#1364,.F.);
#1918=ORIENTED_EDGE('',*,*,#1403,.F.);
#1919=ORIENTED_EDGE('',*,*,#1404,.F.);
#1920=ORIENTED_EDGE('',*,*,#1405,.T.);
#1921=ORIENTED_EDGE('',*,*,#1362,.F.);
#1922=ORIENTED_EDGE('',*,*,#1402,.T.);
#1923=ORIENTED_EDGE('',*,*,#1406,.F.);
#1924=ORIENTED_EDGE('',*,*,#1407,.F.);
#1925=ORIENTED_EDGE('',*,*,#1361,.F.);
#1926=ORIENTED_EDGE('',*,*,#1408,.F.);
#1927=ORIENTED_EDGE('',*,*,#1409,.F.);
#1928=ORIENTED_EDGE('',*,*,#1410,.T.);
#1929=ORIENTED_EDGE('',*,*,#1359,.F.);
#1930=ORIENTED_EDGE('',*,*,#1407,.T.);
#1931=ORIENTED_EDGE('',*,*,#1411,.F.);
#1932=ORIENTED_EDGE('',*,*,#1412,.F.);
#1933=ORIENTED_EDGE('',*,*,#1358,.F.);
#1934=ORIENTED_EDGE('',*,*,#1413,.F.);
#1935=ORIENTED_EDGE('',*,*,#1414,.F.);
#1936=ORIENTED_EDGE('',*,*,#1415,.T.);
#1937=ORIENTED_EDGE('',*,*,#1356,.F.);
#1938=ORIENTED_EDGE('',*,*,#1412,.T.);
#1939=ORIENTED_EDGE('',*,*,#1416,.F.);
#1940=ORIENTED_EDGE('',*,*,#1417,.F.);
#1941=ORIENTED_EDGE('',*,*,#1355,.F.);
#1942=ORIENTED_EDGE('',*,*,#1418,.F.);
#1943=ORIENTED_EDGE('',*,*,#1419,.F.);
#1944=ORIENTED_EDGE('',*,*,#1420,.T.);
#1945=ORIENTED_EDGE('',*,*,#1353,.F.);
#1946=ORIENTED_EDGE('',*,*,#1417,.T.);
#1947=ORIENTED_EDGE('',*,*,#1405,.F.);
#1948=ORIENTED_EDGE('',*,*,#1421,.F.);
#1949=ORIENTED_EDGE('',*,*,#1403,.T.);
#1950=ORIENTED_EDGE('',*,*,#1363,.T.);
#1951=ORIENTED_EDGE('',*,*,#1410,.F.);
#1952=ORIENTED_EDGE('',*,*,#1422,.F.);
#1953=ORIENTED_EDGE('',*,*,#1408,.T.);
#1954=ORIENTED_EDGE('',*,*,#1360,.T.);
#1955=ORIENTED_EDGE('',*,*,#1415,.F.);
#1956=ORIENTED_EDGE('',*,*,#1423,.F.);
#1957=ORIENTED_EDGE('',*,*,#1413,.T.);
#1958=ORIENTED_EDGE('',*,*,#1357,.T.);
#1959=ORIENTED_EDGE('',*,*,#1420,.F.);
#1960=ORIENTED_EDGE('',*,*,#1424,.F.);
#1961=ORIENTED_EDGE('',*,*,#1418,.T.);
#1962=ORIENTED_EDGE('',*,*,#1354,.F.);
#1963=ORIENTED_EDGE('',*,*,#1425,.F.);
#1964=ORIENTED_EDGE('',*,*,#1371,.F.);
#1965=ORIENTED_EDGE('',*,*,#1398,.F.);
#1966=ORIENTED_EDGE('',*,*,#1426,.F.);
#1967=ORIENTED_EDGE('',*,*,#1427,.T.);
#1968=ORIENTED_EDGE('',*,*,#1404,.T.);
#1969=ORIENTED_EDGE('',*,*,#1401,.T.);
#1970=ORIENTED_EDGE('',*,*,#1421,.T.);
#1971=ORIENTED_EDGE('',*,*,#1409,.T.);
#1972=ORIENTED_EDGE('',*,*,#1406,.T.);
#1973=ORIENTED_EDGE('',*,*,#1422,.T.);
#1974=ORIENTED_EDGE('',*,*,#1419,.T.);
#1975=ORIENTED_EDGE('',*,*,#1416,.T.);
#1976=ORIENTED_EDGE('',*,*,#1424,.T.);
#1977=ORIENTED_EDGE('',*,*,#1414,.T.);
#1978=ORIENTED_EDGE('',*,*,#1411,.T.);
#1979=ORIENTED_EDGE('',*,*,#1423,.T.);
#1980=ORIENTED_EDGE('',*,*,#1428,.T.);
#1981=ORIENTED_EDGE('',*,*,#1429,.T.);
#1982=ORIENTED_EDGE('',*,*,#1430,.T.);
#1983=ORIENTED_EDGE('',*,*,#1431,.F.);
#1984=ORIENTED_EDGE('',*,*,#1432,.F.);
#1985=ORIENTED_EDGE('',*,*,#1431,.T.);
#1986=ORIENTED_EDGE('',*,*,#1433,.T.);
#1987=ORIENTED_EDGE('',*,*,#1434,.F.);
#1988=ORIENTED_EDGE('',*,*,#1435,.T.);
#1989=ORIENTED_EDGE('',*,*,#1351,.T.);
#1990=ORIENTED_EDGE('',*,*,#1436,.F.);
#1991=ORIENTED_EDGE('',*,*,#1427,.F.);
#1992=ORIENTED_EDGE('',*,*,#1437,.T.);
#1993=ORIENTED_EDGE('',*,*,#1429,.F.);
#1994=ORIENTED_EDGE('',*,*,#1366,.F.);
#1995=ORIENTED_EDGE('',*,*,#1374,.T.);
#1996=ORIENTED_EDGE('',*,*,#1376,.F.);
#1997=ORIENTED_EDGE('',*,*,#1438,.F.);
#1998=ORIENTED_EDGE('',*,*,#1439,.T.);
#1999=ORIENTED_EDGE('',*,*,#1313,.T.);
#2000=ORIENTED_EDGE('',*,*,#1440,.T.);
#2001=ORIENTED_EDGE('',*,*,#1367,.F.);
#2002=ORIENTED_EDGE('',*,*,#1380,.T.);
#2003=ORIENTED_EDGE('',*,*,#1395,.T.);
#2004=ORIENTED_EDGE('',*,*,#1384,.T.);
#2005=ORIENTED_EDGE('',*,*,#1387,.T.);
#2006=ORIENTED_EDGE('',*,*,#1397,.T.);
#2007=ORIENTED_EDGE('',*,*,#1391,.T.);
#2008=ORIENTED_EDGE('',*,*,#1441,.T.);
#2009=ORIENTED_EDGE('',*,*,#1399,.T.);
#2010=ORIENTED_EDGE('',*,*,#1369,.T.);
#2011=ORIENTED_EDGE('',*,*,#1316,.F.);
#2012=ORIENTED_EDGE('',*,*,#1442,.F.);
#2013=ORIENTED_EDGE('',*,*,#1434,.T.);
#2014=ORIENTED_EDGE('',*,*,#1307,.F.);
#2015=ORIENTED_EDGE('',*,*,#1324,.T.);
#2016=ORIENTED_EDGE('',*,*,#1352,.T.);
#2017=ORIENTED_EDGE('',*,*,#1435,.F.);
#2018=ORIENTED_EDGE('',*,*,#1428,.F.);
#2019=ORIENTED_EDGE('',*,*,#1432,.T.);
#2020=ORIENTED_EDGE('',*,*,#1442,.T.);
#2021=ORIENTED_EDGE('',*,*,#1315,.F.);
#2022=ORIENTED_EDGE('',*,*,#1443,.F.);
#2023=ORIENTED_EDGE('',*,*,#1444,.F.);
#2024=ORIENTED_EDGE('',*,*,#1445,.T.);
#2025=ORIENTED_EDGE('',*,*,#1446,.F.);
#2026=ORIENTED_EDGE('',*,*,#1447,.F.);
#2027=ORIENTED_EDGE('',*,*,#1448,.F.);
#2028=ORIENTED_EDGE('',*,*,#1437,.F.);
#2029=ORIENTED_EDGE('',*,*,#1426,.T.);
#2030=ORIENTED_EDGE('',*,*,#1400,.F.);
#2031=ORIENTED_EDGE('',*,*,#1441,.F.);
#2032=ORIENTED_EDGE('',*,*,#1433,.F.);
#2033=ORIENTED_EDGE('',*,*,#1430,.F.);
#2034=ORIENTED_EDGE('',*,*,#1449,.T.);
#2035=ORIENTED_EDGE('',*,*,#1450,.T.);
#2036=ORIENTED_EDGE('',*,*,#1451,.T.);
#2037=ORIENTED_EDGE('',*,*,#1452,.T.);
#2038=ORIENTED_EDGE('',*,*,#1453,.T.);
#2039=ORIENTED_EDGE('',*,*,#1454,.T.);
#2040=ORIENTED_EDGE('',*,*,#1447,.T.);
#2041=ORIENTED_EDGE('',*,*,#1455,.T.);
#2042=ORIENTED_EDGE('',*,*,#1453,.F.);
#2043=ORIENTED_EDGE('',*,*,#1455,.F.);
#2044=ORIENTED_EDGE('',*,*,#1448,.T.);
#2045=ORIENTED_EDGE('',*,*,#1456,.T.);
#2046=ORIENTED_EDGE('',*,*,#1450,.F.);
#2047=ORIENTED_EDGE('',*,*,#1456,.F.);
#2048=ORIENTED_EDGE('',*,*,#1446,.T.);
#2049=ORIENTED_EDGE('',*,*,#1457,.T.);
#2050=ORIENTED_EDGE('',*,*,#1451,.F.);
#2051=ORIENTED_EDGE('',*,*,#1457,.F.);
#2052=ORIENTED_EDGE('',*,*,#1444,.T.);
#2053=ORIENTED_EDGE('',*,*,#1458,.T.);
#2054=ORIENTED_EDGE('',*,*,#1454,.F.);
#2055=ORIENTED_EDGE('',*,*,#1458,.F.);
#2056=ORIENTED_EDGE('',*,*,#1443,.T.);
#2057=ORIENTED_EDGE('',*,*,#1459,.T.);
#2058=ORIENTED_EDGE('',*,*,#1452,.F.);
#2059=ORIENTED_EDGE('',*,*,#1459,.F.);
#2060=ORIENTED_EDGE('',*,*,#1319,.T.);
#2061=ORIENTED_EDGE('',*,*,#1314,.F.);
#2062=ORIENTED_EDGE('',*,*,#1439,.F.);
#2063=ORIENTED_EDGE('',*,*,#1438,.T.);
#2064=ORIENTED_EDGE('',*,*,#1375,.T.);
#2065=ORIENTED_EDGE('',*,*,#1440,.F.);
#2066=ORIENTED_EDGE('',*,*,#1312,.T.);
#2067=ORIENTED_EDGE('',*,*,#1318,.T.);
#2068=ORIENTED_EDGE('',*,*,#1368,.F.);
#2069=ORIENTED_EDGE('',*,*,#1445,.F.);
#2070=ORIENTED_EDGE('',*,*,#1460,.T.);
#2071=ORIENTED_EDGE('',*,*,#1449,.F.);
#2072=ORIENTED_EDGE('',*,*,#1460,.F.);
#2073=ORIENTED_EDGE('',*,*,#1372,.T.);
#2074=ORIENTED_EDGE('',*,*,#1425,.T.);
#2075=ORIENTED_EDGE('',*,*,#1436,.T.);
#2076=ORIENTED_EDGE('',*,*,#1350,.F.);
#2077=PLANE('',#2290);
#2078=PLANE('',#2291);
#2079=PLANE('',#2292);
#2080=PLANE('',#2293);
#2081=PLANE('',#2299);
#2082=PLANE('',#2302);
#2083=PLANE('',#2305);
#2084=PLANE('',#2306);
#2085=PLANE('',#2311);
#2086=PLANE('',#2312);
#2087=PLANE('',#2313);
#2088=PLANE('',#2314);
#2089=PLANE('',#2315);
#2090=PLANE('',#2316);
#2091=PLANE('',#2317);
#2092=PLANE('',#2318);
#2093=PLANE('',#2319);
#2094=PLANE('',#2320);
#2095=PLANE('',#2327);
#2096=PLANE('',#2328);
#2097=PLANE('',#2329);
#2098=PLANE('',#2330);
#2099=PLANE('',#2331);
#2100=PLANE('',#2332);
#2101=PLANE('',#2333);
#2102=PLANE('',#2334);
#2103=PLANE('',#2335);
#2104=PLANE('',#2344);
#2105=PLANE('',#2345);
#2106=PLANE('',#2346);
#2107=PLANE('',#2347);
#2108=PLANE('',#2348);
#2109=PLANE('',#2349);
#2110=PLANE('',#2350);
#2111=PLANE('',#2351);
#2112=PLANE('',#2358);
#2113=PLANE('',#2370);
#2114=PLANE('',#2371);
#2115=PLANE('',#2373);
#2116=PLANE('',#2375);
#2117=PLANE('',#2376);
#2118=PLANE('',#2377);
#2119=PLANE('',#2378);
#2120=PLANE('',#2384);
#2121=PLANE('',#2387);
#2122=PLANE('',#2390);
#2123=PLANE('',#2391);
#2124=PLANE('',#2396);
#2125=PLANE('',#2397);
#2126=PLANE('',#2398);
#2127=PLANE('',#2399);
#2128=PLANE('',#2400);
#2129=PLANE('',#2401);
#2130=PLANE('',#2402);
#2131=PLANE('',#2403);
#2132=PLANE('',#2404);
#2133=PLANE('',#2405);
#2134=PLANE('',#2412);
#2135=PLANE('',#2413);
#2136=PLANE('',#2414);
#2137=PLANE('',#2415);
#2138=PLANE('',#2416);
#2139=PLANE('',#2417);
#2140=PLANE('',#2418);
#2141=PLANE('',#2419);
#2142=PLANE('',#2420);
#2143=PLANE('',#2429);
#2144=PLANE('',#2430);
#2145=PLANE('',#2431);
#2146=PLANE('',#2432);
#2147=PLANE('',#2433);
#2148=PLANE('',#2434);
#2149=PLANE('',#2435);
#2150=PLANE('',#2436);
#2151=PLANE('',#2443);
#2152=PLANE('',#2455);
#2153=PLANE('',#2456);
#2154=PLANE('',#2458);
#2155=ADVANCED_FACE('',(#177),#2077,.F.);
#2156=ADVANCED_FACE('',(#178),#2078,.F.);
#2157=ADVANCED_FACE('',(#179),#2079,.F.);
#2158=ADVANCED_FACE('',(#180,#57,#58,#59),#2080,.F.);
#2159=ADVANCED_FACE('',(#181),#27,.F.);
#2160=ADVANCED_FACE('',(#182),#2081,.T.);
#2161=ADVANCED_FACE('',(#183),#28,.F.);
#2162=ADVANCED_FACE('',(#184),#2082,.T.);
#2163=ADVANCED_FACE('',(#185),#29,.F.);
#2164=ADVANCED_FACE('',(#186),#2083,.T.);
#2165=ADVANCED_FACE('',(#187,#60,#61,#62,#63),#2084,.F.);
#2166=ADVANCED_FACE('',(#188),#2085,.F.);
#2167=ADVANCED_FACE('',(#189),#2086,.F.);
#2168=ADVANCED_FACE('',(#190),#2087,.F.);
#2169=ADVANCED_FACE('',(#191),#2088,.T.);
#2170=ADVANCED_FACE('',(#192),#2089,.T.);
#2171=ADVANCED_FACE('',(#193),#2090,.T.);
#2172=ADVANCED_FACE('',(#194),#2091,.T.);
#2173=ADVANCED_FACE('',(#195),#2092,.T.);
#2174=ADVANCED_FACE('',(#196),#2093,.T.);
#2175=ADVANCED_FACE('',(#197),#2094,.T.);
#2176=ADVANCED_FACE('',(#198),#30,.F.);
#2177=ADVANCED_FACE('',(#199),#31,.F.);
#2178=ADVANCED_FACE('',(#200,#64,#65,#66,#67,#68),#2095,.T.);
#2179=ADVANCED_FACE('',(#201),#2096,.T.);
#2180=ADVANCED_FACE('',(#202),#2097,.T.);
#2181=ADVANCED_FACE('',(#203),#2098,.T.);
#2182=ADVANCED_FACE('',(#204),#2099,.T.);
#2183=ADVANCED_FACE('',(#205),#2100,.T.);
#2184=ADVANCED_FACE('',(#206),#2101,.T.);
#2185=ADVANCED_FACE('',(#207),#2102,.T.);
#2186=ADVANCED_FACE('',(#208),#2103,.T.);
#2187=ADVANCED_FACE('',(#209),#32,.F.);
#2188=ADVANCED_FACE('',(#210),#33,.F.);
#2189=ADVANCED_FACE('',(#211),#34,.F.);
#2190=ADVANCED_FACE('',(#212),#35,.F.);
#2191=ADVANCED_FACE('',(#213,#69,#70,#71,#72),#2104,.F.);
#2192=ADVANCED_FACE('',(#214),#2105,.F.);
#2193=ADVANCED_FACE('',(#215),#2106,.F.);
#2194=ADVANCED_FACE('',(#216),#2107,.F.);
#2195=ADVANCED_FACE('',(#217),#2108,.F.);
#2196=ADVANCED_FACE('',(#218,#73,#74),#2109,.F.);
#2197=ADVANCED_FACE('',(#219),#2110,.F.);
#2198=ADVANCED_FACE('',(#220,#75,#76,#77,#78,#79,#80),#2111,.F.);
#2199=ADVANCED_FACE('',(#221,#81,#82,#83,#84,#85,#86),#2112,.F.);
#2200=ADVANCED_FACE('',(#222),#36,.F.);
#2201=ADVANCED_FACE('',(#223),#37,.F.);
#2202=ADVANCED_FACE('',(#224),#38,.F.);
#2203=ADVANCED_FACE('',(#225),#39,.F.);
#2204=ADVANCED_FACE('',(#226),#40,.F.);
#2205=ADVANCED_FACE('',(#227),#2113,.F.);
#2206=ADVANCED_FACE('',(#228),#2114,.F.);
#2207=ADVANCED_FACE('',(#229),#41,.F.);
#2208=ADVANCED_FACE('',(#230),#2115,.F.);
#2209=ADVANCED_FACE('',(#231),#2116,.T.);
#2210=ADVANCED_FACE('',(#232),#2117,.T.);
#2211=ADVANCED_FACE('',(#233),#2118,.T.);
#2212=ADVANCED_FACE('',(#234,#87,#88,#89),#2119,.T.);
#2213=ADVANCED_FACE('',(#235),#42,.F.);
#2214=ADVANCED_FACE('',(#236),#2120,.F.);
#2215=ADVANCED_FACE('',(#237),#43,.F.);
#2216=ADVANCED_FACE('',(#238),#2121,.F.);
#2217=ADVANCED_FACE('',(#239),#44,.F.);
#2218=ADVANCED_FACE('',(#240),#2122,.F.);
#2219=ADVANCED_FACE('',(#241,#90,#91,#92,#93),#2123,.T.);
#2220=ADVANCED_FACE('',(#242),#2124,.T.);
#2221=ADVANCED_FACE('',(#243),#2125,.T.);
#2222=ADVANCED_FACE('',(#244),#2126,.T.);
#2223=ADVANCED_FACE('',(#245),#2127,.F.);
#2224=ADVANCED_FACE('',(#246),#2128,.F.);
#2225=ADVANCED_FACE('',(#247),#2129,.F.);
#2226=ADVANCED_FACE('',(#248),#2130,.F.);
#2227=ADVANCED_FACE('',(#249),#2131,.F.);
#2228=ADVANCED_FACE('',(#250),#2132,.F.);
#2229=ADVANCED_FACE('',(#251),#2133,.F.);
#2230=ADVANCED_FACE('',(#252),#45,.F.);
#2231=ADVANCED_FACE('',(#253),#46,.F.);
#2232=ADVANCED_FACE('',(#254,#94,#95,#96,#97,#98),#2134,.F.);
#2233=ADVANCED_FACE('',(#255),#2135,.F.);
#2234=ADVANCED_FACE('',(#256),#2136,.F.);
#2235=ADVANCED_FACE('',(#257),#2137,.F.);
#2236=ADVANCED_FACE('',(#258),#2138,.F.);
#2237=ADVANCED_FACE('',(#259),#2139,.F.);
#2238=ADVANCED_FACE('',(#260),#2140,.F.);
#2239=ADVANCED_FACE('',(#261),#2141,.F.);
#2240=ADVANCED_FACE('',(#262),#2142,.F.);
#2241=ADVANCED_FACE('',(#263),#47,.F.);
#2242=ADVANCED_FACE('',(#264),#48,.F.);
#2243=ADVANCED_FACE('',(#265),#49,.F.);
#2244=ADVANCED_FACE('',(#266),#50,.F.);
#2245=ADVANCED_FACE('',(#267,#99,#100,#101,#102),#2143,.T.);
#2246=ADVANCED_FACE('',(#268),#2144,.T.);
#2247=ADVANCED_FACE('',(#269),#2145,.T.);
#2248=ADVANCED_FACE('',(#270),#2146,.T.);
#2249=ADVANCED_FACE('',(#271),#2147,.T.);
#2250=ADVANCED_FACE('',(#272,#103,#104),#2148,.T.);
#2251=ADVANCED_FACE('',(#273),#2149,.T.);
#2252=ADVANCED_FACE('',(#274,#105,#106,#107,#108,#109,#110),#2150,.T.);
#2253=ADVANCED_FACE('',(#275,#111,#112,#113,#114,#115,#116),#2151,.T.);
#2254=ADVANCED_FACE('',(#276),#51,.F.);
#2255=ADVANCED_FACE('',(#277),#52,.F.);
#2256=ADVANCED_FACE('',(#278),#53,.F.);
#2257=ADVANCED_FACE('',(#279),#54,.F.);
#2258=ADVANCED_FACE('',(#280),#55,.F.);
#2259=ADVANCED_FACE('',(#281),#2152,.T.);
#2260=ADVANCED_FACE('',(#282),#2153,.T.);
#2261=ADVANCED_FACE('',(#283),#56,.F.);
#2262=ADVANCED_FACE('',(#284),#2154,.T.);
#2263=CLOSED_SHELL('',(#2155,#2156,#2157,#2158,#2159,#2160,#2161,#2162,
#2163,#2164,#2165,#2166,#2167,#2168,#2169,#2170,#2171,#2172,#2173,#2174,
#2175,#2176,#2177,#2178,#2179,#2180,#2181,#2182,#2183,#2184,#2185,#2186,
#2187,#2188,#2189,#2190,#2191,#2192,#2193,#2194,#2195,#2196,#2197,#2198,
#2199,#2200,#2201,#2202,#2203,#2204,#2205,#2206,#2207,#2208));
#2264=CLOSED_SHELL('',(#2209,#2210,#2211,#2212,#2213,#2214,#2215,#2216,
#2217,#2218,#2219,#2220,#2221,#2222,#2223,#2224,#2225,#2226,#2227,#2228,
#2229,#2230,#2231,#2232,#2233,#2234,#2235,#2236,#2237,#2238,#2239,#2240,
#2241,#2242,#2243,#2244,#2245,#2246,#2247,#2248,#2249,#2250,#2251,#2252,
#2253,#2254,#2255,#2256,#2257,#2258,#2259,#2260,#2261,#2262));
#2265=DERIVED_UNIT_ELEMENT(#2269,1.);
#2266=DERIVED_UNIT_ELEMENT(#3689,-3.);
#2267=DERIVED_UNIT_ELEMENT(#2269,1.);
#2268=DERIVED_UNIT_ELEMENT(#3689,-3.);
#2269=(
MASS_UNIT()
NAMED_UNIT(*)
SI_UNIT(.KILO.,.GRAM.)
);
#2270=DERIVED_UNIT((#2265,#2266));
#2271=DERIVED_UNIT((#2267,#2268));
#2272=MEASURE_REPRESENTATION_ITEM('density measure',
POSITIVE_RATIO_MEASURE(7850.),#2270);
#2273=MEASURE_REPRESENTATION_ITEM('density measure',
POSITIVE_RATIO_MEASURE(7850.),#2271);
#2274=PROPERTY_DEFINITION_REPRESENTATION(#2284,#2278);
#2275=PROPERTY_DEFINITION_REPRESENTATION(#2285,#2279);
#2276=PROPERTY_DEFINITION_REPRESENTATION(#2286,#2280);
#2277=PROPERTY_DEFINITION_REPRESENTATION(#2287,#2281);
#2278=REPRESENTATION('material name',(#2282),#3685);
#2279=REPRESENTATION('density',(#2272),#3685);
#2280=REPRESENTATION('material name',(#2283),#3686);
#2281=REPRESENTATION('density',(#2273),#3686);
#2282=DESCRIPTIVE_REPRESENTATION_ITEM('Steel','Steel');
#2283=DESCRIPTIVE_REPRESENTATION_ITEM('Steel','Steel');
#2284=PROPERTY_DEFINITION('material property','material name',#3705);
#2285=PROPERTY_DEFINITION('material property','density of part',#3705);
#2286=PROPERTY_DEFINITION('material property','material name',#3706);
#2287=PROPERTY_DEFINITION('material property','density of part',#3706);
#2288=AXIS2_PLACEMENT_3D('',#3055,#2461,#2462);
#2289=AXIS2_PLACEMENT_3D('',#3056,#2463,#2464);
#2290=AXIS2_PLACEMENT_3D('',#3057,#2465,#2466);
#2291=AXIS2_PLACEMENT_3D('',#3066,#2471,#2472);
#2292=AXIS2_PLACEMENT_3D('',#3074,#2477,#2478);
#2293=AXIS2_PLACEMENT_3D('',#3082,#2483,#2484);
#2294=AXIS2_PLACEMENT_3D('',#3098,#2492,#2493);
#2295=AXIS2_PLACEMENT_3D('',#3104,#2496,#2497);
#2296=AXIS2_PLACEMENT_3D('',#3110,#2500,#2501);
#2297=AXIS2_PLACEMENT_3D('',#3112,#2503,#2504);
#2298=AXIS2_PLACEMENT_3D('',#3116,#2506,#2507);
#2299=AXIS2_PLACEMENT_3D('',#3118,#2509,#2510);
#2300=AXIS2_PLACEMENT_3D('',#3122,#2513,#2514);
#2301=AXIS2_PLACEMENT_3D('',#3126,#2516,#2517);
#2302=AXIS2_PLACEMENT_3D('',#3128,#2519,#2520);
#2303=AXIS2_PLACEMENT_3D('',#3132,#2523,#2524);
#2304=AXIS2_PLACEMENT_3D('',#3136,#2526,#2527);
#2305=AXIS2_PLACEMENT_3D('',#3138,#2529,#2530);
#2306=AXIS2_PLACEMENT_3D('',#3142,#2533,#2534);
#2307=AXIS2_PLACEMENT_3D('',#3155,#2541,#2542);
#2308=AXIS2_PLACEMENT_3D('',#3161,#2545,#2546);
#2309=AXIS2_PLACEMENT_3D('',#3167,#2549,#2550);
#2310=AXIS2_PLACEMENT_3D('',#3173,#2553,#2554);
#2311=AXIS2_PLACEMENT_3D('',#3174,#2555,#2556);
#2312=AXIS2_PLACEMENT_3D('',#3189,#2565,#2566);
#2313=AXIS2_PLACEMENT_3D('',#3193,#2569,#2570);
#2314=AXIS2_PLACEMENT_3D('',#3197,#2573,#2574);
#2315=AXIS2_PLACEMENT_3D('',#3199,#2576,#2577);
#2316=AXIS2_PLACEMENT_3D('',#3201,#2579,#2580);
#2317=AXIS2_PLACEMENT_3D('',#3203,#2582,#2583);
#2318=AXIS2_PLACEMENT_3D('',#3212,#2588,#2589);
#2319=AXIS2_PLACEMENT_3D('',#3218,#2593,#2594);
#2320=AXIS2_PLACEMENT_3D('',#3227,#2599,#2600);
#2321=AXIS2_PLACEMENT_3D('',#3233,#2604,#2605);
#2322=AXIS2_PLACEMENT_3D('',#3234,#2606,#2607);
#2323=AXIS2_PLACEMENT_3D('',#3235,#2608,#2609);
#2324=AXIS2_PLACEMENT_3D('',#3236,#2610,#2611);
#2325=AXIS2_PLACEMENT_3D('',#3237,#2612,#2613);
#2326=AXIS2_PLACEMENT_3D('',#3238,#2614,#2615);
#2327=AXIS2_PLACEMENT_3D('',#3239,#2616,#2617);
#2328=AXIS2_PLACEMENT_3D('',#3245,#2621,#2622);
#2329=AXIS2_PLACEMENT_3D('',#3251,#2626,#2627);
#2330=AXIS2_PLACEMENT_3D('',#3255,#2630,#2631);
#2331=AXIS2_PLACEMENT_3D('',#3261,#2635,#2636);
#2332=AXIS2_PLACEMENT_3D('',#3265,#2639,#2640);
#2333=AXIS2_PLACEMENT_3D('',#3271,#2644,#2645);
#2334=AXIS2_PLACEMENT_3D('',#3275,#2648,#2649);
#2335=AXIS2_PLACEMENT_3D('',#3281,#2653,#2654);
#2336=AXIS2_PLACEMENT_3D('',#3285,#2657,#2658);
#2337=AXIS2_PLACEMENT_3D('',#3286,#2659,#2660);
#2338=AXIS2_PLACEMENT_3D('',#3287,#2661,#2662);
#2339=AXIS2_PLACEMENT_3D('',#3288,#2663,#2664);
#2340=AXIS2_PLACEMENT_3D('',#3289,#2665,#2666);
#2341=AXIS2_PLACEMENT_3D('',#3290,#2667,#2668);
#2342=AXIS2_PLACEMENT_3D('',#3291,#2669,#2670);
#2343=AXIS2_PLACEMENT_3D('',#3292,#2671,#2672);
#2344=AXIS2_PLACEMENT_3D('',#3293,#2673,#2674);
#2345=AXIS2_PLACEMENT_3D('',#3299,#2678,#2679);
#2346=AXIS2_PLACEMENT_3D('',#3308,#2684,#2685);
#2347=AXIS2_PLACEMENT_3D('',#3314,#2689,#2690);
#2348=AXIS2_PLACEMENT_3D('',#3318,#2694,#2695);
#2349=AXIS2_PLACEMENT_3D('',#3320,#2697,#2698);
#2350=AXIS2_PLACEMENT_3D('',#3323,#2701,#2702);
#2351=AXIS2_PLACEMENT_3D('',#3326,#2705,#2706);
#2352=AXIS2_PLACEMENT_3D('',#3328,#2707,#2708);
#2353=AXIS2_PLACEMENT_3D('',#3330,#2709,#2710);
#2354=AXIS2_PLACEMENT_3D('',#3332,#2711,#2712);
#2355=AXIS2_PLACEMENT_3D('',#3334,#2713,#2714);
#2356=AXIS2_PLACEMENT_3D('',#3336,#2715,#2716);
#2357=AXIS2_PLACEMENT_3D('',#3338,#2717,#2718);
#2358=AXIS2_PLACEMENT_3D('',#3339,#2719,#2720);
#2359=AXIS2_PLACEMENT_3D('',#3341,#2721,#2722);
#2360=AXIS2_PLACEMENT_3D('',#3343,#2723,#2724);
#2361=AXIS2_PLACEMENT_3D('',#3345,#2725,#2726);
#2362=AXIS2_PLACEMENT_3D('',#3347,#2727,#2728);
#2363=AXIS2_PLACEMENT_3D('',#3349,#2729,#2730);
#2364=AXIS2_PLACEMENT_3D('',#3351,#2731,#2732);
#2365=AXIS2_PLACEMENT_3D('',#3352,#2733,#2734);
#2366=AXIS2_PLACEMENT_3D('',#3354,#2736,#2737);
#2367=AXIS2_PLACEMENT_3D('',#3356,#2739,#2740);
#2368=AXIS2_PLACEMENT_3D('',#3358,#2742,#2743);
#2369=AXIS2_PLACEMENT_3D('',#3360,#2745,#2746);
#2370=AXIS2_PLACEMENT_3D('',#3362,#2748,#2749);
#2371=AXIS2_PLACEMENT_3D('',#3363,#2750,#2751);
#2372=AXIS2_PLACEMENT_3D('',#3364,#2752,#2753);
#2373=AXIS2_PLACEMENT_3D('',#3366,#2755,#2756);
#2374=AXIS2_PLACEMENT_3D('',#3367,#2757,#2758);
#2375=AXIS2_PLACEMENT_3D('',#3368,#2759,#2760);
#2376=AXIS2_PLACEMENT_3D('',#3377,#2765,#2766);
#2377=AXIS2_PLACEMENT_3D('',#3385,#2771,#2772);
#2378=AXIS2_PLACEMENT_3D('',#3393,#2777,#2778);
#2379=AXIS2_PLACEMENT_3D('',#3410,#2787,#2788);
#2380=AXIS2_PLACEMENT_3D('',#3416,#2791,#2792);
#2381=AXIS2_PLACEMENT_3D('',#3422,#2795,#2796);
#2382=AXIS2_PLACEMENT_3D('',#3423,#2797,#2798);
#2383=AXIS2_PLACEMENT_3D('',#3427,#2800,#2801);
#2384=AXIS2_PLACEMENT_3D('',#3429,#2803,#2804);
#2385=AXIS2_PLACEMENT_3D('',#3433,#2807,#2808);
#2386=AXIS2_PLACEMENT_3D('',#3437,#2810,#2811);
#2387=AXIS2_PLACEMENT_3D('',#3439,#2813,#2814);
#2388=AXIS2_PLACEMENT_3D('',#3443,#2817,#2818);
#2389=AXIS2_PLACEMENT_3D('',#3447,#2820,#2821);
#2390=AXIS2_PLACEMENT_3D('',#3449,#2823,#2824);
#2391=AXIS2_PLACEMENT_3D('',#3453,#2827,#2828);
#2392=AXIS2_PLACEMENT_3D('',#3465,#2834,#2835);
#2393=AXIS2_PLACEMENT_3D('',#3471,#2838,#2839);
#2394=AXIS2_PLACEMENT_3D('',#3477,#2842,#2843);
#2395=AXIS2_PLACEMENT_3D('',#3483,#2846,#2847);
#2396=AXIS2_PLACEMENT_3D('',#3485,#2849,#2850);
#2397=AXIS2_PLACEMENT_3D('',#3500,#2859,#2860);
#2398=AXIS2_PLACEMENT_3D('',#3504,#2863,#2864);
#2399=AXIS2_PLACEMENT_3D('',#3508,#2867,#2868);
#2400=AXIS2_PLACEMENT_3D('',#3510,#2870,#2871);
#2401=AXIS2_PLACEMENT_3D('',#3512,#2873,#2874);
#2402=AXIS2_PLACEMENT_3D('',#3514,#2876,#2877);
#2403=AXIS2_PLACEMENT_3D('',#3523,#2882,#2883);
#2404=AXIS2_PLACEMENT_3D('',#3529,#2887,#2888);
#2405=AXIS2_PLACEMENT_3D('',#3538,#2893,#2894);
#2406=AXIS2_PLACEMENT_3D('',#3544,#2898,#2899);
#2407=AXIS2_PLACEMENT_3D('',#3545,#2900,#2901);
#2408=AXIS2_PLACEMENT_3D('',#3546,#2902,#2903);
#2409=AXIS2_PLACEMENT_3D('',#3547,#2904,#2905);
#2410=AXIS2_PLACEMENT_3D('',#3548,#2906,#2907);
#2411=AXIS2_PLACEMENT_3D('',#3549,#2908,#2909);
#2412=AXIS2_PLACEMENT_3D('',#3550,#2910,#2911);
#2413=AXIS2_PLACEMENT_3D('',#3556,#2915,#2916);
#2414=AXIS2_PLACEMENT_3D('',#3562,#2920,#2921);
#2415=AXIS2_PLACEMENT_3D('',#3566,#2924,#2925);
#2416=AXIS2_PLACEMENT_3D('',#3572,#2929,#2930);
#2417=AXIS2_PLACEMENT_3D('',#3576,#2933,#2934);
#2418=AXIS2_PLACEMENT_3D('',#3582,#2938,#2939);
#2419=AXIS2_PLACEMENT_3D('',#3586,#2942,#2943);
#2420=AXIS2_PLACEMENT_3D('',#3592,#2947,#2948);
#2421=AXIS2_PLACEMENT_3D('',#3596,#2951,#2952);
#2422=AXIS2_PLACEMENT_3D('',#3597,#2953,#2954);
#2423=AXIS2_PLACEMENT_3D('',#3598,#2955,#2956);
#2424=AXIS2_PLACEMENT_3D('',#3599,#2957,#2958);
#2425=AXIS2_PLACEMENT_3D('',#3600,#2959,#2960);
#2426=AXIS2_PLACEMENT_3D('',#3601,#2961,#2962);
#2427=AXIS2_PLACEMENT_3D('',#3602,#2963,#2964);
#2428=AXIS2_PLACEMENT_3D('',#3603,#2965,#2966);
#2429=AXIS2_PLACEMENT_3D('',#3604,#2967,#2968);
#2430=AXIS2_PLACEMENT_3D('',#3610,#2972,#2973);
#2431=AXIS2_PLACEMENT_3D('',#3619,#2978,#2979);
#2432=AXIS2_PLACEMENT_3D('',#3625,#2983,#2984);
#2433=AXIS2_PLACEMENT_3D('',#3629,#2988,#2989);
#2434=AXIS2_PLACEMENT_3D('',#3631,#2991,#2992);
#2435=AXIS2_PLACEMENT_3D('',#3634,#2995,#2996);
#2436=AXIS2_PLACEMENT_3D('',#3637,#2999,#3000);
#2437=AXIS2_PLACEMENT_3D('',#3639,#3001,#3002);
#2438=AXIS2_PLACEMENT_3D('',#3641,#3003,#3004);
#2439=AXIS2_PLACEMENT_3D('',#3643,#3005,#3006);
#2440=AXIS2_PLACEMENT_3D('',#3645,#3007,#3008);
#2441=AXIS2_PLACEMENT_3D('',#3647,#3009,#3010);
#2442=AXIS2_PLACEMENT_3D('',#3649,#3011,#3012);
#2443=AXIS2_PLACEMENT_3D('',#3650,#3013,#3014);
#2444=AXIS2_PLACEMENT_3D('',#3652,#3015,#3016);
#2445=AXIS2_PLACEMENT_3D('',#3654,#3017,#3018);
#2446=AXIS2_PLACEMENT_3D('',#3656,#3019,#3020);
#2447=AXIS2_PLACEMENT_3D('',#3658,#3021,#3022);
#2448=AXIS2_PLACEMENT_3D('',#3660,#3023,#3024);
#2449=AXIS2_PLACEMENT_3D('',#3662,#3025,#3026);
#2450=AXIS2_PLACEMENT_3D('',#3663,#3027,#3028);
#2451=AXIS2_PLACEMENT_3D('',#3665,#3030,#3031);
#2452=AXIS2_PLACEMENT_3D('',#3667,#3033,#3034);
#2453=AXIS2_PLACEMENT_3D('',#3669,#3036,#3037);
#2454=AXIS2_PLACEMENT_3D('',#3671,#3039,#3040);
#2455=AXIS2_PLACEMENT_3D('',#3673,#3042,#3043);
#2456=AXIS2_PLACEMENT_3D('',#3674,#3044,#3045);
#2457=AXIS2_PLACEMENT_3D('',#3675,#3046,#3047);
#2458=AXIS2_PLACEMENT_3D('',#3677,#3049,#3050);
#2459=AXIS2_PLACEMENT_3D('',#3678,#3051,#3052);
#2460=AXIS2_PLACEMENT_3D('',#3679,#3053,#3054);
#2461=DIRECTION('axis',(0.,0.,1.));
#2462=DIRECTION('refdir',(1.,0.,0.));
#2463=DIRECTION('axis',(0.,0.,1.));
#2464=DIRECTION('refdir',(1.,0.,0.));
#2465=DIRECTION('center_axis',(0.00240511119343955,2.89228828530667E-6,
-0.999997107711708));
#2466=DIRECTION('ref_axis',(-0.999997107715891,3.15543449444461E-30,-0.00240511119344961));
#2467=DIRECTION('',(-3.15543449439183E-30,-0.999999999995817,-2.89229665065031E-6));
#2468=DIRECTION('',(0.999994215423417,0.00240511119343953,0.00240511119343954));
#2469=DIRECTION('',(3.15543449439183E-30,0.999999999995817,2.89229665065031E-6));
#2470=DIRECTION('',(-0.999994215423417,-0.00240511119343953,-0.00240511119343954));
#2471=DIRECTION('center_axis',(1.,-3.15544362088405E-30,3.15544362088405E-30));
#2472=DIRECTION('ref_axis',(-8.4077907859489E-45,0.707106781186546,0.707106781186549));
#2473=DIRECTION('',(-4.46247116395789E-30,-0.707106781186549,0.707106781186546));
#2474=DIRECTION('',(8.4077907859489E-45,-0.707106781186546,-0.707106781186549));
#2475=DIRECTION('',(-4.46247116395789E-30,-0.707106781186549,0.707106781186546));
#2476=DIRECTION('',(-8.4077907859489E-45,0.707106781186546,0.707106781186549));
#2477=DIRECTION('center_axis',(4.46247116395789E-30,0.707106781186549,-0.707106781186546));
#2478=DIRECTION('ref_axis',(-1.,3.15544362088405E-30,-3.15544362088405E-30));
#2479=DIRECTION('',(-1.,7.19609819485619E-15,7.19609819485618E-15));
#2480=DIRECTION('',(5.71729773444525E-42,-0.707106781185642,-0.707106781187453));
#2481=DIRECTION('',(-1.,7.19609819485619E-15,7.19609819485618E-15));
#2482=DIRECTION('',(5.71729773444525E-42,-0.707106781185642,-0.707106781187453));
#2483=DIRECTION('center_axis',(4.46247116395789E-30,0.707106781186549,-0.707106781186546));
#2484=DIRECTION('ref_axis',(-1.,3.15544362088405E-30,-3.15544362088405E-30));
#2485=DIRECTION('',(0.999994215423417,0.00240511119343953,0.00240511119343954));
#2486=DIRECTION('',(-7.70714155378649E-45,0.707106781186546,0.707106781186549));
#2487=DIRECTION('',(-1.,2.51214793389402E-14,2.51214793389403E-14));
#2488=DIRECTION('',(-3.34953057852537E-14,-0.707106781186546,-0.707106781186549));
#2489=DIRECTION('',(-1.,3.15544362088405E-30,-3.15544362088405E-30));
#2490=DIRECTION('',(7.70714155378649E-45,-0.707106781186546,-0.707106781186549));
#2491=DIRECTION('',(0.766044443118996,0.454519477672028,0.454519477672029));
#2492=DIRECTION('center_axis',(4.46247116395789E-30,0.707106781186549,-0.707106781186546));
#2493=DIRECTION('ref_axis',(-1.,3.15544362088405E-30,-3.15544362088405E-30));
#2494=DIRECTION('',(-0.766044443119015,0.454519477672012,0.454519477672013));
#2495=DIRECTION('',(0.766044443118957,0.454519477672061,0.454519477672062));
#2496=DIRECTION('center_axis',(4.46247116395789E-30,0.707106781186549,-0.707106781186546));
#2497=DIRECTION('ref_axis',(-1.,3.15544362088405E-30,-3.15544362088405E-30));
#2498=DIRECTION('',(-0.766044443118965,0.454519477672054,0.454519477672056));
#2499=DIRECTION('',(0.766044443118962,0.454519477672057,0.454519477672058));
#2500=DIRECTION('center_axis',(4.46247116395789E-30,0.707106781186549,-0.707106781186546));
#2501=DIRECTION('ref_axis',(-1.,3.15544362088405E-30,-3.15544362088405E-30));
#2502=DIRECTION('',(-0.766044443118962,0.454519477672057,0.454519477672058));
#2503=DIRECTION('center_axis',(-4.46247116395789E-30,-0.707106781186549,
0.707106781186546));
#2504=DIRECTION('ref_axis',(1.,-1.40280719819371E-12,-1.40280719819371E-12));
#2505=DIRECTION('',(-4.46247116395789E-30,-0.707106781186549,0.707106781186546));
#2506=DIRECTION('center_axis',(2.82090025935959E-14,0.707106781186549,-0.707106781186546));
#2507=DIRECTION('ref_axis',(-1.,3.15544362088405E-30,-3.15544362088405E-30));
#2508=DIRECTION('',(-4.46247116395789E-30,-0.707106781186549,0.707106781186546));
#2509=DIRECTION('center_axis',(0.642787609686559,0.54167522041969,0.541675220419691));
#2510=DIRECTION('ref_axis',(0.766044443118962,-0.454519477672059,-0.454519477672056));
#2511=DIRECTION('',(-0.766044443118962,0.454519477672072,0.454519477672043));
#2512=DIRECTION('',(4.46247116395789E-30,0.707106781186548,-0.707106781186546));
#2513=DIRECTION('center_axis',(-4.46247116395789E-30,-0.707106781186549,
0.707106781186546));
#2514=DIRECTION('ref_axis',(1.,5.41441377849956E-16,5.41441377849965E-16));
#2515=DIRECTION('',(-4.46247116395789E-30,-0.707106781186549,0.707106781186546));
#2516=DIRECTION('center_axis',(2.82090025935959E-14,0.707106781186549,-0.707106781186546));
#2517=DIRECTION('ref_axis',(-1.,3.15544362088405E-30,-3.15544362088405E-30));
#2518=DIRECTION('',(-4.46247116395789E-30,-0.707106781186549,0.707106781186546));
#2519=DIRECTION('center_axis',(0.642787609686555,0.541675220419692,0.541675220419693));
#2520=DIRECTION('ref_axis',(0.766044443118965,-0.454519477672042,-0.454519477672067));
#2521=DIRECTION('',(-0.766044443118965,0.454519477672069,0.45451947767204));
#2522=DIRECTION('',(4.46247116395789E-30,0.707106781186548,-0.707106781186546));
#2523=DIRECTION('center_axis',(-4.46247116395789E-30,-0.707106781186549,
0.707106781186546));
#2524=DIRECTION('ref_axis',(1.,-2.59874353951759E-15,-2.59874353951759E-15));
#2525=DIRECTION('',(-4.46247116395789E-30,-0.707106781186549,0.707106781186546));
#2526=DIRECTION('center_axis',(2.82090025935959E-14,0.707106781186549,-0.707106781186546));
#2527=DIRECTION('ref_axis',(-1.,3.15544362088405E-30,-3.15544362088405E-30));
#2528=DIRECTION('',(-4.46247116395789E-30,-0.707106781186549,0.707106781186546));
#2529=DIRECTION('center_axis',(0.642787609686495,0.541675220419727,0.541675220419729));
#2530=DIRECTION('ref_axis',(0.766044443119015,-0.454519477672025,-0.454519477672));
#2531=DIRECTION('',(-0.766044443119015,0.454519477672027,0.454519477671998));
#2532=DIRECTION('',(4.46247116395789E-30,0.707106781186548,-0.707106781186546));
#2533=DIRECTION('center_axis',(-3.55271367880048E-14,-0.707106781186542,
-0.707106781186553));
#2534=DIRECTION('ref_axis',(-1.,3.15544362088405E-30,5.02429586778801E-14));
#2535=DIRECTION('',(4.46247116395789E-30,0.707106781186553,-0.707106781186542));
#2536=DIRECTION('',(-1.,4.52186628100927E-14,5.02429586778813E-15));
#2537=DIRECTION('',(0.867300301124674,0.351987348969408,-0.351987348969446));
#2538=DIRECTION('',(3.34953057852541E-14,0.707106781186553,-0.707106781186542));
#2539=DIRECTION('',(0.766044443090646,-0.454519477695942,0.454519477695896));
#2540=DIRECTION('',(-0.766044443090655,-0.454519477695896,0.454519477695927));
#2541=DIRECTION('center_axis',(3.55271367880048E-14,0.707106781186542,0.707106781186553));
#2542=DIRECTION('ref_axis',(1.,-3.15544362088405E-30,3.15544362088405E-30));
#2543=DIRECTION('',(0.766044443118866,-0.454519477672161,0.454519477672115));
#2544=DIRECTION('',(-0.766044443118868,-0.454519477672121,0.454519477672152));
#2545=DIRECTION('center_axis',(-3.55271367880048E-14,-0.707106781186542,
-0.707106781186553));
#2546=DIRECTION('ref_axis',(1.,-3.15544362088405E-30,3.15544362088405E-30));
#2547=DIRECTION('',(0.766044443109837,-0.45451947767977,0.454519477679724));
#2548=DIRECTION('',(-0.766044443109885,-0.454519477679691,0.454519477679722));
#2549=DIRECTION('center_axis',(-3.55271367880048E-14,-0.707106781186542,
-0.707106781186553));
#2550=DIRECTION('ref_axis',(1.,-3.15544362088405E-30,3.15544362088405E-30));
#2551=DIRECTION('',(0.766044443121183,-0.454519477670209,0.454519477670162));
#2552=DIRECTION('',(-0.766044443121144,-0.454519477670203,0.454519477670234));
#2553=DIRECTION('center_axis',(-3.55271367880048E-14,-0.707106781186542,
-0.707106781186553));
#2554=DIRECTION('ref_axis',(1.,-3.15544362088405E-30,3.15544362088405E-30));
#2555=DIRECTION('center_axis',(1.,-4.73695157173399E-14,3.15544362088405E-30));
#2556=DIRECTION('ref_axis',(3.15544362088405E-30,-1.99136488891557E-59,
-1.));
#2557=DIRECTION('',(-3.34953057852537E-14,-0.707106781186546,-0.707106781186549));
#2558=DIRECTION('',(2.8421709430404E-14,0.707106781186549,-0.707106781186546));
#2559=DIRECTION('',(-3.77346115645299E-14,-0.707106781186547,-0.707106781186547));
#2560=DIRECTION('',(-2.82090025935959E-14,-0.707106781186549,0.707106781186546));
#2561=DIRECTION('',(-4.46247116395789E-30,-0.707106781187455,0.70710678118564));
#2562=DIRECTION('',(-3.34953057852537E-14,-0.707106781186546,-0.707106781186549));
#2563=DIRECTION('',(-3.34953057852537E-14,-0.707106781186546,-0.707106781186549));
#2564=DIRECTION('',(-2.84217094304469E-14,-0.707106781187455,0.70710678118564));
#2565=DIRECTION('center_axis',(5.72430422676688E-42,-0.70710678118564,-0.707106781187455));
#2566=DIRECTION('ref_axis',(1.,-3.15544362088405E-30,3.15544362088405E-30));
#2567=DIRECTION('',(-1.,3.15544362088405E-30,-3.15544362088405E-30));
#2568=DIRECTION('',(-4.46247116395789E-30,-0.707106781187455,0.70710678118564));
#2569=DIRECTION('center_axis',(1.,-3.15544362088405E-30,3.15544362088405E-30));
#2570=DIRECTION('ref_axis',(3.15544362088405E-30,-1.99136488891557E-59,
-1.));
#2571=DIRECTION('',(-8.4077907859489E-45,0.707106781186546,0.707106781186549));
#2572=DIRECTION('',(-4.46247116395789E-30,-0.707106781186549,0.707106781186546));
#2573=DIRECTION('center_axis',(0.642787609686518,-0.541675220419714,-0.541675220419715));
#2574=DIRECTION('ref_axis',(-0.766044443118996,-0.454519477672029,-0.454519477672029));
#2575=DIRECTION('',(0.766044443118996,0.454519477672013,0.454519477672045));
#2576=DIRECTION('center_axis',(0.642787609686565,-0.541675220419686,-0.541675220419688));
#2577=DIRECTION('ref_axis',(-0.766044443118957,-0.454519477672052,-0.454519477672072));
#2578=DIRECTION('',(0.766044443118957,0.454519477672045,0.454519477672078));
#2579=DIRECTION('center_axis',(0.642787609686559,-0.54167522041969,-0.541675220419691));
#2580=DIRECTION('ref_axis',(-0.766044443118962,-0.454519477672047,-0.454519477672067));
#2581=DIRECTION('',(0.766044443118962,0.454519477672041,0.454519477672074));
#2582=DIRECTION('center_axis',(0.642787609679596,0.541675220423821,0.541675220423823));
#2583=DIRECTION('ref_axis',(0.766044443124805,-0.454519477667128,-0.454519477667139));
#2584=DIRECTION('',(0.766044443124805,-0.454519477667148,-0.454519477667119));
#2585=DIRECTION('',(4.46247116395789E-30,0.707106781186547,-0.707106781186547));
#2586=DIRECTION('',(-0.766044443124805,0.454519477667148,0.454519477667119));
#2587=DIRECTION('',(4.46247116395789E-30,0.707106781186549,-0.707106781186546));
#2588=DIRECTION('center_axis',(0.642787609679605,-0.541675220423815,-0.541675220423817));
#2589=DIRECTION('ref_axis',(-0.766044443124797,-0.454519477667131,-0.45451947766715));
#2590=DIRECTION('',(-0.766044443124797,-0.454519477667124,-0.454519477667157));
#2591=DIRECTION('',(0.766044443124797,0.454519477667124,0.454519477667157));
#2592=DIRECTION('',(4.46247116395789E-30,0.707106781186547,-0.707106781186547));
#2593=DIRECTION('center_axis',(0.642787609693973,0.541675220415291,0.541675220415292));
#2594=DIRECTION('ref_axis',(0.766044443112741,-0.454519477677293,-0.454519477677307));
#2595=DIRECTION('',(0.766044443112741,-0.454519477677314,-0.454519477677285));
#2596=DIRECTION('',(4.46247116395789E-30,0.707106781186547,-0.707106781186547));
#2597=DIRECTION('',(-0.766044443112741,0.454519477677314,0.454519477677285));
#2598=DIRECTION('',(4.46247116395789E-30,0.707106781186549,-0.707106781186546));
#2599=DIRECTION('center_axis',(0.642787609633138,-0.541675220451386,-0.541675220451388));
#2600=DIRECTION('ref_axis',(-0.766044443163787,-0.454519477634302,-0.454519477634264));
#2601=DIRECTION('',(-0.766044443163787,-0.454519477634267,-0.454519477634299));
#2602=DIRECTION('',(0.766044443163787,0.454519477634267,0.454519477634299));
#2603=DIRECTION('',(4.46247116395789E-30,0.707106781186547,-0.707106781186547));
#2604=DIRECTION('center_axis',(4.46247116395789E-30,0.707106781186548,-0.707106781186548));
#2605=DIRECTION('ref_axis',(1.,-3.15544362088405E-30,3.15544362088405E-30));
#2606=DIRECTION('center_axis',(-2.82090025935959E-14,-0.707106781186549,
0.707106781186546));
#2607=DIRECTION('ref_axis',(1.,-3.15544362088405E-30,3.15544362088405E-30));
#2608=DIRECTION('center_axis',(2.82090025935959E-14,0.707106781186549,-0.707106781186546));
#2609=DIRECTION('ref_axis',(1.,-3.15544362088405E-30,3.15544362088405E-30));
#2610=DIRECTION('center_axis',(4.46247116395789E-30,0.707106781186548,-0.707106781186548));
#2611=DIRECTION('ref_axis',(1.,-3.15544362088405E-30,3.15544362088405E-30));
#2612=DIRECTION('center_axis',(-2.82090025935959E-14,-0.707106781186549,
0.707106781186546));
#2613=DIRECTION('ref_axis',(1.,-3.15544362088405E-30,3.15544362088405E-30));
#2614=DIRECTION('center_axis',(2.82090025935959E-14,0.707106781186549,-0.707106781186546));
#2615=DIRECTION('ref_axis',(1.,-3.15544362088405E-30,3.15544362088405E-30));
#2616=DIRECTION('center_axis',(2.82090025935959E-14,0.707106781186549,-0.707106781186546));
#2617=DIRECTION('ref_axis',(-3.59646163594526E-14,-0.707106781186546,-0.707106781186549));
#2618=DIRECTION('',(-1.,4.54768140287163E-14,6.49668771838804E-15));
#2619=DIRECTION('',(3.55271367880048E-14,0.707106781186542,0.707106781186553));
#2620=DIRECTION('',(-1.,4.53776011349822E-14,5.48404708610106E-15));
#2621=DIRECTION('center_axis',(0.642787609683958,-0.541675220421206,0.541675220421261));
#2622=DIRECTION('ref_axis',(-0.766044443121144,-0.454519477670295,0.454519477670142));
#2623=DIRECTION('',(0.766044443121144,0.454519477670237,-0.4545194776702));
#2624=DIRECTION('',(-4.90454462513686E-44,0.70710678118654,0.707106781186555));
#2625=DIRECTION('',(4.3214859249069E-14,-0.707106781186557,-0.707106781186538));
#2626=DIRECTION('center_axis',(0.642787609683911,0.541675220421273,-0.541675220421249));
#2627=DIRECTION('ref_axis',(0.766044443121183,-0.454519477670126,0.454519477670245));
#2628=DIRECTION('',(-0.766044443121183,0.454519477670169,-0.454519477670202));
#2629=DIRECTION('',(-4.90454462513686E-44,0.70710678118654,0.707106781186555));
#2630=DIRECTION('center_axis',(0.642787609697377,-0.541675220413245,0.541675220413299));
#2631=DIRECTION('ref_axis',(-0.766044443109885,-0.454519477679724,0.45451947767969));
#2632=DIRECTION('',(0.766044443109885,0.454519477679725,-0.454519477679688));
#2633=DIRECTION('',(-4.90454462513686E-44,0.70710678118654,0.707106781186555));
#2634=DIRECTION('',(4.3214859249069E-14,-0.707106781186557,-0.707106781186538));
#2635=DIRECTION('center_axis',(0.642787609697433,0.54167522041325,-0.541675220413226));
#2636=DIRECTION('ref_axis',(0.766044443109837,-0.454519477679717,0.454519477679777));
#2637=DIRECTION('',(-0.766044443109837,0.45451947767973,-0.454519477679764));
#2638=DIRECTION('',(-4.90454462513686E-44,0.70710678118654,0.707106781186555));
#2639=DIRECTION('center_axis',(0.64278760968667,-0.541675220419597,0.541675220419651));
#2640=DIRECTION('ref_axis',(-0.766044443118868,-0.45451947767214,0.454519477672132));
#2641=DIRECTION('',(0.766044443118868,0.454519477672155,-0.454519477672118));
#2642=DIRECTION('',(-4.90454462513686E-44,0.70710678118654,0.707106781186555));
#2643=DIRECTION('',(4.3214859249069E-14,-0.707106781186557,-0.707106781186538));
#2644=DIRECTION('center_axis',(0.642787609686673,0.541675220419635,-0.54167522041961));
#2645=DIRECTION('ref_axis',(0.766044443118866,-0.454519477672148,0.454519477672128));
#2646=DIRECTION('',(-0.766044443118866,0.454519477672121,-0.454519477672155));
#2647=DIRECTION('',(-4.90454462513686E-44,0.70710678118654,0.707106781186555));
#2648=DIRECTION('center_axis',(0.642787609720294,-0.541675220399647,0.541675220399701));
#2649=DIRECTION('ref_axis',(-0.766044443090655,-0.454519477695926,0.454519477695898));
#2650=DIRECTION('',(0.766044443090655,0.45451947769593,-0.454519477695893));
#2651=DIRECTION('',(-3.71344093046077E-44,0.707106781186542,0.707106781186553));
#2652=DIRECTION('',(4.3214859249069E-14,-0.707106781186557,-0.707106781186538));
#2653=DIRECTION('center_axis',(0.642787609720305,0.54167522039968,-0.541675220399656));
#2654=DIRECTION('ref_axis',(0.766044443090646,-0.454519477695919,0.454519477695919));
#2655=DIRECTION('',(-0.766044443090646,0.454519477695902,-0.454519477695936));
#2656=DIRECTION('',(-3.71344093046077E-44,0.707106781186542,0.707106781186553));
#2657=DIRECTION('center_axis',(-4.90454462513686E-44,0.70710678118654,0.707106781186555));
#2658=DIRECTION('ref_axis',(1.,-3.15544362088405E-30,3.15544362088405E-30));
#2659=DIRECTION('center_axis',(3.27007598589396E-14,-0.707106781186546,
-0.707106781186549));
#2660=DIRECTION('ref_axis',(1.,-3.15544362088405E-30,3.15544362088405E-30));
#2661=DIRECTION('center_axis',(-4.90454462513686E-44,0.70710678118654,0.707106781186555));
#2662=DIRECTION('ref_axis',(1.,-3.15544362088405E-30,3.15544362088405E-30));
#2663=DIRECTION('center_axis',(3.27007598589396E-14,-0.707106781186546,
-0.707106781186549));
#2664=DIRECTION('ref_axis',(1.,-3.15544362088405E-30,3.15544362088405E-30));
#2665=DIRECTION('center_axis',(-4.90454462513686E-44,0.70710678118654,0.707106781186555));
#2666=DIRECTION('ref_axis',(1.,-3.15544362088405E-30,3.15544362088405E-30));
#2667=DIRECTION('center_axis',(3.27007598589396E-14,-0.707106781186546,
-0.707106781186549));
#2668=DIRECTION('ref_axis',(1.,-3.15544362088405E-30,3.15544362088405E-30));
#2669=DIRECTION('center_axis',(-3.71344093046077E-44,0.707106781186542,
0.707106781186553));
#2670=DIRECTION('ref_axis',(1.,-3.15544362088405E-30,3.15544362088405E-30));
#2671=DIRECTION('center_axis',(3.27007598589396E-14,-0.707106781186546,
-0.707106781186549));
#2672=DIRECTION('ref_axis',(1.,-3.15544362088405E-30,3.15544362088405E-30));
#2673=DIRECTION('center_axis',(-3.27007598589396E-14,0.707106781186546,
0.707106781186549));
#2674=DIRECTION('ref_axis',(1.,3.17615202176834E-15,4.30697060706496E-14));
#2675=DIRECTION('',(0.867300301124674,0.351987348969448,-0.351987348969406));
#2676=DIRECTION('',(-1.,4.54768140287163E-14,6.49668771838804E-15));
#2677=DIRECTION('',(-2.8421709430404E-14,-0.707106781186549,0.707106781186546));
#2678=DIRECTION('center_axis',(-3.15544362088404E-30,1.17516393034291E-15,
1.));
#2679=DIRECTION('ref_axis',(3.15544362088405E-30,1.,-1.17516393034291E-15));
#2680=DIRECTION('',(3.15544362088405E-30,1.,-1.17516393034291E-15));
#2681=DIRECTION('',(-1.,3.15544362088405E-30,-3.15544362088405E-30));
#2682=DIRECTION('',(3.02574557505671E-15,-1.,-2.35032786068608E-15));
#2683=DIRECTION('',(-1.,3.15544362088405E-30,-3.15544362088405E-30));
#2684=DIRECTION('center_axis',(-4.46247116395789E-30,-0.707106781186677,
0.707106781186418));
#2685=DIRECTION('ref_axis',(-8.15555706237044E-43,0.707106781186418,0.707106781186677));
#2686=DIRECTION('',(8.15555706237044E-43,-0.707106781186418,-0.707106781186677));
#2687=DIRECTION('',(-1.,3.15544362088405E-30,-3.15544362088405E-30));
#2688=DIRECTION('',(-3.59987200202705E-14,-0.707106781186547,-0.707106781186548));
#2689=DIRECTION('center_axis',(-2.8421709430404E-14,-0.707106781186549,
0.707106781186546));
#2690=DIRECTION('ref_axis',(1.,-3.15544362088405E-30,4.01943669423047E-14));
#2691=DIRECTION('',(-8.4077907859489E-45,0.707106781186546,0.707106781186549));
#2692=DIRECTION('',(3.27007598589396E-14,-0.707106781186546,-0.707106781186549));
#2693=DIRECTION('',(3.34953057852537E-14,0.707106781186546,0.707106781186549));
#2694=DIRECTION('center_axis',(-4.46247116395789E-30,-0.707106781186549,
0.707106781186546));
#2695=DIRECTION('ref_axis',(-8.4077907859489E-45,0.707106781186546,0.707106781186549));
#2696=DIRECTION('',(-0.999994215423417,-0.00240511119343953,-0.00240511119343954));
#2697=DIRECTION('center_axis',(2.82090025935959E-14,0.707106781186549,-0.707106781186546));
#2698=DIRECTION('ref_axis',(-3.59646163594526E-14,-0.707106781186546,-0.707106781186549));
#2699=DIRECTION('',(0.999994215423417,0.00240511119341958,0.00240511119345949));
#2700=DIRECTION('',(-1.,1.99467770244406E-14,-1.99467770244406E-14));
#2701=DIRECTION('center_axis',(3.55271367880051E-14,0.707106781186548,0.707106781186548));
#2702=DIRECTION('ref_axis',(1.,-3.15544362088405E-30,-5.02429586778809E-14));
#2703=DIRECTION('',(-2.8421709430404E-14,-0.707106781186549,0.707106781186546));
#2704=DIRECTION('',(-4.46247116395789E-30,-0.707106781186565,0.70710678118653));
#2705=DIRECTION('center_axis',(-1.,3.15544362088405E-30,-3.15544362088405E-30));
#2706=DIRECTION('ref_axis',(-3.15544362088405E-30,1.99136488891557E-59,
1.));
#2707=DIRECTION('center_axis',(-1.,3.15544362088405E-30,-3.15544362088405E-30));
#2708=DIRECTION('ref_axis',(-3.15544362088405E-30,-1.,9.95682444457783E-60));
#2709=DIRECTION('center_axis',(-1.,3.15544362088405E-30,-3.15544362088405E-30));
#2710=DIRECTION('ref_axis',(-3.15544362088405E-30,-1.,9.95682444457783E-60));
#2711=DIRECTION('center_axis',(1.,-4.73695157173399E-14,3.15544362088405E-30));
#2712=DIRECTION('ref_axis',(-3.15544362088405E-30,-1.,9.95682444457783E-60));
#2713=DIRECTION('center_axis',(-1.,3.15544362088405E-30,-3.15544362088405E-30));
#2714=DIRECTION('ref_axis',(-3.15544362088405E-30,-1.,9.95682444457783E-60));
#2715=DIRECTION('center_axis',(-1.,3.15544362088405E-30,-3.15544362088405E-30));
#2716=DIRECTION('ref_axis',(-3.15544362088405E-30,-1.,9.95682444457783E-60));
#2717=DIRECTION('center_axis',(-1.,3.15544362088405E-30,-3.15544362088405E-30));
#2718=DIRECTION('ref_axis',(-3.15544362088405E-30,-1.,9.95682444457783E-60));
#2719=DIRECTION('center_axis',(1.,3.02574557505661E-15,4.32201125173613E-14));
#2720=DIRECTION('ref_axis',(3.27007598589396E-14,-0.707106781186546,-0.707106781186549));
#2721=DIRECTION('center_axis',(-1.,-3.02574557505661E-15,-4.32201125173613E-14));
#2722=DIRECTION('ref_axis',(-3.15544362088405E-30,-1.,9.95682444457783E-60));
#2723=DIRECTION('center_axis',(-1.,-3.02574557505661E-15,-4.32201125173613E-14));
#2724=DIRECTION('ref_axis',(-3.15544362088405E-30,-1.,9.95682444457783E-60));
#2725=DIRECTION('center_axis',(-1.,-3.02574557505661E-15,-4.32201125173613E-14));
#2726=DIRECTION('ref_axis',(-3.15544362088405E-30,-1.,9.95682444457783E-60));
#2727=DIRECTION('center_axis',(-1.,-3.02574557505661E-15,-4.32201125173613E-14));
#2728=DIRECTION('ref_axis',(-3.15544362088405E-30,-1.,9.95682444457783E-60));
#2729=DIRECTION('center_axis',(-1.,-3.02574557505661E-15,-4.32201125173613E-14));
#2730=DIRECTION('ref_axis',(-3.15544362088405E-30,-1.,9.95682444457783E-60));
#2731=DIRECTION('center_axis',(-1.,-3.02574557505661E-15,-4.32201125173613E-14));
#2732=DIRECTION('ref_axis',(-3.15544362088405E-30,-1.,9.95682444457783E-60));
#2733=DIRECTION('center_axis',(1.,-3.15544362088405E-30,3.15544362088405E-30));
#2734=DIRECTION('ref_axis',(-3.15544362088405E-30,-1.,9.95682444457783E-60));
#2735=DIRECTION('',(-1.,3.15544362088405E-30,-3.15544362088405E-30));
#2736=DIRECTION('center_axis',(1.,-3.15544362088405E-30,3.15544362088405E-30));
#2737=DIRECTION('ref_axis',(-3.15544362088405E-30,-1.,9.95682444457783E-60));
#2738=DIRECTION('',(-1.,3.15544362088405E-30,-3.15544362088405E-30));
#2739=DIRECTION('center_axis',(1.,-3.15544362088405E-30,3.15544362088405E-30));
#2740=DIRECTION('ref_axis',(-3.15544362088405E-30,-1.,9.95682444457783E-60));
#2741=DIRECTION('',(-1.,3.15544362088405E-30,-3.15544362088405E-30));
#2742=DIRECTION('center_axis',(1.,-3.15544362088405E-30,3.15544362088405E-30));
#2743=DIRECTION('ref_axis',(-3.15544362088405E-30,-1.,9.95682444457783E-60));
#2744=DIRECTION('',(-1.,3.15544362088405E-30,-3.15544362088405E-30));
#2745=DIRECTION('center_axis',(1.,-3.15544362088405E-30,3.15544362088405E-30));
#2746=DIRECTION('ref_axis',(-3.15544362088405E-30,-1.,9.95682444457783E-60));
#2747=DIRECTION('',(-1.,3.15544362088405E-30,-3.15544362088405E-30));
#2748=DIRECTION('center_axis',(-0.00340134086877753,0.707102690873218,0.70710269087322));
#2749=DIRECTION('ref_axis',(-0.999994215423417,-0.00240511119343953,-0.00240511119343954));
#2750=DIRECTION('center_axis',(7.00649232162409E-45,-0.707106781186546,
-0.707106781186549));
#2751=DIRECTION('ref_axis',(1.,-3.15544362088405E-30,3.15544362088405E-30));
#2752=DIRECTION('center_axis',(1.,-3.15544362088405E-30,3.15544362088405E-30));
#2753=DIRECTION('ref_axis',(-3.15544362088405E-30,-1.,9.95682444457783E-60));
#2754=DIRECTION('',(-1.,3.15544362088405E-30,-3.15544362088405E-30));
#2755=DIRECTION('center_axis',(0.497785282696315,-0.613273924250405,0.613273924250379));
#2756=DIRECTION('ref_axis',(0.7764235758324,-2.44996081946433E-30,-0.630211417614462));
#2757=DIRECTION('axis',(0.,0.,1.));
#2758=DIRECTION('refdir',(1.,0.,0.));
#2759=DIRECTION('center_axis',(0.00240511119343955,-2.89228828530667E-6,
0.999997107711708));
#2760=DIRECTION('ref_axis',(0.999997107715891,0.,-0.00240511119344961));
#2761=DIRECTION('',(0.,-0.999999999995817,-2.89229665065031E-6));
#2762=DIRECTION('',(0.999994215423417,-0.00240511119343953,-0.00240511119343954));
#2763=DIRECTION('',(0.,0.999999999995817,2.89229665065031E-6));
#2764=DIRECTION('',(-0.999994215423417,0.00240511119343953,0.00240511119343954));
#2765=DIRECTION('center_axis',(1.,0.,0.));
#2766=DIRECTION('ref_axis',(0.,0.707106781186546,0.707106781186549));
#2767=DIRECTION('',(0.,0.707106781186546,0.707106781186549));
#2768=DIRECTION('',(0.,-0.707106781186549,0.707106781186546));
#2769=DIRECTION('',(0.,-0.707106781186546,-0.707106781186549));
#2770=DIRECTION('',(0.,-0.707106781186549,0.707106781186546));
#2771=DIRECTION('center_axis',(0.,-0.707106781186549,0.707106781186546));
#2772=DIRECTION('ref_axis',(1.,0.,0.));
#2773=DIRECTION('',(0.,-0.707106781185642,-0.707106781187453));
#2774=DIRECTION('',(1.,7.19609819485618E-15,7.19609819485618E-15));
#2775=DIRECTION('',(0.,-0.707106781185642,-0.707106781187453));
#2776=DIRECTION('',(1.,7.19609819485618E-15,7.19609819485618E-15));
#2777=DIRECTION('center_axis',(0.,-0.707106781186549,0.707106781186546));
#2778=DIRECTION('ref_axis',(1.,0.,0.));
#2779=DIRECTION('',(-0.999994215423417,0.00240511119343953,0.00240511119343954));
#2780=DIRECTION('',(0.,-0.707106781186546,-0.707106781186549));
#2781=DIRECTION('',(1.,0.,0.));
#2782=DIRECTION('',(3.34953057852537E-14,-0.707106781186546,-0.707106781186549));
#2783=DIRECTION('',(1.,2.51214793389402E-14,2.51214793389403E-14));
#2784=DIRECTION('',(0.,0.707106781186546,0.707106781186549));
#2785=DIRECTION('',(-0.766044443118996,0.454519477672028,0.454519477672029));
#2786=DIRECTION('',(0.766044443119015,0.454519477672012,0.454519477672013));
#2787=DIRECTION('center_axis',(0.,-0.707106781186549,0.707106781186546));
#2788=DIRECTION('ref_axis',(1.,0.,0.));
#2789=DIRECTION('',(-0.766044443118957,0.454519477672061,0.454519477672062));
#2790=DIRECTION('',(0.766044443118965,0.454519477672054,0.454519477672056));
#2791=DIRECTION('center_axis',(0.,-0.707106781186549,0.707106781186546));
#2792=DIRECTION('ref_axis',(1.,0.,0.));
#2793=DIRECTION('',(-0.766044443118962,0.454519477672057,0.454519477672058));
#2794=DIRECTION('',(0.766044443118962,0.454519477672057,0.454519477672058));
#2795=DIRECTION('center_axis',(0.,-0.707106781186549,0.707106781186546));
#2796=DIRECTION('ref_axis',(1.,0.,0.));
#2797=DIRECTION('center_axis',(0.,0.707106781186549,-0.707106781186546));
#2798=DIRECTION('ref_axis',(-1.,-1.39464271740855E-12,-1.39464271740855E-12));
#2799=DIRECTION('',(0.,-0.707106781186549,0.707106781186546));
#2800=DIRECTION('center_axis',(2.82090025935959E-14,-0.707106781186549,
0.707106781186546));
#2801=DIRECTION('ref_axis',(1.,0.,0.));
#2802=DIRECTION('',(0.,-0.707106781186549,0.707106781186546));
#2803=DIRECTION('center_axis',(0.642787609686559,-0.54167522041969,-0.541675220419691));
#2804=DIRECTION('ref_axis',(-0.766044443118962,-0.454519477672059,-0.454519477672056));
#2805=DIRECTION('',(0.,0.707106781186548,-0.707106781186546));
#2806=DIRECTION('',(0.766044443118962,0.454519477672072,0.454519477672043));
#2807=DIRECTION('center_axis',(0.,0.707106781186549,-0.707106781186546));
#2808=DIRECTION('ref_axis',(-1.,5.56573724563803E-15,5.56573724563805E-15));
#2809=DIRECTION('',(0.,-0.707106781186549,0.707106781186546));
#2810=DIRECTION('center_axis',(2.82090025935959E-14,-0.707106781186549,
0.707106781186546));
#2811=DIRECTION('ref_axis',(1.,0.,0.));
#2812=DIRECTION('',(0.,-0.707106781186549,0.707106781186546));
#2813=DIRECTION('center_axis',(0.642787609686555,-0.541675220419692,-0.541675220419693));
#2814=DIRECTION('ref_axis',(-0.766044443118965,-0.454519477672042,-0.454519477672067));
#2815=DIRECTION('',(0.,0.707106781186548,-0.707106781186546));
#2816=DIRECTION('',(0.766044443118965,0.454519477672069,0.45451947767204));
#2817=DIRECTION('center_axis',(0.,0.707106781186549,-0.707106781186546));
#2818=DIRECTION('ref_axis',(-1.,8.07788517953207E-15,8.0778851795321E-15));
#2819=DIRECTION('',(0.,-0.707106781186549,0.707106781186546));
#2820=DIRECTION('center_axis',(2.82090025935959E-14,-0.707106781186549,
0.707106781186546));
#2821=DIRECTION('ref_axis',(1.,0.,0.));
#2822=DIRECTION('',(0.,-0.707106781186549,0.707106781186546));
#2823=DIRECTION('center_axis',(0.642787609686495,-0.541675220419727,-0.541675220419729));
#2824=DIRECTION('ref_axis',(-0.766044443119015,-0.454519477672025,-0.454519477672));
#2825=DIRECTION('',(0.,0.707106781186548,-0.707106781186546));
#2826=DIRECTION('',(0.766044443119015,0.454519477672027,0.454519477671998));
#2827=DIRECTION('center_axis',(-3.55271367880048E-14,0.707106781186542,
0.707106781186553));
#2828=DIRECTION('ref_axis',(1.,0.,5.02429586778801E-14));
#2829=DIRECTION('',(-3.34953057852541E-14,0.707106781186553,-0.707106781186542));
#2830=DIRECTION('',(-0.867300301124674,0.351987348969408,-0.351987348969446));
#2831=DIRECTION('',(1.,4.52186628100927E-14,5.02429586778813E-15));
#2832=DIRECTION('',(0.,0.707106781186553,-0.707106781186542));
#2833=DIRECTION('',(-0.766044443090646,-0.454519477695942,0.454519477695896));
#2834=DIRECTION('center_axis',(3.55271367880048E-14,-0.707106781186542,
-0.707106781186553));
#2835=DIRECTION('ref_axis',(-1.,0.,0.));
#2836=DIRECTION('',(0.766044443090655,-0.454519477695896,0.454519477695927));
#2837=DIRECTION('',(-0.766044443118866,-0.454519477672161,0.454519477672115));
#2838=DIRECTION('center_axis',(-3.55271367880048E-14,0.707106781186542,
0.707106781186553));
#2839=DIRECTION('ref_axis',(-1.,0.,0.));
#2840=DIRECTION('',(0.766044443118868,-0.454519477672121,0.454519477672152));
#2841=DIRECTION('',(-0.766044443109837,-0.45451947767977,0.454519477679724));
#2842=DIRECTION('center_axis',(-3.55271367880048E-14,0.707106781186542,
0.707106781186553));
#2843=DIRECTION('ref_axis',(-1.,0.,0.));
#2844=DIRECTION('',(0.766044443109885,-0.454519477679691,0.454519477679722));
#2845=DIRECTION('',(-0.766044443121183,-0.454519477670209,0.454519477670162));
#2846=DIRECTION('center_axis',(-3.55271367880048E-14,0.707106781186542,
0.707106781186553));
#2847=DIRECTION('ref_axis',(-1.,0.,0.));
#2848=DIRECTION('',(0.766044443121144,-0.454519477670203,0.454519477670234));
#2849=DIRECTION('center_axis',(1.,4.73695157173399E-14,0.));
#2850=DIRECTION('ref_axis',(0.,0.,-1.));
#2851=DIRECTION('',(2.84217094304469E-14,-0.707106781187455,0.70710678118564));
#2852=DIRECTION('',(3.34953057852537E-14,-0.707106781186546,-0.707106781186549));
#2853=DIRECTION('',(3.34953057852537E-14,-0.707106781186546,-0.707106781186549));
#2854=DIRECTION('',(0.,-0.707106781187455,0.70710678118564));
#2855=DIRECTION('',(2.82090025935959E-14,-0.707106781186549,0.707106781186546));
#2856=DIRECTION('',(3.77346115645299E-14,-0.707106781186547,-0.707106781186547));
#2857=DIRECTION('',(-2.8421709430404E-14,0.707106781186549,-0.707106781186546));
#2858=DIRECTION('',(3.34953057852537E-14,-0.707106781186546,-0.707106781186549));
#2859=DIRECTION('center_axis',(0.,0.70710678118564,0.707106781187455));
#2860=DIRECTION('ref_axis',(-1.,0.,0.));
#2861=DIRECTION('',(0.,-0.707106781187455,0.70710678118564));
#2862=DIRECTION('',(1.,0.,0.));
#2863=DIRECTION('center_axis',(1.,0.,0.));
#2864=DIRECTION('ref_axis',(0.,0.,-1.));
#2865=DIRECTION('',(0.,-0.707106781186549,0.707106781186546));
#2866=DIRECTION('',(0.,0.707106781186546,0.707106781186549));
#2867=DIRECTION('center_axis',(0.642787609686518,0.541675220419714,0.541675220419715));
#2868=DIRECTION('ref_axis',(0.766044443118996,-0.454519477672029,-0.454519477672029));
#2869=DIRECTION('',(-0.766044443118996,0.454519477672013,0.454519477672045));
#2870=DIRECTION('center_axis',(0.642787609686565,0.541675220419686,0.541675220419688));
#2871=DIRECTION('ref_axis',(0.766044443118957,-0.454519477672052,-0.454519477672072));
#2872=DIRECTION('',(-0.766044443118957,0.454519477672045,0.454519477672078));
#2873=DIRECTION('center_axis',(0.642787609686559,0.54167522041969,0.541675220419691));
#2874=DIRECTION('ref_axis',(0.766044443118962,-0.454519477672047,-0.454519477672067));
#2875=DIRECTION('',(-0.766044443118962,0.454519477672041,0.454519477672074));
#2876=DIRECTION('center_axis',(0.642787609679596,-0.541675220423821,-0.541675220423823));
#2877=DIRECTION('ref_axis',(-0.766044443124805,-0.454519477667128,-0.454519477667139));
#2878=DIRECTION('',(-0.766044443124805,-0.454519477667148,-0.454519477667119));
#2879=DIRECTION('',(0.,0.707106781186549,-0.707106781186546));
#2880=DIRECTION('',(0.766044443124805,0.454519477667148,0.454519477667119));
#2881=DIRECTION('',(0.,0.707106781186547,-0.707106781186547));
#2882=DIRECTION('center_axis',(0.642787609679605,0.541675220423815,0.541675220423817));
#2883=DIRECTION('ref_axis',(0.766044443124797,-0.454519477667131,-0.45451947766715));
#2884=DIRECTION('',(0.766044443124797,-0.454519477667124,-0.454519477667157));
#2885=DIRECTION('',(0.,0.707106781186547,-0.707106781186547));
#2886=DIRECTION('',(-0.766044443124797,0.454519477667124,0.454519477667157));
#2887=DIRECTION('center_axis',(0.642787609693973,-0.541675220415291,-0.541675220415292));
#2888=DIRECTION('ref_axis',(-0.766044443112741,-0.454519477677293,-0.454519477677307));
#2889=DIRECTION('',(-0.766044443112741,-0.454519477677314,-0.454519477677285));
#2890=DIRECTION('',(0.,0.707106781186549,-0.707106781186546));
#2891=DIRECTION('',(0.766044443112741,0.454519477677314,0.454519477677285));
#2892=DIRECTION('',(0.,0.707106781186547,-0.707106781186547));
#2893=DIRECTION('center_axis',(0.642787609633138,0.541675220451386,0.541675220451388));
#2894=DIRECTION('ref_axis',(0.766044443163787,-0.454519477634302,-0.454519477634264));
#2895=DIRECTION('',(0.766044443163787,-0.454519477634267,-0.454519477634299));
#2896=DIRECTION('',(0.,0.707106781186547,-0.707106781186547));
#2897=DIRECTION('',(-0.766044443163787,0.454519477634267,0.454519477634299));
#2898=DIRECTION('center_axis',(0.,-0.707106781186548,0.707106781186548));
#2899=DIRECTION('ref_axis',(-1.,0.,0.));
#2900=DIRECTION('center_axis',(2.82090025935959E-14,-0.707106781186549,
0.707106781186546));
#2901=DIRECTION('ref_axis',(-1.,0.,0.));
#2902=DIRECTION('center_axis',(-2.82090025935959E-14,0.707106781186549,
-0.707106781186546));
#2903=DIRECTION('ref_axis',(-1.,0.,0.));
#2904=DIRECTION('center_axis',(0.,-0.707106781186548,0.707106781186548));
#2905=DIRECTION('ref_axis',(-1.,0.,0.));
#2906=DIRECTION('center_axis',(2.82090025935959E-14,-0.707106781186549,
0.707106781186546));
#2907=DIRECTION('ref_axis',(-1.,0.,0.));
#2908=DIRECTION('center_axis',(-2.82090025935959E-14,0.707106781186549,
-0.707106781186546));
#2909=DIRECTION('ref_axis',(-1.,0.,0.));
#2910=DIRECTION('center_axis',(2.82090025935959E-14,-0.707106781186549,
0.707106781186546));
#2911=DIRECTION('ref_axis',(3.59646163594526E-14,-0.707106781186546,-0.707106781186549));
#2912=DIRECTION('',(1.,4.54768140287163E-14,6.49668771838804E-15));
#2913=DIRECTION('',(1.,4.53776011349822E-14,5.48404708610107E-15));
#2914=DIRECTION('',(-3.55271367880048E-14,0.707106781186542,0.707106781186553));
#2915=DIRECTION('center_axis',(0.642787609683958,0.541675220421206,-0.541675220421261));
#2916=DIRECTION('ref_axis',(0.766044443121144,-0.454519477670295,0.454519477670142));
#2917=DIRECTION('',(-0.766044443121144,0.454519477670237,-0.4545194776702));
#2918=DIRECTION('',(-4.3214859249069E-14,-0.707106781186557,-0.707106781186538));
#2919=DIRECTION('',(0.,0.70710678118654,0.707106781186555));
#2920=DIRECTION('center_axis',(0.642787609683911,-0.541675220421273,0.541675220421249));
#2921=DIRECTION('ref_axis',(-0.766044443121183,-0.454519477670126,0.454519477670245));
#2922=DIRECTION('',(0.766044443121183,0.454519477670169,-0.454519477670202));
#2923=DIRECTION('',(0.,0.70710678118654,0.707106781186555));
#2924=DIRECTION('center_axis',(0.642787609697377,0.541675220413245,-0.541675220413299));
#2925=DIRECTION('ref_axis',(0.766044443109885,-0.454519477679724,0.45451947767969));
#2926=DIRECTION('',(-0.766044443109885,0.454519477679725,-0.454519477679688));
#2927=DIRECTION('',(-4.3214859249069E-14,-0.707106781186557,-0.707106781186538));
#2928=DIRECTION('',(0.,0.70710678118654,0.707106781186555));
#2929=DIRECTION('center_axis',(0.642787609697433,-0.54167522041325,0.541675220413226));
#2930=DIRECTION('ref_axis',(-0.766044443109837,-0.454519477679717,0.454519477679777));
#2931=DIRECTION('',(0.766044443109837,0.45451947767973,-0.454519477679764));
#2932=DIRECTION('',(0.,0.70710678118654,0.707106781186555));
#2933=DIRECTION('center_axis',(0.64278760968667,0.541675220419597,-0.541675220419651));
#2934=DIRECTION('ref_axis',(0.766044443118868,-0.45451947767214,0.454519477672132));
#2935=DIRECTION('',(-0.766044443118868,0.454519477672155,-0.454519477672118));
#2936=DIRECTION('',(-4.3214859249069E-14,-0.707106781186557,-0.707106781186538));
#2937=DIRECTION('',(0.,0.70710678118654,0.707106781186555));
#2938=DIRECTION('center_axis',(0.642787609686673,-0.541675220419635,0.54167522041961));
#2939=DIRECTION('ref_axis',(-0.766044443118866,-0.454519477672148,0.454519477672128));
#2940=DIRECTION('',(0.766044443118866,0.454519477672121,-0.454519477672155));
#2941=DIRECTION('',(0.,0.70710678118654,0.707106781186555));
#2942=DIRECTION('center_axis',(0.642787609720294,0.541675220399647,-0.541675220399701));
#2943=DIRECTION('ref_axis',(0.766044443090655,-0.454519477695926,0.454519477695898));
#2944=DIRECTION('',(-0.766044443090655,0.45451947769593,-0.454519477695893));
#2945=DIRECTION('',(-4.3214859249069E-14,-0.707106781186557,-0.707106781186538));
#2946=DIRECTION('',(0.,0.707106781186542,0.707106781186553));
#2947=DIRECTION('center_axis',(0.642787609720305,-0.54167522039968,0.541675220399656));
#2948=DIRECTION('ref_axis',(-0.766044443090646,-0.454519477695919,0.454519477695919));
#2949=DIRECTION('',(0.766044443090646,0.454519477695902,-0.454519477695936));
#2950=DIRECTION('',(0.,0.707106781186542,0.707106781186553));
#2951=DIRECTION('center_axis',(0.,-0.70710678118654,-0.707106781186555));
#2952=DIRECTION('ref_axis',(-1.,0.,0.));
#2953=DIRECTION('center_axis',(3.27007598589396E-14,0.707106781186546,0.707106781186549));
#2954=DIRECTION('ref_axis',(-1.,0.,0.));
#2955=DIRECTION('center_axis',(0.,-0.70710678118654,-0.707106781186555));
#2956=DIRECTION('ref_axis',(-1.,0.,0.));
#2957=DIRECTION('center_axis',(3.27007598589396E-14,0.707106781186546,0.707106781186549));
#2958=DIRECTION('ref_axis',(-1.,0.,0.));
#2959=DIRECTION('center_axis',(0.,-0.70710678118654,-0.707106781186555));
#2960=DIRECTION('ref_axis',(-1.,0.,0.));
#2961=DIRECTION('center_axis',(3.27007598589396E-14,0.707106781186546,0.707106781186549));
#2962=DIRECTION('ref_axis',(-1.,0.,0.));
#2963=DIRECTION('center_axis',(0.,-0.707106781186542,-0.707106781186553));
#2964=DIRECTION('ref_axis',(-1.,0.,0.));
#2965=DIRECTION('center_axis',(3.27007598589396E-14,0.707106781186546,0.707106781186549));
#2966=DIRECTION('ref_axis',(-1.,0.,0.));
#2967=DIRECTION('center_axis',(-3.27007598589396E-14,-0.707106781186546,
-0.707106781186549));
#2968=DIRECTION('ref_axis',(-1.,3.17615202176834E-15,4.30697060706496E-14));
#2969=DIRECTION('',(-0.867300301124674,0.351987348969448,-0.351987348969406));
#2970=DIRECTION('',(2.8421709430404E-14,-0.707106781186549,0.707106781186546));
#2971=DIRECTION('',(1.,4.54768140287163E-14,6.49668771838804E-15));
#2972=DIRECTION('center_axis',(0.,-1.17516393034291E-15,-1.));
#2973=DIRECTION('ref_axis',(0.,1.,-1.17516393034291E-15));
#2974=DIRECTION('',(0.,1.,-1.17516393034291E-15));
#2975=DIRECTION('',(1.,0.,0.));
#2976=DIRECTION('',(-3.02574557505671E-15,-1.,-2.35032786068608E-15));
#2977=DIRECTION('',(1.,0.,0.));
#2978=DIRECTION('center_axis',(0.,0.707106781186677,-0.707106781186418));
#2979=DIRECTION('ref_axis',(0.,0.707106781186418,0.707106781186677));
#2980=DIRECTION('',(0.,-0.707106781186418,-0.707106781186677));
#2981=DIRECTION('',(3.59987200202705E-14,-0.707106781186547,-0.707106781186548));
#2982=DIRECTION('',(1.,0.,0.));
#2983=DIRECTION('center_axis',(-2.8421709430404E-14,0.707106781186549,-0.707106781186546));
#2984=DIRECTION('ref_axis',(-1.,0.,4.01943669423047E-14));
#2985=DIRECTION('',(0.,0.707106781186546,0.707106781186549));
#2986=DIRECTION('',(-3.34953057852537E-14,0.707106781186546,0.707106781186549));
#2987=DIRECTION('',(-3.27007598589396E-14,-0.707106781186546,-0.707106781186549));
#2988=DIRECTION('center_axis',(0.,0.707106781186549,-0.707106781186546));
#2989=DIRECTION('ref_axis',(0.,0.707106781186546,0.707106781186549));
#2990=DIRECTION('',(0.999994215423417,-0.00240511119343953,-0.00240511119343954));
#2991=DIRECTION('center_axis',(2.82090025935959E-14,-0.707106781186549,
0.707106781186546));
#2992=DIRECTION('ref_axis',(3.59646163594526E-14,-0.707106781186546,-0.707106781186549));
#2993=DIRECTION('',(-0.999994215423417,0.00240511119341958,0.00240511119345949));
#2994=DIRECTION('',(1.,1.99467770244406E-14,-1.99467770244406E-14));
#2995=DIRECTION('center_axis',(3.55271367880051E-14,-0.707106781186548,
-0.707106781186548));
#2996=DIRECTION('ref_axis',(-1.,0.,-5.02429586778809E-14));
#2997=DIRECTION('',(2.8421709430404E-14,-0.707106781186549,0.707106781186546));
#2998=DIRECTION('',(0.,-0.707106781186565,0.70710678118653));
#2999=DIRECTION('center_axis',(-1.,0.,0.));
#3000=DIRECTION('ref_axis',(0.,0.,1.));
#3001=DIRECTION('center_axis',(-1.,0.,0.));
#3002=DIRECTION('ref_axis',(0.,-1.,0.));
#3003=DIRECTION('center_axis',(-1.,0.,0.));
#3004=DIRECTION('ref_axis',(0.,-1.,0.));
#3005=DIRECTION('center_axis',(1.,4.73695157173399E-14,0.));
#3006=DIRECTION('ref_axis',(0.,-1.,0.));
#3007=DIRECTION('center_axis',(-1.,0.,0.));
#3008=DIRECTION('ref_axis',(0.,-1.,0.));
#3009=DIRECTION('center_axis',(-1.,0.,0.));
#3010=DIRECTION('ref_axis',(0.,-1.,0.));
#3011=DIRECTION('center_axis',(-1.,0.,0.));
#3012=DIRECTION('ref_axis',(0.,-1.,0.));
#3013=DIRECTION('center_axis',(1.,-3.02574557505661E-15,-4.32201125173613E-14));
#3014=DIRECTION('ref_axis',(-3.27007598589396E-14,-0.707106781186546,-0.707106781186549));
#3015=DIRECTION('center_axis',(-1.,3.02574557505661E-15,4.32201125173613E-14));
#3016=DIRECTION('ref_axis',(0.,-1.,0.));
#3017=DIRECTION('center_axis',(-1.,3.02574557505661E-15,4.32201125173613E-14));
#3018=DIRECTION('ref_axis',(0.,-1.,0.));
#3019=DIRECTION('center_axis',(-1.,3.02574557505661E-15,4.32201125173613E-14));
#3020=DIRECTION('ref_axis',(0.,-1.,0.));
#3021=DIRECTION('center_axis',(-1.,3.02574557505661E-15,4.32201125173613E-14));
#3022=DIRECTION('ref_axis',(0.,-1.,0.));
#3023=DIRECTION('center_axis',(-1.,3.02574557505661E-15,4.32201125173613E-14));
#3024=DIRECTION('ref_axis',(0.,-1.,0.));
#3025=DIRECTION('center_axis',(-1.,3.02574557505661E-15,4.32201125173613E-14));
#3026=DIRECTION('ref_axis',(0.,-1.,0.));
#3027=DIRECTION('center_axis',(1.,0.,0.));
#3028=DIRECTION('ref_axis',(0.,-1.,0.));
#3029=DIRECTION('',(1.,0.,0.));
#3030=DIRECTION('center_axis',(1.,0.,0.));
#3031=DIRECTION('ref_axis',(0.,-1.,0.));
#3032=DIRECTION('',(1.,0.,0.));
#3033=DIRECTION('center_axis',(1.,0.,0.));
#3034=DIRECTION('ref_axis',(0.,-1.,0.));
#3035=DIRECTION('',(1.,0.,0.));
#3036=DIRECTION('center_axis',(1.,0.,0.));
#3037=DIRECTION('ref_axis',(0.,-1.,0.));
#3038=DIRECTION('',(1.,0.,0.));
#3039=DIRECTION('center_axis',(1.,0.,0.));
#3040=DIRECTION('ref_axis',(0.,-1.,0.));
#3041=DIRECTION('',(1.,0.,0.));
#3042=DIRECTION('center_axis',(-0.00340134086877753,-0.707102690873218,
-0.70710269087322));
#3043=DIRECTION('ref_axis',(0.999994215423417,-0.00240511119343953,-0.00240511119343954));
#3044=DIRECTION('center_axis',(0.,0.707106781186546,0.707106781186549));
#3045=DIRECTION('ref_axis',(-1.,0.,0.));
#3046=DIRECTION('center_axis',(1.,0.,0.));
#3047=DIRECTION('ref_axis',(0.,-1.,0.));
#3048=DIRECTION('',(1.,0.,0.));
#3049=DIRECTION('center_axis',(0.497785282696315,0.613273924250405,-0.613273924250379));
#3050=DIRECTION('ref_axis',(-0.7764235758324,0.,-0.630211417614462));
#3051=DIRECTION('',(0.,0.,1.));
#3052=DIRECTION('',(1.,0.,0.));
#3053=DIRECTION('',(0.,0.,1.));
#3054=DIRECTION('',(1.,0.,0.));
#3055=CARTESIAN_POINT('',(0.,0.,0.));
#3056=CARTESIAN_POINT('',(0.,0.,0.));
#3057=CARTESIAN_POINT('Origin',(138.75843674296,191.988248017879,329.563491190752));
#3058=CARTESIAN_POINT('',(182.000000000011,197.042011171735,329.667506876392));
#3059=CARTESIAN_POINT('',(182.000000000011,187.14248760277,329.667478244026));
#3060=CARTESIAN_POINT('',(182.000000000017,199.811145665377,329.667514885505));
#3061=CARTESIAN_POINT('',(170.327652518579,197.013937715805,329.639433420373));
#3062=CARTESIAN_POINT('',(152.964388254618,196.972176893,329.597672597568));
#3063=CARTESIAN_POINT('',(170.327652518579,187.114414146834,329.639404788014));
#3064=CARTESIAN_POINT('',(170.327652518579,182.338744455349,329.63939097536));
#3065=CARTESIAN_POINT('',(138.770341436,187.03851486567,329.563505506849));
#3066=CARTESIAN_POINT('Origin',(170.327652518579,172.689344188762,294.001131394345));
#3067=CARTESIAN_POINT('',(170.327652518579,202.670791965297,323.98257917088));
#3068=CARTESIAN_POINT('',(170.327652518579,202.670791965297,323.98257917088));
#3069=CARTESIAN_POINT('',(170.327652518579,172.689344188762,294.001131394345));
#3070=CARTESIAN_POINT('',(170.327652518579,186.69737690464,308.009164110223));
#3071=CARTESIAN_POINT('',(170.327652518579,162.082742470964,304.607733112143));
#3072=CARTESIAN_POINT('',(170.327652518579,172.689344188762,294.001131394345));
#3073=CARTESIAN_POINT('',(170.327652518579,192.064190247499,334.589180888678));
#3074=CARTESIAN_POINT('Origin',(152.503713119023,176.779487406627,319.304478047806));
#3075=CARTESIAN_POINT('',(125.063000000018,162.082742470954,304.607733112133));
#3076=CARTESIAN_POINT('',(130.000000000018,162.082742470954,304.607733112133));
#3077=CARTESIAN_POINT('',(125.063000000018,156.425675875827,298.950666517004));
#3078=CARTESIAN_POINT('',(125.063000000018,157.132782657012,299.657773298191));
#3079=CARTESIAN_POINT('',(182.000000000011,156.425675875827,298.950666517004));
#3080=CARTESIAN_POINT('',(130.000000000018,156.425675875826,298.950666517004));
#3081=CARTESIAN_POINT('',(182.000000000011,157.132782657012,299.657773298191));
#3082=CARTESIAN_POINT('Origin',(152.503713119023,181.729234874933,314.3547305795));
#3083=CARTESIAN_POINT('',(125.06266716801,196.905069763112,329.53056546768));
#3084=CARTESIAN_POINT('',(161.379024725203,196.992415146434,329.617910851002));
#3085=CARTESIAN_POINT('',(182.000000000017,211.312011338315,343.937507042884));
#3086=CARTESIAN_POINT('',(182.000000000017,191.85321316325,324.478708867818));
#3087=CARTESIAN_POINT('',(125.063000000019,211.312011338318,343.937507042884));
#3088=CARTESIAN_POINT('',(155.751856559522,211.312011338316,343.937507042884));
#3089=CARTESIAN_POINT('',(125.063000000019,201.96333301407,334.588828718637));
#3090=CARTESIAN_POINT('',(125.063000000018,188.38889512298,321.014390827548));
#3091=CARTESIAN_POINT('',(125.06266716801,201.963333014056,334.588828718624));
#3092=CARTESIAN_POINT('',(140.285690143516,201.963333014062,334.58882871863));
#3093=CARTESIAN_POINT('',(125.06266716801,189.320766019494,321.946261724062));
#3094=CARTESIAN_POINT('',(167.647333187326,201.977191451564,334.602687156132));
#3095=CARTESIAN_POINT('',(169.016737513087,202.789704282194,335.415199986761));
#3096=CARTESIAN_POINT('',(156.838738376336,195.564095041834,328.189590746402));
#3097=CARTESIAN_POINT('',(169.016737513087,201.164678620935,333.790174325502));
#3098=CARTESIAN_POINT('Origin',(169.980918927617,201.977191451564,334.602687156132));
#3099=CARTESIAN_POINT('',(170.253989112974,200.430576368799,333.056072073367));
#3100=CARTESIAN_POINT('',(146.192406668441,201.97719145156,334.602687156128));
#3101=CARTESIAN_POINT('',(147.561810994201,202.78970428219,335.415199986757));
#3102=CARTESIAN_POINT('',(141.678945710169,199.299205943442,331.92470164801));
#3103=CARTESIAN_POINT('',(147.561810994201,201.164678620931,333.790174325498));
#3104=CARTESIAN_POINT('Origin',(148.525992408731,201.97719145156,334.602687156128));
#3105=CARTESIAN_POINT('',(155.094196446804,196.695465467184,329.320961171752));
#3106=CARTESIAN_POINT('',(131.165228708514,202.119623182899,334.745118887467));
#3107=CARTESIAN_POINT('',(132.534633034275,202.932136013529,335.557631718096));
#3108=CARTESIAN_POINT('',(131.011330575082,202.028310335648,334.653806040216));
#3109=CARTESIAN_POINT('',(132.534633034275,201.30711035227,333.932606056837));
#3110=CARTESIAN_POINT('Origin',(133.498814448813,202.119623182896,334.745118887464));
#3111=CARTESIAN_POINT('',(144.525765676109,194.192375177281,326.817870881849));
#3112=CARTESIAN_POINT('Origin',(133.498814448813,207.776477432388,329.088264637971));
#3113=CARTESIAN_POINT('',(132.534633034275,210.710310606581,327.779457125044));
#3114=CARTESIAN_POINT('',(132.534633034277,208.588990263023,329.900777468606));
#3115=CARTESIAN_POINT('',(132.534633034275,209.085284945322,326.154431463785));
#3116=CARTESIAN_POINT('Origin',(133.498814448813,209.897797775948,326.966944294412));
#3117=CARTESIAN_POINT('',(132.534633034282,206.963964601758,328.275751807341));
#3118=CARTESIAN_POINT('Origin',(131.165228708514,197.169875714593,339.694866355773));
#3119=CARTESIAN_POINT('',(131.165228708514,209.897797775952,326.966944294414));
#3120=CARTESIAN_POINT('',(141.79430524156,203.591215491683,320.660362010146));
#3121=CARTESIAN_POINT('',(131.165228708514,197.169875714593,339.694866355773));
#3122=CARTESIAN_POINT('Origin',(148.525992408731,207.634045701053,328.945832906635));
#3123=CARTESIAN_POINT('',(147.561810994201,210.567878875242,327.637025393705));
#3124=CARTESIAN_POINT('',(147.561810994201,208.446558531682,329.758345737265));
#3125=CARTESIAN_POINT('',(147.561810994201,208.942853213983,326.011999732446));
#3126=CARTESIAN_POINT('Origin',(148.525992408731,209.755366044612,326.824512563076));
#3127=CARTESIAN_POINT('',(147.561810994201,206.821532870423,328.133320076006));
#3128=CARTESIAN_POINT('Origin',(146.192406668441,197.027443983254,339.552434624434));
#3129=CARTESIAN_POINT('',(146.192406668441,209.755366044612,326.824512563076));
#3130=CARTESIAN_POINT('',(152.362736012255,206.094305781586,323.163452300049));
#3131=CARTESIAN_POINT('',(146.192406668441,197.027443983254,339.552434624434));
#3132=CARTESIAN_POINT('Origin',(169.980918927617,207.634045701056,328.945832906639));
#3133=CARTESIAN_POINT('',(169.016737513087,210.567878875245,327.63702539371));
#3134=CARTESIAN_POINT('',(169.016737513088,208.446558531686,329.758345737269));
#3135=CARTESIAN_POINT('',(169.016737513087,208.942853213986,326.011999732451));
#3136=CARTESIAN_POINT('Origin',(169.980918927617,209.755366044616,326.82451256308));
#3137=CARTESIAN_POINT('',(169.016737513088,206.821532870427,328.13332007601));
#3138=CARTESIAN_POINT('Origin',(167.647333187326,197.027443983258,339.552434624438));
#3139=CARTESIAN_POINT('',(167.647333187326,209.755366044616,326.82451256308));
#3140=CARTESIAN_POINT('',(167.522528678425,209.8294166832,326.898563201665));
#3141=CARTESIAN_POINT('',(167.647333187326,197.027443983258,339.552434624438));
#3142=CARTESIAN_POINT('Origin',(159.00000000002,218.029525759588,337.219992621612));
#3143=CARTESIAN_POINT('',(182.000000000017,247.374457178829,307.87506120237));
#3144=CARTESIAN_POINT('',(182.000000000017,217.499195673698,337.750322707501));
#3145=CARTESIAN_POINT('',(159.878000000021,247.37445717883,307.875061202371));
#3146=CARTESIAN_POINT('',(159.000000000021,247.37445717883,307.875061202371));
#3147=CARTESIAN_POINT('',(125.06300000002,233.245049477162,322.00446890404));
#3148=CARTESIAN_POINT('',(141.885646386665,240.072394857541,315.177123523661));
#3149=CARTESIAN_POINT('',(125.06300000002,218.02952575959,337.219992621612));
#3150=CARTESIAN_POINT('',(168.605414259853,241.050188876191,314.19932950501));
#3151=CARTESIAN_POINT('',(169.974818585542,240.237676045531,315.01184233567));
#3152=CARTESIAN_POINT('',(173.802453316167,237.966613897289,317.282904483911));
#3153=CARTESIAN_POINT('',(169.974818585542,241.86270170685,313.386816674351));
#3154=CARTESIAN_POINT('',(158.456388895906,235.028436810563,320.221081570638));
#3155=CARTESIAN_POINT('Origin',(170.939000000021,241.050188876191,314.19932950501));
#3156=CARTESIAN_POINT('',(138.260011133808,226.394967308545,328.854551072656));
#3157=CARTESIAN_POINT('',(139.629415459569,225.582454477915,329.667063903286));
#3158=CARTESIAN_POINT('',(147.258070842812,221.056121193627,334.193397187574));
#3159=CARTESIAN_POINT('',(139.629415459569,227.207480139174,328.042038242026));
#3160=CARTESIAN_POINT('',(142.117378656512,228.683670904475,326.565847476726));
#3161=CARTESIAN_POINT('Origin',(140.593596874098,226.394967308545,328.854551072656));
#3162=CARTESIAN_POINT('',(153.42016375941,226.394967308545,328.854551072656));
#3163=CARTESIAN_POINT('',(154.789568085147,225.582454477905,329.667063903295));
#3164=CARTESIAN_POINT('',(157.970052092843,223.69536823513,331.55415014607));
#3165=CARTESIAN_POINT('',(154.789568085147,227.207480139184,328.042038242017));
#3166=CARTESIAN_POINT('',(152.829359906503,226.044423862861,329.205094518339));
#3167=CARTESIAN_POINT('Origin',(155.753749499661,226.394967308545,328.854551072656));
#3168=CARTESIAN_POINT('',(168.605414259721,226.394967308544,328.854551072656));
#3169=CARTESIAN_POINT('',(169.974818585487,225.582454477918,329.667063903283));
#3170=CARTESIAN_POINT('',(168.699767198883,226.338984592385,328.910533788815));
#3171=CARTESIAN_POINT('',(169.974818585487,227.207480139172,328.042038242029));
#3172=CARTESIAN_POINT('',(163.559075012593,223.400807505745,331.848710875456));
#3173=CARTESIAN_POINT('Origin',(170.939000000021,226.394967308545,328.854551072656));
#3174=CARTESIAN_POINT('Origin',(125.063000000019,201.766069792299,320.956536654322));
#3175=CARTESIAN_POINT('',(125.06300000002,231.123729133605,319.883148560483));
#3176=CARTESIAN_POINT('',(125.06300000002,216.981593509871,305.741012936749));
#3177=CARTESIAN_POINT('',(125.06300000002,216.968865587813,334.038012106275));
#3178=CARTESIAN_POINT('',(125.06300000002,216.968865587813,334.038012106275));
#3179=CARTESIAN_POINT('',(125.063000000017,169.153597937195,286.222744455657));
#3180=CARTESIAN_POINT('',(125.063000000017,172.606400349729,289.675546868191));
#3181=CARTESIAN_POINT('',(125.063000000017,168.092937765415,287.283404627437));
#3182=CARTESIAN_POINT('',(125.063000000025,172.689344188762,294.001131394345));
#3183=CARTESIAN_POINT('',(125.063000000018,172.689344188765,294.001131394348));
#3184=CARTESIAN_POINT('',(125.063000000019,202.561924813108,323.87371201869));
#3185=CARTESIAN_POINT('',(125.063000000019,200.70540962052,322.017196826101));
#3186=CARTESIAN_POINT('',(125.063000000019,207.620187263563,328.931974469145));
#3187=CARTESIAN_POINT('',(125.063000000019,200.70540962052,322.017196826101));
#3188=CARTESIAN_POINT('',(125.063000000019,207.620187263562,328.931974469145));
#3189=CARTESIAN_POINT('Origin',(128.06766716801,207.620187263562,328.931974469145));
#3190=CARTESIAN_POINT('',(125.06266716801,207.620187263562,328.931974469145));
#3191=CARTESIAN_POINT('',(128.06766716801,207.620187263562,328.931974469145));
#3192=CARTESIAN_POINT('',(125.06266716801,207.620187263562,328.931974469145));
#3193=CARTESIAN_POINT('Origin',(125.06266716801,202.569151413549,323.880938619131));
#3194=CARTESIAN_POINT('',(125.06266716801,202.561924012605,323.873711218187));
#3195=CARTESIAN_POINT('',(125.062667168018,203.16188879327,324.473675998852));
#3196=CARTESIAN_POINT('',(125.06266716801,202.561924012605,323.873711218188));
#3197=CARTESIAN_POINT('Origin',(169.016737513087,197.839956813888,340.364947455067));
#3198=CARTESIAN_POINT('',(163.382376440627,207.224826295629,324.293972814093));
#3199=CARTESIAN_POINT('Origin',(147.561810994201,197.839956813884,340.364947455063));
#3200=CARTESIAN_POINT('',(148.22258377446,210.959937197237,328.029083715701));
#3201=CARTESIAN_POINT('Origin',(132.534633034275,197.982388545223,340.507379186402));
#3202=CARTESIAN_POINT('',(137.554968639373,213.689041589443,330.758188107907));
#3203=CARTESIAN_POINT('Origin',(131.061749214082,187.796394869533,330.321385510713));
#3204=CARTESIAN_POINT('',(131.061749214082,198.402996587332,319.714783792914));
#3205=CARTESIAN_POINT('',(132.497680630026,197.551011036104,318.862798241686));
#3206=CARTESIAN_POINT('',(138.45750944336,194.014847692667,315.326634898249));
#3207=CARTESIAN_POINT('',(132.497680630026,199.672331379664,316.741477898127));
#3208=CARTESIAN_POINT('',(132.497680630049,199.67233137965,316.741477898113));
#3209=CARTESIAN_POINT('',(131.061749214082,200.524316930892,317.593463449355));
#3210=CARTESIAN_POINT('',(138.45750944336,196.136168036226,313.205314554689));
#3211=CARTESIAN_POINT('',(131.061749214082,187.796394869533,330.321385510713));
#3212=CARTESIAN_POINT('Origin',(132.497680630026,188.648380420761,331.173371061941));
#3213=CARTESIAN_POINT('',(132.497680630026,199.25498213856,320.566769344142));
#3214=CARTESIAN_POINT('',(140.778793254084,204.168439860459,325.480227066042));
#3215=CARTESIAN_POINT('',(132.497680630026,201.37630248212,318.445449000582));
#3216=CARTESIAN_POINT('',(140.778793254084,206.289760204019,323.358906722482));
#3217=CARTESIAN_POINT('',(132.497680630049,201.376302482133,318.445449000596));
#3218=CARTESIAN_POINT('Origin',(131.061749214021,165.897339765831,308.422330407011));
#3219=CARTESIAN_POINT('',(131.061749214021,176.50394148363,297.815728689212));
#3220=CARTESIAN_POINT('',(132.497680629954,175.651955932376,296.963743137958));
#3221=CARTESIAN_POINT('',(130.832650007519,176.639873612127,297.951660817709));
#3222=CARTESIAN_POINT('',(132.497680629954,177.773276275936,294.842422794398));
#3223=CARTESIAN_POINT('',(132.497680630026,177.773276275892,294.842422794356));
#3224=CARTESIAN_POINT('',(131.061749214021,178.62526182719,295.694408345652));
#3225=CARTESIAN_POINT('',(130.832650007519,178.761193955687,295.830340474149));
#3226=CARTESIAN_POINT('',(131.061749214021,165.897339765831,308.422330407011));
#3227=CARTESIAN_POINT('Origin',(132.49768063005,166.749325317005,309.274315958184));
#3228=CARTESIAN_POINT('',(132.49768063005,177.355927034803,298.667714240385));
#3229=CARTESIAN_POINT('',(148.403652690221,186.793465778895,308.105252984478));
#3230=CARTESIAN_POINT('',(132.49768063005,179.477247378363,296.546393896826));
#3231=CARTESIAN_POINT('',(148.403652690221,188.914786122455,305.983932640918));
#3232=CARTESIAN_POINT('',(132.497680630122,179.477247378405,296.546393896869));
#3233=CARTESIAN_POINT('Origin',(133.50870298314,200.524316930891,317.593463449355));
#3234=CARTESIAN_POINT('Origin',(133.50870298314,198.402996587332,319.714783792915));
#3235=CARTESIAN_POINT('Origin',(133.50870298314,200.524316930891,317.593463449355));
#3236=CARTESIAN_POINT('Origin',(133.50870298314,178.625261827121,295.694408345584));
#3237=CARTESIAN_POINT('Origin',(133.50870298314,176.503941483561,297.815728689144));
#3238=CARTESIAN_POINT('Origin',(133.50870298314,178.62526182712,295.694408345584));
#3239=CARTESIAN_POINT('Origin',(159.000000000019,202.826729964078,319.895876482542));
#3240=CARTESIAN_POINT('',(180.00000000001,216.968865587812,334.038012106277));
#3241=CARTESIAN_POINT('',(139.00000000002,216.968865587812,334.038012106275));
#3242=CARTESIAN_POINT('',(180.00000000001,169.153597937192,286.222744455657));
#3243=CARTESIAN_POINT('',(180.00000000001,216.968865587808,334.038012106272));
#3244=CARTESIAN_POINT('',(159.000000000017,169.153597937193,286.222744455657));
#3245=CARTESIAN_POINT('Origin',(169.974818585487,227.207480139172,328.042038242029));
#3246=CARTESIAN_POINT('',(168.605414259721,224.273646964988,326.7332307291));
#3247=CARTESIAN_POINT('',(169.974818585487,225.086159795616,325.920717898473));
#3248=CARTESIAN_POINT('',(158.060137031604,218.016785577047,332.990092117041));
#3249=CARTESIAN_POINT('',(169.974818585495,227.207480139176,328.042038242024));
#3250=CARTESIAN_POINT('',(168.605414259721,226.394967308544,328.854551072656));
#3251=CARTESIAN_POINT('Origin',(168.605414259721,226.394967308544,328.854551072656));
#3252=CARTESIAN_POINT('',(169.974818585487,223.461134134361,327.545743559727));
#3253=CARTESIAN_POINT('',(162.462223403135,227.91860506688,323.088272627208));
#3254=CARTESIAN_POINT('',(169.974818585495,225.582454477913,329.667063903288));
#3255=CARTESIAN_POINT('Origin',(154.789568085147,227.207480139184,328.042038242017));
#3256=CARTESIAN_POINT('',(153.42016375941,224.273646964988,326.7332307291));
#3257=CARTESIAN_POINT('',(154.789568085148,225.086159795627,325.92071789846));
#3258=CARTESIAN_POINT('',(147.330421925689,220.660401934151,330.346475759936));
#3259=CARTESIAN_POINT('',(154.789568085115,227.207480139165,328.042038242036));
#3260=CARTESIAN_POINT('',(153.42016375941,226.394967308545,328.854551072656));
#3261=CARTESIAN_POINT('Origin',(153.42016375941,226.394967308545,328.854551072656));
#3262=CARTESIAN_POINT('',(154.789568085147,223.461134134349,327.545743559739));
#3263=CARTESIAN_POINT('',(151.732508297267,225.274988709656,325.731888984432));
#3264=CARTESIAN_POINT('',(154.789568085115,225.582454477925,329.667063903276));
#3265=CARTESIAN_POINT('Origin',(139.629415459569,227.207480139174,328.042038242026));
#3266=CARTESIAN_POINT('',(138.260011133808,224.273646964988,326.733230729099));
#3267=CARTESIAN_POINT('',(139.629415459569,225.086159795617,325.92071789847));
#3268=CARTESIAN_POINT('',(136.618440675559,223.299648975775,327.707228718312));
#3269=CARTESIAN_POINT('',(139.629415459568,227.207480139174,328.042038242027));
#3270=CARTESIAN_POINT('',(138.260011133808,226.394967308545,328.854551072656));
#3271=CARTESIAN_POINT('Origin',(138.260011133808,226.394967308545,328.854551072656));
#3272=CARTESIAN_POINT('',(139.629415459569,223.461134134358,327.545743559729));
#3273=CARTESIAN_POINT('',(141.0205270471,222.635741668128,328.37113602596));
#3274=CARTESIAN_POINT('',(139.629415459568,225.582454477915,329.667063903286));
#3275=CARTESIAN_POINT('Origin',(169.974818585542,241.86270170685,313.386816674351));
#3276=CARTESIAN_POINT('',(168.605414259853,238.928868532635,312.078009161454));
#3277=CARTESIAN_POINT('',(169.974818585542,239.741381363294,311.265496330794));
#3278=CARTESIAN_POINT('',(152.957450915391,229.644414881832,321.362462812256));
#3279=CARTESIAN_POINT('',(169.97481858544,241.86270170679,313.386816674411));
#3280=CARTESIAN_POINT('',(168.605414259853,241.050188876191,314.19932950501));
#3281=CARTESIAN_POINT('Origin',(168.605414259853,241.050188876191,314.19932950501));
#3282=CARTESIAN_POINT('',(169.974818585542,238.116355701975,312.890521992114));
#3283=CARTESIAN_POINT('',(167.564909520881,239.546234371867,311.460643322222));
#3284=CARTESIAN_POINT('',(169.97481858544,240.237676045591,315.01184233561));
#3285=CARTESIAN_POINT('Origin',(170.939000000021,226.394967308545,328.854551072656));
#3286=CARTESIAN_POINT('Origin',(170.939000000021,224.273646964988,326.733230729099));
#3287=CARTESIAN_POINT('Origin',(155.753749499661,226.394967308545,328.854551072656));
#3288=CARTESIAN_POINT('Origin',(155.753749499661,224.273646964988,326.733230729099));
#3289=CARTESIAN_POINT('Origin',(140.593596874098,226.394967308545,328.854551072656));
#3290=CARTESIAN_POINT('Origin',(140.593596874098,224.273646964988,326.733230729099));
#3291=CARTESIAN_POINT('Origin',(170.939000000021,241.050188876191,314.19932950501));
#3292=CARTESIAN_POINT('Origin',(170.939000000021,238.928868532634,312.078009161453));
#3293=CARTESIAN_POINT('Origin',(139.00000000002,216.968865587812,334.038012106275));
#3294=CARTESIAN_POINT('',(159.878000000021,245.253136835273,305.753740858813));
#3295=CARTESIAN_POINT('',(134.687345257538,235.02969776796,315.977179926127));
#3296=CARTESIAN_POINT('',(180.000000000011,245.253136835274,305.753740858815));
#3297=CARTESIAN_POINT('',(139.000000000021,245.253136835274,305.753740858813));
#3298=CARTESIAN_POINT('',(180.00000000001,216.968865587812,334.038012106277));
#3299=CARTESIAN_POINT('Origin',(182.000000000017,201.853043926383,292.585291272773));
#3300=CARTESIAN_POINT('',(182.000000000017,201.853043926383,292.585291272773));
#3301=CARTESIAN_POINT('',(182.000000000017,232.084687249233,292.585291272773));
#3302=CARTESIAN_POINT('',(182.000000000017,201.853043926383,292.585291272773));
#3303=CARTESIAN_POINT('',(180.000000000012,201.853043926383,292.585291272773));
#3304=CARTESIAN_POINT('',(182.000000000017,201.853043926383,292.585291272773));
#3305=CARTESIAN_POINT('',(180.00000000001,232.084687249233,292.585291272773));
#3306=CARTESIAN_POINT('',(180.000000000012,216.968865587808,292.585291272773));
#3307=CARTESIAN_POINT('',(182.000000000017,232.084687249233,292.585291272773));
#3308=CARTESIAN_POINT('Origin',(182.000000000017,182.322047523233,273.054294869616));
#3309=CARTESIAN_POINT('',(182.000000000017,182.322047523233,273.054294869616));
#3310=CARTESIAN_POINT('',(182.000000000017,201.853043926383,292.585291272773));
#3311=CARTESIAN_POINT('',(180.000000000013,182.322047523233,273.054294869616));
#3312=CARTESIAN_POINT('',(182.000000000017,182.322047523233,273.054294869616));
#3313=CARTESIAN_POINT('',(180.000000000012,201.853043926383,292.585291272773));
#3314=CARTESIAN_POINT('Origin',(159.00000000002,231.11100121154,291.61160523508));
#3315=CARTESIAN_POINT('',(182.000000000017,234.57531925181,295.075923275351));
#3316=CARTESIAN_POINT('',(180.000000000012,238.182069023405,298.682673046946));
#3317=CARTESIAN_POINT('',(159.87800000002,231.11100121154,291.61160523508));
#3318=CARTESIAN_POINT('Origin',(128.067667168018,202.569151413549,323.880938619131));
#3319=CARTESIAN_POINT('',(149.197659843298,202.619971689423,323.931758895005));
#3320=CARTESIAN_POINT('Origin',(159.000000000019,200.705409620518,322.017196826101));
#3321=CARTESIAN_POINT('',(164.659164849049,202.65715854329,323.968945748873));
#3322=CARTESIAN_POINT('',(144.500000000022,172.689344188762,294.001131394345));
#3323=CARTESIAN_POINT('Origin',(159.000000000017,168.092937765413,287.283404627437));
#3324=CARTESIAN_POINT('',(180.00000000001,169.153597937192,286.222744455657));
#3325=CARTESIAN_POINT('',(182.000000000017,182.322047523233,273.054294869616));
#3326=CARTESIAN_POINT('Origin',(182.000000000017,207.63404570106,328.945832906643));
#3327=CARTESIAN_POINT('',(182.000000000017,226.831008254791,311.660845431072));
#3328=CARTESIAN_POINT('Origin',(182.000000000017,225.331008254791,311.660845431072));
#3329=CARTESIAN_POINT('',(182.000000000017,218.594704411061,319.897149274802));
#3330=CARTESIAN_POINT('Origin',(182.000000000017,217.094704411061,319.897149274802));
#3331=CARTESIAN_POINT('',(182.000000000019,236.049623566122,302.291105278571));
#3332=CARTESIAN_POINT('Origin',(182.000000000019,234.549623566122,302.291105278571));
#3333=CARTESIAN_POINT('',(182.000000000017,207.820644354081,309.236867699481));
#3334=CARTESIAN_POINT('Origin',(182.000000000017,206.320644354081,309.236867699481));
#3335=CARTESIAN_POINT('',(182.000000000017,184.204253562444,285.443627993516));
#3336=CARTESIAN_POINT('Origin',(182.000000000017,182.704253562444,285.443627993516));
#3337=CARTESIAN_POINT('',(182.000000000017,194.999098065281,296.238472496353));
#3338=CARTESIAN_POINT('Origin',(182.000000000017,193.499098065281,296.238472496353));
#3339=CARTESIAN_POINT('Origin',(180.00000000001,216.968865587808,334.038012106272));
#3340=CARTESIAN_POINT('',(180.00000000001,236.049623566122,302.291105278571));
#3341=CARTESIAN_POINT('Origin',(180.00000000001,234.549623566122,302.291105278571));
#3342=CARTESIAN_POINT('',(180.00000000001,194.999098065281,296.238472496353));
#3343=CARTESIAN_POINT('Origin',(180.00000000001,193.499098065281,296.238472496353));
#3344=CARTESIAN_POINT('',(180.00000000001,207.820644354081,309.236867699481));
#3345=CARTESIAN_POINT('Origin',(180.00000000001,206.320644354081,309.236867699481));
#3346=CARTESIAN_POINT('',(180.00000000001,226.831008254791,311.660845431072));
#3347=CARTESIAN_POINT('Origin',(180.00000000001,225.331008254791,311.660845431072));
#3348=CARTESIAN_POINT('',(180.00000000001,184.204253562444,285.443627993516));
#3349=CARTESIAN_POINT('Origin',(180.00000000001,182.704253562444,285.443627993516));
#3350=CARTESIAN_POINT('',(180.00000000001,218.594704411061,319.897149274802));
#3351=CARTESIAN_POINT('Origin',(180.00000000001,217.094704411061,319.897149274802));
#3352=CARTESIAN_POINT('Origin',(182.000000000019,182.704253562444,285.443627993516));
#3353=CARTESIAN_POINT('',(182.000000000019,184.204253562444,285.443627993516));
#3354=CARTESIAN_POINT('Origin',(182.000000000019,193.499098065281,296.238472496353));
#3355=CARTESIAN_POINT('',(182.000000000019,194.999098065281,296.238472496353));
#3356=CARTESIAN_POINT('Origin',(182.000000000019,206.320644354081,309.236867699481));
#3357=CARTESIAN_POINT('',(182.000000000019,207.820644354081,309.236867699481));
#3358=CARTESIAN_POINT('Origin',(182.000000000019,217.094704411061,319.897149274802));
#3359=CARTESIAN_POINT('',(182.000000000019,218.594704411061,319.897149274802));
#3360=CARTESIAN_POINT('Origin',(182.000000000019,225.331008254791,311.660845431072));
#3361=CARTESIAN_POINT('',(182.000000000019,226.831008254791,311.660845431072));
#3362=CARTESIAN_POINT('Origin',(170.327652518579,202.670791965297,323.98257917088));
#3363=CARTESIAN_POINT('Origin',(130.000000000025,172.689344188762,294.001131394345));
#3364=CARTESIAN_POINT('Origin',(182.000000000019,234.549623566122,302.291105278571));
#3365=CARTESIAN_POINT('',(182.000000000019,236.049623566122,302.291105278571));
#3366=CARTESIAN_POINT('Origin',(142.47050000002,224.046297360706,298.676309085915));
#3367=CARTESIAN_POINT('',(0.,0.,0.));
#3368=CARTESIAN_POINT('Origin',(-168.758436742935,191.988248017886,329.563491190759));
#3369=CARTESIAN_POINT('',(-211.999999999986,197.042011171742,329.667506876399));
#3370=CARTESIAN_POINT('',(-211.999999999986,187.142487602777,329.667478244033));
#3371=CARTESIAN_POINT('',(-211.999999999992,199.811145665384,329.667514885512));
#3372=CARTESIAN_POINT('',(-200.327652518554,187.114414146841,329.639404788021));
#3373=CARTESIAN_POINT('',(-168.770341435976,187.038514865677,329.563505506856));
#3374=CARTESIAN_POINT('',(-200.327652518554,197.013937715812,329.63943342038));
#3375=CARTESIAN_POINT('',(-200.327652518554,182.338744455356,329.639390975367));
#3376=CARTESIAN_POINT('',(-182.964388254593,196.972176893007,329.597672597575));
#3377=CARTESIAN_POINT('Origin',(-200.327652518554,172.689344188769,294.001131394352));
#3378=CARTESIAN_POINT('',(-200.327652518554,162.082742470971,304.60773311215));
#3379=CARTESIAN_POINT('',(-200.327652518554,192.064190247506,334.589180888685));
#3380=CARTESIAN_POINT('',(-200.327652518554,172.689344188769,294.001131394352));
#3381=CARTESIAN_POINT('',(-200.327652518554,172.689344188769,294.001131394352));
#3382=CARTESIAN_POINT('',(-200.327652518554,202.670791965304,323.982579170887));
#3383=CARTESIAN_POINT('',(-200.327652518554,186.697376904647,308.00916411023));
#3384=CARTESIAN_POINT('',(-200.327652518554,202.670791965304,323.982579170887));
#3385=CARTESIAN_POINT('Origin',(-182.503713118998,176.779487406634,319.304478047813));
#3386=CARTESIAN_POINT('',(-211.999999999986,156.425675875833,298.950666517011));
#3387=CARTESIAN_POINT('',(-211.999999999986,157.132782657019,299.657773298198));
#3388=CARTESIAN_POINT('',(-155.062999999993,156.425675875833,298.950666517011));
#3389=CARTESIAN_POINT('',(-159.999999999993,156.425675875833,298.950666517011));
#3390=CARTESIAN_POINT('',(-155.062999999993,162.082742470961,304.60773311214));
#3391=CARTESIAN_POINT('',(-155.062999999993,157.132782657019,299.657773298198));
#3392=CARTESIAN_POINT('',(-159.999999999993,162.08274247096,304.60773311214));
#3393=CARTESIAN_POINT('Origin',(-182.503713118998,181.72923487494,314.354730579507));
#3394=CARTESIAN_POINT('',(-155.062667167985,196.905069763119,329.530565467687));
#3395=CARTESIAN_POINT('',(-191.379024725178,196.992415146441,329.617910851009));
#3396=CARTESIAN_POINT('',(-155.062667167985,201.963333014063,334.588828718631));
#3397=CARTESIAN_POINT('',(-155.062667167985,189.320766019501,321.946261724069));
#3398=CARTESIAN_POINT('',(-155.062999999994,201.963333014077,334.588828718644));
#3399=CARTESIAN_POINT('',(-170.285690143492,201.963333014069,334.588828718637));
#3400=CARTESIAN_POINT('',(-155.062999999994,211.312011338325,343.937507042891));
#3401=CARTESIAN_POINT('',(-155.062999999993,188.388895122987,321.014390827555));
#3402=CARTESIAN_POINT('',(-211.999999999992,211.312011338322,343.937507042891));
#3403=CARTESIAN_POINT('',(-185.751856559497,211.312011338323,343.937507042891));
#3404=CARTESIAN_POINT('',(-211.999999999992,191.853213163257,324.478708867825));
#3405=CARTESIAN_POINT('',(-197.647333187302,201.977191451571,334.602687156139));
#3406=CARTESIAN_POINT('',(-199.016737513062,202.789704282201,335.415199986768));
#3407=CARTESIAN_POINT('',(-186.838738376311,195.564095041841,328.189590746409));
#3408=CARTESIAN_POINT('',(-199.016737513062,201.164678620942,333.790174325509));
#3409=CARTESIAN_POINT('',(-200.253989112949,200.430576368806,333.056072073374));
#3410=CARTESIAN_POINT('Origin',(-199.980918927593,201.977191451571,334.602687156139));
#3411=CARTESIAN_POINT('',(-176.192406668416,201.977191451567,334.602687156135));
#3412=CARTESIAN_POINT('',(-177.561810994177,202.789704282197,335.415199986764));
#3413=CARTESIAN_POINT('',(-171.678945710144,199.299205943449,331.924701648017));
#3414=CARTESIAN_POINT('',(-177.561810994177,201.164678620937,333.790174325505));
#3415=CARTESIAN_POINT('',(-185.09419644678,196.695465467191,329.320961171759));
#3416=CARTESIAN_POINT('Origin',(-178.525992408707,201.977191451567,334.602687156135));
#3417=CARTESIAN_POINT('',(-161.165228708489,202.119623182906,334.745118887474));
#3418=CARTESIAN_POINT('',(-162.53463303425,202.932136013536,335.557631718103));
#3419=CARTESIAN_POINT('',(-161.011330575057,202.028310335655,334.653806040223));
#3420=CARTESIAN_POINT('',(-162.53463303425,201.307110352276,333.932606056844));
#3421=CARTESIAN_POINT('',(-174.525765676084,194.192375177288,326.817870881856));
#3422=CARTESIAN_POINT('Origin',(-163.498814448788,202.119623182903,334.745118887471));
#3423=CARTESIAN_POINT('Origin',(-163.498814448788,207.776477432395,329.088264637978));
#3424=CARTESIAN_POINT('',(-162.53463303425,209.085284945329,326.154431463792));
#3425=CARTESIAN_POINT('',(-162.534633034257,206.963964601765,328.275751807348));
#3426=CARTESIAN_POINT('',(-162.53463303425,210.710310606588,327.779457125051));
#3427=CARTESIAN_POINT('Origin',(-163.498814448788,209.897797775955,326.966944294419));
#3428=CARTESIAN_POINT('',(-162.534633034252,208.58899026303,329.900777468613));
#3429=CARTESIAN_POINT('Origin',(-161.165228708489,197.1698757146,339.69486635578));
#3430=CARTESIAN_POINT('',(-161.165228708489,209.897797775959,326.966944294421));
#3431=CARTESIAN_POINT('',(-161.165228708489,197.1698757146,339.69486635578));
#3432=CARTESIAN_POINT('',(-171.794305241535,203.59121549169,320.660362010153));
#3433=CARTESIAN_POINT('Origin',(-178.525992408707,207.634045701059,328.945832906643));
#3434=CARTESIAN_POINT('',(-177.561810994177,208.94285321399,326.011999732453));
#3435=CARTESIAN_POINT('',(-177.561810994177,206.82153287043,328.133320076013));
#3436=CARTESIAN_POINT('',(-177.561810994177,210.567878875249,327.637025393712));
#3437=CARTESIAN_POINT('Origin',(-178.525992408707,209.755366044619,326.824512563083));
#3438=CARTESIAN_POINT('',(-177.561810994177,208.446558531689,329.758345737272));
#3439=CARTESIAN_POINT('Origin',(-176.192406668416,197.027443983261,339.552434624441));
#3440=CARTESIAN_POINT('',(-176.192406668416,209.755366044619,326.824512563083));
#3441=CARTESIAN_POINT('',(-176.192406668416,197.027443983261,339.552434624441));
#3442=CARTESIAN_POINT('',(-182.36273601223,206.094305781593,323.163452300056));
#3443=CARTESIAN_POINT('Origin',(-199.980918927593,207.634045701063,328.945832906647));
#3444=CARTESIAN_POINT('',(-199.016737513062,208.942853213993,326.011999732458));
#3445=CARTESIAN_POINT('',(-199.016737513063,206.821532870434,328.133320076017));
#3446=CARTESIAN_POINT('',(-199.016737513062,210.567878875252,327.637025393717));
#3447=CARTESIAN_POINT('Origin',(-199.980918927593,209.755366044623,326.824512563087));
#3448=CARTESIAN_POINT('',(-199.016737513063,208.446558531693,329.758345737276));
#3449=CARTESIAN_POINT('Origin',(-197.647333187302,197.027443983265,339.552434624445));
#3450=CARTESIAN_POINT('',(-197.647333187302,209.755366044623,326.824512563087));
#3451=CARTESIAN_POINT('',(-197.647333187302,197.027443983265,339.552434624445));
#3452=CARTESIAN_POINT('',(-197.5225286784,209.829416683207,326.898563201672));
#3453=CARTESIAN_POINT('Origin',(-188.999999999995,218.029525759595,337.219992621619));
#3454=CARTESIAN_POINT('',(-155.062999999996,233.245049477169,322.004468904047));
#3455=CARTESIAN_POINT('',(-155.062999999995,218.029525759597,337.219992621619));
#3456=CARTESIAN_POINT('',(-189.877999999996,247.374457178837,307.875061202378));
#3457=CARTESIAN_POINT('',(-171.88564638664,240.072394857548,315.177123523668));
#3458=CARTESIAN_POINT('',(-211.999999999992,247.374457178836,307.875061202377));
#3459=CARTESIAN_POINT('',(-188.999999999996,247.374457178837,307.875061202378));
#3460=CARTESIAN_POINT('',(-211.999999999992,217.499195673705,337.750322707508));
#3461=CARTESIAN_POINT('',(-198.605414259828,241.050188876198,314.199329505017));
#3462=CARTESIAN_POINT('',(-199.974818585517,240.237676045538,315.011842335677));
#3463=CARTESIAN_POINT('',(-203.802453316142,237.966613897296,317.282904483918));
#3464=CARTESIAN_POINT('',(-199.974818585517,241.862701706857,313.386816674358));
#3465=CARTESIAN_POINT('Origin',(-200.938999999996,241.050188876198,314.199329505017));
#3466=CARTESIAN_POINT('',(-188.456388895881,235.02843681057,320.221081570645));
#3467=CARTESIAN_POINT('',(-168.260011133784,226.394967308552,328.854551072663));
#3468=CARTESIAN_POINT('',(-169.629415459544,225.582454477922,329.667063903293));
#3469=CARTESIAN_POINT('',(-177.258070842787,221.056121193634,334.193397187581));
#3470=CARTESIAN_POINT('',(-169.629415459544,227.207480139181,328.042038242033));
#3471=CARTESIAN_POINT('Origin',(-170.593596874074,226.394967308551,328.854551072663));
#3472=CARTESIAN_POINT('',(-172.117378656487,228.683670904482,326.565847476733));
#3473=CARTESIAN_POINT('',(-183.420163759385,226.394967308552,328.854551072663));
#3474=CARTESIAN_POINT('',(-184.789568085123,225.582454477912,329.667063903302));
#3475=CARTESIAN_POINT('',(-187.970052092818,223.695368235137,331.554150146077));
#3476=CARTESIAN_POINT('',(-184.789568085123,227.207480139191,328.042038242024));
#3477=CARTESIAN_POINT('Origin',(-185.753749499636,226.394967308551,328.854551072663));
#3478=CARTESIAN_POINT('',(-182.829359906478,226.044423862868,329.205094518346));
#3479=CARTESIAN_POINT('',(-198.605414259696,226.394967308551,328.854551072663));
#3480=CARTESIAN_POINT('',(-199.974818585462,225.582454477924,329.66706390329));
#3481=CARTESIAN_POINT('',(-198.699767198858,226.338984592392,328.910533788822));
#3482=CARTESIAN_POINT('',(-199.974818585462,227.207480139179,328.042038242036));
#3483=CARTESIAN_POINT('Origin',(-200.938999999996,226.394967308551,328.854551072663));
#3484=CARTESIAN_POINT('',(-193.559075012568,223.400807505752,331.848710875463));
#3485=CARTESIAN_POINT('Origin',(-155.062999999994,201.766069792306,320.956536654329));
#3486=CARTESIAN_POINT('',(-155.062999999994,207.62018726357,328.931974469152));
#3487=CARTESIAN_POINT('',(-155.062999999994,207.620187263569,328.931974469152));
#3488=CARTESIAN_POINT('',(-155.062999999994,202.561924813115,323.873712018697));
#3489=CARTESIAN_POINT('',(-155.062999999994,200.705409620526,322.017196826108));
#3490=CARTESIAN_POINT('',(-155.063,172.689344188769,294.001131394352));
#3491=CARTESIAN_POINT('',(-155.062999999994,200.705409620526,322.017196826108));
#3492=CARTESIAN_POINT('',(-155.062999999993,172.689344188772,294.001131394355));
#3493=CARTESIAN_POINT('',(-155.062999999992,169.153597937202,286.222744455664));
#3494=CARTESIAN_POINT('',(-155.062999999992,168.092937765422,287.283404627444));
#3495=CARTESIAN_POINT('',(-155.062999999995,216.96886558782,334.038012106282));
#3496=CARTESIAN_POINT('',(-155.062999999993,172.606400349735,289.675546868198));
#3497=CARTESIAN_POINT('',(-155.062999999995,231.123729133612,319.88314856049));
#3498=CARTESIAN_POINT('',(-155.062999999995,216.96886558782,334.038012106282));
#3499=CARTESIAN_POINT('',(-155.062999999995,216.981593509878,305.741012936756));
#3500=CARTESIAN_POINT('Origin',(-158.067667167985,207.620187263569,328.931974469152));
#3501=CARTESIAN_POINT('',(-155.062667167985,207.620187263569,328.931974469152));
#3502=CARTESIAN_POINT('',(-155.062667167985,207.620187263569,328.931974469152));
#3503=CARTESIAN_POINT('',(-158.067667167985,207.620187263569,328.931974469152));
#3504=CARTESIAN_POINT('Origin',(-155.062667167985,202.569151413556,323.880938619138));
#3505=CARTESIAN_POINT('',(-155.062667167985,202.561924012612,323.873711218194));
#3506=CARTESIAN_POINT('',(-155.062667167985,202.561924012612,323.873711218195));
#3507=CARTESIAN_POINT('',(-155.062667167994,203.161888793277,324.473675998859));
#3508=CARTESIAN_POINT('Origin',(-199.016737513062,197.839956813895,340.364947455074));
#3509=CARTESIAN_POINT('',(-193.382376440602,207.224826295636,324.2939728141));
#3510=CARTESIAN_POINT('Origin',(-177.561810994177,197.839956813891,340.36494745507));
#3511=CARTESIAN_POINT('',(-178.222583774435,210.959937197244,328.029083715708));
#3512=CARTESIAN_POINT('Origin',(-162.53463303425,197.98238854523,340.507379186409));
#3513=CARTESIAN_POINT('',(-167.554968639349,213.68904158945,330.758188107913));
#3514=CARTESIAN_POINT('Origin',(-161.061749214057,187.79639486954,330.32138551072));
#3515=CARTESIAN_POINT('',(-161.061749214057,198.402996587339,319.714783792921));
#3516=CARTESIAN_POINT('',(-162.497680630001,197.551011036111,318.862798241693));
#3517=CARTESIAN_POINT('',(-168.457509443335,194.014847692674,315.326634898256));
#3518=CARTESIAN_POINT('',(-161.061749214057,200.524316930899,317.593463449361));
#3519=CARTESIAN_POINT('',(-161.061749214057,187.79639486954,330.32138551072));
#3520=CARTESIAN_POINT('',(-162.497680630001,199.672331379671,316.741477898134));
#3521=CARTESIAN_POINT('',(-168.457509443335,196.136168036233,313.205314554696));
#3522=CARTESIAN_POINT('',(-162.497680630024,199.672331379657,316.74147789812));
#3523=CARTESIAN_POINT('Origin',(-162.497680630001,188.648380420768,331.173371061948));
#3524=CARTESIAN_POINT('',(-162.497680630001,199.254982138567,320.566769344149));
#3525=CARTESIAN_POINT('',(-170.778793254059,204.168439860466,325.480227066049));
#3526=CARTESIAN_POINT('',(-162.497680630001,201.376302482127,318.445449000589));
#3527=CARTESIAN_POINT('',(-162.497680630024,201.37630248214,318.445449000603));
#3528=CARTESIAN_POINT('',(-170.778793254059,206.289760204026,323.358906722489));
#3529=CARTESIAN_POINT('Origin',(-161.061749213996,165.897339765838,308.422330407018));
#3530=CARTESIAN_POINT('',(-161.061749213996,176.503941483637,297.815728689219));
#3531=CARTESIAN_POINT('',(-162.497680629929,175.651955932383,296.963743137965));
#3532=CARTESIAN_POINT('',(-160.832650007494,176.639873612134,297.951660817716));
#3533=CARTESIAN_POINT('',(-161.061749213996,178.625261827197,295.694408345659));
#3534=CARTESIAN_POINT('',(-161.061749213996,165.897339765838,308.422330407018));
#3535=CARTESIAN_POINT('',(-162.497680629929,177.773276275943,294.842422794405));
#3536=CARTESIAN_POINT('',(-160.832650007494,178.761193955693,295.830340474156));
#3537=CARTESIAN_POINT('',(-162.497680630001,177.773276275899,294.842422794363));
#3538=CARTESIAN_POINT('Origin',(-162.497680630025,166.749325317012,309.274315958191));
#3539=CARTESIAN_POINT('',(-162.497680630025,177.35592703481,298.667714240392));
#3540=CARTESIAN_POINT('',(-178.403652690196,186.793465778902,308.105252984484));
#3541=CARTESIAN_POINT('',(-162.497680630025,179.47724737837,296.546393896833));
#3542=CARTESIAN_POINT('',(-162.497680630097,179.477247378412,296.546393896876));
#3543=CARTESIAN_POINT('',(-178.403652690196,188.914786122461,305.983932640925));
#3544=CARTESIAN_POINT('Origin',(-163.508702983115,200.524316930898,317.593463449362));
#3545=CARTESIAN_POINT('Origin',(-163.508702983115,200.524316930898,317.593463449362));
#3546=CARTESIAN_POINT('Origin',(-163.508702983115,198.402996587338,319.714783792922));
#3547=CARTESIAN_POINT('Origin',(-163.508702983115,178.625261827127,295.694408345591));
#3548=CARTESIAN_POINT('Origin',(-163.508702983115,178.625261827127,295.694408345591));
#3549=CARTESIAN_POINT('Origin',(-163.508702983115,176.503941483568,297.815728689151));
#3550=CARTESIAN_POINT('Origin',(-188.999999999994,202.826729964085,319.895876482548));
#3551=CARTESIAN_POINT('',(-209.999999999985,216.968865587819,334.038012106284));
#3552=CARTESIAN_POINT('',(-168.999999999995,216.968865587819,334.038012106282));
#3553=CARTESIAN_POINT('',(-209.999999999986,169.153597937199,286.222744455664));
#3554=CARTESIAN_POINT('',(-188.999999999992,169.1535979372,286.222744455664));
#3555=CARTESIAN_POINT('',(-209.999999999985,216.968865587815,334.038012106279));
#3556=CARTESIAN_POINT('Origin',(-199.974818585462,227.207480139179,328.042038242036));
#3557=CARTESIAN_POINT('',(-198.605414259696,224.273646964995,326.733230729107));
#3558=CARTESIAN_POINT('',(-199.974818585462,225.086159795622,325.92071789848));
#3559=CARTESIAN_POINT('',(-188.060137031579,218.016785577054,332.990092117048));
#3560=CARTESIAN_POINT('',(-198.605414259696,226.394967308551,328.854551072663));
#3561=CARTESIAN_POINT('',(-199.97481858547,227.207480139183,328.042038242031));
#3562=CARTESIAN_POINT('Origin',(-198.605414259696,226.394967308551,328.854551072663));
#3563=CARTESIAN_POINT('',(-199.974818585462,223.461134134368,327.545743559734));
#3564=CARTESIAN_POINT('',(-192.46222340311,227.918605066887,323.088272627215));
#3565=CARTESIAN_POINT('',(-199.97481858547,225.58245447792,329.667063903295));
#3566=CARTESIAN_POINT('Origin',(-184.789568085123,227.207480139191,328.042038242024));
#3567=CARTESIAN_POINT('',(-183.420163759385,224.273646964995,326.733230729107));
#3568=CARTESIAN_POINT('',(-184.789568085123,225.086159795634,325.920717898467));
#3569=CARTESIAN_POINT('',(-177.330421925664,220.660401934158,330.346475759943));
#3570=CARTESIAN_POINT('',(-183.420163759385,226.394967308552,328.854551072663));
#3571=CARTESIAN_POINT('',(-184.78956808509,227.207480139171,328.042038242043));
#3572=CARTESIAN_POINT('Origin',(-183.420163759385,226.394967308552,328.854551072663));
#3573=CARTESIAN_POINT('',(-184.789568085123,223.461134134356,327.545743559746));
#3574=CARTESIAN_POINT('',(-181.732508297242,225.274988709662,325.731888984439));
#3575=CARTESIAN_POINT('',(-184.78956808509,225.582454477932,329.667063903283));
#3576=CARTESIAN_POINT('Origin',(-169.629415459544,227.207480139181,328.042038242033));
#3577=CARTESIAN_POINT('',(-168.260011133784,224.273646964995,326.733230729106));
#3578=CARTESIAN_POINT('',(-169.629415459544,225.086159795624,325.920717898477));
#3579=CARTESIAN_POINT('',(-166.618440675534,223.299648975782,327.707228718319));
#3580=CARTESIAN_POINT('',(-168.260011133784,226.394967308552,328.854551072663));
#3581=CARTESIAN_POINT('',(-169.629415459544,227.207480139181,328.042038242034));
#3582=CARTESIAN_POINT('Origin',(-168.260011133784,226.394967308552,328.854551072663));
#3583=CARTESIAN_POINT('',(-169.629415459544,223.461134134365,327.545743559736));
#3584=CARTESIAN_POINT('',(-171.020527047075,222.635741668134,328.371136025967));
#3585=CARTESIAN_POINT('',(-169.629415459544,225.582454477922,329.667063903293));
#3586=CARTESIAN_POINT('Origin',(-199.974818585517,241.862701706857,313.386816674358));
#3587=CARTESIAN_POINT('',(-198.605414259828,238.928868532642,312.078009161461));
#3588=CARTESIAN_POINT('',(-199.974818585517,239.741381363301,311.265496330801));
#3589=CARTESIAN_POINT('',(-182.957450915366,229.644414881839,321.362462812263));
#3590=CARTESIAN_POINT('',(-198.605414259828,241.050188876198,314.199329505017));
#3591=CARTESIAN_POINT('',(-199.974818585416,241.862701706797,313.386816674418));
#3592=CARTESIAN_POINT('Origin',(-198.605414259828,241.050188876198,314.199329505017));
#3593=CARTESIAN_POINT('',(-199.974818585517,238.116355701982,312.890521992121));
#3594=CARTESIAN_POINT('',(-197.564909520856,239.546234371874,311.460643322229));
#3595=CARTESIAN_POINT('',(-199.974818585416,240.237676045598,315.011842335617));
#3596=CARTESIAN_POINT('Origin',(-200.938999999996,226.394967308552,328.854551072663));
#3597=CARTESIAN_POINT('Origin',(-200.938999999996,224.273646964995,326.733230729106));
#3598=CARTESIAN_POINT('Origin',(-185.753749499636,226.394967308552,328.854551072663));
#3599=CARTESIAN_POINT('Origin',(-185.753749499636,224.273646964995,326.733230729106));
#3600=CARTESIAN_POINT('Origin',(-170.593596874074,226.394967308552,328.854551072663));
#3601=CARTESIAN_POINT('Origin',(-170.593596874074,224.273646964995,326.733230729106));
#3602=CARTESIAN_POINT('Origin',(-200.938999999996,241.050188876198,314.199329505017));
#3603=CARTESIAN_POINT('Origin',(-200.938999999996,238.928868532641,312.07800916146));
#3604=CARTESIAN_POINT('Origin',(-168.999999999995,216.968865587819,334.038012106282));
#3605=CARTESIAN_POINT('',(-189.877999999996,245.25313683528,305.75374085882));
#3606=CARTESIAN_POINT('',(-164.687345257513,235.029697767967,315.977179926134));
#3607=CARTESIAN_POINT('',(-209.999999999986,245.253136835281,305.753740858822));
#3608=CARTESIAN_POINT('',(-209.999999999985,216.968865587819,334.038012106284));
#3609=CARTESIAN_POINT('',(-168.999999999996,245.253136835281,305.75374085882));
#3610=CARTESIAN_POINT('Origin',(-211.999999999992,201.85304392639,292.58529127278));
#3611=CARTESIAN_POINT('',(-211.999999999992,201.85304392639,292.58529127278));
#3612=CARTESIAN_POINT('',(-211.999999999992,232.08468724924,292.58529127278));
#3613=CARTESIAN_POINT('',(-211.999999999992,201.85304392639,292.58529127278));
#3614=CARTESIAN_POINT('',(-209.999999999986,232.08468724924,292.58529127278));
#3615=CARTESIAN_POINT('',(-211.999999999992,232.08468724924,292.58529127278));
#3616=CARTESIAN_POINT('',(-209.999999999987,201.85304392639,292.58529127278));
#3617=CARTESIAN_POINT('',(-209.999999999987,216.968865587815,292.58529127278));
#3618=CARTESIAN_POINT('',(-211.999999999992,201.85304392639,292.58529127278));
#3619=CARTESIAN_POINT('Origin',(-211.999999999992,182.32204752324,273.054294869623));
#3620=CARTESIAN_POINT('',(-211.999999999992,182.32204752324,273.054294869623));
#3621=CARTESIAN_POINT('',(-211.999999999992,201.85304392639,292.58529127278));
#3622=CARTESIAN_POINT('',(-209.999999999988,182.32204752324,273.054294869623));
#3623=CARTESIAN_POINT('',(-209.999999999987,201.85304392639,292.58529127278));
#3624=CARTESIAN_POINT('',(-211.999999999992,182.32204752324,273.054294869623));
#3625=CARTESIAN_POINT('Origin',(-188.999999999995,231.111001211546,291.611605235087));
#3626=CARTESIAN_POINT('',(-211.999999999992,234.575319251817,295.075923275358));
#3627=CARTESIAN_POINT('',(-189.877999999995,231.111001211546,291.611605235087));
#3628=CARTESIAN_POINT('',(-209.999999999987,238.182069023412,298.682673046953));
#3629=CARTESIAN_POINT('Origin',(-158.067667167994,202.569151413556,323.880938619138));
#3630=CARTESIAN_POINT('',(-179.197659843274,202.61997168943,323.931758895012));
#3631=CARTESIAN_POINT('Origin',(-188.999999999994,200.705409620525,322.017196826108));
#3632=CARTESIAN_POINT('',(-194.659164849025,202.657158543297,323.96894574888));
#3633=CARTESIAN_POINT('',(-174.499999999997,172.689344188769,294.001131394352));
#3634=CARTESIAN_POINT('Origin',(-188.999999999992,168.09293776542,287.283404627444));
#3635=CARTESIAN_POINT('',(-209.999999999986,169.153597937199,286.222744455664));
#3636=CARTESIAN_POINT('',(-211.999999999992,182.32204752324,273.054294869623));
#3637=CARTESIAN_POINT('Origin',(-211.999999999992,207.634045701067,328.94583290665));
#3638=CARTESIAN_POINT('',(-211.999999999992,226.831008254798,311.660845431079));
#3639=CARTESIAN_POINT('Origin',(-211.999999999992,225.331008254798,311.660845431079));
#3640=CARTESIAN_POINT('',(-211.999999999992,218.594704411068,319.897149274809));
#3641=CARTESIAN_POINT('Origin',(-211.999999999992,217.094704411068,319.897149274809));
#3642=CARTESIAN_POINT('',(-211.999999999995,236.049623566129,302.291105278578));
#3643=CARTESIAN_POINT('Origin',(-211.999999999994,234.549623566129,302.291105278578));
#3644=CARTESIAN_POINT('',(-211.999999999992,207.820644354088,309.236867699488));
#3645=CARTESIAN_POINT('Origin',(-211.999999999992,206.320644354088,309.236867699488));
#3646=CARTESIAN_POINT('',(-211.999999999992,184.204253562451,285.443627993523));
#3647=CARTESIAN_POINT('Origin',(-211.999999999992,182.704253562451,285.443627993523));
#3648=CARTESIAN_POINT('',(-211.999999999992,194.999098065288,296.23847249636));
#3649=CARTESIAN_POINT('Origin',(-211.999999999992,193.499098065288,296.23847249636));
#3650=CARTESIAN_POINT('Origin',(-209.999999999985,216.968865587815,334.038012106279));
#3651=CARTESIAN_POINT('',(-209.999999999985,236.049623566129,302.291105278578));
#3652=CARTESIAN_POINT('Origin',(-209.999999999985,234.549623566129,302.291105278578));
#3653=CARTESIAN_POINT('',(-209.999999999985,194.999098065288,296.23847249636));
#3654=CARTESIAN_POINT('Origin',(-209.999999999985,193.499098065288,296.23847249636));
#3655=CARTESIAN_POINT('',(-209.999999999985,207.820644354088,309.236867699488));
#3656=CARTESIAN_POINT('Origin',(-209.999999999985,206.320644354088,309.236867699488));
#3657=CARTESIAN_POINT('',(-209.999999999985,226.831008254798,311.660845431079));
#3658=CARTESIAN_POINT('Origin',(-209.999999999985,225.331008254798,311.660845431079));
#3659=CARTESIAN_POINT('',(-209.999999999985,184.204253562451,285.443627993523));
#3660=CARTESIAN_POINT('Origin',(-209.999999999985,182.704253562451,285.443627993523));
#3661=CARTESIAN_POINT('',(-209.999999999985,218.594704411068,319.897149274809));
#3662=CARTESIAN_POINT('Origin',(-209.999999999985,217.094704411068,319.897149274809));
#3663=CARTESIAN_POINT('Origin',(-211.999999999995,182.704253562451,285.443627993523));
#3664=CARTESIAN_POINT('',(-211.999999999995,184.204253562451,285.443627993523));
#3665=CARTESIAN_POINT('Origin',(-211.999999999995,193.499098065288,296.23847249636));
#3666=CARTESIAN_POINT('',(-211.999999999995,194.999098065288,296.23847249636));
#3667=CARTESIAN_POINT('Origin',(-211.999999999995,206.320644354088,309.236867699488));
#3668=CARTESIAN_POINT('',(-211.999999999995,207.820644354088,309.236867699488));
#3669=CARTESIAN_POINT('Origin',(-211.999999999995,217.094704411068,319.897149274809));
#3670=CARTESIAN_POINT('',(-211.999999999995,218.594704411068,319.897149274809));
#3671=CARTESIAN_POINT('Origin',(-211.999999999995,225.331008254798,311.660845431079));
#3672=CARTESIAN_POINT('',(-211.999999999995,226.831008254798,311.660845431079));
#3673=CARTESIAN_POINT('Origin',(-200.327652518554,202.670791965304,323.982579170887));
#3674=CARTESIAN_POINT('Origin',(-160.,172.689344188769,294.001131394352));
#3675=CARTESIAN_POINT('Origin',(-211.999999999995,234.549623566129,302.291105278578));
#3676=CARTESIAN_POINT('',(-211.999999999995,236.049623566129,302.291105278578));
#3677=CARTESIAN_POINT('Origin',(-172.470499999995,224.046297360712,298.676309085922));
#3678=CARTESIAN_POINT('',(0.,0.,0.));
#3679=CARTESIAN_POINT('',(0.,0.,0.));
#3680=UNCERTAINTY_MEASURE_WITH_UNIT(LENGTH_MEASURE(0.01),#3688,
'DISTANCE_ACCURACY_VALUE',
'Maximum model space distance between geometric entities at asserted c
onnectivities');
#3681=UNCERTAINTY_MEASURE_WITH_UNIT(LENGTH_MEASURE(0.01),#3688,
'DISTANCE_ACCURACY_VALUE',
'Maximum model space distance between geometric entities at asserted c
onnectivities');
#3682=UNCERTAINTY_MEASURE_WITH_UNIT(LENGTH_MEASURE(0.01),#3688,
'DISTANCE_ACCURACY_VALUE',
'Maximum model space distance between geometric entities at asserted c
onnectivities');
#3683=UNCERTAINTY_MEASURE_WITH_UNIT(LENGTH_MEASURE(0.01),#3688,
'DISTANCE_ACCURACY_VALUE',
'Maximum model space distance between geometric entities at asserted c
onnectivities');
#3684=(
GEOMETRIC_REPRESENTATION_CONTEXT(3)
GLOBAL_UNCERTAINTY_ASSIGNED_CONTEXT((#3680))
GLOBAL_UNIT_ASSIGNED_CONTEXT((#3688,#3690,#3691))
REPRESENTATION_CONTEXT('','3D')
);
#3685=(
GEOMETRIC_REPRESENTATION_CONTEXT(3)
GLOBAL_UNCERTAINTY_ASSIGNED_CONTEXT((#3681))
GLOBAL_UNIT_ASSIGNED_CONTEXT((#3688,#3690,#3691))
REPRESENTATION_CONTEXT('','3D')
);
#3686=(
GEOMETRIC_REPRESENTATION_CONTEXT(3)
GLOBAL_UNCERTAINTY_ASSIGNED_CONTEXT((#3682))
GLOBAL_UNIT_ASSIGNED_CONTEXT((#3688,#3690,#3691))
REPRESENTATION_CONTEXT('','3D')
);
#3687=(
GEOMETRIC_REPRESENTATION_CONTEXT(3)
GLOBAL_UNCERTAINTY_ASSIGNED_CONTEXT((#3683))
GLOBAL_UNIT_ASSIGNED_CONTEXT((#3688,#3690,#3691))
REPRESENTATION_CONTEXT('','3D')
);
#3688=(
LENGTH_UNIT()
NAMED_UNIT(*)
SI_UNIT(.MILLI.,.METRE.)
);
#3689=(
LENGTH_UNIT()
NAMED_UNIT(*)
SI_UNIT($,.METRE.)
);
#3690=(
NAMED_UNIT(*)
PLANE_ANGLE_UNIT()
SI_UNIT($,.RADIAN.)
);
#3691=(
NAMED_UNIT(*)
SI_UNIT($,.STERADIAN.)
SOLID_ANGLE_UNIT()
);
#3692=SHAPE_DEFINITION_REPRESENTATION(#3695,#3700);
#3693=SHAPE_DEFINITION_REPRESENTATION(#3696,#3701);
#3694=SHAPE_DEFINITION_REPRESENTATION(#3697,#3702);
#3695=PRODUCT_DEFINITION_SHAPE('',$,#3704);
#3696=PRODUCT_DEFINITION_SHAPE('',$,#3705);
#3697=PRODUCT_DEFINITION_SHAPE('',$,#3706);
#3698=PRODUCT_DEFINITION_SHAPE($,$,#17);
#3699=PRODUCT_DEFINITION_SHAPE($,$,#18);
#3700=SHAPE_REPRESENTATION('',(#2288,#2459,#2460),#3684);
#3701=SHAPE_REPRESENTATION('',(#2289),#3685);
#3702=SHAPE_REPRESENTATION('',(#2374),#3686);
#3703=PRODUCT_DEFINITION_CONTEXT('part definition',#3714,'design');
#3704=PRODUCT_DEFINITION('nema17mounts_both(1x)',
'nema17mounts_both(1x) v1',#3707,#3703);
#3705=PRODUCT_DEFINITION('nema17mount (1)','nema17mount (1)',#3708,#3703);
#3706=PRODUCT_DEFINITION('nema17mount (2)','nema17mount (2)',#3709,#3703);
#3707=PRODUCT_DEFINITION_FORMATION('',$,#3716);
#3708=PRODUCT_DEFINITION_FORMATION('',$,#3717);
#3709=PRODUCT_DEFINITION_FORMATION('',$,#3718);
#3710=PRODUCT_RELATED_PRODUCT_CATEGORY('nema17mounts_both(1x) v1',
'nema17mounts_both(1x) v1',(#3716));
#3711=PRODUCT_RELATED_PRODUCT_CATEGORY('nema17mount (1)',
'nema17mount (1)',(#3717));
#3712=PRODUCT_RELATED_PRODUCT_CATEGORY('nema17mount (2)',
'nema17mount (2)',(#3718));
#3713=APPLICATION_PROTOCOL_DEFINITION('international standard',
'automotive_design',2009,#3714);
#3714=APPLICATION_CONTEXT(
'Core Data for Automotive Mechanical Design Process');
#3715=PRODUCT_CONTEXT('part definition',#3714,'mechanical');
#3716=PRODUCT('nema17mounts_both(1x)','nema17mounts_both(1x) v1',$,(#3715));
#3717=PRODUCT('nema17mount (1)','nema17mount (1)',$,(#3715));
#3718=PRODUCT('nema17mount (2)','nema17mount (2)',$,(#3715));
#3719=PRESENTATION_STYLE_ASSIGNMENT((#3721));
#3720=PRESENTATION_STYLE_ASSIGNMENT((#3722));
#3721=SURFACE_STYLE_USAGE(.BOTH.,#3723);
#3722=SURFACE_STYLE_USAGE(.BOTH.,#3724);
#3723=SURFACE_SIDE_STYLE('',(#3725));
#3724=SURFACE_SIDE_STYLE('',(#3726));
#3725=SURFACE_STYLE_FILL_AREA(#3727);
#3726=SURFACE_STYLE_FILL_AREA(#3728);
#3727=FILL_AREA_STYLE('Steel - Satin',(#3729));
#3728=FILL_AREA_STYLE('Aluminum - Anodized Glossy (Grey)',(#3730));
#3729=FILL_AREA_STYLE_COLOUR('Steel - Satin',#3731);
#3730=FILL_AREA_STYLE_COLOUR('Aluminum - Anodized Glossy (Grey)',#3732);
#3731=COLOUR_RGB('Steel - Satin',0.627450980392157,0.627450980392157,0.627450980392157);
#3732=COLOUR_RGB('Aluminum - Anodized Glossy (Grey)',0.537254901960784,
0.537254901960784,0.537254901960784);
ENDSEC;
END-ISO-10303-21;
