ISO-10303-21;
HEADER;
/* Generated by software containing ST-Developer
 * from STEP Tools, Inc. (www.steptools.com) 
 */

FILE_DESCRIPTION(
/* description */ (''),
/* implementation_level */ '2;1');

FILE_NAME(
/* name */ 'XY2(1x).step',
/* time_stamp */ '2025-11-23T22:19:48+05:30',
/* author */ (''),
/* organization */ (''),
/* preprocessor_version */ 'ST-DEVELOPER v20.1',
/* originating_system */ 'Autodesk Translation Framework v14.21.0.0',
/* authorisation */ '');

FILE_SCHEMA (('AUTOMOTIVE_DESIGN { 1 0 10303 214 3 1 1 }'));
ENDSEC;

DATA;
#10=MECHANICAL_DESIGN_GEOMETRIC_PRESENTATION_REPRESENTATION('',(#13),#3298);
#11=SHAPE_REPRESENTATION_RELATIONSHIP('SRR','None',#3305,#12);
#12=ADVANCED_BREP_SHAPE_REPRESENTATION('',(#14),#3297);
#13=STYLED_ITEM('',(#3315),#14);
#14=MANIFOLD_SOLID_BREP('corexyxy1 (1)',#1853);
#15=(
BOUNDED_SURFACE()
B_SPLINE_SURFACE(1,2,((#3013,#3014,#3015),(#3016,#3017,#3018)),
 .UNSPECIFIED.,.F.,.F.,.F.)
B_SPLINE_SURFACE_WITH_KNOTS((2,2),(3,3),(-3.79284123220084E-15,3.78598424082044),
(-1.59052556465864,-0.871660482172031),.UNSPECIFIED.)
GEOMETRIC_REPRESENTATION_ITEM()
RATIONAL_B_SPLINE_SURFACE(((1.,0.936096574081835,1.),(1.,0.936096574081835,
1.)))
REPRESENTATION_ITEM('')
SURFACE()
);
#16=ELLIPSE('',#1938,8.00003330004261,8.);
#17=ELLIPSE('',#1939,7.99905630127798,7.99898970918758);
#18=ELLIPSE('',#1940,8.00003330004261,8.);
#19=ELLIPSE('',#1941,8.00003330004261,8.);
#20=ELLIPSE('',#1947,8.00003330004261,8.);
#21=ELLIPSE('',#1948,8.00003330004261,8.);
#22=ELLIPSE('',#1966,10.0000416250533,9.99999999999999);
#23=(
BOUNDED_CURVE()
B_SPLINE_CURVE(2,(#2823,#2824,#2825),.UNSPECIFIED.,.F.,.F.)
B_SPLINE_CURVE_WITH_KNOTS((3,3),(3.76975464314156,3.83965783310685),
 .UNSPECIFIED.)
CURVE()
GEOMETRIC_REPRESENTATION_ITEM()
RATIONAL_B_SPLINE_CURVE((1.,1.,1.))
REPRESENTATION_ITEM('')
);
#24=(
BOUNDED_CURVE()
B_SPLINE_CURVE(2,(#2826,#2827,#2828),.UNSPECIFIED.,.F.,.F.)
B_SPLINE_CURVE_WITH_KNOTS((3,3),(2.73663591900899,2.80653910895221),
 .UNSPECIFIED.)
CURVE()
GEOMETRIC_REPRESENTATION_ITEM()
RATIONAL_B_SPLINE_CURVE((1.,1.,1.))
REPRESENTATION_ITEM('')
);
#25=(
BOUNDED_CURVE()
B_SPLINE_CURVE(2,(#2835,#2836,#2837),.UNSPECIFIED.,.F.,.F.)
B_SPLINE_CURVE_WITH_KNOTS((3,3),(2.73663591900907,2.80653910895222),
 .UNSPECIFIED.)
CURVE()
GEOMETRIC_REPRESENTATION_ITEM()
RATIONAL_B_SPLINE_CURVE((1.,1.,1.))
REPRESENTATION_ITEM('')
);
#26=(
BOUNDED_CURVE()
B_SPLINE_CURVE(2,(#2898,#2899,#2900),.UNSPECIFIED.,.F.,.F.)
B_SPLINE_CURVE_WITH_KNOTS((3,3),(3.76975464314121,3.83965783310646),
 .UNSPECIFIED.)
CURVE()
GEOMETRIC_REPRESENTATION_ITEM()
RATIONAL_B_SPLINE_CURVE((1.,1.,1.))
REPRESENTATION_ITEM('')
);
#27=(
BOUNDED_CURVE()
B_SPLINE_CURVE(2,(#3021,#3022,#3023),.UNSPECIFIED.,.F.,.F.)
B_SPLINE_CURVE_WITH_KNOTS((3,3),(-3.3617671769882,-0.333058245003542),
 .UNSPECIFIED.)
CURVE()
GEOMETRIC_REPRESENTATION_ITEM()
RATIONAL_B_SPLINE_CURVE((0.99999880575399,0.999995204543432,0.99999906152742))
REPRESENTATION_ITEM('')
);
#28=B_SPLINE_CURVE_WITH_KNOTS('',3,(#2742,#2743,#2744,#2745,#2746,#2747,
#2748),.UNSPECIFIED.,.F.,.F.,(4,1,1,1,4),(-3.85457648512048,-3.65086681896885,
-3.2434474866656,-2.83602815436235,-2.4286088220591),.UNSPECIFIED.);
#29=B_SPLINE_CURVE_WITH_KNOTS('',3,(#2750,#2751,#2752,#2753,#2754,#2755,
#2756,#2757,#2758,#2759,#2760,#2761,#2762,#2763,#2764,#2765,#2766,#2767,
#2768,#2769,#2770,#2771,#2772,#2773,#2774,#2775,#2776,#2777),
 .UNSPECIFIED.,.F.,.F.,(4,3,3,3,3,3,3,3,3,4),(0.,0.0155706944429383,0.030678336858549,
0.0456684597474457,0.0607274745985099,0.069238546936422,0.088021907408834,
0.106247000839647,0.125309494832859,0.14437198882607),.UNSPECIFIED.);
#30=B_SPLINE_CURVE_WITH_KNOTS('',3,(#2779,#2780,#2781,#2782,#2783),
 .UNSPECIFIED.,.F.,.F.,(4,1,4),(2.7870288813738,2.83602815436235,3.14087412058555),
 .UNSPECIFIED.);
#31=B_SPLINE_CURVE_WITH_KNOTS('',3,(#2785,#2786,#2787,#2788,#2789),
 .UNSPECIFIED.,.F.,.F.,(4,1,4),(3.14087412058555,3.2434474866656,3.49600877128103),
 .UNSPECIFIED.);
#32=B_SPLINE_CURVE_WITH_KNOTS('',3,(#2790,#2791,#2792,#2793,#2794,#2795,
#2796,#2797,#2798,#2799,#2800,#2801,#2802,#2803,#2804,#2805,#2806,#2807,
#2808,#2809,#2810,#2811,#2812,#2813,#2814,#2815,#2816,#2817,#2818,#2819,
#2820),.UNSPECIFIED.,.F.,.F.,(4,3,3,3,3,3,3,3,3,3,4),(-0.12346364165779,
-0.110881784873033,-0.0985372419474933,-0.0861782973781551,-0.0735357340043184,
-0.0638118859038439,-0.0516916422455304,-0.035817258785948,-0.0199579310573359,
-0.00410832742430466,0.),.UNSPECIFIED.);
#33=B_SPLINE_CURVE_WITH_KNOTS('',3,(#2839,#2840,#2841,#2842,#2843,#2844,
#2845,#2846,#2847,#2848,#2849,#2850,#2851,#2852,#2853,#2854,#2855,#2856,
#2857,#2858,#2859,#2860,#2861,#2862,#2863,#2864,#2865,#2866),
 .UNSPECIFIED.,.F.,.F.,(4,3,3,3,3,3,3,3,3,4),(-0.123463641659194,-0.110156402815107,
-0.0971770942526504,-0.0842661698698119,-0.0712678069309499,-0.0638118859042904,
-0.0477800895249075,-0.0317411249834543,-0.0156855411418873,0.),
 .UNSPECIFIED.);
#34=B_SPLINE_CURVE_WITH_KNOTS('',3,(#2870,#2871,#2872,#2873,#2874,#2875,
#2876,#2877,#2878,#2879,#2880,#2881,#2882,#2883,#2884,#2885,#2886,#2887,
#2888,#2889,#2890,#2891,#2892,#2893,#2894,#2895,#2896,#2897),
 .UNSPECIFIED.,.F.,.F.,(4,3,3,3,3,3,3,3,3,4),(0.,0.0156194172878173,0.0307809695225399,
0.0458245110838542,0.0609311467915611,0.0692385469364233,0.0880219074081838,
0.106326472962496,0.12534923089298,0.144371988823465),.UNSPECIFIED.);
#35=B_SPLINE_CURVE_WITH_KNOTS('',3,(#2930,#2931,#2932,#2933,#2934),
 .UNSPECIFIED.,.F.,.F.,(4,1,4),(2.78751232359199,2.83602815436237,3.14159265358981),
 .UNSPECIFIED.);
#36=B_SPLINE_CURVE_WITH_KNOTS('',3,(#2935,#2936,#2937,#2938,#2939,#2940),
 .UNSPECIFIED.,.F.,.F.,(4,1,1,4),(3.14149125295096,3.24344748666565,3.44715715281728,
3.49591065724606),.UNSPECIFIED.);
#37=B_SPLINE_CURVE_WITH_KNOTS('',3,(#2941,#2942,#2943,#2944,#2945,#2946,
#2947),.UNSPECIFIED.,.F.,.F.,(4,1,1,1,4),(-3.85457648512056,-3.44715715281728,
-3.24344748666565,-2.83602815436237,-2.42860882205909),.UNSPECIFIED.);
#38=B_SPLINE_CURVE_WITH_KNOTS('',3,(#3026,#3027,#3028,#3029),
 .UNSPECIFIED.,.F.,.F.,(4,4),(1.20978442350707,1.22114928003011),
 .UNSPECIFIED.);
#39=B_SPLINE_CURVE_WITH_KNOTS('',3,(#3054,#3055,#3056,#3057),
 .UNSPECIFIED.,.F.,.F.,(4,4),(0.,0.315897976896611),.UNSPECIFIED.);
#40=B_SPLINE_CURVE_WITH_KNOTS('',3,(#3062,#3063,#3064,#3065),
 .UNSPECIFIED.,.F.,.F.,(4,4),(0.,0.275632207511892),.UNSPECIFIED.);
#41=B_SPLINE_CURVE_WITH_KNOTS('',3,(#3070,#3071,#3072,#3073),
 .UNSPECIFIED.,.F.,.F.,(4,4),(0.,0.280364889681894),.UNSPECIFIED.);
#42=B_SPLINE_SURFACE_WITH_KNOTS('',3,3,((#2712,#2713,#2714,#2715,#2716,
#2717,#2718),(#2719,#2720,#2721,#2722,#2723,#2724,#2725),(#2726,#2727,#2728,
#2729,#2730,#2731,#2732),(#2733,#2734,#2735,#2736,#2737,#2738,#2739)),
 .UNSPECIFIED.,.F.,.F.,.F.,(4,4),(4,1,1,1,4),(0.,1.),(2.4286088220591,2.83602815436235,
3.2434474866656,3.65086681896885,3.85457648512048),.UNSPECIFIED.);
#43=B_SPLINE_SURFACE_WITH_KNOTS('',3,3,((#2901,#2902,#2903,#2904,#2905,
#2906,#2907),(#2908,#2909,#2910,#2911,#2912,#2913,#2914),(#2915,#2916,#2917,
#2918,#2919,#2920,#2921),(#2922,#2923,#2924,#2925,#2926,#2927,#2928)),
 .UNSPECIFIED.,.F.,.F.,.F.,(4,4),(4,1,1,1,4),(0.,1.),(2.42860882205909,
2.83602815436237,3.24344748666565,3.44715715281728,3.85457648512056),
 .UNSPECIFIED.);
#44=CONICAL_SURFACE('',#1884,2.00000000000003,0.785398163397459);
#45=CONICAL_SURFACE('',#1888,1.99999999999999,0.785398163397453);
#46=CONICAL_SURFACE('',#1892,2.,0.785398163397451);
#47=CONICAL_SURFACE('',#1896,2.,0.785398163397451);
#48=CONICAL_SURFACE('',#1900,1.99999999999998,0.785398163397448);
#49=CONICAL_SURFACE('',#1910,2.49999999999999,0.785398163397454);
#50=CONICAL_SURFACE('',#1914,2.49999999999999,0.785398163397448);
#51=CONICAL_SURFACE('',#1918,2.5,0.785398163397456);
#52=CONICAL_SURFACE('',#1922,2.5,0.785398163397463);
#53=CONICAL_SURFACE('',#1951,7.,0.785398163397458);
#54=CONICAL_SURFACE('',#1954,4.423,0.785398163397456);
#55=CYLINDRICAL_SURFACE('',#1880,6.5);
#56=CYLINDRICAL_SURFACE('',#1886,1.50000000000002);
#57=CYLINDRICAL_SURFACE('',#1890,1.49999999999999);
#58=CYLINDRICAL_SURFACE('',#1894,1.5);
#59=CYLINDRICAL_SURFACE('',#1898,1.5);
#60=CYLINDRICAL_SURFACE('',#1908,1.49999999999999);
#61=CYLINDRICAL_SURFACE('',#1912,1.99999999999999);
#62=CYLINDRICAL_SURFACE('',#1916,1.99999999999999);
#63=CYLINDRICAL_SURFACE('',#1920,1.99999999999999);
#64=CYLINDRICAL_SURFACE('',#1924,1.99999999999999);
#65=CYLINDRICAL_SURFACE('',#1943,8.);
#66=CYLINDRICAL_SURFACE('',#1963,10.);
#67=CYLINDRICAL_SURFACE('',#1972,8.);
#68=CYLINDRICAL_SURFACE('',#1973,5.42300000000001);
#69=CYLINDRICAL_SURFACE('',#1978,2.5);
#70=CYLINDRICAL_SURFACE('',#1982,2.5);
#71=CYLINDRICAL_SURFACE('',#1997,1.5);
#72=CYLINDRICAL_SURFACE('',#2008,1.5);
#73=CYLINDRICAL_SURFACE('',#2011,1.5);
#74=CYLINDRICAL_SURFACE('',#2018,3.);
#75=CYLINDRICAL_SURFACE('',#2019,6.5);
#76=CYLINDRICAL_SURFACE('',#2022,1.5);
#77=CYLINDRICAL_SURFACE('',#2029,1.5);
#78=TOROIDAL_SURFACE('',#1869,7.5,1.);
#79=FACE_BOUND('',#274,.T.);
#80=FACE_BOUND('',#277,.T.);
#81=FACE_BOUND('',#278,.T.);
#82=FACE_BOUND('',#279,.T.);
#83=FACE_BOUND('',#280,.T.);
#84=FACE_BOUND('',#281,.T.);
#85=FACE_BOUND('',#293,.T.);
#86=FACE_BOUND('',#294,.T.);
#87=FACE_BOUND('',#295,.T.);
#88=FACE_BOUND('',#311,.T.);
#89=FACE_BOUND('',#337,.T.);
#90=FACE_BOUND('',#352,.T.);
#91=FACE_BOUND('',#353,.T.);
#92=FACE_BOUND('',#354,.T.);
#93=FACE_BOUND('',#355,.T.);
#94=FACE_BOUND('',#356,.T.);
#95=FACE_BOUND('',#359,.T.);
#96=FACE_BOUND('',#360,.T.);
#97=FACE_BOUND('',#366,.T.);
#98=FACE_BOUND('',#375,.T.);
#99=FACE_BOUND('',#377,.T.);
#100=FACE_BOUND('',#379,.T.);
#101=FACE_BOUND('',#388,.T.);
#102=FACE_BOUND('',#389,.T.);
#103=FACE_BOUND('',#390,.T.);
#104=FACE_BOUND('',#391,.T.);
#105=FACE_BOUND('',#397,.T.);
#106=FACE_BOUND('',#400,.T.);
#107=FACE_BOUND('',#401,.T.);
#108=CIRCLE('',#1868,2.5);
#109=CIRCLE('',#1870,7.5);
#110=CIRCLE('',#1871,1.);
#111=CIRCLE('',#1872,6.5);
#112=CIRCLE('',#1874,3.42299999999999);
#113=CIRCLE('',#1875,5.99999999999999);
#114=CIRCLE('',#1876,2.50000000000004);
#115=CIRCLE('',#1877,2.5);
#116=CIRCLE('',#1878,2.5);
#117=CIRCLE('',#1879,2.5);
#118=CIRCLE('',#1881,6.5);
#119=CIRCLE('',#1882,6.5);
#120=CIRCLE('',#1883,6.5);
#121=CIRCLE('',#1885,1.50000000000002);
#122=CIRCLE('',#1887,1.50000000000002);
#123=CIRCLE('',#1889,1.49999999999999);
#124=CIRCLE('',#1891,1.49999999999999);
#125=CIRCLE('',#1893,1.5);
#126=CIRCLE('',#1895,1.5);
#127=CIRCLE('',#1897,1.5);
#128=CIRCLE('',#1899,1.5);
#129=CIRCLE('',#1901,2.49999999999998);
#130=CIRCLE('',#1902,1.49999999999999);
#131=CIRCLE('',#1904,3.00000000000001);
#132=CIRCLE('',#1905,3.00000000000001);
#133=CIRCLE('',#1906,2.99999999999999);
#134=CIRCLE('',#1907,2.99999999999999);
#135=CIRCLE('',#1909,1.49999999999999);
#136=CIRCLE('',#1911,1.99999999999999);
#137=CIRCLE('',#1913,1.99999999999999);
#138=CIRCLE('',#1915,1.99999999999999);
#139=CIRCLE('',#1917,1.99999999999999);
#140=CIRCLE('',#1919,1.99999999999999);
#141=CIRCLE('',#1921,1.99999999999999);
#142=CIRCLE('',#1923,1.99999999999999);
#143=CIRCLE('',#1925,1.99999999999999);
#144=CIRCLE('',#1930,1.5);
#145=CIRCLE('',#1944,8.);
#146=CIRCLE('',#1945,8.);
#147=CIRCLE('',#1946,8.);
#148=CIRCLE('',#1952,8.);
#149=CIRCLE('',#1955,5.42300000000001);
#150=CIRCLE('',#1964,10.);
#151=CIRCLE('',#1965,10.);
#152=CIRCLE('',#1967,10.);
#153=CIRCLE('',#1970,5.42300000000001);
#154=CIRCLE('',#1971,1.5);
#155=CIRCLE('',#1975,2.5);
#156=CIRCLE('',#1976,2.5);
#157=CIRCLE('',#1977,2.5);
#158=CIRCLE('',#1979,2.5);
#159=CIRCLE('',#1981,2.5);
#160=CIRCLE('',#1991,6.5);
#161=CIRCLE('',#1994,1.5);
#162=CIRCLE('',#1998,1.5);
#163=CIRCLE('',#1999,1.5);
#164=CIRCLE('',#2002,3.);
#165=CIRCLE('',#2007,1.5);
#166=CIRCLE('',#2010,1.5);
#167=CIRCLE('',#2013,3.);
#168=CIRCLE('',#2015,6.5);
#169=CIRCLE('',#2016,3.);
#170=CIRCLE('',#2023,1.5);
#171=CIRCLE('',#2030,1.5);
#172=CIRCLE('',#2031,1.5);
#173=FACE_OUTER_BOUND('',#273,.T.);
#174=FACE_OUTER_BOUND('',#275,.T.);
#175=FACE_OUTER_BOUND('',#276,.T.);
#176=FACE_OUTER_BOUND('',#282,.T.);
#177=FACE_OUTER_BOUND('',#283,.T.);
#178=FACE_OUTER_BOUND('',#284,.T.);
#179=FACE_OUTER_BOUND('',#285,.T.);
#180=FACE_OUTER_BOUND('',#286,.T.);
#181=FACE_OUTER_BOUND('',#287,.T.);
#182=FACE_OUTER_BOUND('',#288,.T.);
#183=FACE_OUTER_BOUND('',#289,.T.);
#184=FACE_OUTER_BOUND('',#290,.T.);
#185=FACE_OUTER_BOUND('',#291,.T.);
#186=FACE_OUTER_BOUND('',#292,.T.);
#187=FACE_OUTER_BOUND('',#296,.T.);
#188=FACE_OUTER_BOUND('',#297,.T.);
#189=FACE_OUTER_BOUND('',#298,.T.);
#190=FACE_OUTER_BOUND('',#299,.T.);
#191=FACE_OUTER_BOUND('',#300,.T.);
#192=FACE_OUTER_BOUND('',#301,.T.);
#193=FACE_OUTER_BOUND('',#302,.T.);
#194=FACE_OUTER_BOUND('',#303,.T.);
#195=FACE_OUTER_BOUND('',#304,.T.);
#196=FACE_OUTER_BOUND('',#305,.T.);
#197=FACE_OUTER_BOUND('',#306,.T.);
#198=FACE_OUTER_BOUND('',#307,.T.);
#199=FACE_OUTER_BOUND('',#308,.T.);
#200=FACE_OUTER_BOUND('',#309,.T.);
#201=FACE_OUTER_BOUND('',#310,.T.);
#202=FACE_OUTER_BOUND('',#312,.T.);
#203=FACE_OUTER_BOUND('',#313,.T.);
#204=FACE_OUTER_BOUND('',#314,.T.);
#205=FACE_OUTER_BOUND('',#315,.T.);
#206=FACE_OUTER_BOUND('',#316,.T.);
#207=FACE_OUTER_BOUND('',#317,.T.);
#208=FACE_OUTER_BOUND('',#318,.T.);
#209=FACE_OUTER_BOUND('',#319,.T.);
#210=FACE_OUTER_BOUND('',#320,.T.);
#211=FACE_OUTER_BOUND('',#321,.T.);
#212=FACE_OUTER_BOUND('',#322,.T.);
#213=FACE_OUTER_BOUND('',#323,.T.);
#214=FACE_OUTER_BOUND('',#324,.T.);
#215=FACE_OUTER_BOUND('',#325,.T.);
#216=FACE_OUTER_BOUND('',#326,.T.);
#217=FACE_OUTER_BOUND('',#327,.T.);
#218=FACE_OUTER_BOUND('',#328,.T.);
#219=FACE_OUTER_BOUND('',#329,.T.);
#220=FACE_OUTER_BOUND('',#330,.T.);
#221=FACE_OUTER_BOUND('',#331,.T.);
#222=FACE_OUTER_BOUND('',#332,.T.);
#223=FACE_OUTER_BOUND('',#333,.T.);
#224=FACE_OUTER_BOUND('',#334,.T.);
#225=FACE_OUTER_BOUND('',#335,.T.);
#226=FACE_OUTER_BOUND('',#336,.T.);
#227=FACE_OUTER_BOUND('',#338,.T.);
#228=FACE_OUTER_BOUND('',#339,.T.);
#229=FACE_OUTER_BOUND('',#340,.T.);
#230=FACE_OUTER_BOUND('',#341,.T.);
#231=FACE_OUTER_BOUND('',#342,.T.);
#232=FACE_OUTER_BOUND('',#343,.T.);
#233=FACE_OUTER_BOUND('',#344,.T.);
#234=FACE_OUTER_BOUND('',#345,.T.);
#235=FACE_OUTER_BOUND('',#346,.T.);
#236=FACE_OUTER_BOUND('',#347,.T.);
#237=FACE_OUTER_BOUND('',#348,.T.);
#238=FACE_OUTER_BOUND('',#349,.T.);
#239=FACE_OUTER_BOUND('',#350,.T.);
#240=FACE_OUTER_BOUND('',#351,.T.);
#241=FACE_OUTER_BOUND('',#357,.T.);
#242=FACE_OUTER_BOUND('',#358,.T.);
#243=FACE_OUTER_BOUND('',#361,.T.);
#244=FACE_OUTER_BOUND('',#362,.T.);
#245=FACE_OUTER_BOUND('',#363,.T.);
#246=FACE_OUTER_BOUND('',#364,.T.);
#247=FACE_OUTER_BOUND('',#365,.T.);
#248=FACE_OUTER_BOUND('',#367,.T.);
#249=FACE_OUTER_BOUND('',#368,.T.);
#250=FACE_OUTER_BOUND('',#369,.T.);
#251=FACE_OUTER_BOUND('',#370,.T.);
#252=FACE_OUTER_BOUND('',#371,.T.);
#253=FACE_OUTER_BOUND('',#372,.T.);
#254=FACE_OUTER_BOUND('',#373,.T.);
#255=FACE_OUTER_BOUND('',#374,.T.);
#256=FACE_OUTER_BOUND('',#376,.T.);
#257=FACE_OUTER_BOUND('',#378,.T.);
#258=FACE_OUTER_BOUND('',#380,.T.);
#259=FACE_OUTER_BOUND('',#381,.T.);
#260=FACE_OUTER_BOUND('',#382,.T.);
#261=FACE_OUTER_BOUND('',#383,.T.);
#262=FACE_OUTER_BOUND('',#384,.T.);
#263=FACE_OUTER_BOUND('',#385,.T.);
#264=FACE_OUTER_BOUND('',#386,.T.);
#265=FACE_OUTER_BOUND('',#387,.T.);
#266=FACE_OUTER_BOUND('',#392,.T.);
#267=FACE_OUTER_BOUND('',#393,.T.);
#268=FACE_OUTER_BOUND('',#394,.T.);
#269=FACE_OUTER_BOUND('',#395,.T.);
#270=FACE_OUTER_BOUND('',#396,.T.);
#271=FACE_OUTER_BOUND('',#398,.T.);
#272=FACE_OUTER_BOUND('',#399,.T.);
#273=EDGE_LOOP('',(#1169,#1170,#1171,#1172,#1173,#1174,#1175,#1176,#1177,
#1178,#1179,#1180,#1181,#1182,#1183,#1184,#1185,#1186,#1187,#1188));
#274=EDGE_LOOP('',(#1189));
#275=EDGE_LOOP('',(#1190,#1191,#1192,#1193));
#276=EDGE_LOOP('',(#1194,#1195,#1196,#1197,#1198,#1199,#1200,#1201));
#277=EDGE_LOOP('',(#1202));
#278=EDGE_LOOP('',(#1203));
#279=EDGE_LOOP('',(#1204));
#280=EDGE_LOOP('',(#1205));
#281=EDGE_LOOP('',(#1206));
#282=EDGE_LOOP('',(#1207,#1208,#1209,#1210,#1211,#1212));
#283=EDGE_LOOP('',(#1213,#1214,#1215,#1216));
#284=EDGE_LOOP('',(#1217,#1218,#1219,#1220));
#285=EDGE_LOOP('',(#1221,#1222,#1223,#1224));
#286=EDGE_LOOP('',(#1225,#1226,#1227,#1228));
#287=EDGE_LOOP('',(#1229,#1230,#1231,#1232));
#288=EDGE_LOOP('',(#1233,#1234,#1235,#1236));
#289=EDGE_LOOP('',(#1237,#1238,#1239,#1240));
#290=EDGE_LOOP('',(#1241,#1242,#1243,#1244));
#291=EDGE_LOOP('',(#1245,#1246,#1247,#1248));
#292=EDGE_LOOP('',(#1249,#1250,#1251,#1252,#1253,#1254,#1255,#1256,#1257,
#1258));
#293=EDGE_LOOP('',(#1259));
#294=EDGE_LOOP('',(#1260));
#295=EDGE_LOOP('',(#1261));
#296=EDGE_LOOP('',(#1262,#1263,#1264,#1265));
#297=EDGE_LOOP('',(#1266,#1267,#1268,#1269));
#298=EDGE_LOOP('',(#1270,#1271,#1272,#1273));
#299=EDGE_LOOP('',(#1274,#1275,#1276,#1277));
#300=EDGE_LOOP('',(#1278,#1279,#1280,#1281));
#301=EDGE_LOOP('',(#1282,#1283,#1284,#1285,#1286));
#302=EDGE_LOOP('',(#1287,#1288,#1289,#1290,#1291,#1292));
#303=EDGE_LOOP('',(#1293,#1294,#1295,#1296,#1297,#1298));
#304=EDGE_LOOP('',(#1299,#1300,#1301,#1302,#1303,#1304));
#305=EDGE_LOOP('',(#1305,#1306,#1307,#1308,#1309));
#306=EDGE_LOOP('',(#1310,#1311,#1312,#1313,#1314,#1315));
#307=EDGE_LOOP('',(#1316,#1317,#1318,#1319));
#308=EDGE_LOOP('',(#1320,#1321,#1322,#1323));
#309=EDGE_LOOP('',(#1324,#1325,#1326,#1327));
#310=EDGE_LOOP('',(#1328,#1329,#1330,#1331,#1332,#1333,#1334,#1335,#1336,
#1337));
#311=EDGE_LOOP('',(#1338));
#312=EDGE_LOOP('',(#1339,#1340,#1341,#1342,#1343,#1344,#1345,#1346,#1347,
#1348,#1349,#1350));
#313=EDGE_LOOP('',(#1351,#1352,#1353,#1354));
#314=EDGE_LOOP('',(#1355,#1356,#1357,#1358));
#315=EDGE_LOOP('',(#1359,#1360,#1361,#1362,#1363));
#316=EDGE_LOOP('',(#1364,#1365,#1366,#1367,#1368));
#317=EDGE_LOOP('',(#1369,#1370,#1371,#1372));
#318=EDGE_LOOP('',(#1373,#1374,#1375,#1376,#1377));
#319=EDGE_LOOP('',(#1378,#1379,#1380,#1381,#1382,#1383,#1384));
#320=EDGE_LOOP('',(#1385,#1386,#1387,#1388));
#321=EDGE_LOOP('',(#1389,#1390,#1391,#1392,#1393,#1394,#1395,#1396));
#322=EDGE_LOOP('',(#1397,#1398,#1399,#1400));
#323=EDGE_LOOP('',(#1401,#1402,#1403,#1404));
#324=EDGE_LOOP('',(#1405,#1406,#1407,#1408,#1409,#1410,#1411));
#325=EDGE_LOOP('',(#1412,#1413,#1414,#1415));
#326=EDGE_LOOP('',(#1416,#1417,#1418,#1419));
#327=EDGE_LOOP('',(#1420,#1421,#1422,#1423));
#328=EDGE_LOOP('',(#1424,#1425,#1426,#1427));
#329=EDGE_LOOP('',(#1428,#1429,#1430,#1431));
#330=EDGE_LOOP('',(#1432,#1433,#1434,#1435));
#331=EDGE_LOOP('',(#1436,#1437,#1438,#1439));
#332=EDGE_LOOP('',(#1440,#1441,#1442,#1443));
#333=EDGE_LOOP('',(#1444,#1445,#1446));
#334=EDGE_LOOP('',(#1447,#1448,#1449,#1450,#1451,#1452,#1453));
#335=EDGE_LOOP('',(#1454,#1455,#1456,#1457));
#336=EDGE_LOOP('',(#1458,#1459,#1460,#1461,#1462,#1463,#1464,#1465));
#337=EDGE_LOOP('',(#1466));
#338=EDGE_LOOP('',(#1467,#1468,#1469));
#339=EDGE_LOOP('',(#1470,#1471,#1472,#1473,#1474));
#340=EDGE_LOOP('',(#1475,#1476,#1477));
#341=EDGE_LOOP('',(#1478,#1479,#1480,#1481,#1482,#1483,#1484,#1485));
#342=EDGE_LOOP('',(#1486,#1487));
#343=EDGE_LOOP('',(#1488,#1489,#1490,#1491));
#344=EDGE_LOOP('',(#1492,#1493,#1494));
#345=EDGE_LOOP('',(#1495,#1496,#1497,#1498));
#346=EDGE_LOOP('',(#1499,#1500,#1501,#1502,#1503,#1504,#1505,#1506,#1507));
#347=EDGE_LOOP('',(#1508,#1509,#1510,#1511,#1512,#1513));
#348=EDGE_LOOP('',(#1514,#1515,#1516));
#349=EDGE_LOOP('',(#1517,#1518,#1519,#1520,#1521));
#350=EDGE_LOOP('',(#1522,#1523,#1524,#1525,#1526,#1527,#1528,#1529));
#351=EDGE_LOOP('',(#1530,#1531,#1532,#1533,#1534,#1535,#1536,#1537,#1538,
#1539,#1540));
#352=EDGE_LOOP('',(#1541));
#353=EDGE_LOOP('',(#1542));
#354=EDGE_LOOP('',(#1543,#1544,#1545));
#355=EDGE_LOOP('',(#1546));
#356=EDGE_LOOP('',(#1547));
#357=EDGE_LOOP('',(#1548,#1549,#1550,#1551));
#358=EDGE_LOOP('',(#1552,#1553,#1554,#1555,#1556,#1557,#1558,#1559,#1560,
#1561,#1562));
#359=EDGE_LOOP('',(#1563));
#360=EDGE_LOOP('',(#1564));
#361=EDGE_LOOP('',(#1565,#1566,#1567,#1568));
#362=EDGE_LOOP('',(#1569,#1570,#1571,#1572));
#363=EDGE_LOOP('',(#1573,#1574,#1575,#1576));
#364=EDGE_LOOP('',(#1577,#1578,#1579,#1580,#1581,#1582,#1583));
#365=EDGE_LOOP('',(#1584));
#366=EDGE_LOOP('',(#1585));
#367=EDGE_LOOP('',(#1586,#1587,#1588,#1589));
#368=EDGE_LOOP('',(#1590,#1591,#1592,#1593));
#369=EDGE_LOOP('',(#1594,#1595,#1596,#1597));
#370=EDGE_LOOP('',(#1598));
#371=EDGE_LOOP('',(#1599,#1600,#1601,#1602));
#372=EDGE_LOOP('',(#1603));
#373=EDGE_LOOP('',(#1604,#1605,#1606,#1607));
#374=EDGE_LOOP('',(#1608));
#375=EDGE_LOOP('',(#1609));
#376=EDGE_LOOP('',(#1610,#1611,#1612));
#377=EDGE_LOOP('',(#1613));
#378=EDGE_LOOP('',(#1614,#1615,#1616,#1617));
#379=EDGE_LOOP('',(#1618));
#380=EDGE_LOOP('',(#1619,#1620,#1621,#1622));
#381=EDGE_LOOP('',(#1623,#1624,#1625,#1626));
#382=EDGE_LOOP('',(#1627,#1628,#1629,#1630));
#383=EDGE_LOOP('',(#1631,#1632,#1633,#1634));
#384=EDGE_LOOP('',(#1635,#1636,#1637,#1638));
#385=EDGE_LOOP('',(#1639,#1640,#1641,#1642));
#386=EDGE_LOOP('',(#1643,#1644,#1645));
#387=EDGE_LOOP('',(#1646,#1647,#1648,#1649,#1650));
#388=EDGE_LOOP('',(#1651));
#389=EDGE_LOOP('',(#1652));
#390=EDGE_LOOP('',(#1653));
#391=EDGE_LOOP('',(#1654));
#392=EDGE_LOOP('',(#1655,#1656,#1657,#1658,#1659,#1660));
#393=EDGE_LOOP('',(#1661,#1662,#1663,#1664));
#394=EDGE_LOOP('',(#1665,#1666,#1667,#1668));
#395=EDGE_LOOP('',(#1669,#1670,#1671,#1672));
#396=EDGE_LOOP('',(#1673,#1674,#1675,#1676));
#397=EDGE_LOOP('',(#1677));
#398=EDGE_LOOP('',(#1678,#1679,#1680,#1681));
#399=EDGE_LOOP('',(#1682,#1683,#1684,#1685,#1686,#1687,#1688));
#400=EDGE_LOOP('',(#1689));
#401=EDGE_LOOP('',(#1690));
#402=LINE('',#2550,#572);
#403=LINE('',#2552,#573);
#404=LINE('',#2554,#574);
#405=LINE('',#2556,#575);
#406=LINE('',#2558,#576);
#407=LINE('',#2560,#577);
#408=LINE('',#2562,#578);
#409=LINE('',#2564,#579);
#410=LINE('',#2566,#580);
#411=LINE('',#2568,#581);
#412=LINE('',#2570,#582);
#413=LINE('',#2572,#583);
#414=LINE('',#2574,#584);
#415=LINE('',#2576,#585);
#416=LINE('',#2578,#586);
#417=LINE('',#2580,#587);
#418=LINE('',#2582,#588);
#419=LINE('',#2584,#589);
#420=LINE('',#2586,#590);
#421=LINE('',#2587,#591);
#422=LINE('',#2599,#592);
#423=LINE('',#2601,#593);
#424=LINE('',#2603,#594);
#425=LINE('',#2605,#595);
#426=LINE('',#2607,#596);
#427=LINE('',#2609,#597);
#428=LINE('',#2625,#598);
#429=LINE('',#2631,#599);
#430=LINE('',#2635,#600);
#431=LINE('',#2639,#601);
#432=LINE('',#2643,#602);
#433=LINE('',#2647,#603);
#434=LINE('',#2651,#604);
#435=LINE('',#2655,#605);
#436=LINE('',#2659,#606);
#437=LINE('',#2665,#607);
#438=LINE('',#2670,#608);
#439=LINE('',#2672,#609);
#440=LINE('',#2674,#610);
#441=LINE('',#2678,#611);
#442=LINE('',#2682,#612);
#443=LINE('',#2684,#613);
#444=LINE('',#2686,#614);
#445=LINE('',#2687,#615);
#446=LINE('',#2695,#616);
#447=LINE('',#2698,#617);
#448=LINE('',#2702,#618);
#449=LINE('',#2706,#619);
#450=LINE('',#2710,#620);
#451=LINE('',#2831,#621);
#452=LINE('',#2950,#622);
#453=LINE('',#2953,#623);
#454=LINE('',#2954,#624);
#455=LINE('',#2957,#625);
#456=LINE('',#2958,#626);
#457=LINE('',#2961,#627);
#458=LINE('',#2962,#628);
#459=LINE('',#2965,#629);
#460=LINE('',#2967,#630);
#461=LINE('',#2969,#631);
#462=LINE('',#2971,#632);
#463=LINE('',#2973,#633);
#464=LINE('',#2975,#634);
#465=LINE('',#2977,#635);
#466=LINE('',#2978,#636);
#467=LINE('',#2983,#637);
#468=LINE('',#2984,#638);
#469=LINE('',#2987,#639);
#470=LINE('',#2988,#640);
#471=LINE('',#2990,#641);
#472=LINE('',#2993,#642);
#473=LINE('',#2995,#643);
#474=LINE('',#2997,#644);
#475=LINE('',#2998,#645);
#476=LINE('',#3000,#646);
#477=LINE('',#3002,#647);
#478=LINE('',#3003,#648);
#479=LINE('',#3007,#649);
#480=LINE('',#3025,#650);
#481=LINE('',#3032,#651);
#482=LINE('',#3034,#652);
#483=LINE('',#3035,#653);
#484=LINE('',#3040,#654);
#485=LINE('',#3044,#655);
#486=LINE('',#3051,#656);
#487=LINE('',#3058,#657);
#488=LINE('',#3059,#658);
#489=LINE('',#3067,#659);
#490=LINE('',#3077,#660);
#491=LINE('',#3078,#661);
#492=LINE('',#3081,#662);
#493=LINE('',#3082,#663);
#494=LINE('',#3084,#664);
#495=LINE('',#3085,#665);
#496=LINE('',#3089,#666);
#497=LINE('',#3090,#667);
#498=LINE('',#3092,#668);
#499=LINE('',#3095,#669);
#500=LINE('',#3096,#670);
#501=LINE('',#3101,#671);
#502=LINE('',#3105,#672);
#503=LINE('',#3111,#673);
#504=LINE('',#3113,#674);
#505=LINE('',#3114,#675);
#506=LINE('',#3118,#676);
#507=LINE('',#3119,#677);
#508=LINE('',#3125,#678);
#509=LINE('',#3126,#679);
#510=LINE('',#3135,#680);
#511=LINE('',#3137,#681);
#512=LINE('',#3140,#682);
#513=LINE('',#3147,#683);
#514=LINE('',#3149,#684);
#515=LINE('',#3150,#685);
#516=LINE('',#3153,#686);
#517=LINE('',#3155,#687);
#518=LINE('',#3156,#688);
#519=LINE('',#3159,#689);
#520=LINE('',#3160,#690);
#521=LINE('',#3162,#691);
#522=LINE('',#3163,#692);
#523=LINE('',#3165,#693);
#524=LINE('',#3166,#694);
#525=LINE('',#3167,#695);
#526=LINE('',#3170,#696);
#527=LINE('',#3171,#697);
#528=LINE('',#3175,#698);
#529=LINE('',#3176,#699);
#530=LINE('',#3177,#700);
#531=LINE('',#3180,#701);
#532=LINE('',#3182,#702);
#533=LINE('',#3184,#703);
#534=LINE('',#3185,#704);
#535=LINE('',#3186,#705);
#536=LINE('',#3188,#706);
#537=LINE('',#3189,#707);
#538=LINE('',#3194,#708);
#539=LINE('',#3195,#709);
#540=LINE('',#3198,#710);
#541=LINE('',#3200,#711);
#542=LINE('',#3201,#712);
#543=LINE('',#3203,#713);
#544=LINE('',#3205,#714);
#545=LINE('',#3206,#715);
#546=LINE('',#3207,#716);
#547=LINE('',#3208,#717);
#548=LINE('',#3212,#718);
#549=LINE('',#3218,#719);
#550=LINE('',#3222,#720);
#551=LINE('',#3224,#721);
#552=LINE('',#3225,#722);
#553=LINE('',#3231,#723);
#554=LINE('',#3237,#724);
#555=LINE('',#3242,#725);
#556=LINE('',#3249,#726);
#557=LINE('',#3252,#727);
#558=LINE('',#3257,#728);
#559=LINE('',#3259,#729);
#560=LINE('',#3260,#730);
#561=LINE('',#3262,#731);
#562=LINE('',#3266,#732);
#563=LINE('',#3275,#733);
#564=LINE('',#3277,#734);
#565=LINE('',#3279,#735);
#566=LINE('',#3280,#736);
#567=LINE('',#3285,#737);
#568=LINE('',#3288,#738);
#569=LINE('',#3289,#739);
#570=LINE('',#3291,#740);
#571=LINE('',#3293,#741);
#572=VECTOR('',#2040,10.);
#573=VECTOR('',#2041,10.);
#574=VECTOR('',#2042,10.);
#575=VECTOR('',#2043,10.);
#576=VECTOR('',#2044,10.);
#577=VECTOR('',#2045,10.);
#578=VECTOR('',#2046,10.);
#579=VECTOR('',#2047,10.);
#580=VECTOR('',#2048,10.);
#581=VECTOR('',#2049,10.);
#582=VECTOR('',#2050,10.);
#583=VECTOR('',#2051,10.);
#584=VECTOR('',#2052,10.);
#585=VECTOR('',#2053,10.);
#586=VECTOR('',#2054,10.);
#587=VECTOR('',#2055,10.);
#588=VECTOR('',#2056,10.);
#589=VECTOR('',#2057,10.);
#590=VECTOR('',#2058,10.);
#591=VECTOR('',#2059,10.);
#592=VECTOR('',#2072,10.);
#593=VECTOR('',#2073,10.);
#594=VECTOR('',#2074,10.);
#595=VECTOR('',#2075,10.);
#596=VECTOR('',#2076,10.);
#597=VECTOR('',#2077,10.);
#598=VECTOR('',#2094,6.5);
#599=VECTOR('',#2101,2.00000000000003);
#600=VECTOR('',#2106,1.50000000000002);
#601=VECTOR('',#2111,1.99999999999999);
#602=VECTOR('',#2116,1.49999999999999);
#603=VECTOR('',#2121,2.);
#604=VECTOR('',#2126,1.5);
#605=VECTOR('',#2131,2.);
#606=VECTOR('',#2136,1.5);
#607=VECTOR('',#2143,1.99999999999998);
#608=VECTOR('',#2148,10.);
#609=VECTOR('',#2149,10.);
#610=VECTOR('',#2150,10.);
#611=VECTOR('',#2153,10.);
#612=VECTOR('',#2156,10.);
#613=VECTOR('',#2157,10.);
#614=VECTOR('',#2158,10.);
#615=VECTOR('',#2159,10.);
#616=VECTOR('',#2168,1.49999999999999);
#617=VECTOR('',#2171,2.49999999999999);
#618=VECTOR('',#2176,1.99999999999999);
#619=VECTOR('',#2181,2.49999999999999);
#620=VECTOR('',#2186,1.99999999999999);
#621=VECTOR('',#2195,1.99999999999999);
#622=VECTOR('',#2204,1.99999999999999);
#623=VECTOR('',#2209,10.);
#624=VECTOR('',#2210,10.);
#625=VECTOR('',#2213,10.);
#626=VECTOR('',#2214,10.);
#627=VECTOR('',#2217,10.);
#628=VECTOR('',#2218,10.);
#629=VECTOR('',#2221,10.);
#630=VECTOR('',#2222,10.);
#631=VECTOR('',#2223,10.);
#632=VECTOR('',#2224,10.);
#633=VECTOR('',#2225,10.);
#634=VECTOR('',#2226,10.);
#635=VECTOR('',#2227,10.);
#636=VECTOR('',#2228,10.);
#637=VECTOR('',#2233,10.);
#638=VECTOR('',#2234,10.);
#639=VECTOR('',#2237,10.);
#640=VECTOR('',#2238,10.);
#641=VECTOR('',#2241,10.);
#642=VECTOR('',#2244,10.);
#643=VECTOR('',#2245,10.);
#644=VECTOR('',#2246,10.);
#645=VECTOR('',#2247,10.);
#646=VECTOR('',#2250,10.);
#647=VECTOR('',#2251,10.);
#648=VECTOR('',#2252,10.);
#649=VECTOR('',#2257,10.);
#650=VECTOR('',#2266,10.);
#651=VECTOR('',#2269,10.);
#652=VECTOR('',#2270,10.);
#653=VECTOR('',#2271,10.);
#654=VECTOR('',#2276,10.);
#655=VECTOR('',#2279,8.);
#656=VECTOR('',#2288,10.);
#657=VECTOR('',#2291,10.);
#658=VECTOR('',#2292,10.);
#659=VECTOR('',#2299,10.);
#660=VECTOR('',#2306,10.);
#661=VECTOR('',#2307,10.);
#662=VECTOR('',#2310,10.);
#663=VECTOR('',#2311,10.);
#664=VECTOR('',#2314,10.);
#665=VECTOR('',#2315,10.);
#666=VECTOR('',#2320,10.);
#667=VECTOR('',#2321,10.);
#668=VECTOR('',#2324,10.);
#669=VECTOR('',#2327,10.);
#670=VECTOR('',#2328,10.);
#671=VECTOR('',#2333,10.);
#672=VECTOR('',#2336,10.);
#673=VECTOR('',#2343,10.);
#674=VECTOR('',#2344,10.);
#675=VECTOR('',#2345,10.);
#676=VECTOR('',#2350,10.);
#677=VECTOR('',#2351,10.);
#678=VECTOR('',#2358,10.);
#679=VECTOR('',#2359,10.);
#680=VECTOR('',#2370,2.5);
#681=VECTOR('',#2371,10.);
#682=VECTOR('',#2374,10.);
#683=VECTOR('',#2383,10.);
#684=VECTOR('',#2384,10.);
#685=VECTOR('',#2385,10.);
#686=VECTOR('',#2388,10.);
#687=VECTOR('',#2389,10.);
#688=VECTOR('',#2390,10.);
#689=VECTOR('',#2393,10.);
#690=VECTOR('',#2394,10.);
#691=VECTOR('',#2395,10.);
#692=VECTOR('',#2396,10.);
#693=VECTOR('',#2399,10.);
#694=VECTOR('',#2400,10.);
#695=VECTOR('',#2401,10.);
#696=VECTOR('',#2406,10.);
#697=VECTOR('',#2407,10.);
#698=VECTOR('',#2410,10.);
#699=VECTOR('',#2411,10.);
#700=VECTOR('',#2412,10.);
#701=VECTOR('',#2415,10.);
#702=VECTOR('',#2416,10.);
#703=VECTOR('',#2417,10.);
#704=VECTOR('',#2418,10.);
#705=VECTOR('',#2419,10.);
#706=VECTOR('',#2420,10.);
#707=VECTOR('',#2421,10.);
#708=VECTOR('',#2424,10.);
#709=VECTOR('',#2425,10.);
#710=VECTOR('',#2428,10.);
#711=VECTOR('',#2429,10.);
#712=VECTOR('',#2430,10.);
#713=VECTOR('',#2433,10.);
#714=VECTOR('',#2434,10.);
#715=VECTOR('',#2435,10.);
#716=VECTOR('',#2436,10.);
#717=VECTOR('',#2437,10.);
#718=VECTOR('',#2442,10.);
#719=VECTOR('',#2449,1.5);
#720=VECTOR('',#2454,10.);
#721=VECTOR('',#2455,10.);
#722=VECTOR('',#2456,10.);
#723=VECTOR('',#2465,10.);
#724=VECTOR('',#2474,1.5);
#725=VECTOR('',#2481,1.5);
#726=VECTOR('',#2488,10.);
#727=VECTOR('',#2491,10.);
#728=VECTOR('',#2498,3.);
#729=VECTOR('',#2501,10.);
#730=VECTOR('',#2502,10.);
#731=VECTOR('',#2505,10.);
#732=VECTOR('',#2510,1.5);
#733=VECTOR('',#2523,10.);
#734=VECTOR('',#2524,10.);
#735=VECTOR('',#2525,10.);
#736=VECTOR('',#2526,10.);
#737=VECTOR('',#2531,1.5);
#738=VECTOR('',#2536,10.);
#739=VECTOR('',#2537,10.);
#740=VECTOR('',#2540,10.);
#741=VECTOR('',#2543,10.);
#742=VERTEX_POINT('',#2548);
#743=VERTEX_POINT('',#2549);
#744=VERTEX_POINT('',#2551);
#745=VERTEX_POINT('',#2553);
#746=VERTEX_POINT('',#2555);
#747=VERTEX_POINT('',#2557);
#748=VERTEX_POINT('',#2559);
#749=VERTEX_POINT('',#2561);
#750=VERTEX_POINT('',#2563);
#751=VERTEX_POINT('',#2565);
#752=VERTEX_POINT('',#2567);
#753=VERTEX_POINT('',#2569);
#754=VERTEX_POINT('',#2571);
#755=VERTEX_POINT('',#2573);
#756=VERTEX_POINT('',#2575);
#757=VERTEX_POINT('',#2577);
#758=VERTEX_POINT('',#2579);
#759=VERTEX_POINT('',#2581);
#760=VERTEX_POINT('',#2583);
#761=VERTEX_POINT('',#2585);
#762=VERTEX_POINT('',#2588);
#763=VERTEX_POINT('',#2591);
#764=VERTEX_POINT('',#2593);
#765=VERTEX_POINT('',#2597);
#766=VERTEX_POINT('',#2598);
#767=VERTEX_POINT('',#2600);
#768=VERTEX_POINT('',#2602);
#769=VERTEX_POINT('',#2604);
#770=VERTEX_POINT('',#2606);
#771=VERTEX_POINT('',#2608);
#772=VERTEX_POINT('',#2610);
#773=VERTEX_POINT('',#2613);
#774=VERTEX_POINT('',#2615);
#775=VERTEX_POINT('',#2617);
#776=VERTEX_POINT('',#2619);
#777=VERTEX_POINT('',#2622);
#778=VERTEX_POINT('',#2623);
#779=VERTEX_POINT('',#2626);
#780=VERTEX_POINT('',#2630);
#781=VERTEX_POINT('',#2634);
#782=VERTEX_POINT('',#2638);
#783=VERTEX_POINT('',#2642);
#784=VERTEX_POINT('',#2646);
#785=VERTEX_POINT('',#2650);
#786=VERTEX_POINT('',#2654);
#787=VERTEX_POINT('',#2658);
#788=VERTEX_POINT('',#2662);
#789=VERTEX_POINT('',#2664);
#790=VERTEX_POINT('',#2668);
#791=VERTEX_POINT('',#2669);
#792=VERTEX_POINT('',#2671);
#793=VERTEX_POINT('',#2673);
#794=VERTEX_POINT('',#2675);
#795=VERTEX_POINT('',#2677);
#796=VERTEX_POINT('',#2679);
#797=VERTEX_POINT('',#2681);
#798=VERTEX_POINT('',#2683);
#799=VERTEX_POINT('',#2685);
#800=VERTEX_POINT('',#2688);
#801=VERTEX_POINT('',#2690);
#802=VERTEX_POINT('',#2693);
#803=VERTEX_POINT('',#2697);
#804=VERTEX_POINT('',#2701);
#805=VERTEX_POINT('',#2705);
#806=VERTEX_POINT('',#2709);
#807=VERTEX_POINT('',#2740);
#808=VERTEX_POINT('',#2741);
#809=VERTEX_POINT('',#2749);
#810=VERTEX_POINT('',#2778);
#811=VERTEX_POINT('',#2784);
#812=VERTEX_POINT('',#2830);
#813=VERTEX_POINT('',#2834);
#814=VERTEX_POINT('',#2838);
#815=VERTEX_POINT('',#2867);
#816=VERTEX_POINT('',#2869);
#817=VERTEX_POINT('',#2929);
#818=VERTEX_POINT('',#2949);
#819=VERTEX_POINT('',#2956);
#820=VERTEX_POINT('',#2960);
#821=VERTEX_POINT('',#2964);
#822=VERTEX_POINT('',#2966);
#823=VERTEX_POINT('',#2968);
#824=VERTEX_POINT('',#2970);
#825=VERTEX_POINT('',#2972);
#826=VERTEX_POINT('',#2974);
#827=VERTEX_POINT('',#2976);
#828=VERTEX_POINT('',#2979);
#829=VERTEX_POINT('',#2982);
#830=VERTEX_POINT('',#2986);
#831=VERTEX_POINT('',#2992);
#832=VERTEX_POINT('',#2994);
#833=VERTEX_POINT('',#2996);
#834=VERTEX_POINT('',#3001);
#835=VERTEX_POINT('',#3006);
#836=VERTEX_POINT('',#3008);
#837=VERTEX_POINT('',#3010);
#838=VERTEX_POINT('',#3019);
#839=VERTEX_POINT('',#3020);
#840=VERTEX_POINT('',#3031);
#841=VERTEX_POINT('',#3033);
#842=VERTEX_POINT('',#3037);
#843=VERTEX_POINT('',#3039);
#844=VERTEX_POINT('',#3041);
#845=VERTEX_POINT('',#3043);
#846=VERTEX_POINT('',#3045);
#847=VERTEX_POINT('',#3047);
#848=VERTEX_POINT('',#3053);
#849=VERTEX_POINT('',#3069);
#850=VERTEX_POINT('',#3076);
#851=VERTEX_POINT('',#3080);
#852=VERTEX_POINT('',#3088);
#853=VERTEX_POINT('',#3094);
#854=VERTEX_POINT('',#3098);
#855=VERTEX_POINT('',#3100);
#856=VERTEX_POINT('',#3102);
#857=VERTEX_POINT('',#3104);
#858=VERTEX_POINT('',#3106);
#859=VERTEX_POINT('',#3110);
#860=VERTEX_POINT('',#3112);
#861=VERTEX_POINT('',#3116);
#862=VERTEX_POINT('',#3120);
#863=VERTEX_POINT('',#3124);
#864=VERTEX_POINT('',#3128);
#865=VERTEX_POINT('',#3129);
#866=VERTEX_POINT('',#3131);
#867=VERTEX_POINT('',#3136);
#868=VERTEX_POINT('',#3138);
#869=VERTEX_POINT('',#3145);
#870=VERTEX_POINT('',#3146);
#871=VERTEX_POINT('',#3148);
#872=VERTEX_POINT('',#3152);
#873=VERTEX_POINT('',#3154);
#874=VERTEX_POINT('',#3158);
#875=VERTEX_POINT('',#3161);
#876=VERTEX_POINT('',#3173);
#877=VERTEX_POINT('',#3174);
#878=VERTEX_POINT('',#3179);
#879=VERTEX_POINT('',#3181);
#880=VERTEX_POINT('',#3183);
#881=VERTEX_POINT('',#3187);
#882=VERTEX_POINT('',#3190);
#883=VERTEX_POINT('',#3191);
#884=VERTEX_POINT('',#3193);
#885=VERTEX_POINT('',#3197);
#886=VERTEX_POINT('',#3199);
#887=VERTEX_POINT('',#3204);
#888=VERTEX_POINT('',#3209);
#889=VERTEX_POINT('',#3215);
#890=VERTEX_POINT('',#3217);
#891=VERTEX_POINT('',#3221);
#892=VERTEX_POINT('',#3223);
#893=VERTEX_POINT('',#3227);
#894=VERTEX_POINT('',#3234);
#895=VERTEX_POINT('',#3239);
#896=VERTEX_POINT('',#3244);
#897=VERTEX_POINT('',#3247);
#898=VERTEX_POINT('',#3248);
#899=VERTEX_POINT('',#3250);
#900=VERTEX_POINT('',#3253);
#901=VERTEX_POINT('',#3265);
#902=VERTEX_POINT('',#3273);
#903=VERTEX_POINT('',#3274);
#904=VERTEX_POINT('',#3276);
#905=VERTEX_POINT('',#3278);
#906=VERTEX_POINT('',#3282);
#907=VERTEX_POINT('',#3284);
#908=EDGE_CURVE('',#742,#743,#402,.T.);
#909=EDGE_CURVE('',#743,#744,#403,.T.);
#910=EDGE_CURVE('',#745,#744,#404,.T.);
#911=EDGE_CURVE('',#746,#745,#405,.T.);
#912=EDGE_CURVE('',#747,#746,#406,.T.);
#913=EDGE_CURVE('',#747,#748,#407,.T.);
#914=EDGE_CURVE('',#748,#749,#408,.T.);
#915=EDGE_CURVE('',#749,#750,#409,.T.);
#916=EDGE_CURVE('',#751,#750,#410,.T.);
#917=EDGE_CURVE('',#751,#752,#411,.T.);
#918=EDGE_CURVE('',#753,#752,#412,.T.);
#919=EDGE_CURVE('',#753,#754,#413,.T.);
#920=EDGE_CURVE('',#754,#755,#414,.T.);
#921=EDGE_CURVE('',#756,#755,#415,.T.);
#922=EDGE_CURVE('',#757,#756,#416,.T.);
#923=EDGE_CURVE('',#758,#757,#417,.T.);
#924=EDGE_CURVE('',#759,#758,#418,.T.);
#925=EDGE_CURVE('',#759,#760,#419,.T.);
#926=EDGE_CURVE('',#760,#761,#420,.T.);
#927=EDGE_CURVE('',#761,#742,#421,.T.);
#928=EDGE_CURVE('',#762,#762,#108,.T.);
#929=EDGE_CURVE('',#763,#763,#109,.T.);
#930=EDGE_CURVE('',#763,#764,#110,.T.);
#931=EDGE_CURVE('',#764,#764,#111,.T.);
#932=EDGE_CURVE('',#765,#766,#422,.T.);
#933=EDGE_CURVE('',#767,#765,#423,.T.);
#934=EDGE_CURVE('',#768,#767,#424,.T.);
#935=EDGE_CURVE('',#769,#768,#425,.T.);
#936=EDGE_CURVE('',#770,#769,#426,.T.);
#937=EDGE_CURVE('',#771,#770,#427,.T.);
#938=EDGE_CURVE('',#772,#771,#112,.T.);
#939=EDGE_CURVE('',#766,#772,#113,.T.);
#940=EDGE_CURVE('',#773,#773,#114,.T.);
#941=EDGE_CURVE('',#774,#774,#115,.T.);
#942=EDGE_CURVE('',#775,#775,#116,.T.);
#943=EDGE_CURVE('',#776,#776,#117,.T.);
#944=EDGE_CURVE('',#777,#778,#118,.T.);
#945=EDGE_CURVE('',#764,#777,#428,.T.);
#946=EDGE_CURVE('',#779,#777,#119,.T.);
#947=EDGE_CURVE('',#779,#778,#120,.T.);
#948=EDGE_CURVE('',#773,#780,#429,.T.);
#949=EDGE_CURVE('',#780,#780,#121,.T.);
#950=EDGE_CURVE('',#780,#781,#430,.T.);
#951=EDGE_CURVE('',#781,#781,#122,.T.);
#952=EDGE_CURVE('',#776,#782,#431,.T.);
#953=EDGE_CURVE('',#782,#782,#123,.T.);
#954=EDGE_CURVE('',#782,#783,#432,.T.);
#955=EDGE_CURVE('',#783,#783,#124,.T.);
#956=EDGE_CURVE('',#774,#784,#433,.T.);
#957=EDGE_CURVE('',#784,#784,#125,.T.);
#958=EDGE_CURVE('',#784,#785,#434,.T.);
#959=EDGE_CURVE('',#785,#785,#126,.T.);
#960=EDGE_CURVE('',#775,#786,#435,.T.);
#961=EDGE_CURVE('',#786,#786,#127,.T.);
#962=EDGE_CURVE('',#786,#787,#436,.T.);
#963=EDGE_CURVE('',#787,#787,#128,.T.);
#964=EDGE_CURVE('',#788,#788,#129,.T.);
#965=EDGE_CURVE('',#788,#789,#437,.T.);
#966=EDGE_CURVE('',#789,#789,#130,.T.);
#967=EDGE_CURVE('',#790,#791,#438,.T.);
#968=EDGE_CURVE('',#792,#790,#439,.T.);
#969=EDGE_CURVE('',#793,#792,#440,.T.);
#970=EDGE_CURVE('',#794,#793,#131,.T.);
#971=EDGE_CURVE('',#795,#794,#441,.T.);
#972=EDGE_CURVE('',#796,#795,#132,.T.);
#973=EDGE_CURVE('',#797,#796,#442,.T.);
#974=EDGE_CURVE('',#798,#797,#443,.T.);
#975=EDGE_CURVE('',#799,#798,#444,.T.);
#976=EDGE_CURVE('',#791,#799,#445,.T.);
#977=EDGE_CURVE('',#800,#800,#133,.T.);
#978=EDGE_CURVE('',#801,#801,#134,.T.);
#979=EDGE_CURVE('',#802,#802,#135,.T.);
#980=EDGE_CURVE('',#802,#789,#446,.T.);
#981=EDGE_CURVE('',#800,#803,#447,.T.);
#982=EDGE_CURVE('',#803,#803,#136,.T.);
#983=EDGE_CURVE('',#803,#804,#448,.T.);
#984=EDGE_CURVE('',#804,#804,#137,.T.);
#985=EDGE_CURVE('',#801,#805,#449,.T.);
#986=EDGE_CURVE('',#805,#805,#138,.T.);
#987=EDGE_CURVE('',#805,#806,#450,.T.);
#988=EDGE_CURVE('',#806,#806,#139,.T.);
#989=EDGE_CURVE('',#807,#808,#28,.T.);
#990=EDGE_CURVE('',#808,#809,#29,.T.);
#991=EDGE_CURVE('',#809,#810,#30,.T.);
#992=EDGE_CURVE('',#810,#811,#31,.T.);
#993=EDGE_CURVE('',#807,#811,#32,.T.);
#994=EDGE_CURVE('',#811,#809,#140,.T.);
#995=EDGE_CURVE('',#808,#796,#23,.T.);
#996=EDGE_CURVE('',#795,#807,#24,.T.);
#997=EDGE_CURVE('',#810,#812,#451,.T.);
#998=EDGE_CURVE('',#812,#812,#141,.T.);
#999=EDGE_CURVE('',#793,#813,#25,.T.);
#1000=EDGE_CURVE('',#813,#814,#33,.T.);
#1001=EDGE_CURVE('',#814,#815,#142,.T.);
#1002=EDGE_CURVE('',#816,#815,#34,.T.);
#1003=EDGE_CURVE('',#816,#794,#26,.T.);
#1004=EDGE_CURVE('',#815,#817,#35,.T.);
#1005=EDGE_CURVE('',#817,#814,#36,.T.);
#1006=EDGE_CURVE('',#813,#816,#37,.T.);
#1007=EDGE_CURVE('',#817,#818,#452,.T.);
#1008=EDGE_CURVE('',#818,#818,#143,.T.);
#1009=EDGE_CURVE('',#755,#791,#453,.T.);
#1010=EDGE_CURVE('',#799,#756,#454,.T.);
#1011=EDGE_CURVE('',#819,#798,#455,.T.);
#1012=EDGE_CURVE('',#819,#756,#456,.T.);
#1013=EDGE_CURVE('',#820,#797,#457,.F.);
#1014=EDGE_CURVE('',#820,#819,#458,.T.);
#1015=EDGE_CURVE('',#819,#821,#459,.T.);
#1016=EDGE_CURVE('',#821,#822,#460,.T.);
#1017=EDGE_CURVE('',#822,#823,#461,.T.);
#1018=EDGE_CURVE('',#823,#824,#462,.T.);
#1019=EDGE_CURVE('',#824,#825,#463,.T.);
#1020=EDGE_CURVE('',#825,#826,#464,.T.);
#1021=EDGE_CURVE('',#826,#827,#465,.T.);
#1022=EDGE_CURVE('',#757,#827,#466,.T.);
#1023=EDGE_CURVE('',#828,#828,#144,.T.);
#1024=EDGE_CURVE('',#792,#829,#467,.T.);
#1025=EDGE_CURVE('',#829,#820,#468,.T.);
#1026=EDGE_CURVE('',#790,#830,#469,.T.);
#1027=EDGE_CURVE('',#830,#829,#470,.T.);
#1028=EDGE_CURVE('',#755,#830,#471,.T.);
#1029=EDGE_CURVE('',#831,#829,#472,.T.);
#1030=EDGE_CURVE('',#832,#831,#473,.T.);
#1031=EDGE_CURVE('',#833,#832,#474,.T.);
#1032=EDGE_CURVE('',#833,#820,#475,.T.);
#1033=EDGE_CURVE('',#753,#830,#476,.T.);
#1034=EDGE_CURVE('',#834,#753,#477,.T.);
#1035=EDGE_CURVE('',#831,#834,#478,.T.);
#1036=EDGE_CURVE('',#835,#759,#479,.T.);
#1037=EDGE_CURVE('',#836,#835,#16,.T.);
#1038=EDGE_CURVE('',#837,#836,#17,.T.);
#1039=EDGE_CURVE('',#837,#760,#18,.T.);
#1040=EDGE_CURVE('',#838,#839,#27,.T.);
#1041=EDGE_CURVE('',#838,#750,#19,.T.);
#1042=EDGE_CURVE('',#749,#761,#480,.T.);
#1043=EDGE_CURVE('',#839,#837,#38,.T.);
#1044=EDGE_CURVE('',#749,#840,#481,.T.);
#1045=EDGE_CURVE('',#840,#841,#482,.T.);
#1046=EDGE_CURVE('',#841,#761,#483,.T.);
#1047=EDGE_CURVE('',#842,#839,#145,.T.);
#1048=EDGE_CURVE('',#842,#843,#484,.T.);
#1049=EDGE_CURVE('',#843,#844,#146,.T.);
#1050=EDGE_CURVE('',#844,#845,#485,.T.);
#1051=EDGE_CURVE('',#845,#846,#147,.T.);
#1052=EDGE_CURVE('',#846,#847,#20,.T.);
#1053=EDGE_CURVE('',#847,#838,#21,.T.);
#1054=EDGE_CURVE('',#751,#847,#486,.T.);
#1055=EDGE_CURVE('',#766,#848,#39,.T.);
#1056=EDGE_CURVE('',#848,#758,#487,.T.);
#1057=EDGE_CURVE('',#765,#758,#488,.T.);
#1058=EDGE_CURVE('',#836,#848,#148,.T.);
#1059=EDGE_CURVE('',#772,#842,#40,.T.);
#1060=EDGE_CURVE('',#757,#767,#489,.T.);
#1061=EDGE_CURVE('',#771,#849,#41,.T.);
#1062=EDGE_CURVE('',#849,#842,#149,.T.);
#1063=EDGE_CURVE('',#770,#850,#490,.T.);
#1064=EDGE_CURVE('',#850,#849,#491,.T.);
#1065=EDGE_CURVE('',#769,#851,#492,.T.);
#1066=EDGE_CURVE('',#851,#850,#493,.T.);
#1067=EDGE_CURVE('',#827,#851,#494,.T.);
#1068=EDGE_CURVE('',#768,#827,#495,.T.);
#1069=EDGE_CURVE('',#826,#852,#496,.T.);
#1070=EDGE_CURVE('',#852,#851,#497,.T.);
#1071=EDGE_CURVE('',#835,#848,#498,.T.);
#1072=EDGE_CURVE('',#778,#853,#499,.T.);
#1073=EDGE_CURVE('',#853,#779,#500,.T.);
#1074=EDGE_CURVE('',#844,#854,#150,.T.);
#1075=EDGE_CURVE('',#854,#855,#501,.T.);
#1076=EDGE_CURVE('',#856,#855,#151,.T.);
#1077=EDGE_CURVE('',#856,#857,#502,.F.);
#1078=EDGE_CURVE('',#857,#858,#22,.T.);
#1079=EDGE_CURVE('',#858,#845,#152,.T.);
#1080=EDGE_CURVE('',#859,#854,#503,.T.);
#1081=EDGE_CURVE('',#860,#859,#504,.T.);
#1082=EDGE_CURVE('',#860,#855,#505,.T.);
#1083=EDGE_CURVE('',#843,#861,#153,.T.);
#1084=EDGE_CURVE('',#861,#840,#506,.T.);
#1085=EDGE_CURVE('',#748,#859,#507,.T.);
#1086=EDGE_CURVE('',#862,#862,#154,.T.);
#1087=EDGE_CURVE('',#863,#849,#508,.T.);
#1088=EDGE_CURVE('',#861,#863,#509,.T.);
#1089=EDGE_CURVE('',#864,#865,#155,.T.);
#1090=EDGE_CURVE('',#866,#864,#156,.T.);
#1091=EDGE_CURVE('',#865,#866,#157,.T.);
#1092=EDGE_CURVE('',#762,#866,#510,.T.);
#1093=EDGE_CURVE('',#867,#864,#511,.T.);
#1094=EDGE_CURVE('',#868,#867,#158,.T.);
#1095=EDGE_CURVE('',#865,#868,#512,.T.);
#1096=EDGE_CURVE('',#867,#868,#159,.T.);
#1097=EDGE_CURVE('',#869,#870,#513,.T.);
#1098=EDGE_CURVE('',#870,#871,#514,.T.);
#1099=EDGE_CURVE('',#871,#869,#515,.T.);
#1100=EDGE_CURVE('',#872,#871,#516,.T.);
#1101=EDGE_CURVE('',#873,#872,#517,.T.);
#1102=EDGE_CURVE('',#873,#869,#518,.T.);
#1103=EDGE_CURVE('',#874,#833,#519,.T.);
#1104=EDGE_CURVE('',#870,#874,#520,.T.);
#1105=EDGE_CURVE('',#875,#873,#521,.T.);
#1106=EDGE_CURVE('',#821,#875,#522,.T.);
#1107=EDGE_CURVE('',#834,#752,#523,.T.);
#1108=EDGE_CURVE('',#752,#873,#524,.T.);
#1109=EDGE_CURVE('',#832,#872,#525,.T.);
#1110=EDGE_CURVE('',#846,#858,#526,.T.);
#1111=EDGE_CURVE('',#751,#857,#527,.T.);
#1112=EDGE_CURVE('',#876,#877,#528,.T.);
#1113=EDGE_CURVE('',#875,#876,#529,.T.);
#1114=EDGE_CURVE('',#856,#877,#530,.T.);
#1115=EDGE_CURVE('',#878,#825,#531,.T.);
#1116=EDGE_CURVE('',#879,#878,#532,.T.);
#1117=EDGE_CURVE('',#880,#879,#533,.T.);
#1118=EDGE_CURVE('',#880,#742,#534,.T.);
#1119=EDGE_CURVE('',#841,#863,#535,.F.);
#1120=EDGE_CURVE('',#863,#881,#536,.T.);
#1121=EDGE_CURVE('',#852,#881,#537,.T.);
#1122=EDGE_CURVE('',#882,#883,#160,.T.);
#1123=EDGE_CURVE('',#883,#884,#538,.T.);
#1124=EDGE_CURVE('',#884,#882,#539,.T.);
#1125=EDGE_CURVE('',#878,#885,#540,.T.);
#1126=EDGE_CURVE('',#885,#886,#541,.T.);
#1127=EDGE_CURVE('',#879,#886,#542,.T.);
#1128=EDGE_CURVE('',#747,#860,#543,.T.);
#1129=EDGE_CURVE('',#746,#887,#544,.T.);
#1130=EDGE_CURVE('',#886,#887,#545,.T.);
#1131=EDGE_CURVE('',#824,#885,#546,.T.);
#1132=EDGE_CURVE('',#877,#823,#547,.T.);
#1133=EDGE_CURVE('',#888,#888,#161,.T.);
#1134=EDGE_CURVE('',#850,#881,#548,.T.);
#1135=EDGE_CURVE('',#889,#889,#162,.T.);
#1136=EDGE_CURVE('',#889,#890,#549,.T.);
#1137=EDGE_CURVE('',#890,#890,#163,.T.);
#1138=EDGE_CURVE('',#891,#822,#550,.T.);
#1139=EDGE_CURVE('',#892,#891,#551,.T.);
#1140=EDGE_CURVE('',#876,#891,#552,.T.);
#1141=EDGE_CURVE('',#893,#893,#164,.T.);
#1142=EDGE_CURVE('',#887,#880,#553,.T.);
#1143=EDGE_CURVE('',#894,#894,#165,.T.);
#1144=EDGE_CURVE('',#888,#894,#554,.T.);
#1145=EDGE_CURVE('',#895,#895,#166,.T.);
#1146=EDGE_CURVE('',#862,#895,#555,.T.);
#1147=EDGE_CURVE('',#896,#896,#167,.T.);
#1148=EDGE_CURVE('',#897,#898,#556,.T.);
#1149=EDGE_CURVE('',#897,#899,#168,.T.);
#1150=EDGE_CURVE('',#898,#899,#557,.T.);
#1151=EDGE_CURVE('',#900,#900,#169,.T.);
#1152=EDGE_CURVE('',#896,#900,#558,.T.);
#1153=EDGE_CURVE('',#899,#882,#559,.T.);
#1154=EDGE_CURVE('',#897,#883,#560,.T.);
#1155=EDGE_CURVE('',#898,#884,#561,.T.);
#1156=EDGE_CURVE('',#828,#901,#562,.T.);
#1157=EDGE_CURVE('',#901,#901,#170,.T.);
#1158=EDGE_CURVE('',#902,#903,#563,.T.);
#1159=EDGE_CURVE('',#903,#904,#564,.T.);
#1160=EDGE_CURVE('',#904,#905,#565,.T.);
#1161=EDGE_CURVE('',#902,#905,#566,.T.);
#1162=EDGE_CURVE('',#906,#906,#171,.T.);
#1163=EDGE_CURVE('',#906,#907,#567,.T.);
#1164=EDGE_CURVE('',#907,#907,#172,.T.);
#1165=EDGE_CURVE('',#902,#745,#568,.T.);
#1166=EDGE_CURVE('',#744,#903,#569,.T.);
#1167=EDGE_CURVE('',#904,#743,#570,.T.);
#1168=EDGE_CURVE('',#905,#742,#571,.T.);
#1169=ORIENTED_EDGE('',*,*,#908,.T.);
#1170=ORIENTED_EDGE('',*,*,#909,.T.);
#1171=ORIENTED_EDGE('',*,*,#910,.F.);
#1172=ORIENTED_EDGE('',*,*,#911,.F.);
#1173=ORIENTED_EDGE('',*,*,#912,.F.);
#1174=ORIENTED_EDGE('',*,*,#913,.T.);
#1175=ORIENTED_EDGE('',*,*,#914,.T.);
#1176=ORIENTED_EDGE('',*,*,#915,.T.);
#1177=ORIENTED_EDGE('',*,*,#916,.F.);
#1178=ORIENTED_EDGE('',*,*,#917,.T.);
#1179=ORIENTED_EDGE('',*,*,#918,.F.);
#1180=ORIENTED_EDGE('',*,*,#919,.T.);
#1181=ORIENTED_EDGE('',*,*,#920,.T.);
#1182=ORIENTED_EDGE('',*,*,#921,.F.);
#1183=ORIENTED_EDGE('',*,*,#922,.F.);
#1184=ORIENTED_EDGE('',*,*,#923,.F.);
#1185=ORIENTED_EDGE('',*,*,#924,.F.);
#1186=ORIENTED_EDGE('',*,*,#925,.T.);
#1187=ORIENTED_EDGE('',*,*,#926,.T.);
#1188=ORIENTED_EDGE('',*,*,#927,.T.);
#1189=ORIENTED_EDGE('',*,*,#928,.T.);
#1190=ORIENTED_EDGE('',*,*,#929,.T.);
#1191=ORIENTED_EDGE('',*,*,#930,.T.);
#1192=ORIENTED_EDGE('',*,*,#931,.T.);
#1193=ORIENTED_EDGE('',*,*,#930,.F.);
#1194=ORIENTED_EDGE('',*,*,#932,.F.);
#1195=ORIENTED_EDGE('',*,*,#933,.F.);
#1196=ORIENTED_EDGE('',*,*,#934,.F.);
#1197=ORIENTED_EDGE('',*,*,#935,.F.);
#1198=ORIENTED_EDGE('',*,*,#936,.F.);
#1199=ORIENTED_EDGE('',*,*,#937,.F.);
#1200=ORIENTED_EDGE('',*,*,#938,.F.);
#1201=ORIENTED_EDGE('',*,*,#939,.F.);
#1202=ORIENTED_EDGE('',*,*,#940,.F.);
#1203=ORIENTED_EDGE('',*,*,#941,.F.);
#1204=ORIENTED_EDGE('',*,*,#942,.F.);
#1205=ORIENTED_EDGE('',*,*,#943,.F.);
#1206=ORIENTED_EDGE('',*,*,#929,.F.);
#1207=ORIENTED_EDGE('',*,*,#944,.F.);
#1208=ORIENTED_EDGE('',*,*,#945,.F.);
#1209=ORIENTED_EDGE('',*,*,#931,.F.);
#1210=ORIENTED_EDGE('',*,*,#945,.T.);
#1211=ORIENTED_EDGE('',*,*,#946,.F.);
#1212=ORIENTED_EDGE('',*,*,#947,.T.);
#1213=ORIENTED_EDGE('',*,*,#940,.T.);
#1214=ORIENTED_EDGE('',*,*,#948,.T.);
#1215=ORIENTED_EDGE('',*,*,#949,.T.);
#1216=ORIENTED_EDGE('',*,*,#948,.F.);
#1217=ORIENTED_EDGE('',*,*,#949,.F.);
#1218=ORIENTED_EDGE('',*,*,#950,.T.);
#1219=ORIENTED_EDGE('',*,*,#951,.F.);
#1220=ORIENTED_EDGE('',*,*,#950,.F.);
#1221=ORIENTED_EDGE('',*,*,#943,.T.);
#1222=ORIENTED_EDGE('',*,*,#952,.T.);
#1223=ORIENTED_EDGE('',*,*,#953,.T.);
#1224=ORIENTED_EDGE('',*,*,#952,.F.);
#1225=ORIENTED_EDGE('',*,*,#953,.F.);
#1226=ORIENTED_EDGE('',*,*,#954,.T.);
#1227=ORIENTED_EDGE('',*,*,#955,.F.);
#1228=ORIENTED_EDGE('',*,*,#954,.F.);
#1229=ORIENTED_EDGE('',*,*,#941,.T.);
#1230=ORIENTED_EDGE('',*,*,#956,.T.);
#1231=ORIENTED_EDGE('',*,*,#957,.T.);
#1232=ORIENTED_EDGE('',*,*,#956,.F.);
#1233=ORIENTED_EDGE('',*,*,#957,.F.);
#1234=ORIENTED_EDGE('',*,*,#958,.T.);
#1235=ORIENTED_EDGE('',*,*,#959,.F.);
#1236=ORIENTED_EDGE('',*,*,#958,.F.);
#1237=ORIENTED_EDGE('',*,*,#942,.T.);
#1238=ORIENTED_EDGE('',*,*,#960,.T.);
#1239=ORIENTED_EDGE('',*,*,#961,.T.);
#1240=ORIENTED_EDGE('',*,*,#960,.F.);
#1241=ORIENTED_EDGE('',*,*,#961,.F.);
#1242=ORIENTED_EDGE('',*,*,#962,.T.);
#1243=ORIENTED_EDGE('',*,*,#963,.T.);
#1244=ORIENTED_EDGE('',*,*,#962,.F.);
#1245=ORIENTED_EDGE('',*,*,#964,.T.);
#1246=ORIENTED_EDGE('',*,*,#965,.T.);
#1247=ORIENTED_EDGE('',*,*,#966,.T.);
#1248=ORIENTED_EDGE('',*,*,#965,.F.);
#1249=ORIENTED_EDGE('',*,*,#967,.F.);
#1250=ORIENTED_EDGE('',*,*,#968,.F.);
#1251=ORIENTED_EDGE('',*,*,#969,.F.);
#1252=ORIENTED_EDGE('',*,*,#970,.F.);
#1253=ORIENTED_EDGE('',*,*,#971,.F.);
#1254=ORIENTED_EDGE('',*,*,#972,.F.);
#1255=ORIENTED_EDGE('',*,*,#973,.F.);
#1256=ORIENTED_EDGE('',*,*,#974,.F.);
#1257=ORIENTED_EDGE('',*,*,#975,.F.);
#1258=ORIENTED_EDGE('',*,*,#976,.F.);
#1259=ORIENTED_EDGE('',*,*,#977,.F.);
#1260=ORIENTED_EDGE('',*,*,#978,.F.);
#1261=ORIENTED_EDGE('',*,*,#964,.F.);
#1262=ORIENTED_EDGE('',*,*,#979,.F.);
#1263=ORIENTED_EDGE('',*,*,#980,.T.);
#1264=ORIENTED_EDGE('',*,*,#966,.F.);
#1265=ORIENTED_EDGE('',*,*,#980,.F.);
#1266=ORIENTED_EDGE('',*,*,#977,.T.);
#1267=ORIENTED_EDGE('',*,*,#981,.T.);
#1268=ORIENTED_EDGE('',*,*,#982,.T.);
#1269=ORIENTED_EDGE('',*,*,#981,.F.);
#1270=ORIENTED_EDGE('',*,*,#982,.F.);
#1271=ORIENTED_EDGE('',*,*,#983,.T.);
#1272=ORIENTED_EDGE('',*,*,#984,.F.);
#1273=ORIENTED_EDGE('',*,*,#983,.F.);
#1274=ORIENTED_EDGE('',*,*,#978,.T.);
#1275=ORIENTED_EDGE('',*,*,#985,.T.);
#1276=ORIENTED_EDGE('',*,*,#986,.T.);
#1277=ORIENTED_EDGE('',*,*,#985,.F.);
#1278=ORIENTED_EDGE('',*,*,#986,.F.);
#1279=ORIENTED_EDGE('',*,*,#987,.T.);
#1280=ORIENTED_EDGE('',*,*,#988,.F.);
#1281=ORIENTED_EDGE('',*,*,#987,.F.);
#1282=ORIENTED_EDGE('',*,*,#989,.T.);
#1283=ORIENTED_EDGE('',*,*,#990,.T.);
#1284=ORIENTED_EDGE('',*,*,#991,.T.);
#1285=ORIENTED_EDGE('',*,*,#992,.T.);
#1286=ORIENTED_EDGE('',*,*,#993,.F.);
#1287=ORIENTED_EDGE('',*,*,#994,.T.);
#1288=ORIENTED_EDGE('',*,*,#990,.F.);
#1289=ORIENTED_EDGE('',*,*,#995,.T.);
#1290=ORIENTED_EDGE('',*,*,#972,.T.);
#1291=ORIENTED_EDGE('',*,*,#996,.T.);
#1292=ORIENTED_EDGE('',*,*,#993,.T.);
#1293=ORIENTED_EDGE('',*,*,#991,.F.);
#1294=ORIENTED_EDGE('',*,*,#994,.F.);
#1295=ORIENTED_EDGE('',*,*,#992,.F.);
#1296=ORIENTED_EDGE('',*,*,#997,.T.);
#1297=ORIENTED_EDGE('',*,*,#998,.F.);
#1298=ORIENTED_EDGE('',*,*,#997,.F.);
#1299=ORIENTED_EDGE('',*,*,#970,.T.);
#1300=ORIENTED_EDGE('',*,*,#999,.T.);
#1301=ORIENTED_EDGE('',*,*,#1000,.T.);
#1302=ORIENTED_EDGE('',*,*,#1001,.T.);
#1303=ORIENTED_EDGE('',*,*,#1002,.F.);
#1304=ORIENTED_EDGE('',*,*,#1003,.T.);
#1305=ORIENTED_EDGE('',*,*,#1004,.T.);
#1306=ORIENTED_EDGE('',*,*,#1005,.T.);
#1307=ORIENTED_EDGE('',*,*,#1000,.F.);
#1308=ORIENTED_EDGE('',*,*,#1006,.T.);
#1309=ORIENTED_EDGE('',*,*,#1002,.T.);
#1310=ORIENTED_EDGE('',*,*,#1001,.F.);
#1311=ORIENTED_EDGE('',*,*,#1005,.F.);
#1312=ORIENTED_EDGE('',*,*,#1007,.T.);
#1313=ORIENTED_EDGE('',*,*,#1008,.F.);
#1314=ORIENTED_EDGE('',*,*,#1007,.F.);
#1315=ORIENTED_EDGE('',*,*,#1004,.F.);
#1316=ORIENTED_EDGE('',*,*,#1009,.T.);
#1317=ORIENTED_EDGE('',*,*,#976,.T.);
#1318=ORIENTED_EDGE('',*,*,#1010,.T.);
#1319=ORIENTED_EDGE('',*,*,#921,.T.);
#1320=ORIENTED_EDGE('',*,*,#1010,.F.);
#1321=ORIENTED_EDGE('',*,*,#975,.T.);
#1322=ORIENTED_EDGE('',*,*,#1011,.F.);
#1323=ORIENTED_EDGE('',*,*,#1012,.T.);
#1324=ORIENTED_EDGE('',*,*,#1011,.T.);
#1325=ORIENTED_EDGE('',*,*,#974,.T.);
#1326=ORIENTED_EDGE('',*,*,#1013,.F.);
#1327=ORIENTED_EDGE('',*,*,#1014,.T.);
#1328=ORIENTED_EDGE('',*,*,#1012,.F.);
#1329=ORIENTED_EDGE('',*,*,#1015,.T.);
#1330=ORIENTED_EDGE('',*,*,#1016,.T.);
#1331=ORIENTED_EDGE('',*,*,#1017,.T.);
#1332=ORIENTED_EDGE('',*,*,#1018,.T.);
#1333=ORIENTED_EDGE('',*,*,#1019,.T.);
#1334=ORIENTED_EDGE('',*,*,#1020,.T.);
#1335=ORIENTED_EDGE('',*,*,#1021,.T.);
#1336=ORIENTED_EDGE('',*,*,#1022,.F.);
#1337=ORIENTED_EDGE('',*,*,#922,.T.);
#1338=ORIENTED_EDGE('',*,*,#1023,.T.);
#1339=ORIENTED_EDGE('',*,*,#996,.F.);
#1340=ORIENTED_EDGE('',*,*,#971,.T.);
#1341=ORIENTED_EDGE('',*,*,#1003,.F.);
#1342=ORIENTED_EDGE('',*,*,#1006,.F.);
#1343=ORIENTED_EDGE('',*,*,#999,.F.);
#1344=ORIENTED_EDGE('',*,*,#969,.T.);
#1345=ORIENTED_EDGE('',*,*,#1024,.T.);
#1346=ORIENTED_EDGE('',*,*,#1025,.T.);
#1347=ORIENTED_EDGE('',*,*,#1013,.T.);
#1348=ORIENTED_EDGE('',*,*,#973,.T.);
#1349=ORIENTED_EDGE('',*,*,#995,.F.);
#1350=ORIENTED_EDGE('',*,*,#989,.F.);
#1351=ORIENTED_EDGE('',*,*,#968,.T.);
#1352=ORIENTED_EDGE('',*,*,#1026,.T.);
#1353=ORIENTED_EDGE('',*,*,#1027,.T.);
#1354=ORIENTED_EDGE('',*,*,#1024,.F.);
#1355=ORIENTED_EDGE('',*,*,#967,.T.);
#1356=ORIENTED_EDGE('',*,*,#1009,.F.);
#1357=ORIENTED_EDGE('',*,*,#1028,.T.);
#1358=ORIENTED_EDGE('',*,*,#1026,.F.);
#1359=ORIENTED_EDGE('',*,*,#1025,.F.);
#1360=ORIENTED_EDGE('',*,*,#1029,.F.);
#1361=ORIENTED_EDGE('',*,*,#1030,.F.);
#1362=ORIENTED_EDGE('',*,*,#1031,.F.);
#1363=ORIENTED_EDGE('',*,*,#1032,.T.);
#1364=ORIENTED_EDGE('',*,*,#1027,.F.);
#1365=ORIENTED_EDGE('',*,*,#1033,.F.);
#1366=ORIENTED_EDGE('',*,*,#1034,.F.);
#1367=ORIENTED_EDGE('',*,*,#1035,.F.);
#1368=ORIENTED_EDGE('',*,*,#1029,.T.);
#1369=ORIENTED_EDGE('',*,*,#1033,.T.);
#1370=ORIENTED_EDGE('',*,*,#1028,.F.);
#1371=ORIENTED_EDGE('',*,*,#920,.F.);
#1372=ORIENTED_EDGE('',*,*,#919,.F.);
#1373=ORIENTED_EDGE('',*,*,#1036,.F.);
#1374=ORIENTED_EDGE('',*,*,#1037,.F.);
#1375=ORIENTED_EDGE('',*,*,#1038,.F.);
#1376=ORIENTED_EDGE('',*,*,#1039,.T.);
#1377=ORIENTED_EDGE('',*,*,#925,.F.);
#1378=ORIENTED_EDGE('',*,*,#1040,.F.);
#1379=ORIENTED_EDGE('',*,*,#1041,.T.);
#1380=ORIENTED_EDGE('',*,*,#915,.F.);
#1381=ORIENTED_EDGE('',*,*,#1042,.T.);
#1382=ORIENTED_EDGE('',*,*,#926,.F.);
#1383=ORIENTED_EDGE('',*,*,#1039,.F.);
#1384=ORIENTED_EDGE('',*,*,#1043,.F.);
#1385=ORIENTED_EDGE('',*,*,#1044,.T.);
#1386=ORIENTED_EDGE('',*,*,#1045,.T.);
#1387=ORIENTED_EDGE('',*,*,#1046,.T.);
#1388=ORIENTED_EDGE('',*,*,#1042,.F.);
#1389=ORIENTED_EDGE('',*,*,#1040,.T.);
#1390=ORIENTED_EDGE('',*,*,#1047,.F.);
#1391=ORIENTED_EDGE('',*,*,#1048,.T.);
#1392=ORIENTED_EDGE('',*,*,#1049,.T.);
#1393=ORIENTED_EDGE('',*,*,#1050,.T.);
#1394=ORIENTED_EDGE('',*,*,#1051,.T.);
#1395=ORIENTED_EDGE('',*,*,#1052,.T.);
#1396=ORIENTED_EDGE('',*,*,#1053,.T.);
#1397=ORIENTED_EDGE('',*,*,#1054,.F.);
#1398=ORIENTED_EDGE('',*,*,#916,.T.);
#1399=ORIENTED_EDGE('',*,*,#1041,.F.);
#1400=ORIENTED_EDGE('',*,*,#1053,.F.);
#1401=ORIENTED_EDGE('',*,*,#932,.T.);
#1402=ORIENTED_EDGE('',*,*,#1055,.T.);
#1403=ORIENTED_EDGE('',*,*,#1056,.T.);
#1404=ORIENTED_EDGE('',*,*,#1057,.F.);
#1405=ORIENTED_EDGE('',*,*,#1038,.T.);
#1406=ORIENTED_EDGE('',*,*,#1058,.T.);
#1407=ORIENTED_EDGE('',*,*,#1055,.F.);
#1408=ORIENTED_EDGE('',*,*,#939,.T.);
#1409=ORIENTED_EDGE('',*,*,#1059,.T.);
#1410=ORIENTED_EDGE('',*,*,#1047,.T.);
#1411=ORIENTED_EDGE('',*,*,#1043,.T.);
#1412=ORIENTED_EDGE('',*,*,#923,.T.);
#1413=ORIENTED_EDGE('',*,*,#1060,.T.);
#1414=ORIENTED_EDGE('',*,*,#933,.T.);
#1415=ORIENTED_EDGE('',*,*,#1057,.T.);
#1416=ORIENTED_EDGE('',*,*,#938,.T.);
#1417=ORIENTED_EDGE('',*,*,#1061,.T.);
#1418=ORIENTED_EDGE('',*,*,#1062,.T.);
#1419=ORIENTED_EDGE('',*,*,#1059,.F.);
#1420=ORIENTED_EDGE('',*,*,#937,.T.);
#1421=ORIENTED_EDGE('',*,*,#1063,.T.);
#1422=ORIENTED_EDGE('',*,*,#1064,.T.);
#1423=ORIENTED_EDGE('',*,*,#1061,.F.);
#1424=ORIENTED_EDGE('',*,*,#936,.T.);
#1425=ORIENTED_EDGE('',*,*,#1065,.T.);
#1426=ORIENTED_EDGE('',*,*,#1066,.T.);
#1427=ORIENTED_EDGE('',*,*,#1063,.F.);
#1428=ORIENTED_EDGE('',*,*,#1067,.T.);
#1429=ORIENTED_EDGE('',*,*,#1065,.F.);
#1430=ORIENTED_EDGE('',*,*,#935,.T.);
#1431=ORIENTED_EDGE('',*,*,#1068,.T.);
#1432=ORIENTED_EDGE('',*,*,#1022,.T.);
#1433=ORIENTED_EDGE('',*,*,#1068,.F.);
#1434=ORIENTED_EDGE('',*,*,#934,.T.);
#1435=ORIENTED_EDGE('',*,*,#1060,.F.);
#1436=ORIENTED_EDGE('',*,*,#1067,.F.);
#1437=ORIENTED_EDGE('',*,*,#1021,.F.);
#1438=ORIENTED_EDGE('',*,*,#1069,.T.);
#1439=ORIENTED_EDGE('',*,*,#1070,.T.);
#1440=ORIENTED_EDGE('',*,*,#1036,.T.);
#1441=ORIENTED_EDGE('',*,*,#924,.T.);
#1442=ORIENTED_EDGE('',*,*,#1056,.F.);
#1443=ORIENTED_EDGE('',*,*,#1071,.F.);
#1444=ORIENTED_EDGE('',*,*,#1072,.F.);
#1445=ORIENTED_EDGE('',*,*,#947,.F.);
#1446=ORIENTED_EDGE('',*,*,#1073,.F.);
#1447=ORIENTED_EDGE('',*,*,#1074,.T.);
#1448=ORIENTED_EDGE('',*,*,#1075,.T.);
#1449=ORIENTED_EDGE('',*,*,#1076,.F.);
#1450=ORIENTED_EDGE('',*,*,#1077,.T.);
#1451=ORIENTED_EDGE('',*,*,#1078,.T.);
#1452=ORIENTED_EDGE('',*,*,#1079,.T.);
#1453=ORIENTED_EDGE('',*,*,#1050,.F.);
#1454=ORIENTED_EDGE('',*,*,#1075,.F.);
#1455=ORIENTED_EDGE('',*,*,#1080,.F.);
#1456=ORIENTED_EDGE('',*,*,#1081,.F.);
#1457=ORIENTED_EDGE('',*,*,#1082,.T.);
#1458=ORIENTED_EDGE('',*,*,#1074,.F.);
#1459=ORIENTED_EDGE('',*,*,#1049,.F.);
#1460=ORIENTED_EDGE('',*,*,#1083,.T.);
#1461=ORIENTED_EDGE('',*,*,#1084,.T.);
#1462=ORIENTED_EDGE('',*,*,#1044,.F.);
#1463=ORIENTED_EDGE('',*,*,#914,.F.);
#1464=ORIENTED_EDGE('',*,*,#1085,.T.);
#1465=ORIENTED_EDGE('',*,*,#1080,.T.);
#1466=ORIENTED_EDGE('',*,*,#1086,.T.);
#1467=ORIENTED_EDGE('',*,*,#1037,.T.);
#1468=ORIENTED_EDGE('',*,*,#1071,.T.);
#1469=ORIENTED_EDGE('',*,*,#1058,.F.);
#1470=ORIENTED_EDGE('',*,*,#1062,.F.);
#1471=ORIENTED_EDGE('',*,*,#1087,.F.);
#1472=ORIENTED_EDGE('',*,*,#1088,.F.);
#1473=ORIENTED_EDGE('',*,*,#1083,.F.);
#1474=ORIENTED_EDGE('',*,*,#1048,.F.);
#1475=ORIENTED_EDGE('',*,*,#1089,.F.);
#1476=ORIENTED_EDGE('',*,*,#1090,.F.);
#1477=ORIENTED_EDGE('',*,*,#1091,.F.);
#1478=ORIENTED_EDGE('',*,*,#928,.F.);
#1479=ORIENTED_EDGE('',*,*,#1092,.T.);
#1480=ORIENTED_EDGE('',*,*,#1090,.T.);
#1481=ORIENTED_EDGE('',*,*,#1093,.F.);
#1482=ORIENTED_EDGE('',*,*,#1094,.F.);
#1483=ORIENTED_EDGE('',*,*,#1095,.F.);
#1484=ORIENTED_EDGE('',*,*,#1091,.T.);
#1485=ORIENTED_EDGE('',*,*,#1092,.F.);
#1486=ORIENTED_EDGE('',*,*,#1094,.T.);
#1487=ORIENTED_EDGE('',*,*,#1096,.T.);
#1488=ORIENTED_EDGE('',*,*,#1093,.T.);
#1489=ORIENTED_EDGE('',*,*,#1089,.T.);
#1490=ORIENTED_EDGE('',*,*,#1095,.T.);
#1491=ORIENTED_EDGE('',*,*,#1096,.F.);
#1492=ORIENTED_EDGE('',*,*,#1097,.T.);
#1493=ORIENTED_EDGE('',*,*,#1098,.T.);
#1494=ORIENTED_EDGE('',*,*,#1099,.T.);
#1495=ORIENTED_EDGE('',*,*,#1100,.F.);
#1496=ORIENTED_EDGE('',*,*,#1101,.F.);
#1497=ORIENTED_EDGE('',*,*,#1102,.T.);
#1498=ORIENTED_EDGE('',*,*,#1099,.F.);
#1499=ORIENTED_EDGE('',*,*,#1014,.F.);
#1500=ORIENTED_EDGE('',*,*,#1032,.F.);
#1501=ORIENTED_EDGE('',*,*,#1103,.F.);
#1502=ORIENTED_EDGE('',*,*,#1104,.F.);
#1503=ORIENTED_EDGE('',*,*,#1097,.F.);
#1504=ORIENTED_EDGE('',*,*,#1102,.F.);
#1505=ORIENTED_EDGE('',*,*,#1105,.F.);
#1506=ORIENTED_EDGE('',*,*,#1106,.F.);
#1507=ORIENTED_EDGE('',*,*,#1015,.F.);
#1508=ORIENTED_EDGE('',*,*,#1030,.T.);
#1509=ORIENTED_EDGE('',*,*,#1035,.T.);
#1510=ORIENTED_EDGE('',*,*,#1107,.T.);
#1511=ORIENTED_EDGE('',*,*,#1108,.T.);
#1512=ORIENTED_EDGE('',*,*,#1101,.T.);
#1513=ORIENTED_EDGE('',*,*,#1109,.F.);
#1514=ORIENTED_EDGE('',*,*,#918,.T.);
#1515=ORIENTED_EDGE('',*,*,#1107,.F.);
#1516=ORIENTED_EDGE('',*,*,#1034,.T.);
#1517=ORIENTED_EDGE('',*,*,#1054,.T.);
#1518=ORIENTED_EDGE('',*,*,#1052,.F.);
#1519=ORIENTED_EDGE('',*,*,#1110,.T.);
#1520=ORIENTED_EDGE('',*,*,#1078,.F.);
#1521=ORIENTED_EDGE('',*,*,#1111,.F.);
#1522=ORIENTED_EDGE('',*,*,#1112,.F.);
#1523=ORIENTED_EDGE('',*,*,#1113,.F.);
#1524=ORIENTED_EDGE('',*,*,#1105,.T.);
#1525=ORIENTED_EDGE('',*,*,#1108,.F.);
#1526=ORIENTED_EDGE('',*,*,#917,.F.);
#1527=ORIENTED_EDGE('',*,*,#1111,.T.);
#1528=ORIENTED_EDGE('',*,*,#1077,.F.);
#1529=ORIENTED_EDGE('',*,*,#1114,.T.);
#1530=ORIENTED_EDGE('',*,*,#1115,.F.);
#1531=ORIENTED_EDGE('',*,*,#1116,.F.);
#1532=ORIENTED_EDGE('',*,*,#1117,.F.);
#1533=ORIENTED_EDGE('',*,*,#1118,.T.);
#1534=ORIENTED_EDGE('',*,*,#927,.F.);
#1535=ORIENTED_EDGE('',*,*,#1046,.F.);
#1536=ORIENTED_EDGE('',*,*,#1119,.T.);
#1537=ORIENTED_EDGE('',*,*,#1120,.T.);
#1538=ORIENTED_EDGE('',*,*,#1121,.F.);
#1539=ORIENTED_EDGE('',*,*,#1069,.F.);
#1540=ORIENTED_EDGE('',*,*,#1020,.F.);
#1541=ORIENTED_EDGE('',*,*,#955,.T.);
#1542=ORIENTED_EDGE('',*,*,#951,.T.);
#1543=ORIENTED_EDGE('',*,*,#1122,.T.);
#1544=ORIENTED_EDGE('',*,*,#1123,.T.);
#1545=ORIENTED_EDGE('',*,*,#1124,.T.);
#1546=ORIENTED_EDGE('',*,*,#963,.F.);
#1547=ORIENTED_EDGE('',*,*,#959,.T.);
#1548=ORIENTED_EDGE('',*,*,#1125,.T.);
#1549=ORIENTED_EDGE('',*,*,#1126,.T.);
#1550=ORIENTED_EDGE('',*,*,#1127,.F.);
#1551=ORIENTED_EDGE('',*,*,#1116,.T.);
#1552=ORIENTED_EDGE('',*,*,#1082,.F.);
#1553=ORIENTED_EDGE('',*,*,#1128,.F.);
#1554=ORIENTED_EDGE('',*,*,#912,.T.);
#1555=ORIENTED_EDGE('',*,*,#1129,.T.);
#1556=ORIENTED_EDGE('',*,*,#1130,.F.);
#1557=ORIENTED_EDGE('',*,*,#1126,.F.);
#1558=ORIENTED_EDGE('',*,*,#1131,.F.);
#1559=ORIENTED_EDGE('',*,*,#1018,.F.);
#1560=ORIENTED_EDGE('',*,*,#1132,.F.);
#1561=ORIENTED_EDGE('',*,*,#1114,.F.);
#1562=ORIENTED_EDGE('',*,*,#1076,.T.);
#1563=ORIENTED_EDGE('',*,*,#1133,.T.);
#1564=ORIENTED_EDGE('',*,*,#979,.T.);
#1565=ORIENTED_EDGE('',*,*,#1064,.F.);
#1566=ORIENTED_EDGE('',*,*,#1134,.T.);
#1567=ORIENTED_EDGE('',*,*,#1120,.F.);
#1568=ORIENTED_EDGE('',*,*,#1087,.T.);
#1569=ORIENTED_EDGE('',*,*,#1066,.F.);
#1570=ORIENTED_EDGE('',*,*,#1070,.F.);
#1571=ORIENTED_EDGE('',*,*,#1121,.T.);
#1572=ORIENTED_EDGE('',*,*,#1134,.F.);
#1573=ORIENTED_EDGE('',*,*,#1135,.F.);
#1574=ORIENTED_EDGE('',*,*,#1136,.T.);
#1575=ORIENTED_EDGE('',*,*,#1137,.T.);
#1576=ORIENTED_EDGE('',*,*,#1136,.F.);
#1577=ORIENTED_EDGE('',*,*,#1138,.F.);
#1578=ORIENTED_EDGE('',*,*,#1139,.F.);
#1579=ORIENTED_EDGE('',*,*,#1139,.T.);
#1580=ORIENTED_EDGE('',*,*,#1140,.F.);
#1581=ORIENTED_EDGE('',*,*,#1112,.T.);
#1582=ORIENTED_EDGE('',*,*,#1132,.T.);
#1583=ORIENTED_EDGE('',*,*,#1017,.F.);
#1584=ORIENTED_EDGE('',*,*,#1141,.F.);
#1585=ORIENTED_EDGE('',*,*,#1135,.T.);
#1586=ORIENTED_EDGE('',*,*,#1128,.T.);
#1587=ORIENTED_EDGE('',*,*,#1081,.T.);
#1588=ORIENTED_EDGE('',*,*,#1085,.F.);
#1589=ORIENTED_EDGE('',*,*,#913,.F.);
#1590=ORIENTED_EDGE('',*,*,#1142,.T.);
#1591=ORIENTED_EDGE('',*,*,#1117,.T.);
#1592=ORIENTED_EDGE('',*,*,#1127,.T.);
#1593=ORIENTED_EDGE('',*,*,#1130,.T.);
#1594=ORIENTED_EDGE('',*,*,#1115,.T.);
#1595=ORIENTED_EDGE('',*,*,#1019,.F.);
#1596=ORIENTED_EDGE('',*,*,#1131,.T.);
#1597=ORIENTED_EDGE('',*,*,#1125,.F.);
#1598=ORIENTED_EDGE('',*,*,#1143,.F.);
#1599=ORIENTED_EDGE('',*,*,#1133,.F.);
#1600=ORIENTED_EDGE('',*,*,#1144,.T.);
#1601=ORIENTED_EDGE('',*,*,#1143,.T.);
#1602=ORIENTED_EDGE('',*,*,#1144,.F.);
#1603=ORIENTED_EDGE('',*,*,#1145,.F.);
#1604=ORIENTED_EDGE('',*,*,#1086,.F.);
#1605=ORIENTED_EDGE('',*,*,#1146,.T.);
#1606=ORIENTED_EDGE('',*,*,#1145,.T.);
#1607=ORIENTED_EDGE('',*,*,#1146,.F.);
#1608=ORIENTED_EDGE('',*,*,#1147,.T.);
#1609=ORIENTED_EDGE('',*,*,#1137,.F.);
#1610=ORIENTED_EDGE('',*,*,#1148,.F.);
#1611=ORIENTED_EDGE('',*,*,#1149,.T.);
#1612=ORIENTED_EDGE('',*,*,#1150,.F.);
#1613=ORIENTED_EDGE('',*,*,#1151,.F.);
#1614=ORIENTED_EDGE('',*,*,#1072,.T.);
#1615=ORIENTED_EDGE('',*,*,#1073,.T.);
#1616=ORIENTED_EDGE('',*,*,#946,.T.);
#1617=ORIENTED_EDGE('',*,*,#944,.T.);
#1618=ORIENTED_EDGE('',*,*,#1141,.T.);
#1619=ORIENTED_EDGE('',*,*,#1147,.F.);
#1620=ORIENTED_EDGE('',*,*,#1152,.T.);
#1621=ORIENTED_EDGE('',*,*,#1151,.T.);
#1622=ORIENTED_EDGE('',*,*,#1152,.F.);
#1623=ORIENTED_EDGE('',*,*,#1122,.F.);
#1624=ORIENTED_EDGE('',*,*,#1153,.F.);
#1625=ORIENTED_EDGE('',*,*,#1149,.F.);
#1626=ORIENTED_EDGE('',*,*,#1154,.T.);
#1627=ORIENTED_EDGE('',*,*,#1124,.F.);
#1628=ORIENTED_EDGE('',*,*,#1155,.F.);
#1629=ORIENTED_EDGE('',*,*,#1150,.T.);
#1630=ORIENTED_EDGE('',*,*,#1153,.T.);
#1631=ORIENTED_EDGE('',*,*,#1123,.F.);
#1632=ORIENTED_EDGE('',*,*,#1154,.F.);
#1633=ORIENTED_EDGE('',*,*,#1148,.T.);
#1634=ORIENTED_EDGE('',*,*,#1155,.T.);
#1635=ORIENTED_EDGE('',*,*,#1023,.F.);
#1636=ORIENTED_EDGE('',*,*,#1156,.T.);
#1637=ORIENTED_EDGE('',*,*,#1157,.F.);
#1638=ORIENTED_EDGE('',*,*,#1156,.F.);
#1639=ORIENTED_EDGE('',*,*,#1088,.T.);
#1640=ORIENTED_EDGE('',*,*,#1119,.F.);
#1641=ORIENTED_EDGE('',*,*,#1045,.F.);
#1642=ORIENTED_EDGE('',*,*,#1084,.F.);
#1643=ORIENTED_EDGE('',*,*,#1079,.F.);
#1644=ORIENTED_EDGE('',*,*,#1110,.F.);
#1645=ORIENTED_EDGE('',*,*,#1051,.F.);
#1646=ORIENTED_EDGE('',*,*,#1106,.T.);
#1647=ORIENTED_EDGE('',*,*,#1113,.T.);
#1648=ORIENTED_EDGE('',*,*,#1140,.T.);
#1649=ORIENTED_EDGE('',*,*,#1138,.T.);
#1650=ORIENTED_EDGE('',*,*,#1016,.F.);
#1651=ORIENTED_EDGE('',*,*,#1008,.T.);
#1652=ORIENTED_EDGE('',*,*,#984,.T.);
#1653=ORIENTED_EDGE('',*,*,#998,.T.);
#1654=ORIENTED_EDGE('',*,*,#988,.T.);
#1655=ORIENTED_EDGE('',*,*,#1103,.T.);
#1656=ORIENTED_EDGE('',*,*,#1031,.T.);
#1657=ORIENTED_EDGE('',*,*,#1109,.T.);
#1658=ORIENTED_EDGE('',*,*,#1100,.T.);
#1659=ORIENTED_EDGE('',*,*,#1098,.F.);
#1660=ORIENTED_EDGE('',*,*,#1104,.T.);
#1661=ORIENTED_EDGE('',*,*,#1158,.T.);
#1662=ORIENTED_EDGE('',*,*,#1159,.T.);
#1663=ORIENTED_EDGE('',*,*,#1160,.T.);
#1664=ORIENTED_EDGE('',*,*,#1161,.F.);
#1665=ORIENTED_EDGE('',*,*,#1162,.F.);
#1666=ORIENTED_EDGE('',*,*,#1163,.T.);
#1667=ORIENTED_EDGE('',*,*,#1164,.F.);
#1668=ORIENTED_EDGE('',*,*,#1163,.F.);
#1669=ORIENTED_EDGE('',*,*,#1158,.F.);
#1670=ORIENTED_EDGE('',*,*,#1165,.T.);
#1671=ORIENTED_EDGE('',*,*,#910,.T.);
#1672=ORIENTED_EDGE('',*,*,#1166,.T.);
#1673=ORIENTED_EDGE('',*,*,#1159,.F.);
#1674=ORIENTED_EDGE('',*,*,#1166,.F.);
#1675=ORIENTED_EDGE('',*,*,#909,.F.);
#1676=ORIENTED_EDGE('',*,*,#1167,.F.);
#1677=ORIENTED_EDGE('',*,*,#1162,.T.);
#1678=ORIENTED_EDGE('',*,*,#1160,.F.);
#1679=ORIENTED_EDGE('',*,*,#1167,.T.);
#1680=ORIENTED_EDGE('',*,*,#908,.F.);
#1681=ORIENTED_EDGE('',*,*,#1168,.F.);
#1682=ORIENTED_EDGE('',*,*,#1161,.T.);
#1683=ORIENTED_EDGE('',*,*,#1168,.T.);
#1684=ORIENTED_EDGE('',*,*,#1118,.F.);
#1685=ORIENTED_EDGE('',*,*,#1142,.F.);
#1686=ORIENTED_EDGE('',*,*,#1129,.F.);
#1687=ORIENTED_EDGE('',*,*,#911,.T.);
#1688=ORIENTED_EDGE('',*,*,#1165,.F.);
#1689=ORIENTED_EDGE('',*,*,#1157,.T.);
#1690=ORIENTED_EDGE('',*,*,#1164,.T.);
#1691=PLANE('',#1867);
#1692=PLANE('',#1873);
#1693=PLANE('',#1903);
#1694=PLANE('',#1926);
#1695=PLANE('',#1927);
#1696=PLANE('',#1928);
#1697=PLANE('',#1929);
#1698=PLANE('',#1931);
#1699=PLANE('',#1932);
#1700=PLANE('',#1933);
#1701=PLANE('',#1934);
#1702=PLANE('',#1935);
#1703=PLANE('',#1936);
#1704=PLANE('',#1937);
#1705=PLANE('',#1942);
#1706=PLANE('',#1949);
#1707=PLANE('',#1950);
#1708=PLANE('',#1953);
#1709=PLANE('',#1956);
#1710=PLANE('',#1957);
#1711=PLANE('',#1958);
#1712=PLANE('',#1959);
#1713=PLANE('',#1960);
#1714=PLANE('',#1961);
#1715=PLANE('',#1962);
#1716=PLANE('',#1968);
#1717=PLANE('',#1969);
#1718=PLANE('',#1974);
#1719=PLANE('',#1980);
#1720=PLANE('',#1983);
#1721=PLANE('',#1984);
#1722=PLANE('',#1985);
#1723=PLANE('',#1986);
#1724=PLANE('',#1987);
#1725=PLANE('',#1988);
#1726=PLANE('',#1989);
#1727=PLANE('',#1990);
#1728=PLANE('',#1992);
#1729=PLANE('',#1993);
#1730=PLANE('',#1995);
#1731=PLANE('',#1996);
#1732=PLANE('',#2000);
#1733=PLANE('',#2001);
#1734=PLANE('',#2003);
#1735=PLANE('',#2004);
#1736=PLANE('',#2005);
#1737=PLANE('',#2006);
#1738=PLANE('',#2009);
#1739=PLANE('',#2012);
#1740=PLANE('',#2014);
#1741=PLANE('',#2017);
#1742=PLANE('',#2020);
#1743=PLANE('',#2021);
#1744=PLANE('',#2024);
#1745=PLANE('',#2025);
#1746=PLANE('',#2026);
#1747=PLANE('',#2027);
#1748=PLANE('',#2028);
#1749=PLANE('',#2032);
#1750=PLANE('',#2033);
#1751=PLANE('',#2034);
#1752=PLANE('',#2035);
#1753=ADVANCED_FACE('',(#173,#79),#1691,.T.);
#1754=ADVANCED_FACE('',(#174),#78,.T.);
#1755=ADVANCED_FACE('',(#175,#80,#81,#82,#83,#84),#1692,.F.);
#1756=ADVANCED_FACE('',(#176),#55,.F.);
#1757=ADVANCED_FACE('',(#177),#44,.F.);
#1758=ADVANCED_FACE('',(#178),#56,.F.);
#1759=ADVANCED_FACE('',(#179),#45,.F.);
#1760=ADVANCED_FACE('',(#180),#57,.F.);
#1761=ADVANCED_FACE('',(#181),#46,.F.);
#1762=ADVANCED_FACE('',(#182),#58,.F.);
#1763=ADVANCED_FACE('',(#183),#47,.F.);
#1764=ADVANCED_FACE('',(#184),#59,.F.);
#1765=ADVANCED_FACE('',(#185),#48,.F.);
#1766=ADVANCED_FACE('',(#186,#85,#86,#87),#1693,.T.);
#1767=ADVANCED_FACE('',(#187),#60,.F.);
#1768=ADVANCED_FACE('',(#188),#49,.F.);
#1769=ADVANCED_FACE('',(#189),#61,.F.);
#1770=ADVANCED_FACE('',(#190),#50,.F.);
#1771=ADVANCED_FACE('',(#191),#62,.F.);
#1772=ADVANCED_FACE('',(#192),#42,.T.);
#1773=ADVANCED_FACE('',(#193),#51,.F.);
#1774=ADVANCED_FACE('',(#194),#63,.F.);
#1775=ADVANCED_FACE('',(#195),#52,.F.);
#1776=ADVANCED_FACE('',(#196),#43,.T.);
#1777=ADVANCED_FACE('',(#197),#64,.F.);
#1778=ADVANCED_FACE('',(#198),#1694,.T.);
#1779=ADVANCED_FACE('',(#199),#1695,.T.);
#1780=ADVANCED_FACE('',(#200),#1696,.T.);
#1781=ADVANCED_FACE('',(#201,#88),#1697,.T.);
#1782=ADVANCED_FACE('',(#202),#1698,.T.);
#1783=ADVANCED_FACE('',(#203),#1699,.T.);
#1784=ADVANCED_FACE('',(#204),#1700,.T.);
#1785=ADVANCED_FACE('',(#205),#1701,.T.);
#1786=ADVANCED_FACE('',(#206),#1702,.T.);
#1787=ADVANCED_FACE('',(#207),#1703,.F.);
#1788=ADVANCED_FACE('',(#208),#1704,.F.);
#1789=ADVANCED_FACE('',(#209),#15,.F.);
#1790=ADVANCED_FACE('',(#210),#1705,.F.);
#1791=ADVANCED_FACE('',(#211),#65,.T.);
#1792=ADVANCED_FACE('',(#212),#1706,.T.);
#1793=ADVANCED_FACE('',(#213),#1707,.T.);
#1794=ADVANCED_FACE('',(#214),#53,.T.);
#1795=ADVANCED_FACE('',(#215),#1708,.T.);
#1796=ADVANCED_FACE('',(#216),#54,.T.);
#1797=ADVANCED_FACE('',(#217),#1709,.T.);
#1798=ADVANCED_FACE('',(#218),#1710,.T.);
#1799=ADVANCED_FACE('',(#219),#1711,.T.);
#1800=ADVANCED_FACE('',(#220),#1712,.T.);
#1801=ADVANCED_FACE('',(#221),#1713,.T.);
#1802=ADVANCED_FACE('',(#222),#1714,.T.);
#1803=ADVANCED_FACE('',(#223),#1715,.T.);
#1804=ADVANCED_FACE('',(#224),#66,.T.);
#1805=ADVANCED_FACE('',(#225),#1716,.F.);
#1806=ADVANCED_FACE('',(#226,#89),#1717,.T.);
#1807=ADVANCED_FACE('',(#227),#67,.T.);
#1808=ADVANCED_FACE('',(#228),#68,.T.);
#1809=ADVANCED_FACE('',(#229),#1718,.F.);
#1810=ADVANCED_FACE('',(#230),#69,.F.);
#1811=ADVANCED_FACE('',(#231),#1719,.T.);
#1812=ADVANCED_FACE('',(#232),#70,.F.);
#1813=ADVANCED_FACE('',(#233),#1720,.T.);
#1814=ADVANCED_FACE('',(#234),#1721,.F.);
#1815=ADVANCED_FACE('',(#235),#1722,.F.);
#1816=ADVANCED_FACE('',(#236),#1723,.T.);
#1817=ADVANCED_FACE('',(#237),#1724,.T.);
#1818=ADVANCED_FACE('',(#238),#1725,.T.);
#1819=ADVANCED_FACE('',(#239),#1726,.F.);
#1820=ADVANCED_FACE('',(#240,#90,#91,#92,#93,#94),#1727,.T.);
#1821=ADVANCED_FACE('',(#241),#1728,.F.);
#1822=ADVANCED_FACE('',(#242,#95,#96),#1729,.T.);
#1823=ADVANCED_FACE('',(#243),#1730,.F.);
#1824=ADVANCED_FACE('',(#244),#1731,.F.);
#1825=ADVANCED_FACE('',(#245),#71,.F.);
#1826=ADVANCED_FACE('',(#246),#1732,.T.);
#1827=ADVANCED_FACE('',(#247,#97),#1733,.F.);
#1828=ADVANCED_FACE('',(#248),#1734,.F.);
#1829=ADVANCED_FACE('',(#249),#1735,.F.);
#1830=ADVANCED_FACE('',(#250),#1736,.F.);
#1831=ADVANCED_FACE('',(#251),#1737,.T.);
#1832=ADVANCED_FACE('',(#252),#72,.F.);
#1833=ADVANCED_FACE('',(#253),#1738,.T.);
#1834=ADVANCED_FACE('',(#254),#73,.F.);
#1835=ADVANCED_FACE('',(#255,#98),#1739,.T.);
#1836=ADVANCED_FACE('',(#256,#99),#1740,.T.);
#1837=ADVANCED_FACE('',(#257,#100),#1741,.F.);
#1838=ADVANCED_FACE('',(#258),#74,.F.);
#1839=ADVANCED_FACE('',(#259),#75,.T.);
#1840=ADVANCED_FACE('',(#260),#1742,.T.);
#1841=ADVANCED_FACE('',(#261),#1743,.T.);
#1842=ADVANCED_FACE('',(#262),#76,.F.);
#1843=ADVANCED_FACE('',(#263),#1744,.F.);
#1844=ADVANCED_FACE('',(#264),#1745,.T.);
#1845=ADVANCED_FACE('',(#265,#101,#102,#103,#104),#1746,.F.);
#1846=ADVANCED_FACE('',(#266),#1747,.T.);
#1847=ADVANCED_FACE('',(#267),#1748,.F.);
#1848=ADVANCED_FACE('',(#268),#77,.F.);
#1849=ADVANCED_FACE('',(#269),#1749,.T.);
#1850=ADVANCED_FACE('',(#270,#105),#1750,.T.);
#1851=ADVANCED_FACE('',(#271),#1751,.T.);
#1852=ADVANCED_FACE('',(#272,#106,#107),#1752,.T.);
#1853=CLOSED_SHELL('',(#1753,#1754,#1755,#1756,#1757,#1758,#1759,#1760,
#1761,#1762,#1763,#1764,#1765,#1766,#1767,#1768,#1769,#1770,#1771,#1772,
#1773,#1774,#1775,#1776,#1777,#1778,#1779,#1780,#1781,#1782,#1783,#1784,
#1785,#1786,#1787,#1788,#1789,#1790,#1791,#1792,#1793,#1794,#1795,#1796,
#1797,#1798,#1799,#1800,#1801,#1802,#1803,#1804,#1805,#1806,#1807,#1808,
#1809,#1810,#1811,#1812,#1813,#1814,#1815,#1816,#1817,#1818,#1819,#1820,
#1821,#1822,#1823,#1824,#1825,#1826,#1827,#1828,#1829,#1830,#1831,#1832,
#1833,#1834,#1835,#1836,#1837,#1838,#1839,#1840,#1841,#1842,#1843,#1844,
#1845,#1846,#1847,#1848,#1849,#1850,#1851,#1852));
#1854=DERIVED_UNIT_ELEMENT(#1856,1.);
#1855=DERIVED_UNIT_ELEMENT(#3300,-3.);
#1856=(
MASS_UNIT()
NAMED_UNIT(*)
SI_UNIT(.KILO.,.GRAM.)
);
#1857=DERIVED_UNIT((#1854,#1855));
#1858=MEASURE_REPRESENTATION_ITEM('density measure',
POSITIVE_RATIO_MEASURE(7850.),#1857);
#1859=PROPERTY_DEFINITION_REPRESENTATION(#1864,#1861);
#1860=PROPERTY_DEFINITION_REPRESENTATION(#1865,#1862);
#1861=REPRESENTATION('material name',(#1863),#3297);
#1862=REPRESENTATION('density',(#1858),#3297);
#1863=DESCRIPTIVE_REPRESENTATION_ITEM('Steel','Steel');
#1864=PROPERTY_DEFINITION('material property','material name',#3307);
#1865=PROPERTY_DEFINITION('material property','density of part',#3307);
#1866=AXIS2_PLACEMENT_3D('',#2546,#2036,#2037);
#1867=AXIS2_PLACEMENT_3D('',#2547,#2038,#2039);
#1868=AXIS2_PLACEMENT_3D('',#2589,#2060,#2061);
#1869=AXIS2_PLACEMENT_3D('',#2590,#2062,#2063);
#1870=AXIS2_PLACEMENT_3D('',#2592,#2064,#2065);
#1871=AXIS2_PLACEMENT_3D('',#2594,#2066,#2067);
#1872=AXIS2_PLACEMENT_3D('',#2595,#2068,#2069);
#1873=AXIS2_PLACEMENT_3D('',#2596,#2070,#2071);
#1874=AXIS2_PLACEMENT_3D('',#2611,#2078,#2079);
#1875=AXIS2_PLACEMENT_3D('',#2612,#2080,#2081);
#1876=AXIS2_PLACEMENT_3D('',#2614,#2082,#2083);
#1877=AXIS2_PLACEMENT_3D('',#2616,#2084,#2085);
#1878=AXIS2_PLACEMENT_3D('',#2618,#2086,#2087);
#1879=AXIS2_PLACEMENT_3D('',#2620,#2088,#2089);
#1880=AXIS2_PLACEMENT_3D('',#2621,#2090,#2091);
#1881=AXIS2_PLACEMENT_3D('',#2624,#2092,#2093);
#1882=AXIS2_PLACEMENT_3D('',#2627,#2095,#2096);
#1883=AXIS2_PLACEMENT_3D('',#2628,#2097,#2098);
#1884=AXIS2_PLACEMENT_3D('',#2629,#2099,#2100);
#1885=AXIS2_PLACEMENT_3D('',#2632,#2102,#2103);
#1886=AXIS2_PLACEMENT_3D('',#2633,#2104,#2105);
#1887=AXIS2_PLACEMENT_3D('',#2636,#2107,#2108);
#1888=AXIS2_PLACEMENT_3D('',#2637,#2109,#2110);
#1889=AXIS2_PLACEMENT_3D('',#2640,#2112,#2113);
#1890=AXIS2_PLACEMENT_3D('',#2641,#2114,#2115);
#1891=AXIS2_PLACEMENT_3D('',#2644,#2117,#2118);
#1892=AXIS2_PLACEMENT_3D('',#2645,#2119,#2120);
#1893=AXIS2_PLACEMENT_3D('',#2648,#2122,#2123);
#1894=AXIS2_PLACEMENT_3D('',#2649,#2124,#2125);
#1895=AXIS2_PLACEMENT_3D('',#2652,#2127,#2128);
#1896=AXIS2_PLACEMENT_3D('',#2653,#2129,#2130);
#1897=AXIS2_PLACEMENT_3D('',#2656,#2132,#2133);
#1898=AXIS2_PLACEMENT_3D('',#2657,#2134,#2135);
#1899=AXIS2_PLACEMENT_3D('',#2660,#2137,#2138);
#1900=AXIS2_PLACEMENT_3D('',#2661,#2139,#2140);
#1901=AXIS2_PLACEMENT_3D('',#2663,#2141,#2142);
#1902=AXIS2_PLACEMENT_3D('',#2666,#2144,#2145);
#1903=AXIS2_PLACEMENT_3D('',#2667,#2146,#2147);
#1904=AXIS2_PLACEMENT_3D('',#2676,#2151,#2152);
#1905=AXIS2_PLACEMENT_3D('',#2680,#2154,#2155);
#1906=AXIS2_PLACEMENT_3D('',#2689,#2160,#2161);
#1907=AXIS2_PLACEMENT_3D('',#2691,#2162,#2163);
#1908=AXIS2_PLACEMENT_3D('',#2692,#2164,#2165);
#1909=AXIS2_PLACEMENT_3D('',#2694,#2166,#2167);
#1910=AXIS2_PLACEMENT_3D('',#2696,#2169,#2170);
#1911=AXIS2_PLACEMENT_3D('',#2699,#2172,#2173);
#1912=AXIS2_PLACEMENT_3D('',#2700,#2174,#2175);
#1913=AXIS2_PLACEMENT_3D('',#2703,#2177,#2178);
#1914=AXIS2_PLACEMENT_3D('',#2704,#2179,#2180);
#1915=AXIS2_PLACEMENT_3D('',#2707,#2182,#2183);
#1916=AXIS2_PLACEMENT_3D('',#2708,#2184,#2185);
#1917=AXIS2_PLACEMENT_3D('',#2711,#2187,#2188);
#1918=AXIS2_PLACEMENT_3D('',#2821,#2189,#2190);
#1919=AXIS2_PLACEMENT_3D('',#2822,#2191,#2192);
#1920=AXIS2_PLACEMENT_3D('',#2829,#2193,#2194);
#1921=AXIS2_PLACEMENT_3D('',#2832,#2196,#2197);
#1922=AXIS2_PLACEMENT_3D('',#2833,#2198,#2199);
#1923=AXIS2_PLACEMENT_3D('',#2868,#2200,#2201);
#1924=AXIS2_PLACEMENT_3D('',#2948,#2202,#2203);
#1925=AXIS2_PLACEMENT_3D('',#2951,#2205,#2206);
#1926=AXIS2_PLACEMENT_3D('',#2952,#2207,#2208);
#1927=AXIS2_PLACEMENT_3D('',#2955,#2211,#2212);
#1928=AXIS2_PLACEMENT_3D('',#2959,#2215,#2216);
#1929=AXIS2_PLACEMENT_3D('',#2963,#2219,#2220);
#1930=AXIS2_PLACEMENT_3D('',#2980,#2229,#2230);
#1931=AXIS2_PLACEMENT_3D('',#2981,#2231,#2232);
#1932=AXIS2_PLACEMENT_3D('',#2985,#2235,#2236);
#1933=AXIS2_PLACEMENT_3D('',#2989,#2239,#2240);
#1934=AXIS2_PLACEMENT_3D('',#2991,#2242,#2243);
#1935=AXIS2_PLACEMENT_3D('',#2999,#2248,#2249);
#1936=AXIS2_PLACEMENT_3D('',#3004,#2253,#2254);
#1937=AXIS2_PLACEMENT_3D('',#3005,#2255,#2256);
#1938=AXIS2_PLACEMENT_3D('',#3009,#2258,#2259);
#1939=AXIS2_PLACEMENT_3D('',#3011,#2260,#2261);
#1940=AXIS2_PLACEMENT_3D('',#3012,#2262,#2263);
#1941=AXIS2_PLACEMENT_3D('',#3024,#2264,#2265);
#1942=AXIS2_PLACEMENT_3D('',#3030,#2267,#2268);
#1943=AXIS2_PLACEMENT_3D('',#3036,#2272,#2273);
#1944=AXIS2_PLACEMENT_3D('',#3038,#2274,#2275);
#1945=AXIS2_PLACEMENT_3D('',#3042,#2277,#2278);
#1946=AXIS2_PLACEMENT_3D('',#3046,#2280,#2281);
#1947=AXIS2_PLACEMENT_3D('',#3048,#2282,#2283);
#1948=AXIS2_PLACEMENT_3D('',#3049,#2284,#2285);
#1949=AXIS2_PLACEMENT_3D('',#3050,#2286,#2287);
#1950=AXIS2_PLACEMENT_3D('',#3052,#2289,#2290);
#1951=AXIS2_PLACEMENT_3D('',#3060,#2293,#2294);
#1952=AXIS2_PLACEMENT_3D('',#3061,#2295,#2296);
#1953=AXIS2_PLACEMENT_3D('',#3066,#2297,#2298);
#1954=AXIS2_PLACEMENT_3D('',#3068,#2300,#2301);
#1955=AXIS2_PLACEMENT_3D('',#3074,#2302,#2303);
#1956=AXIS2_PLACEMENT_3D('',#3075,#2304,#2305);
#1957=AXIS2_PLACEMENT_3D('',#3079,#2308,#2309);
#1958=AXIS2_PLACEMENT_3D('',#3083,#2312,#2313);
#1959=AXIS2_PLACEMENT_3D('',#3086,#2316,#2317);
#1960=AXIS2_PLACEMENT_3D('',#3087,#2318,#2319);
#1961=AXIS2_PLACEMENT_3D('',#3091,#2322,#2323);
#1962=AXIS2_PLACEMENT_3D('',#3093,#2325,#2326);
#1963=AXIS2_PLACEMENT_3D('',#3097,#2329,#2330);
#1964=AXIS2_PLACEMENT_3D('',#3099,#2331,#2332);
#1965=AXIS2_PLACEMENT_3D('',#3103,#2334,#2335);
#1966=AXIS2_PLACEMENT_3D('',#3107,#2337,#2338);
#1967=AXIS2_PLACEMENT_3D('',#3108,#2339,#2340);
#1968=AXIS2_PLACEMENT_3D('',#3109,#2341,#2342);
#1969=AXIS2_PLACEMENT_3D('',#3115,#2346,#2347);
#1970=AXIS2_PLACEMENT_3D('',#3117,#2348,#2349);
#1971=AXIS2_PLACEMENT_3D('',#3121,#2352,#2353);
#1972=AXIS2_PLACEMENT_3D('',#3122,#2354,#2355);
#1973=AXIS2_PLACEMENT_3D('',#3123,#2356,#2357);
#1974=AXIS2_PLACEMENT_3D('',#3127,#2360,#2361);
#1975=AXIS2_PLACEMENT_3D('',#3130,#2362,#2363);
#1976=AXIS2_PLACEMENT_3D('',#3132,#2364,#2365);
#1977=AXIS2_PLACEMENT_3D('',#3133,#2366,#2367);
#1978=AXIS2_PLACEMENT_3D('',#3134,#2368,#2369);
#1979=AXIS2_PLACEMENT_3D('',#3139,#2372,#2373);
#1980=AXIS2_PLACEMENT_3D('',#3141,#2375,#2376);
#1981=AXIS2_PLACEMENT_3D('',#3142,#2377,#2378);
#1982=AXIS2_PLACEMENT_3D('',#3143,#2379,#2380);
#1983=AXIS2_PLACEMENT_3D('',#3144,#2381,#2382);
#1984=AXIS2_PLACEMENT_3D('',#3151,#2386,#2387);
#1985=AXIS2_PLACEMENT_3D('',#3157,#2391,#2392);
#1986=AXIS2_PLACEMENT_3D('',#3164,#2397,#2398);
#1987=AXIS2_PLACEMENT_3D('',#3168,#2402,#2403);
#1988=AXIS2_PLACEMENT_3D('',#3169,#2404,#2405);
#1989=AXIS2_PLACEMENT_3D('',#3172,#2408,#2409);
#1990=AXIS2_PLACEMENT_3D('',#3178,#2413,#2414);
#1991=AXIS2_PLACEMENT_3D('',#3192,#2422,#2423);
#1992=AXIS2_PLACEMENT_3D('',#3196,#2426,#2427);
#1993=AXIS2_PLACEMENT_3D('',#3202,#2431,#2432);
#1994=AXIS2_PLACEMENT_3D('',#3210,#2438,#2439);
#1995=AXIS2_PLACEMENT_3D('',#3211,#2440,#2441);
#1996=AXIS2_PLACEMENT_3D('',#3213,#2443,#2444);
#1997=AXIS2_PLACEMENT_3D('',#3214,#2445,#2446);
#1998=AXIS2_PLACEMENT_3D('',#3216,#2447,#2448);
#1999=AXIS2_PLACEMENT_3D('',#3219,#2450,#2451);
#2000=AXIS2_PLACEMENT_3D('',#3220,#2452,#2453);
#2001=AXIS2_PLACEMENT_3D('',#3226,#2457,#2458);
#2002=AXIS2_PLACEMENT_3D('',#3228,#2459,#2460);
#2003=AXIS2_PLACEMENT_3D('',#3229,#2461,#2462);
#2004=AXIS2_PLACEMENT_3D('',#3230,#2463,#2464);
#2005=AXIS2_PLACEMENT_3D('',#3232,#2466,#2467);
#2006=AXIS2_PLACEMENT_3D('',#3233,#2468,#2469);
#2007=AXIS2_PLACEMENT_3D('',#3235,#2470,#2471);
#2008=AXIS2_PLACEMENT_3D('',#3236,#2472,#2473);
#2009=AXIS2_PLACEMENT_3D('',#3238,#2475,#2476);
#2010=AXIS2_PLACEMENT_3D('',#3240,#2477,#2478);
#2011=AXIS2_PLACEMENT_3D('',#3241,#2479,#2480);
#2012=AXIS2_PLACEMENT_3D('',#3243,#2482,#2483);
#2013=AXIS2_PLACEMENT_3D('',#3245,#2484,#2485);
#2014=AXIS2_PLACEMENT_3D('',#3246,#2486,#2487);
#2015=AXIS2_PLACEMENT_3D('',#3251,#2489,#2490);
#2016=AXIS2_PLACEMENT_3D('',#3254,#2492,#2493);
#2017=AXIS2_PLACEMENT_3D('',#3255,#2494,#2495);
#2018=AXIS2_PLACEMENT_3D('',#3256,#2496,#2497);
#2019=AXIS2_PLACEMENT_3D('',#3258,#2499,#2500);
#2020=AXIS2_PLACEMENT_3D('',#3261,#2503,#2504);
#2021=AXIS2_PLACEMENT_3D('',#3263,#2506,#2507);
#2022=AXIS2_PLACEMENT_3D('',#3264,#2508,#2509);
#2023=AXIS2_PLACEMENT_3D('',#3267,#2511,#2512);
#2024=AXIS2_PLACEMENT_3D('',#3268,#2513,#2514);
#2025=AXIS2_PLACEMENT_3D('',#3269,#2515,#2516);
#2026=AXIS2_PLACEMENT_3D('',#3270,#2517,#2518);
#2027=AXIS2_PLACEMENT_3D('',#3271,#2519,#2520);
#2028=AXIS2_PLACEMENT_3D('',#3272,#2521,#2522);
#2029=AXIS2_PLACEMENT_3D('',#3281,#2527,#2528);
#2030=AXIS2_PLACEMENT_3D('',#3283,#2529,#2530);
#2031=AXIS2_PLACEMENT_3D('',#3286,#2532,#2533);
#2032=AXIS2_PLACEMENT_3D('',#3287,#2534,#2535);
#2033=AXIS2_PLACEMENT_3D('',#3290,#2538,#2539);
#2034=AXIS2_PLACEMENT_3D('',#3292,#2541,#2542);
#2035=AXIS2_PLACEMENT_3D('',#3294,#2544,#2545);
#2036=DIRECTION('axis',(0.,0.,1.));
#2037=DIRECTION('refdir',(1.,0.,0.));
#2038=DIRECTION('center_axis',(-1.,0.,0.));
#2039=DIRECTION('ref_axis',(0.,0.,1.));
#2040=DIRECTION('',(0.,-0.707106781186548,-0.707106781186548));
#2041=DIRECTION('',(0.,0.707106781186547,-0.707106781186547));
#2042=DIRECTION('',(0.,-0.707106781186547,-0.707106781186547));
#2043=DIRECTION('',(0.,0.707106781186548,-0.707106781186548));
#2044=DIRECTION('',(0.,-0.70710678118655,-0.707106781186545));
#2045=DIRECTION('',(0.,-0.707106781186543,0.707106781186552));
#2046=DIRECTION('',(0.,0.70710678118655,0.707106781186545));
#2047=DIRECTION('',(0.,0.709144053375238,-0.705063622350876));
#2048=DIRECTION('',(0.,-0.705063622350875,-0.709144053375238));
#2049=DIRECTION('',(0.,0.707106781186547,-0.707106781186548));
#2050=DIRECTION('',(0.,0.70710678118655,0.707106781186545));
#2051=DIRECTION('',(0.,-0.70710678118655,-0.707106781186545));
#2052=DIRECTION('',(0.,0.707106781186548,-0.707106781186548));
#2053=DIRECTION('',(0.,0.70710678118655,0.707106781186545));
#2054=DIRECTION('',(0.,0.707106781186548,-0.707106781186548));
#2055=DIRECTION('',(0.,-0.70710678118655,-0.707106781186545));
#2056=DIRECTION('',(0.,-0.707106781186547,0.707106781186547));
#2057=DIRECTION('',(0.,-0.705063622350875,-0.709144053375238));
#2058=DIRECTION('',(0.,0.709144053375238,-0.705063622350876));
#2059=DIRECTION('',(0.,-0.70710678118655,-0.707106781186545));
#2060=DIRECTION('center_axis',(1.,0.,0.));
#2061=DIRECTION('ref_axis',(-2.53803333271455E-16,2.73691106313441E-48,
-1.));
#2062=DIRECTION('center_axis',(1.0960652158291E-17,0.707106781186545,-0.70710678118655));
#2063=DIRECTION('ref_axis',(-1.,0.,0.));
#2064=DIRECTION('center_axis',(-1.0960652158291E-17,-0.707106781186545,
0.70710678118655));
#2065=DIRECTION('ref_axis',(0.628445275999979,-0.550025697160284,-0.550025697160281));
#2066=DIRECTION('center_axis',(0.,-0.70710678118655,-0.707106781186545));
#2067=DIRECTION('ref_axis',(1.,0.,0.));
#2068=DIRECTION('center_axis',(1.0960652158291E-17,0.707106781186545,-0.70710678118655));
#2069=DIRECTION('ref_axis',(0.628445275999979,-0.550025697160284,-0.550025697160281));
#2070=DIRECTION('center_axis',(1.0960652158291E-17,0.707106781186545,-0.70710678118655));
#2071=DIRECTION('ref_axis',(-1.,1.55007029347092E-17,-4.62223186652937E-33));
#2072=DIRECTION('',(-1.,7.75035146735455E-18,-7.75035146735455E-18));
#2073=DIRECTION('',(0.,0.70710678118655,0.707106781186545));
#2074=DIRECTION('',(-1.,7.75035146735455E-18,-7.75035146735455E-18));
#2075=DIRECTION('',(-1.09606521582911E-17,-0.70710678118655,-0.707106781186545));
#2076=DIRECTION('',(1.,-7.75035146735454E-18,7.75035146735456E-18));
#2077=DIRECTION('',(0.,-0.70710678118655,-0.707106781186545));
#2078=DIRECTION('center_axis',(1.0960652158291E-17,0.707106781186545,-0.70710678118655));
#2079=DIRECTION('ref_axis',(0.950744372608831,0.219186151424585,0.219186151424583));
#2080=DIRECTION('center_axis',(1.0960652158291E-17,0.707106781186545,-0.70710678118655));
#2081=DIRECTION('ref_axis',(-0.76539860581873,-0.455063168258401,-0.455063168258398));
#2082=DIRECTION('center_axis',(-1.0960652158291E-17,-0.707106781186545,
0.70710678118655));
#2083=DIRECTION('ref_axis',(1.,-7.75035146735453E-18,7.75035146735458E-18));
#2084=DIRECTION('center_axis',(-1.0960652158291E-17,-0.707106781186545,
0.70710678118655));
#2085=DIRECTION('ref_axis',(1.,-7.75035146735453E-18,7.75035146735458E-18));
#2086=DIRECTION('center_axis',(-1.0960652158291E-17,-0.707106781186545,
0.70710678118655));
#2087=DIRECTION('ref_axis',(1.,-7.75035146735453E-18,7.75035146735458E-18));
#2088=DIRECTION('center_axis',(-1.0960652158291E-17,-0.707106781186545,
0.70710678118655));
#2089=DIRECTION('ref_axis',(1.,-7.75035146735453E-18,7.75035146735458E-18));
#2090=DIRECTION('center_axis',(0.,-0.707106781186548,0.707106781186548));
#2091=DIRECTION('ref_axis',(-1.,-2.25871002614227E-11,-2.25871002614227E-11));
#2092=DIRECTION('center_axis',(5.41085986887959E-12,-0.707106781217543,
0.707106781155552));
#2093=DIRECTION('ref_axis',(-1.,-2.64131559657675E-11,-1.87610445570779E-11));
#2094=DIRECTION('',(0.,0.707106781186547,-0.707106781186547));
#2095=DIRECTION('center_axis',(5.41085986887959E-12,-0.707106781217543,
0.707106781155552));
#2096=DIRECTION('ref_axis',(-1.,-2.64131559657675E-11,-1.87610445570779E-11));
#2097=DIRECTION('center_axis',(0.,0.707106781186545,-0.70710678118655));
#2098=DIRECTION('ref_axis',(1.,0.,0.));
#2099=DIRECTION('center_axis',(0.,-0.707106781186543,0.707106781186552));
#2100=DIRECTION('ref_axis',(1.,-4.84396966709658E-18,4.84396966709661E-18));
#2101=DIRECTION('',(0.707106781186555,0.499999999999991,-0.499999999999998));
#2102=DIRECTION('center_axis',(1.0960652158291E-17,0.707106781186545,-0.70710678118655));
#2103=DIRECTION('ref_axis',(1.,0.,0.));
#2104=DIRECTION('center_axis',(0.,0.707106781186545,-0.70710678118655));
#2105=DIRECTION('ref_axis',(1.,0.,0.));
#2106=DIRECTION('',(0.,0.707106781186545,-0.70710678118655));
#2107=DIRECTION('center_axis',(-1.0960652158291E-17,-0.707106781186545,
0.70710678118655));
#2108=DIRECTION('ref_axis',(1.,0.,0.));
#2109=DIRECTION('center_axis',(0.,-0.707106781186552,0.707106781186543));
#2110=DIRECTION('ref_axis',(1.,-4.8439696670966E-18,4.84396966709663E-18));
#2111=DIRECTION('',(0.707106781186551,0.500000000000001,-0.499999999999994));
#2112=DIRECTION('center_axis',(1.0960652158291E-17,0.707106781186545,-0.70710678118655));
#2113=DIRECTION('ref_axis',(1.,0.,0.));
#2114=DIRECTION('center_axis',(0.,0.707106781186545,-0.70710678118655));
#2115=DIRECTION('ref_axis',(1.,0.,0.));
#2116=DIRECTION('',(0.,0.707106781186545,-0.70710678118655));
#2117=DIRECTION('center_axis',(-1.0960652158291E-17,-0.707106781186545,
0.70710678118655));
#2118=DIRECTION('ref_axis',(1.,0.,0.));
#2119=DIRECTION('center_axis',(0.,-0.707106781186543,0.707106781186552));
#2120=DIRECTION('ref_axis',(1.,-4.84396966709658E-18,4.84396966709661E-18));
#2121=DIRECTION('',(0.707106781186549,0.499999999999996,-0.500000000000002));
#2122=DIRECTION('center_axis',(1.0960652158291E-17,0.707106781186545,-0.70710678118655));
#2123=DIRECTION('ref_axis',(1.,0.,0.));
#2124=DIRECTION('center_axis',(0.,0.707106781186545,-0.70710678118655));
#2125=DIRECTION('ref_axis',(1.,0.,0.));
#2126=DIRECTION('',(0.,0.707106781186545,-0.70710678118655));
#2127=DIRECTION('center_axis',(-1.0960652158291E-17,-0.707106781186545,
0.70710678118655));
#2128=DIRECTION('ref_axis',(1.,0.,0.));
#2129=DIRECTION('center_axis',(0.,-0.707106781186543,0.707106781186552));
#2130=DIRECTION('ref_axis',(1.,-4.84396966709658E-18,4.84396966709661E-18));
#2131=DIRECTION('',(0.707106781186549,0.499999999999996,-0.500000000000002));
#2132=DIRECTION('center_axis',(1.0960652158291E-17,0.707106781186545,-0.70710678118655));
#2133=DIRECTION('ref_axis',(1.,0.,0.));
#2134=DIRECTION('center_axis',(0.,0.707106781186545,-0.70710678118655));
#2135=DIRECTION('ref_axis',(1.,0.,0.));
#2136=DIRECTION('',(0.,0.707106781186545,-0.70710678118655));
#2137=DIRECTION('center_axis',(1.0960652158291E-17,0.707106781186545,-0.70710678118655));
#2138=DIRECTION('ref_axis',(1.,0.,0.));
#2139=DIRECTION('center_axis',(0.,0.707106781186548,-0.707106781186548));
#2140=DIRECTION('ref_axis',(-1.,4.84396966709658E-18,-4.84396966709661E-18));
#2141=DIRECTION('center_axis',(1.0960652158291E-17,0.707106781186545,-0.70710678118655));
#2142=DIRECTION('ref_axis',(-1.,7.75035146735452E-18,-7.75035146735458E-18));
#2143=DIRECTION('',(-0.707106781186547,-0.5,0.5));
#2144=DIRECTION('center_axis',(-1.0960652158291E-17,-0.707106781186545,
0.70710678118655));
#2145=DIRECTION('ref_axis',(-1.,0.,0.));
#2146=DIRECTION('center_axis',(1.0960652158291E-17,0.707106781186545,-0.70710678118655));
#2147=DIRECTION('ref_axis',(-1.0960652158291E-17,0.70710678118655,0.707106781186545));
#2148=DIRECTION('',(0.,-0.70710678118655,-0.707106781186545));
#2149=DIRECTION('',(-1.,7.75035146735455E-18,-7.75035146735455E-18));
#2150=DIRECTION('',(0.,0.70710678118655,0.707106781186545));
#2151=DIRECTION('center_axis',(1.0960652158291E-17,0.707106781186545,-0.70710678118655));
#2152=DIRECTION('ref_axis',(-1.,7.75035146735452E-18,-7.75035146735458E-18));
#2153=DIRECTION('',(0.,0.70710678118655,0.707106781186545));
#2154=DIRECTION('center_axis',(1.0960652158291E-17,0.707106781186545,-0.70710678118655));
#2155=DIRECTION('ref_axis',(-1.,7.75035146735452E-18,-7.75035146735458E-18));
#2156=DIRECTION('',(0.,0.70710678118655,0.707106781186545));
#2157=DIRECTION('',(0.,0.70710678118655,0.707106781186545));
#2158=DIRECTION('',(1.,-7.75035146735455E-18,7.75035146735455E-18));
#2159=DIRECTION('',(0.,-0.70710678118655,-0.707106781186545));
#2160=DIRECTION('center_axis',(1.0960652158291E-17,0.707106781186545,-0.70710678118655));
#2161=DIRECTION('ref_axis',(-1.,7.75035146735452E-18,-7.75035146735458E-18));
#2162=DIRECTION('center_axis',(1.0960652158291E-17,0.707106781186545,-0.70710678118655));
#2163=DIRECTION('ref_axis',(-1.,7.75035146735452E-18,-7.75035146735458E-18));
#2164=DIRECTION('center_axis',(0.,0.707106781186545,-0.70710678118655));
#2165=DIRECTION('ref_axis',(-1.,0.,0.));
#2166=DIRECTION('center_axis',(0.,0.707106781186548,-0.707106781186548));
#2167=DIRECTION('ref_axis',(-1.,0.,0.));
#2168=DIRECTION('',(0.,0.707106781186545,-0.70710678118655));
#2169=DIRECTION('center_axis',(0.,0.707106781186539,-0.707106781186556));
#2170=DIRECTION('ref_axis',(-1.,4.65021088041271E-18,-4.65021088041275E-18));
#2171=DIRECTION('',(-0.707106781186551,-0.499999999999991,0.500000000000004));
#2172=DIRECTION('center_axis',(-1.0960652158291E-17,-0.707106781186545,
0.70710678118655));
#2173=DIRECTION('ref_axis',(-1.,0.,0.));
#2174=DIRECTION('center_axis',(0.,-0.707106781186545,0.70710678118655));
#2175=DIRECTION('ref_axis',(-1.,0.,0.));
#2176=DIRECTION('',(0.,-0.707106781186545,0.70710678118655));
#2177=DIRECTION('center_axis',(1.0960652158291E-17,0.707106781186545,-0.70710678118655));
#2178=DIRECTION('ref_axis',(-1.,0.,0.));
#2179=DIRECTION('center_axis',(0.,0.707106781186548,-0.707106781186548));
#2180=DIRECTION('ref_axis',(-1.,4.65021088041271E-18,-4.65021088041275E-18));
#2181=DIRECTION('',(-0.707106781186547,-0.5,0.500000000000001));
#2182=DIRECTION('center_axis',(-1.0960652158291E-17,-0.707106781186545,
0.70710678118655));
#2183=DIRECTION('ref_axis',(-1.,0.,0.));
#2184=DIRECTION('center_axis',(0.,-0.707106781186545,0.70710678118655));
#2185=DIRECTION('ref_axis',(-1.,0.,0.));
#2186=DIRECTION('',(0.,-0.707106781186545,0.70710678118655));
#2187=DIRECTION('center_axis',(1.0960652158291E-17,0.707106781186545,-0.70710678118655));
#2188=DIRECTION('ref_axis',(-1.,0.,0.));
#2189=DIRECTION('center_axis',(0.,0.707106781186548,-0.707106781186548));
#2190=DIRECTION('ref_axis',(-1.,4.65021088041273E-18,-4.65021088041276E-18));
#2191=DIRECTION('center_axis',(-1.0960652158291E-17,-0.707106781186545,
0.70710678118655));
#2192=DIRECTION('ref_axis',(-1.,0.,0.));
#2193=DIRECTION('center_axis',(0.,-0.707106781186545,0.70710678118655));
#2194=DIRECTION('ref_axis',(-1.,0.,0.));
#2195=DIRECTION('',(0.,-0.707106781186545,0.70710678118655));
#2196=DIRECTION('center_axis',(1.0960652158291E-17,0.707106781186545,-0.70710678118655));
#2197=DIRECTION('ref_axis',(-1.,0.,0.));
#2198=DIRECTION('center_axis',(0.,0.707106781186539,-0.707106781186556));
#2199=DIRECTION('ref_axis',(-1.,4.65021088041273E-18,-4.65021088041276E-18));
#2200=DIRECTION('center_axis',(-1.0960652158291E-17,-0.707106781186545,
0.70710678118655));
#2201=DIRECTION('ref_axis',(-1.,0.,0.));
#2202=DIRECTION('center_axis',(0.,-0.707106781186545,0.70710678118655));
#2203=DIRECTION('ref_axis',(-1.,0.,0.));
#2204=DIRECTION('',(0.,-0.707106781186545,0.70710678118655));
#2205=DIRECTION('center_axis',(1.0960652158291E-17,0.707106781186545,-0.70710678118655));
#2206=DIRECTION('ref_axis',(-1.,0.,0.));
#2207=DIRECTION('center_axis',(-0.707106781186546,0.5,-0.500000000000003));
#2208=DIRECTION('ref_axis',(-0.577350269189629,0.,0.816496580927724));
#2209=DIRECTION('',(0.707106781186549,0.499999999999999,-0.499999999999999));
#2210=DIRECTION('',(-0.577350269189624,-0.816496580927727,-5.13237516452875E-15));
#2211=DIRECTION('center_axis',(7.7503514673546E-18,6.28036983473499E-15,
-1.));
#2212=DIRECTION('ref_axis',(-1.,0.,-7.7503514673546E-18));
#2213=DIRECTION('',(-0.577350269189624,0.816496580927727,5.12342582951677E-15));
#2214=DIRECTION('',(-1.,7.75035146735455E-18,-7.75035146735455E-18));
#2215=DIRECTION('center_axis',(0.707106781186546,0.5,-0.500000000000003));
#2216=DIRECTION('ref_axis',(-0.577350269189629,0.,-0.816496580927724));
#2217=DIRECTION('',(0.707106781186549,-0.499999999999999,0.499999999999999));
#2218=DIRECTION('',(0.,-0.70710678118655,-0.707106781186545));
#2219=DIRECTION('center_axis',(0.,-0.707106781186548,-0.707106781186548));
#2220=DIRECTION('ref_axis',(-1.,0.,0.));
#2221=DIRECTION('',(0.,-0.707106781186547,0.707106781186547));
#2222=DIRECTION('',(-1.,7.75035146735456E-18,-7.75035146735456E-18));
#2223=DIRECTION('',(-4.070817696299E-16,-0.707106781186548,0.707106781186548));
#2224=DIRECTION('',(-1.,2.87850279802721E-16,-2.87850279802723E-16));
#2225=DIRECTION('',(-9.52445049970774E-46,-0.707106781186548,0.707106781186548));
#2226=DIRECTION('',(1.,-7.75035146735455E-18,7.75035146735455E-18));
#2227=DIRECTION('',(-2.17894099802631E-33,-0.707106781186547,0.707106781186547));
#2228=DIRECTION('',(1.,-7.75035146735455E-18,7.75035146735455E-18));
#2229=DIRECTION('center_axis',(0.,0.707106781186548,0.707106781186548));
#2230=DIRECTION('ref_axis',(1.,0.,0.));
#2231=DIRECTION('center_axis',(0.707106781186546,0.5,-0.500000000000003));
#2232=DIRECTION('ref_axis',(-0.577350269189629,0.,-0.816496580927724));
#2233=DIRECTION('',(0.57735026918963,-5.12790049702289E-15,0.816496580927723));
#2234=DIRECTION('',(0.,-0.70710678118655,-0.707106781186545));
#2235=DIRECTION('center_axis',(7.7503514673545E-18,1.,6.28036983473519E-15));
#2236=DIRECTION('ref_axis',(0.,-6.28036983473519E-15,1.));
#2237=DIRECTION('',(-0.57735026918963,0.,0.816496580927723));
#2238=DIRECTION('',(1.,-7.75035146735455E-18,7.75035146735455E-18));
#2239=DIRECTION('center_axis',(-0.707106781186548,0.499999999999998,-0.500000000000001));
#2240=DIRECTION('ref_axis',(-0.577350269189626,0.,0.816496580927726));
#2241=DIRECTION('',(0.,0.70710678118655,0.707106781186545));
#2242=DIRECTION('center_axis',(1.,0.,0.));
#2243=DIRECTION('ref_axis',(0.,0.70710678118655,0.707106781186545));
#2244=DIRECTION('',(0.,0.707106781186548,-0.707106781186548));
#2245=DIRECTION('',(0.,-0.316227766016838,0.948683298050514));
#2246=DIRECTION('',(0.,0.70710678118655,0.707106781186545));
#2247=DIRECTION('',(0.,0.707106781186548,-0.707106781186548));
#2248=DIRECTION('center_axis',(0.,0.707106781186548,0.707106781186548));
#2249=DIRECTION('ref_axis',(-1.,0.,0.));
#2250=DIRECTION('',(0.,0.707106781186548,-0.707106781186548));
#2251=DIRECTION('',(-0.44721359549997,-0.632455532033672,0.632455532033672));
#2252=DIRECTION('',(-1.,7.75035146735453E-18,-7.75035146735453E-18));
#2253=DIRECTION('center_axis',(1.,0.,0.));
#2254=DIRECTION('ref_axis',(0.,0.,-1.));
#2255=DIRECTION('center_axis',(0.,0.709144053375238,-0.705063622350875));
#2256=DIRECTION('ref_axis',(0.,-0.705063622350875,-0.709144053375238));
#2257=DIRECTION('',(1.,0.,0.));
#2258=DIRECTION('center_axis',(0.,-0.709144053375238,0.705063622350875));
#2259=DIRECTION('ref_axis',(-5.50078524527457E-12,-0.705063622350875,-0.709144053375238));
#2260=DIRECTION('center_axis',(0.,-0.709144053375238,0.705063622350875));
#2261=DIRECTION('ref_axis',(-2.15020052987313E-10,-0.705063622350875,-0.709144053375238));
#2262=DIRECTION('center_axis',(0.,-0.709144053375238,0.705063622350875));
#2263=DIRECTION('ref_axis',(-5.50078524527457E-12,-0.705063622350875,-0.709144053375238));
#2264=DIRECTION('center_axis',(0.,-0.709144053375238,0.705063622350875));
#2265=DIRECTION('ref_axis',(-5.50078524527457E-12,-0.705063622350875,-0.709144053375238));
#2266=DIRECTION('',(0.,-0.709144053375238,0.705063622350876));
#2267=DIRECTION('center_axis',(-1.,0.,0.));
#2268=DIRECTION('ref_axis',(0.,-1.,0.));
#2269=DIRECTION('',(0.,0.70710678118655,0.707106781186545));
#2270=DIRECTION('',(0.,-0.707106781186541,0.707106781186554));
#2271=DIRECTION('',(0.,-0.70710678118655,-0.707106781186545));
#2272=DIRECTION('center_axis',(-3.06534039071054E-45,0.707106781186546,
-0.707106781186549));
#2273=DIRECTION('ref_axis',(-0.76539860581873,-0.4550631682584,-0.455063168258398));
#2274=DIRECTION('center_axis',(-1.0960652158291E-17,-0.707106781186545,
0.70710678118655));
#2275=DIRECTION('ref_axis',(-0.76539860581873,-0.4550631682584,-0.455063168258398));
#2276=DIRECTION('',(-3.06534039071054E-45,0.707106781186546,-0.707106781186549));
#2277=DIRECTION('center_axis',(-1.01436548618105E-14,0.707106781186545,
-0.70710678118655));
#2278=DIRECTION('ref_axis',(-0.76539860581873,-0.4550631682584,-0.455063168258398));
#2279=DIRECTION('',(-3.06534039071054E-45,0.707106781186546,-0.707106781186549));
#2280=DIRECTION('center_axis',(1.18637336499048E-15,-0.707106781186546,
0.707106781186549));
#2281=DIRECTION('ref_axis',(-0.76539860581873,-0.4550631682584,-0.455063168258398));
#2282=DIRECTION('center_axis',(0.,-0.709144053375238,0.705063622350875));
#2283=DIRECTION('ref_axis',(-5.50078524527457E-12,-0.705063622350875,-0.709144053375238));
#2284=DIRECTION('center_axis',(0.,-0.709144053375238,0.705063622350875));
#2285=DIRECTION('ref_axis',(-5.50078524527457E-12,-0.705063622350875,-0.709144053375238));
#2286=DIRECTION('center_axis',(0.,0.709144053375238,-0.705063622350875));
#2287=DIRECTION('ref_axis',(0.,-0.705063622350875,-0.709144053375238));
#2288=DIRECTION('',(-1.,0.,0.));
#2289=DIRECTION('center_axis',(-7.75035146735443E-18,-1.,-1.57009245868378E-14));
#2290=DIRECTION('ref_axis',(0.,1.57009245868378E-14,-1.));
#2291=DIRECTION('',(1.,-7.75035146735455E-18,7.75035146735455E-18));
#2292=DIRECTION('',(-0.57735026918963,5.12790049702289E-15,-0.816496580927723));
#2293=DIRECTION('center_axis',(0.,0.707106781186543,-0.707106781186552));
#2294=DIRECTION('ref_axis',(-0.76539860581873,-0.455063168258401,-0.455063168258398));
#2295=DIRECTION('center_axis',(-1.0960652158291E-17,-0.707106781186545,
0.70710678118655));
#2296=DIRECTION('ref_axis',(-0.76539860581873,-0.4550631682584,-0.455063168258398));
#2297=DIRECTION('center_axis',(-0.707106781186546,-0.5,0.500000000000003));
#2298=DIRECTION('ref_axis',(0.577350269189629,0.,0.816496580927724));
#2299=DIRECTION('',(0.577350269189635,-5.12790049702294E-15,0.816496580927719));
#2300=DIRECTION('center_axis',(0.,0.707106781186548,-0.707106781186548));
#2301=DIRECTION('ref_axis',(0.95074437260883,0.219186151424585,0.219186151424583));
#2302=DIRECTION('center_axis',(-1.0960652158291E-17,-0.707106781186545,
0.70710678118655));
#2303=DIRECTION('ref_axis',(0.95074437260883,0.219186151424586,0.219186151424582));
#2304=DIRECTION('center_axis',(0.707106781186546,-0.5,0.500000000000003));
#2305=DIRECTION('ref_axis',(0.577350269189629,0.,-0.816496580927724));
#2306=DIRECTION('',(0.577350269189619,0.816496580927731,1.02558009940456E-14));
#2307=DIRECTION('',(0.,0.70710678118655,0.707106781186545));
#2308=DIRECTION('center_axis',(-7.75035146735456E-18,0.,1.));
#2309=DIRECTION('ref_axis',(1.,0.,7.75035146735456E-18));
#2310=DIRECTION('',(0.577350269189632,0.816496580927722,2.05116019880913E-14));
#2311=DIRECTION('',(-1.,7.75035146735454E-18,-7.75035146735456E-18));
#2312=DIRECTION('center_axis',(0.707106781186533,-0.500000000000009,0.500000000000012));
#2313=DIRECTION('ref_axis',(0.577350269189643,0.,-0.816496580927714));
#2314=DIRECTION('',(1.09606521582911E-17,0.70710678118655,0.707106781186545));
#2315=DIRECTION('',(0.577350269189637,-1.53837014910686E-14,-0.816496580927718));
#2316=DIRECTION('center_axis',(-7.75035146735448E-18,-1.,-9.42055475210279E-15));
#2317=DIRECTION('ref_axis',(0.,9.42055475210279E-15,-1.));
#2318=DIRECTION('center_axis',(1.,-7.7503514673546E-18,-7.7503514673546E-18));
#2319=DIRECTION('ref_axis',(-1.09606521582911E-17,-0.70710678118655,-0.707106781186545));
#2320=DIRECTION('',(1.09606521582911E-17,0.70710678118655,0.707106781186545));
#2321=DIRECTION('',(0.,-0.707106781186547,0.707106781186547));
#2322=DIRECTION('center_axis',(0.,-0.707106781186548,-0.707106781186548));
#2323=DIRECTION('ref_axis',(1.,-7.75035146735456E-18,7.75035146735456E-18));
#2324=DIRECTION('',(3.06534039071054E-45,-0.707106781186546,0.707106781186549));
#2325=DIRECTION('center_axis',(-3.86554024802694E-14,-0.707106781186517,
0.707106781186578));
#2326=DIRECTION('ref_axis',(1.,-2.73334972232937E-14,2.73334972232939E-14));
#2327=DIRECTION('',(3.19444112910764E-11,-0.707106781186578,-0.707106781186517));
#2328=DIRECTION('',(-1.,-2.64130449434651E-11,-1.87609335347754E-11));
#2329=DIRECTION('center_axis',(-1.71514841257245E-15,0.707106781186546,
-0.707106781186549));
#2330=DIRECTION('ref_axis',(0.123518884654832,0.70169191428063,0.701691914280627));
#2331=DIRECTION('center_axis',(-1.01436548618105E-14,0.707106781186545,
-0.70710678118655));
#2332=DIRECTION('ref_axis',(0.123518884654832,0.70169191428063,0.701691914280627));
#2333=DIRECTION('',(-1.71514841257245E-15,0.707106781186546,-0.707106781186549));
#2334=DIRECTION('center_axis',(0.,0.707106781186548,-0.707106781186548));
#2335=DIRECTION('ref_axis',(0.123518884654832,0.70169191428063,0.701691914280627));
#2336=DIRECTION('',(1.71514841257245E-15,-0.707106781186546,0.707106781186549));
#2337=DIRECTION('center_axis',(0.,-0.709144053375238,0.705063622350875));
#2338=DIRECTION('ref_axis',(1.25113287417845E-12,0.705063622350875,0.709144053375238));
#2339=DIRECTION('center_axis',(1.18637336499048E-15,-0.707106781186546,
0.707106781186549));
#2340=DIRECTION('ref_axis',(0.123518884654832,0.70169191428063,0.701691914280627));
#2341=DIRECTION('center_axis',(-1.,-1.21279307327132E-15,1.21279307327132E-15));
#2342=DIRECTION('ref_axis',(1.71514841257245E-15,-0.707106781186546,0.707106781186549));
#2343=DIRECTION('',(8.87468518373638E-31,0.70710678118655,0.707106781186545));
#2344=DIRECTION('',(0.,-0.707106781186543,0.707106781186552));
#2345=DIRECTION('',(5.91645678915759E-30,0.707106781186548,0.707106781186548));
#2346=DIRECTION('center_axis',(1.01436548618105E-14,-0.707106781186545,
0.70710678118655));
#2347=DIRECTION('ref_axis',(1.,0.,-1.43452942776041E-14));
#2348=DIRECTION('center_axis',(-1.01436548618105E-14,0.707106781186545,
-0.70710678118655));
#2349=DIRECTION('ref_axis',(0.95074437260883,0.219186151424586,0.219186151424582));
#2350=DIRECTION('',(-1.,-6.55836618555642E-15,6.55836618555646E-15));
#2351=DIRECTION('',(1.,7.17264713880203E-15,-7.17264713880212E-15));
#2352=DIRECTION('center_axis',(-1.01436548618105E-14,0.707106781186545,
-0.70710678118655));
#2353=DIRECTION('ref_axis',(1.,0.,0.));
#2354=DIRECTION('center_axis',(-3.06534039071054E-45,0.707106781186546,
-0.707106781186549));
#2355=DIRECTION('ref_axis',(-0.76539860581873,-0.4550631682584,-0.455063168258398));
#2356=DIRECTION('center_axis',(2.42599796636234E-44,-0.707106781186546,
0.707106781186549));
#2357=DIRECTION('ref_axis',(0.95074437260883,0.219186151424586,0.219186151424582));
#2358=DIRECTION('',(0.,-0.707106781186547,0.707106781186547));
#2359=DIRECTION('',(0.,-0.707106781186561,0.707106781186534));
#2360=DIRECTION('center_axis',(1.,0.,-2.22044604925031E-16));
#2361=DIRECTION('ref_axis',(-2.22044604925031E-16,0.,-1.));
#2362=DIRECTION('center_axis',(1.,0.,-2.22044604925031E-16));
#2363=DIRECTION('ref_axis',(-2.22044604925031E-16,0.,-1.));
#2364=DIRECTION('center_axis',(1.,-6.16297582203915E-33,-2.22044604925031E-16));
#2365=DIRECTION('ref_axis',(-2.22044604925031E-16,2.73691106313441E-48,
-1.));
#2366=DIRECTION('center_axis',(1.,-6.16297582203915E-33,-2.22044604925031E-16));
#2367=DIRECTION('ref_axis',(-2.22044604925031E-16,2.73691106313441E-48,
-1.));
#2368=DIRECTION('center_axis',(1.,0.,0.));
#2369=DIRECTION('ref_axis',(0.,2.73691106313441E-48,-1.));
#2370=DIRECTION('',(1.,0.,0.));
#2371=DIRECTION('',(1.,0.,0.));
#2372=DIRECTION('center_axis',(-1.,0.,2.22044604925031E-16));
#2373=DIRECTION('ref_axis',(-2.53803333271455E-16,2.73691106313441E-48,
-1.));
#2374=DIRECTION('',(-1.,0.,0.));
#2375=DIRECTION('center_axis',(1.,0.,-2.22044604925031E-16));
#2376=DIRECTION('ref_axis',(-2.22044604925031E-16,0.,-1.));
#2377=DIRECTION('center_axis',(1.,0.,-2.22044604925031E-16));
#2378=DIRECTION('ref_axis',(-2.22044604925031E-16,0.,-1.));
#2379=DIRECTION('center_axis',(1.,0.,0.));
#2380=DIRECTION('ref_axis',(0.,0.,-1.));
#2381=DIRECTION('center_axis',(4.90175266073363E-18,-0.316227766016845,
-0.948683298050511));
#2382=DIRECTION('ref_axis',(-1.,0.,-5.1669009782363E-18));
#2383=DIRECTION('',(0.,0.948683298050512,-0.316227766016845));
#2384=DIRECTION('',(0.408248290463869,-0.866025403784436,0.288675134594812));
#2385=DIRECTION('',(-1.,7.75035146735455E-18,-7.75035146735455E-18));
#2386=DIRECTION('center_axis',(0.,0.707106781186545,-0.70710678118655));
#2387=DIRECTION('ref_axis',(-1.09606521582911E-17,-0.70710678118655,-0.707106781186545));
#2388=DIRECTION('',(-1.09606521582911E-17,-0.70710678118655,-0.707106781186545));
#2389=DIRECTION('',(1.,-7.75035146735454E-18,7.75035146735456E-18));
#2390=DIRECTION('',(-1.09606521582911E-17,-0.70710678118655,-0.707106781186545));
#2391=DIRECTION('center_axis',(-1.,0.,0.));
#2392=DIRECTION('ref_axis',(0.,0.,1.));
#2393=DIRECTION('',(0.,0.707106781186547,-0.707106781186547));
#2394=DIRECTION('',(0.,0.70710678118655,0.707106781186545));
#2395=DIRECTION('',(0.,0.707106781186547,-0.707106781186548));
#2396=DIRECTION('',(0.,0.70710678118655,0.707106781186545));
#2397=DIRECTION('center_axis',(4.90175266073369E-18,0.948683298050514,0.316227766016838));
#2398=DIRECTION('ref_axis',(0.,-0.316227766016838,0.948683298050514));
#2399=DIRECTION('',(-0.408248290463875,-0.288675134594805,0.866025403784435));
#2400=DIRECTION('',(1.,-7.75035146735454E-18,7.75035146735456E-18));
#2401=DIRECTION('',(0.408248290463869,-0.288675134594812,0.866025403784436));
#2402=DIRECTION('center_axis',(-0.89442719099991,0.316227766016845,-0.316227766016848));
#2403=DIRECTION('ref_axis',(-0.333333333333344,0.,0.942809041582059));
#2404=DIRECTION('center_axis',(0.,0.709144053375238,-0.705063622350875));
#2405=DIRECTION('ref_axis',(0.,-0.705063622350875,-0.709144053375238));
#2406=DIRECTION('',(1.,-2.89906967195587E-13,-2.91584752498393E-13));
#2407=DIRECTION('',(1.,0.,0.));
#2408=DIRECTION('center_axis',(0.,-0.707106781186548,-0.707106781186547));
#2409=DIRECTION('ref_axis',(-1.,0.,0.));
#2410=DIRECTION('',(-4.070817696299E-16,-0.707106781186547,0.707106781186548));
#2411=DIRECTION('',(-1.,7.75035146735454E-18,-7.75035146735456E-18));
#2412=DIRECTION('',(1.,0.,0.));
#2413=DIRECTION('center_axis',(1.0960652158291E-17,0.707106781186545,-0.70710678118655));
#2414=DIRECTION('ref_axis',(-1.0960652158291E-17,0.70710678118655,0.707106781186545));
#2415=DIRECTION('',(0.,-0.707106781186549,-0.707106781186546));
#2416=DIRECTION('',(1.,-7.75035146735449E-18,7.75035146735462E-18));
#2417=DIRECTION('',(-7.88860905221012E-31,0.70710678118655,0.707106781186545));
#2418=DIRECTION('',(-1.,7.75035146735455E-18,-7.75035146735455E-18));
#2419=DIRECTION('',(-1.,7.7503514673547E-18,-7.7503514673544E-18));
#2420=DIRECTION('',(0.,-0.70710678118655,-0.707106781186545));
#2421=DIRECTION('',(-1.,7.75035146735454E-18,-7.75035146735456E-18));
#2422=DIRECTION('center_axis',(-1.0960652158291E-17,-0.707106781186545,
0.70710678118655));
#2423=DIRECTION('ref_axis',(-1.,-2.64132065800672E-11,-1.87609939427782E-11));
#2424=DIRECTION('',(3.19429835243849E-11,-0.70710678118655,-0.707106781186545));
#2425=DIRECTION('',(-1.,-2.25869814886011E-11,-2.25869969893039E-11));
#2426=DIRECTION('center_axis',(4.93038065763132E-32,-0.70710678118655,-0.707106781186545));
#2427=DIRECTION('ref_axis',(-9.70024389580814E-15,-0.707106781186545,0.70710678118655));
#2428=DIRECTION('',(-1.26860900654103E-15,0.707106781186545,-0.70710678118655));
#2429=DIRECTION('',(-1.,-3.4863055968421E-32,-3.4863055968421E-32));
#2430=DIRECTION('',(9.70024389580814E-15,0.707106781186545,-0.70710678118655));
#2431=DIRECTION('center_axis',(0.,-0.707106781186548,0.707106781186548));
#2432=DIRECTION('ref_axis',(1.,0.,0.));
#2433=DIRECTION('',(1.,0.,0.));
#2434=DIRECTION('',(1.,0.,0.));
#2435=DIRECTION('',(3.31321580192825E-29,-0.707106781186548,-0.707106781186548));
#2436=DIRECTION('',(4.53595020502082E-30,0.707106781186548,0.707106781186548));
#2437=DIRECTION('',(8.62816615085482E-31,-0.707106781186548,-0.707106781186548));
#2438=DIRECTION('center_axis',(0.,0.707106781186548,-0.707106781186548));
#2439=DIRECTION('ref_axis',(1.,0.,0.));
#2440=DIRECTION('center_axis',(-1.,0.,0.));
#2441=DIRECTION('ref_axis',(0.,0.,1.));
#2442=DIRECTION('',(0.,0.707106781186547,-0.707106781186548));
#2443=DIRECTION('center_axis',(0.,-0.707106781186548,-0.707106781186547));
#2444=DIRECTION('ref_axis',(-1.,0.,0.));
#2445=DIRECTION('center_axis',(0.,0.707106781186545,-0.70710678118655));
#2446=DIRECTION('ref_axis',(1.,0.,0.));
#2447=DIRECTION('center_axis',(1.0960652158291E-17,0.707106781186545,-0.70710678118655));
#2448=DIRECTION('ref_axis',(1.,0.,0.));
#2449=DIRECTION('',(0.,0.707106781186545,-0.70710678118655));
#2450=DIRECTION('center_axis',(1.0960652158291E-17,0.707106781186545,-0.70710678118655));
#2451=DIRECTION('ref_axis',(1.,0.,0.));
#2452=DIRECTION('center_axis',(1.,-2.87850279802721E-16,2.87850279802723E-16));
#2453=DIRECTION('ref_axis',(-4.070817696299E-16,-0.707106781186547,0.707106781186548));
#2454=DIRECTION('',(0.,-0.707106781186548,-0.707106781186547));
#2455=DIRECTION('',(4.070817696299E-16,0.707106781186547,-0.707106781186548));
#2456=DIRECTION('',(0.,-0.707106781186548,-0.707106781186547));
#2457=DIRECTION('center_axis',(1.0960652158291E-17,0.707106781186545,-0.70710678118655));
#2458=DIRECTION('ref_axis',(-1.,1.55007029347092E-17,-4.62223186652937E-33));
#2459=DIRECTION('center_axis',(-5.41085986887959E-12,0.707106781217543,
-0.707106781155552));
#2460=DIRECTION('ref_axis',(-1.,-2.64131559657675E-11,-1.87610445570779E-11));
#2461=DIRECTION('center_axis',(0.,0.707106781186552,0.707106781186543));
#2462=DIRECTION('ref_axis',(1.,0.,0.));
#2463=DIRECTION('center_axis',(1.,-6.85910823788933E-15,6.85910823788938E-15));
#2464=DIRECTION('ref_axis',(9.70024389580814E-15,0.707106781186545,-0.70710678118655));
#2465=DIRECTION('',(-9.70024389580814E-15,-0.707106781186548,0.707106781186548));
#2466=DIRECTION('center_axis',(-1.,-8.97042031199489E-16,8.97042031199495E-16));
#2467=DIRECTION('ref_axis',(1.26860900654103E-15,-0.707106781186545,0.70710678118655));
#2468=DIRECTION('center_axis',(0.,-0.707106781186545,0.70710678118655));
#2469=DIRECTION('ref_axis',(1.,0.,0.));
#2470=DIRECTION('center_axis',(0.,0.707106781186545,-0.70710678118655));
#2471=DIRECTION('ref_axis',(1.,0.,0.));
#2472=DIRECTION('center_axis',(0.,0.707106781186545,-0.70710678118655));
#2473=DIRECTION('ref_axis',(1.,0.,0.));
#2474=DIRECTION('',(0.,0.707106781186545,-0.70710678118655));
#2475=DIRECTION('center_axis',(0.,-0.707106781186545,0.70710678118655));
#2476=DIRECTION('ref_axis',(1.,0.,0.));
#2477=DIRECTION('center_axis',(0.,0.707106781186545,-0.70710678118655));
#2478=DIRECTION('ref_axis',(1.,0.,0.));
#2479=DIRECTION('center_axis',(0.,0.707106781186545,-0.70710678118655));
#2480=DIRECTION('ref_axis',(1.,0.,0.));
#2481=DIRECTION('',(0.,0.707106781186545,-0.70710678118655));
#2482=DIRECTION('center_axis',(1.0960652158291E-17,0.707106781186545,-0.70710678118655));
#2483=DIRECTION('ref_axis',(-1.0960652158291E-17,0.70710678118655,0.707106781186545));
#2484=DIRECTION('center_axis',(1.0960652158291E-17,0.707106781186545,-0.70710678118655));
#2485=DIRECTION('ref_axis',(-1.,-2.64132065800672E-11,-1.87609939427782E-11));
#2486=DIRECTION('center_axis',(-5.41085986887959E-12,0.707106781217543,
-0.707106781155552));
#2487=DIRECTION('ref_axis',(-1.,-2.64131559657675E-11,-1.87610445570779E-11));
#2488=DIRECTION('',(3.19429835241477E-11,-0.707106781155552,-0.707106781217543));
#2489=DIRECTION('center_axis',(-5.41085986887959E-12,0.707106781217543,
-0.707106781155552));
#2490=DIRECTION('ref_axis',(-1.,-2.64131559657675E-11,-1.87610445570779E-11));
#2491=DIRECTION('',(-1.,-2.64130449434651E-11,-1.87609335347754E-11));
#2492=DIRECTION('center_axis',(-5.41085986887959E-12,0.707106781217543,
-0.707106781155552));
#2493=DIRECTION('ref_axis',(-1.,-2.64131559657675E-11,-1.87610445570779E-11));
#2494=DIRECTION('center_axis',(-5.41085986887959E-12,0.707106781217543,
-0.707106781155552));
#2495=DIRECTION('ref_axis',(-1.,-2.64131559657675E-11,-1.87610445570779E-11));
#2496=DIRECTION('center_axis',(5.41093144830866E-12,-0.707106781217543,
0.707106781155552));
#2497=DIRECTION('ref_axis',(-1.,-2.64132065800672E-11,-1.87609939427782E-11));
#2498=DIRECTION('',(-5.41093144830866E-12,0.707106781217543,-0.707106781155552));
#2499=DIRECTION('center_axis',(5.41093144830866E-12,-0.707106781217543,
0.707106781155552));
#2500=DIRECTION('ref_axis',(0.70261975874864,-0.503152797153212,-0.5031527972027));
#2501=DIRECTION('',(5.41093144830866E-12,-0.707106781217543,0.707106781155552));
#2502=DIRECTION('',(5.41093144830866E-12,-0.707106781217543,0.707106781155552));
#2503=DIRECTION('center_axis',(-3.19428265149018E-11,0.707106781155552,
0.707106781217543));
#2504=DIRECTION('ref_axis',(-1.,-2.64130449434651E-11,-1.87609335347754E-11));
#2505=DIRECTION('',(5.41093144830866E-12,-0.707106781217543,0.707106781155552));
#2506=DIRECTION('center_axis',(-1.,-2.64132065800672E-11,-1.87609939427782E-11));
#2507=DIRECTION('ref_axis',(3.19429835241477E-11,-0.707106781155552,-0.707106781217543));
#2508=DIRECTION('center_axis',(0.,0.707106781186548,0.707106781186547));
#2509=DIRECTION('ref_axis',(1.,0.,0.));
#2510=DIRECTION('',(0.,0.707106781186548,0.707106781186547));
#2511=DIRECTION('center_axis',(0.,-0.707106781186548,-0.707106781186548));
#2512=DIRECTION('ref_axis',(1.,0.,0.));
#2513=DIRECTION('center_axis',(0.,0.707106781186534,0.707106781186561));
#2514=DIRECTION('ref_axis',(1.,0.,0.));
#2515=DIRECTION('center_axis',(-1.18637336499048E-15,0.707106781186546,
-0.707106781186549));
#2516=DIRECTION('ref_axis',(-1.,0.,1.67778530280774E-15));
#2517=DIRECTION('center_axis',(1.0960652158291E-17,0.707106781186545,-0.70710678118655));
#2518=DIRECTION('ref_axis',(-1.,1.55007029347092E-17,-3.08148791101958E-33));
#2519=DIRECTION('center_axis',(0.894427190999918,0.316227766016835,-0.316227766016837));
#2520=DIRECTION('ref_axis',(-0.333333333333332,0.,-0.942809041582064));
#2521=DIRECTION('center_axis',(1.,0.,0.));
#2522=DIRECTION('ref_axis',(0.,0.,-1.));
#2523=DIRECTION('',(0.,-0.707106781186548,-0.707106781186548));
#2524=DIRECTION('',(0.,-0.707106781186548,0.707106781186548));
#2525=DIRECTION('',(0.,0.707106781186548,0.707106781186548));
#2526=DIRECTION('',(0.,-0.707106781186545,0.70710678118655));
#2527=DIRECTION('center_axis',(0.,0.707106781186548,0.707106781186548));
#2528=DIRECTION('ref_axis',(1.,0.,0.));
#2529=DIRECTION('center_axis',(0.,0.707106781186548,0.707106781186548));
#2530=DIRECTION('ref_axis',(1.,0.,0.));
#2531=DIRECTION('',(0.,0.707106781186547,0.707106781186547));
#2532=DIRECTION('center_axis',(-4.93038065763132E-32,-0.70710678118655,
-0.707106781186545));
#2533=DIRECTION('ref_axis',(1.,0.,0.));
#2534=DIRECTION('center_axis',(0.,0.707106781186548,-0.707106781186548));
#2535=DIRECTION('ref_axis',(-1.,0.,0.));
#2536=DIRECTION('',(1.,0.,0.));
#2537=DIRECTION('',(-1.,0.,0.));
#2538=DIRECTION('center_axis',(0.,-0.707106781186548,-0.707106781186548));
#2539=DIRECTION('ref_axis',(0.,0.707106781186548,-0.707106781186548));
#2540=DIRECTION('',(1.,0.,0.));
#2541=DIRECTION('center_axis',(0.,-0.707106781186548,0.707106781186548));
#2542=DIRECTION('ref_axis',(0.,-0.707106781186548,-0.707106781186548));
#2543=DIRECTION('',(1.,0.,0.));
#2544=DIRECTION('center_axis',(4.93038065763132E-32,0.70710678118655,0.707106781186545));
#2545=DIRECTION('ref_axis',(-1.26860900654103E-15,-0.707106781186545,0.70710678118655));
#2546=CARTESIAN_POINT('',(0.,0.,0.));
#2547=CARTESIAN_POINT('Origin',(122.497002324581,90.9431763155722,162.201055121355));
#2548=CARTESIAN_POINT('',(122.497002324581,57.7706758897678,176.834629958011));
#2549=CARTESIAN_POINT('',(122.497002324581,53.8957307288653,172.959684797108));
#2550=CARTESIAN_POINT('',(122.497002324581,57.7706758897678,176.834629958011));
#2551=CARTESIAN_POINT('',(122.497002324581,69.4520799149694,157.403335611004));
#2552=CARTESIAN_POINT('',(122.497002324581,50.9287106750066,175.926704850967));
#2553=CARTESIAN_POINT('',(122.497002324581,73.3270250758718,161.278280771907));
#2554=CARTESIAN_POINT('',(122.497002324581,73.3270250758718,161.278280771907));
#2555=CARTESIAN_POINT('',(122.497,71.9128115134987,162.69249433428));
#2556=CARTESIAN_POINT('',(122.497002324581,71.9128115134987,162.69249433428));
#2557=CARTESIAN_POINT('',(122.497002324581,89.773483244165,180.553166064946));
#2558=CARTESIAN_POINT('',(122.497002324581,84.4369101373758,175.216592958157));
#2559=CARTESIAN_POINT('',(122.497002324581,83.4788186780423,186.847830631069));
#2560=CARTESIAN_POINT('',(122.497002324581,97.068350352276,173.258298956835));
#2561=CARTESIAN_POINT('',(122.497002324581,86.4919741804285,189.860986133455));
#2562=CARTESIAN_POINT('',(122.497002324581,87.3983115661594,190.767323519186));
#2563=CARTESIAN_POINT('',(122.497002324581,97.1348080275267,179.279391394561));
#2564=CARTESIAN_POINT('',(122.497002324581,97.1348080275267,179.27939139456));
#2565=CARTESIAN_POINT('',(122.497002324581,103.296136374289,185.476377339503));
#2566=CARTESIAN_POINT('',(122.497002324581,94.4069805632315,176.53577711123));
#2567=CARTESIAN_POINT('',(122.497002324581,110.525084406971,178.247429306821));
#2568=CARTESIAN_POINT('',(122.497002324581,108.757317454005,180.015196259788));
#2569=CARTESIAN_POINT('',(122.497101738045,110.502910630456,178.225192015398));
#2570=CARTESIAN_POINT('',(122.497002324581,92.7277564085777,160.450101308428));
#2571=CARTESIAN_POINT('',(122.497042947706,82.2761684985687,149.998513398419));
#2572=CARTESIAN_POINT('',(122.497083570831,110.502878873002,178.225223772852));
#2573=CARTESIAN_POINT('',(122.497002324581,83.6903820609418,148.584299836046));
#2574=CARTESIAN_POINT('',(122.497002324581,83.6903820609418,148.584299836046));
#2575=CARTESIAN_POINT('',(122.497002324581,80.2736420942483,145.167559869352));
#2576=CARTESIAN_POINT('',(122.497002324581,94.1419699709509,159.035887746055));
#2577=CARTESIAN_POINT('',(122.497002324581,50.2216038938201,175.219598069781));
#2578=CARTESIAN_POINT('',(122.497002324581,77.0916615789089,148.349540384692));
#2579=CARTESIAN_POINT('',(122.497002324581,77.1223161854366,202.120310361397));
#2580=CARTESIAN_POINT('',(122.497002324581,70.260303058062,195.258297234022));
#2581=CARTESIAN_POINT('',(122.497002324581,77.1280018055595,202.114624741274));
#2582=CARTESIAN_POINT('',(122.497002324581,77.8294229666231,201.41320358021));
#2583=CARTESIAN_POINT('',(122.497002324581,75.6562529388975,200.634358388324));
#2584=CARTESIAN_POINT('',(122.497002324581,72.9284254746023,197.890744104993));
#2585=CARTESIAN_POINT('',(122.497002324581,78.6218607168174,197.68581478506));
#2586=CARTESIAN_POINT('',(122.497002324581,97.1348080275267,179.27939139456));
#2587=CARTESIAN_POINT('',(122.497002324581,67.0569518243814,186.120905892624));
#2588=CARTESIAN_POINT('',(122.497002324581,91.8468221212218,174.874124594072));
#2589=CARTESIAN_POINT('Origin',(122.497002324581,91.8468221212218,172.374124594072));
#2590=CARTESIAN_POINT('Origin',(149.016943410015,66.4835994586083,192.895807196942));
#2591=CARTESIAN_POINT('',(156.516943410015,65.7764926774217,193.602913978128));
#2592=CARTESIAN_POINT('Origin',(149.016943410015,65.7764926774217,193.602913978128));
#2593=CARTESIAN_POINT('',(155.516943410015,66.4835994586083,192.895807196942));
#2594=CARTESIAN_POINT('Origin',(156.516943410015,66.4835994586083,192.895807196942));
#2595=CARTESIAN_POINT('Origin',(149.016943410015,66.4835994586083,192.895807196942));
#2596=CARTESIAN_POINT('Origin',(170.000002533197,75.0332739232674,202.859695223974));
#2597=CARTESIAN_POINT('',(124.497002324581,77.1223161854366,204.948737486143));
#2598=CARTESIAN_POINT('',(122.731128603548,77.1223161854366,204.948737486143));
#2599=CARTESIAN_POINT('',(145.332686391713,77.1223161854366,204.948737486143));
#2600=CARTESIAN_POINT('',(124.497002324581,50.2216038938201,178.048025194527));
#2601=CARTESIAN_POINT('',(124.497002324581,68.8460894956889,196.672510796395));
#2602=CARTESIAN_POINT('',(182.000002741814,50.2216038938201,178.048025194527));
#2603=CARTESIAN_POINT('',(177.000002637506,50.2216038938201,178.048025194527));
#2604=CARTESIAN_POINT('',(182.000002741814,79.0588330129548,206.885254313661));
#2605=CARTESIAN_POINT('',(182.000002741814,81.2204583508459,209.046879651552));
#2606=CARTESIAN_POINT('',(130.022002324581,79.0588330129548,206.885254313661));
#2607=CARTESIAN_POINT('',(163.000002428889,79.0588330129548,206.885254313661));
#2608=CARTESIAN_POINT('',(130.022002324581,80.6939740203878,208.520395321094));
#2609=CARTESIAN_POINT('',(130.022002324581,78.5326760635005,206.359097364207));
#2610=CARTESIAN_POINT('',(127.619753219739,82.1176421824348,209.944063483141));
#2611=CARTESIAN_POINT('Origin',(126.866115591924,79.7566085818754,207.583029882582));
#2612=CARTESIAN_POINT('Origin',(128.620191171131,77.9343944067577,205.760815707464));
#2613=CARTESIAN_POINT('',(167.500002533197,56.294943942601,184.121365243308));
#2614=CARTESIAN_POINT('Origin',(170.000002533197,56.294943942601,184.121365243308));
#2615=CARTESIAN_POINT('',(126.50000192225,60.5375846929406,188.364005993647));
#2616=CARTESIAN_POINT('Origin',(129.00000192225,60.5375846929406,188.364005993647));
#2617=CARTESIAN_POINT('',(127.203341752521,76.1588417739514,203.985263074658));
#2618=CARTESIAN_POINT('Origin',(129.703341752521,76.1588417739514,203.985263074658));
#2619=CARTESIAN_POINT('',(167.500002533197,75.3868273191291,203.213248619836));
#2620=CARTESIAN_POINT('Origin',(170.000002533197,75.3868273191291,203.213248619836));
#2621=CARTESIAN_POINT('Origin',(149.016943410015,67.8978130213069,191.481593634243));
#2622=CARTESIAN_POINT('',(155.516943410015,67.8975932914928,191.481813364351));
#2623=CARTESIAN_POINT('',(144.932049116015,71.4729800525231,195.05676066611));
#2624=CARTESIAN_POINT('Origin',(149.016943410015,67.8975932913211,191.481813364229));
#2625=CARTESIAN_POINT('',(155.516943410015,67.8978130214537,191.48159363439));
#2626=CARTESIAN_POINT('',(144.012976114352,70.8310478505569,194.41526792376));
#2627=CARTESIAN_POINT('Origin',(149.016943410015,67.8975932913211,191.481813364229));
#2628=CARTESIAN_POINT('Origin',(149.016943410015,67.8978130209813,191.481593634569));
#2629=CARTESIAN_POINT('Origin',(170.000002533197,56.6484973331943,183.767811852714));
#2630=CARTESIAN_POINT('',(168.500002533197,57.0020507237876,183.414258462121));
#2631=CARTESIAN_POINT('',(168.000002533197,56.6484973331943,183.767811852714));
#2632=CARTESIAN_POINT('Origin',(170.000002533197,57.0020507237876,183.414258462121));
#2633=CARTESIAN_POINT('Origin',(170.000002533197,58.4162642861607,182.000044899748));
#2634=CARTESIAN_POINT('',(168.500002533197,60.6761775588329,179.740131627076));
#2635=CARTESIAN_POINT('',(168.500002533197,58.4162642861607,182.000044899748));
#2636=CARTESIAN_POINT('Origin',(170.000002533197,60.6761775588329,179.740131627076));
#2637=CARTESIAN_POINT('Origin',(170.000002533197,75.7403807097224,202.859695229242));
#2638=CARTESIAN_POINT('',(168.500002533197,76.0939341003157,202.506141838649));
#2639=CARTESIAN_POINT('',(168.000002533197,75.7403807097224,202.859695229242));
#2640=CARTESIAN_POINT('Origin',(170.000002533197,76.0939341003157,202.506141838649));
#2641=CARTESIAN_POINT('Origin',(170.000002533197,77.5081476626887,201.091928276276));
#2642=CARTESIAN_POINT('',(168.500002533197,79.768060935361,198.832015003604));
#2643=CARTESIAN_POINT('',(168.500002533197,77.5081476626887,201.091928276276));
#2644=CARTESIAN_POINT('Origin',(170.000002533197,79.768060935361,198.832015003604));
#2645=CARTESIAN_POINT('Origin',(129.00000192225,60.8911380835339,188.010452603054));
#2646=CARTESIAN_POINT('',(127.50000192225,61.2446914741271,187.656899212461));
#2647=CARTESIAN_POINT('',(127.00000192225,60.8911380835339,188.010452603054));
#2648=CARTESIAN_POINT('Origin',(129.00000192225,61.2446914741271,187.656899212461));
#2649=CARTESIAN_POINT('Origin',(129.00000192225,62.6589050365002,186.242685650088));
#2650=CARTESIAN_POINT('',(127.50000192225,64.9188183091725,183.982772377415));
#2651=CARTESIAN_POINT('',(127.50000192225,62.6589050365002,186.242685650088));
#2652=CARTESIAN_POINT('Origin',(129.00000192225,64.9188183091725,183.982772377415));
#2653=CARTESIAN_POINT('Origin',(129.703341752521,76.5123951645447,203.631709684065));
#2654=CARTESIAN_POINT('',(128.203341752521,76.865948555138,203.278156293471));
#2655=CARTESIAN_POINT('',(127.703341752521,76.5123951645447,203.631709684065));
#2656=CARTESIAN_POINT('Origin',(129.703341752521,76.865948555138,203.278156293471));
#2657=CARTESIAN_POINT('Origin',(129.703341752521,78.280162117511,201.863942731098));
#2658=CARTESIAN_POINT('',(128.203341752521,80.5400753901833,199.604029458426));
#2659=CARTESIAN_POINT('',(128.203341752521,78.280162117511,201.863942731098));
#2660=CARTESIAN_POINT('Origin',(129.703341752521,80.5400753901833,199.604029458426));
#2661=CARTESIAN_POINT('Origin',(132.471027505444,93.0293555176407,155.801952949185));
#2662=CARTESIAN_POINT('',(134.971027505444,93.382908908234,155.448399558592));
#2663=CARTESIAN_POINT('Origin',(132.471027505444,93.382908908234,155.448399558592));
#2664=CARTESIAN_POINT('',(133.971027505444,92.6758021270474,156.155506339778));
#2665=CARTESIAN_POINT('',(134.471027505444,93.0293555176407,155.801952949185));
#2666=CARTESIAN_POINT('Origin',(132.471027505444,92.6758021270474,156.155506339778));
#2667=CARTESIAN_POINT('Origin',(164.088313167315,95.5729966733631,157.638487323721));
#2668=CARTESIAN_POINT('',(124.497083570831,111.917092435375,173.982583085732));
#2669=CARTESIAN_POINT('',(124.497014222819,85.1045956233149,147.170086273673));
#2670=CARTESIAN_POINT('',(124.497083570831,104.452151335556,166.517641985913));
#2671=CARTESIAN_POINT('',(181.939637637111,111.917092435375,173.982583085732));
#2672=CARTESIAN_POINT('',(174.013975402213,111.917092435375,173.982583085732));
#2673=CARTESIAN_POINT('',(181.939637637111,105.061549594171,167.127040244529));
#2674=CARTESIAN_POINT('',(181.939637637111,89.6934412585841,151.758931908942));
#2675=CARTESIAN_POINT('',(181.939637637111,101.689273337748,163.754763988106));
#2676=CARTESIAN_POINT('Origin',(180.119232070985,103.37541146596,165.440902116317));
#2677=CARTESIAN_POINT('',(181.939637637111,94.4549478763731,156.520438526731));
#2678=CARTESIAN_POINT('',(181.939637637111,89.6934412585841,151.758931908942));
#2679=CARTESIAN_POINT('',(181.939637637111,91.0826716199499,153.148162270308));
#2680=CARTESIAN_POINT('Origin',(180.119232070985,92.7688097481615,154.834300398519));
#2681=CARTESIAN_POINT('',(181.939691105457,85.1045956233149,147.170086273673));
#2682=CARTESIAN_POINT('',(181.939637637111,89.6934412585841,151.758931908942));
#2683=CARTESIAN_POINT('',(181.940002741814,83.1020692189946,145.167559869352));
#2684=CARTESIAN_POINT('',(181.940002741814,107.930552388481,169.996043038839));
#2685=CARTESIAN_POINT('',(124.497002324581,83.1020692189946,145.167559869352));
#2686=CARTESIAN_POINT('',(174.044157954564,83.1020692189946,145.167559869352));
#2687=CARTESIAN_POINT('',(124.497002324581,95.5561835333239,157.621674183682));
#2688=CARTESIAN_POINT('',(163.119232070985,103.37541146596,165.440902116317));
#2689=CARTESIAN_POINT('Origin',(160.119232070985,103.37541146596,165.440902116317));
#2690=CARTESIAN_POINT('',(163.119232070985,92.7688097481615,154.834300398519));
#2691=CARTESIAN_POINT('Origin',(160.119232070985,92.7688097481615,154.834300398519));
#2692=CARTESIAN_POINT('Origin',(132.471027505444,77.7530206168837,171.078287849942));
#2693=CARTESIAN_POINT('',(133.971027505444,79.0258128230224,169.805495643803));
#2694=CARTESIAN_POINT('Origin',(132.471027505444,79.0258128230224,169.805495643803));
#2695=CARTESIAN_POINT('',(133.971027505444,77.7530206168837,171.078287849942));
#2696=CARTESIAN_POINT('Origin',(160.119232070985,103.021858075367,165.794455506911));
#2697=CARTESIAN_POINT('',(162.119232070985,102.668304684773,166.148008897504));
#2698=CARTESIAN_POINT('',(162.619232070985,103.021858075367,165.794455506911));
#2699=CARTESIAN_POINT('Origin',(160.119232070985,102.668304684773,166.148008897504));
#2700=CARTESIAN_POINT('Origin',(160.119232070985,101.961197903587,166.85511567869));
#2701=CARTESIAN_POINT('',(162.119232070985,98.7792173882472,170.03709619403));
#2702=CARTESIAN_POINT('',(162.119232070985,101.961197903587,166.85511567869));
#2703=CARTESIAN_POINT('Origin',(160.119232070985,98.7792173882472,170.03709619403));
#2704=CARTESIAN_POINT('Origin',(160.119232070985,92.4152563575682,155.187853789112));
#2705=CARTESIAN_POINT('',(162.119232070985,92.061702966975,155.541407179706));
#2706=CARTESIAN_POINT('',(162.619232070985,92.4152563575682,155.187853789112));
#2707=CARTESIAN_POINT('Origin',(160.119232070985,92.061702966975,155.541407179706));
#2708=CARTESIAN_POINT('Origin',(160.119232070985,91.3545961857884,156.248513960892));
#2709=CARTESIAN_POINT('',(162.119232070985,88.172615670449,159.430494476232));
#2710=CARTESIAN_POINT('',(162.119232070985,91.3545961857884,156.248513960892));
#2711=CARTESIAN_POINT('Origin',(160.119232070985,88.172615670449,159.430494476232));
#2712=CARTESIAN_POINT('Ctrl Pts',(182.079674268694,91.1973662570305,153.460898611002));
#2713=CARTESIAN_POINT('Ctrl Pts',(182.330964863326,91.225162184811,153.844073105808));
#2714=CARTESIAN_POINT('Ctrl Pts',(182.754032733264,91.4372957907855,154.654515031252));
#2715=CARTESIAN_POINT('Ctrl Pts',(182.906654446315,92.3464615931051,155.779520530082));
#2716=CARTESIAN_POINT('Ctrl Pts',(182.549199042124,93.3658580366268,156.293398693053));
#2717=CARTESIAN_POINT('Ctrl Pts',(182.20531956601,93.9506242882755,156.39184592576));
#2718=CARTESIAN_POINT('Ctrl Pts',(182.079674268694,94.1422115356783,156.40574388965));
#2719=CARTESIAN_POINT('Ctrl Pts',(181.79232244447,91.2030431691747,153.648935697798));
#2720=CARTESIAN_POINT('Ctrl Pts',(182.05269183521,91.2133331674346,153.99891158318));
#2721=CARTESIAN_POINT('Ctrl Pts',(182.50896232058,91.3939163611025,154.753251331123));
#2722=CARTESIAN_POINT('Ctrl Pts',(182.680309801159,92.2717538721,155.838367733168));
#2723=CARTESIAN_POINT('Ctrl Pts',(182.284288294406,93.2410074628823,156.322348812893));
#2724=CARTESIAN_POINT('Ctrl Pts',(181.92250713984,93.7791865061913,156.394921978376));
#2725=CARTESIAN_POINT('Ctrl Pts',(181.79232244447,93.9541744488823,156.400066977506));
#2726=CARTESIAN_POINT('Ctrl Pts',(181.504970620247,91.2087200813188,153.836972784594));
#2727=CARTESIAN_POINT('Ctrl Pts',(181.774418807093,91.2015041500582,154.153750060553));
#2728=CARTESIAN_POINT('Ctrl Pts',(182.263891907897,91.3505369314195,154.851987630994));
#2729=CARTESIAN_POINT('Ctrl Pts',(182.453965156003,92.1970461510949,155.897214936253));
#2730=CARTESIAN_POINT('Ctrl Pts',(182.019377546687,93.1161568891377,156.351298932734));
#2731=CARTESIAN_POINT('Ctrl Pts',(181.63969471367,93.6077487241071,156.397998030992));
#2732=CARTESIAN_POINT('Ctrl Pts',(181.504970620247,93.7661373620863,156.394390065362));
#2733=CARTESIAN_POINT('Ctrl Pts',(181.217618796023,91.214396993463,154.02500987139));
#2734=CARTESIAN_POINT('Ctrl Pts',(181.496145778977,91.1896751326817,154.308588537925));
#2735=CARTESIAN_POINT('Ctrl Pts',(182.018821495214,91.3071575017365,154.950723930865));
#2736=CARTESIAN_POINT('Ctrl Pts',(182.227620510847,92.1223384300898,155.956062139339));
#2737=CARTESIAN_POINT('Ctrl Pts',(181.754466798969,92.9913063153931,156.380249052574));
#2738=CARTESIAN_POINT('Ctrl Pts',(181.3568822875,93.4363109420228,156.401074083608));
#2739=CARTESIAN_POINT('Ctrl Pts',(181.217618796023,93.5781002752903,156.388713153218));
#2740=CARTESIAN_POINT('',(182.07967426874,94.1422115356082,156.405743889645));
#2741=CARTESIAN_POINT('',(182.07967426875,91.1973662570187,153.460898611075));
#2742=CARTESIAN_POINT('Ctrl Pts',(182.079674268694,94.1422115356783,156.40574388965));
#2743=CARTESIAN_POINT('Ctrl Pts',(182.20531956601,93.9506242882755,156.39184592576));
#2744=CARTESIAN_POINT('Ctrl Pts',(182.549199042124,93.3658580366268,156.293398693053));
#2745=CARTESIAN_POINT('Ctrl Pts',(182.906654446315,92.3464615931051,155.779520530082));
#2746=CARTESIAN_POINT('Ctrl Pts',(182.754032733264,91.4372957907855,154.654515031252));
#2747=CARTESIAN_POINT('Ctrl Pts',(182.330964863326,91.225162184811,153.844073105808));
#2748=CARTESIAN_POINT('Ctrl Pts',(182.079674268694,91.1973662570305,153.460898611002));
#2749=CARTESIAN_POINT('',(181.85892851688,91.3585657214843,154.839442794296));
#2750=CARTESIAN_POINT('Ctrl Pts',(182.07967426778,91.1973662570486,153.460898611601));
#2751=CARTESIAN_POINT('Ctrl Pts',(182.070490387144,91.2002393355521,153.511901082511));
#2752=CARTESIAN_POINT('Ctrl Pts',(182.061074526837,91.2032974396915,153.564026265159));
#2753=CARTESIAN_POINT('Ctrl Pts',(182.051576662938,91.2065701362926,153.616731053759));
#2754=CARTESIAN_POINT('Ctrl Pts',(182.042361253052,91.2097455071898,153.667868471083));
#2755=CARTESIAN_POINT('Ctrl Pts',(182.033069128712,91.2131231388821,153.71955146653));
#2756=CARTESIAN_POINT('Ctrl Pts',(182.023829725618,91.2167384851892,153.771331896394));
#2757=CARTESIAN_POINT('Ctrl Pts',(182.014662194114,91.2203257083931,153.822709535972));
#2758=CARTESIAN_POINT('Ctrl Pts',(182.005546915928,91.2241472293464,153.874183055412));
#2759=CARTESIAN_POINT('Ctrl Pts',(181.996596543919,91.2282424010337,153.925363639198));
#2760=CARTESIAN_POINT('Ctrl Pts',(181.987605037579,91.2323563934082,153.976779439925));
#2761=CARTESIAN_POINT('Ctrl Pts',(181.978780132736,91.2367468795634,154.02789963345));
#2762=CARTESIAN_POINT('Ctrl Pts',(181.970218020245,91.2414541199287,154.078379888629));
#2763=CARTESIAN_POINT('Ctrl Pts',(181.965378875089,91.2441145637663,154.106910380677));
#2764=CARTESIAN_POINT('Ctrl Pts',(181.960623323377,91.2468761692705,154.135237362952));
#2765=CARTESIAN_POINT('Ctrl Pts',(181.955966068346,91.2497456258627,154.163305489212));
#2766=CARTESIAN_POINT('Ctrl Pts',(181.945687821774,91.2560783223068,154.225249943728));
#2767=CARTESIAN_POINT('Ctrl Pts',(181.935899564108,91.2629070360892,154.285704607805));
#2768=CARTESIAN_POINT('Ctrl Pts',(181.926689032382,91.2703684577306,154.344750276743));
#2769=CARTESIAN_POINT('Ctrl Pts',(181.917752250197,91.277608115764,154.402041028025));
#2770=CARTESIAN_POINT('Ctrl Pts',(181.909359142932,91.2854434998531,154.45800553096));
#2771=CARTESIAN_POINT('Ctrl Pts',(181.901543209468,91.2940197995794,154.512732822192));
#2772=CARTESIAN_POINT('Ctrl Pts',(181.893368152079,91.3029901602877,154.569974704893));
#2773=CARTESIAN_POINT('Ctrl Pts',(181.885824927485,91.3127708647524,154.625863147085));
#2774=CARTESIAN_POINT('Ctrl Pts',(181.878897878029,91.323552141453,154.680514816442));
#2775=CARTESIAN_POINT('Ctrl Pts',(181.871970828572,91.3343334181536,154.735166485798));
#2776=CARTESIAN_POINT('Ctrl Pts',(181.86565992874,91.3461152121566,154.788581600528));
#2777=CARTESIAN_POINT('Ctrl Pts',(181.859894446711,91.3591131616922,154.840888875443));
#2778=CARTESIAN_POINT('',(182.119303403364,91.9346940812644,155.668415148161));
#2779=CARTESIAN_POINT('Ctrl Pts',(181.859227742006,91.3586145249712,154.839728482074));
#2780=CARTESIAN_POINT('Ctrl Pts',(181.881764723529,91.3754461837992,154.87893089686));
#2781=CARTESIAN_POINT('Ctrl Pts',(182.035488762024,91.5078291388571,155.163144975951));
#2782=CARTESIAN_POINT('Ctrl Pts',(182.116898853396,91.7205395632263,155.452656133717));
#2783=CARTESIAN_POINT('Ctrl Pts',(182.119303403364,91.9346940812644,155.668415148161));
#2784=CARTESIAN_POINT('',(181.85650348524,92.7627480336018,156.242324894142));
#2785=CARTESIAN_POINT('Ctrl Pts',(182.119303403364,91.9346940812644,155.668415148161));
#2786=CARTESIAN_POINT('Ctrl Pts',(182.120112476835,92.006751947237,155.741012888744));
#2787=CARTESIAN_POINT('Ctrl Pts',(182.096363869001,92.2683463697502,155.979169652757));
#2788=CARTESIAN_POINT('Ctrl Pts',(181.974273105519,92.5587603089875,156.154476018925));
#2789=CARTESIAN_POINT('Ctrl Pts',(181.85650348524,92.7627480336018,156.242324894142));
#2790=CARTESIAN_POINT('Ctrl Pts',(182.07967426778,94.1422115350798,156.405743889632));
#2791=CARTESIAN_POINT('Ctrl Pts',(182.071008380242,94.0940857269859,156.403032859711));
#2792=CARTESIAN_POINT('Ctrl Pts',(182.062106888094,94.0449990082121,156.40017223097));
#2793=CARTESIAN_POINT('Ctrl Pts',(182.053089824908,93.9954072451723,156.397138013945));
#2794=CARTESIAN_POINT('Ctrl Pts',(182.044242837895,93.9467508617727,156.394161027087));
#2795=CARTESIAN_POINT('Ctrl Pts',(182.035284855766,93.8976084298255,156.391016851539));
#2796=CARTESIAN_POINT('Ctrl Pts',(182.026328753677,93.8483615752741,156.387670334941));
#2797=CARTESIAN_POINT('Ctrl Pts',(182.017362203037,93.7990572673475,156.384319914161));
#2798=CARTESIAN_POINT('Ctrl Pts',(182.008397761531,93.749648358428,156.380766518544));
#2799=CARTESIAN_POINT('Ctrl Pts',(181.999544566516,93.7004666552093,156.376964008794));
#2800=CARTESIAN_POINT('Ctrl Pts',(181.990488204267,93.6501563074051,156.373074237282));
#2801=CARTESIAN_POINT('Ctrl Pts',(181.981548445954,93.6000837361757,156.368923502261));
#2802=CARTESIAN_POINT('Ctrl Pts',(181.972834523958,93.5505496167831,156.364454360235));
#2803=CARTESIAN_POINT('Ctrl Pts',(181.966132334588,93.5124511522137,156.361016983105));
#2804=CARTESIAN_POINT('Ctrl Pts',(181.959563581166,93.4746700254988,156.357391005237));
#2805=CARTESIAN_POINT('Ctrl Pts',(181.953174206852,93.4373225076399,156.353549176979));
#2806=CARTESIAN_POINT('Ctrl Pts',(181.945210201993,93.3907708737801,156.348760548638));
#2807=CARTESIAN_POINT('Ctrl Pts',(181.93752966755,93.3450154789757,156.343652419824));
#2808=CARTESIAN_POINT('Ctrl Pts',(181.930196184884,93.2999875854344,156.338142350292));
#2809=CARTESIAN_POINT('Ctrl Pts',(181.920591219899,93.2410126944501,156.330925584762));
#2810=CARTESIAN_POINT('Ctrl Pts',(181.911584193625,93.1832846983439,156.323018301473));
#2811=CARTESIAN_POINT('Ctrl Pts',(181.903241209539,93.1267577927346,156.314316228125));
#2812=CARTESIAN_POINT('Ctrl Pts',(181.894906138183,93.0702844989009,156.305622408077));
#2813=CARTESIAN_POINT('Ctrl Pts',(181.887233864492,93.015009814875,156.296135309285));
#2814=CARTESIAN_POINT('Ctrl Pts',(181.880238870769,92.9608866336612,156.285743407236));
#2815=CARTESIAN_POINT('Ctrl Pts',(181.873248166005,92.9067966379013,156.275357876947));
#2816=CARTESIAN_POINT('Ctrl Pts',(181.866933906151,92.8538565265426,156.26406867317));
#2817=CARTESIAN_POINT('Ctrl Pts',(181.861259061881,92.802020915174,156.251756747359));
#2818=CARTESIAN_POINT('Ctrl Pts',(181.859788102803,92.7885847644241,156.248565410614));
#2819=CARTESIAN_POINT('Ctrl Pts',(181.858359836348,92.7752228408282,156.245305317538));
#2820=CARTESIAN_POINT('Ctrl Pts',(181.856973054675,92.7619343987621,156.241974306604));
#2821=CARTESIAN_POINT('Origin',(180.119232070985,92.4152563575682,155.187853789112));
#2822=CARTESIAN_POINT('Origin',(180.119232070985,92.061702966975,155.541407179706));
#2823=CARTESIAN_POINT('Ctrl Pts',(182.07967426875,91.1973662570187,153.460898611075));
#2824=CARTESIAN_POINT('Ctrl Pts',(182.014393553334,91.1366689491685,153.307880430117));
#2825=CARTESIAN_POINT('Ctrl Pts',(181.939637637111,91.0826716199499,153.148162270308));
#2826=CARTESIAN_POINT('Ctrl Pts',(181.939637637111,94.4549478763731,156.520438526731));
#2827=CARTESIAN_POINT('Ctrl Pts',(182.014393553249,94.2952297166928,156.466441197521));
#2828=CARTESIAN_POINT('Ctrl Pts',(182.07967426874,94.1422115356082,156.405743889645));
#2829=CARTESIAN_POINT('Origin',(180.119232070985,91.3545961857884,156.248513960892));
#2830=CARTESIAN_POINT('',(182.119232070985,88.172615670449,159.430494476232));
#2831=CARTESIAN_POINT('',(182.119232070985,91.3545961857884,156.248513960892));
#2832=CARTESIAN_POINT('Origin',(180.119232070985,88.172615670449,159.430494476232));
#2833=CARTESIAN_POINT('Origin',(180.119232070985,103.021858075367,165.794455506911));
#2834=CARTESIAN_POINT('',(182.07967426874,104.748813253407,167.012345607443));
#2835=CARTESIAN_POINT('Ctrl Pts',(181.939637637111,105.061549594171,167.127040244529));
#2836=CARTESIAN_POINT('Ctrl Pts',(182.014393553249,104.901831434491,167.073042915319));
#2837=CARTESIAN_POINT('Ctrl Pts',(182.07967426874,104.748813253407,167.012345607443));
#2838=CARTESIAN_POINT('',(181.856490246874,103.369350060436,166.848908579709));
#2839=CARTESIAN_POINT('Ctrl Pts',(182.07967426778,104.748813252878,167.01234560743));
#2840=CARTESIAN_POINT('Ctrl Pts',(182.070508765642,104.697912846539,167.009478278443));
#2841=CARTESIAN_POINT('Ctrl Pts',(182.061090449421,104.64588444583,167.006405183589));
#2842=CARTESIAN_POINT('Ctrl Pts',(182.051564116017,104.593269805248,167.003097284129));
#2843=CARTESIAN_POINT('Ctrl Pts',(182.042272540043,104.541951747234,166.999870901233));
#2844=CARTESIAN_POINT('Ctrl Pts',(182.032878625143,104.490076065063,166.996420926317));
#2845=CARTESIAN_POINT('Ctrl Pts',(182.023512175018,104.438096226558,166.992714265449));
#2846=CARTESIAN_POINT('Ctrl Pts',(182.014195073979,104.386390254614,166.989027133891));
#2847=CARTESIAN_POINT('Ctrl Pts',(182.004905466393,104.334581258528,166.985085767482));
#2848=CARTESIAN_POINT('Ctrl Pts',(181.995761020834,104.283065214543,166.980854849312));
#2849=CARTESIAN_POINT('Ctrl Pts',(181.986554644998,104.23120028086,166.976595277471));
#2850=CARTESIAN_POINT('Ctrl Pts',(181.977495583231,104.179632244167,166.972041920009));
#2851=CARTESIAN_POINT('Ctrl Pts',(181.968689815615,104.128713847367,166.967160056073));
#2852=CARTESIAN_POINT('Ctrl Pts',(181.963638786634,104.099506819749,166.964359796368));
#2853=CARTESIAN_POINT('Ctrl Pts',(181.958670814734,104.070512591979,166.961451497982));
#2854=CARTESIAN_POINT('Ctrl Pts',(181.953803649801,104.041790402988,166.958429413758));
#2855=CARTESIAN_POINT('Ctrl Pts',(181.943338222811,103.980031663347,166.951931297865));
#2856=CARTESIAN_POINT('Ctrl Pts',(181.93334915134,103.919747578899,166.944935771484));
#2857=CARTESIAN_POINT('Ctrl Pts',(181.923946270221,103.860857010184,166.937319667148));
#2858=CARTESIAN_POINT('Ctrl Pts',(181.914539184872,103.801940110225,166.929700157488));
#2859=CARTESIAN_POINT('Ctrl Pts',(181.905718851223,103.744417810982,166.92145953753));
#2860=CARTESIAN_POINT('Ctrl Pts',(181.897550282146,103.688193501933,166.912452850501));
#2861=CARTESIAN_POINT('Ctrl Pts',(181.889373248937,103.631910934219,166.903436830896));
#2862=CARTESIAN_POINT('Ctrl Pts',(181.881849364595,103.576928881195,166.893653188586));
#2863=CARTESIAN_POINT('Ctrl Pts',(181.874998251513,103.523137493745,166.882934429695));
#2864=CARTESIAN_POINT('Ctrl Pts',(181.868305040155,103.470585868763,166.872462712488));
#2865=CARTESIAN_POINT('Ctrl Pts',(181.862253784698,103.419170449758,166.861098435944));
#2866=CARTESIAN_POINT('Ctrl Pts',(181.856820516407,103.368779301315,166.848664620268));
#2867=CARTESIAN_POINT('',(181.859156878113,101.966535555739,165.44788551723));
#2868=CARTESIAN_POINT('Origin',(180.119232070985,102.668304684773,166.148008897504));
#2869=CARTESIAN_POINT('',(182.07967426875,101.803967974817,164.067500328873));
#2870=CARTESIAN_POINT('Ctrl Pts',(182.07967426778,101.803967974847,164.067500329399));
#2871=CARTESIAN_POINT('Ctrl Pts',(182.070461649518,101.806850043608,164.118662394057));
#2872=CARTESIAN_POINT('Ctrl Pts',(182.061013983996,101.809924101732,164.170957698645));
#2873=CARTESIAN_POINT('Ctrl Pts',(182.051482043407,101.813220461801,164.223838721254));
#2874=CARTESIAN_POINT('Ctrl Pts',(182.042229520571,101.816420192908,164.275169598183));
#2875=CARTESIAN_POINT('Ctrl Pts',(182.03289807643,101.819829632431,164.327052293584));
#2876=CARTESIAN_POINT('Ctrl Pts',(182.023618136275,101.823484316174,164.379034139591));
#2877=CARTESIAN_POINT('Ctrl Pts',(182.014410426982,101.82711055351,164.430611382392));
#2878=CARTESIAN_POINT('Ctrl Pts',(182.005253771855,101.830978503694,164.482286198287));
#2879=CARTESIAN_POINT('Ctrl Pts',(181.996261865253,101.835126875479,164.533665450053));
#2880=CARTESIAN_POINT('Ctrl Pts',(181.987232245678,101.839292645957,164.585260191638));
#2881=CARTESIAN_POINT('Ctrl Pts',(181.97836893231,101.843741516954,164.63655691641));
#2882=CARTESIAN_POINT('Ctrl Pts',(181.96976915221,101.848512277424,164.68720736717));
#2883=CARTESIAN_POINT('Ctrl Pts',(181.965039984457,101.851135801086,164.715060925707));
#2884=CARTESIAN_POINT('Ctrl Pts',(181.96039017447,101.853856632423,164.742719921696));
#2885=CARTESIAN_POINT('Ctrl Pts',(181.955833481301,101.856680603446,164.770132657799));
#2886=CARTESIAN_POINT('Ctrl Pts',(181.945530617725,101.863065713681,164.832113938917));
#2887=CARTESIAN_POINT('Ctrl Pts',(181.935715122753,101.869948677621,164.892607066599));
#2888=CARTESIAN_POINT('Ctrl Pts',(181.926476253027,101.877461644583,164.95168917685));
#2889=CARTESIAN_POINT('Ctrl Pts',(181.917472885562,101.884783103194,165.009265261906));
#2890=CARTESIAN_POINT('Ctrl Pts',(181.909016936523,101.892702909806,165.065501572541));
#2891=CARTESIAN_POINT('Ctrl Pts',(181.901144160128,101.90136329709,165.12048413563));
#2892=CARTESIAN_POINT('Ctrl Pts',(181.892962489868,101.910363480701,165.17762397787));
#2893=CARTESIAN_POINT('Ctrl Pts',(181.88541099388,101.920163308925,165.233409856525));
#2894=CARTESIAN_POINT('Ctrl Pts',(181.878476650378,101.930945564615,165.287952110687));
#2895=CARTESIAN_POINT('Ctrl Pts',(181.871542306876,101.941727820305,165.342494364849));
#2896=CARTESIAN_POINT('Ctrl Pts',(181.865225092939,101.953492449604,165.395793207913));
#2897=CARTESIAN_POINT('Ctrl Pts',(181.859457910604,101.966446578321,165.447970011458));
#2898=CARTESIAN_POINT('Ctrl Pts',(182.07967426875,101.803967974817,164.067500328873));
#2899=CARTESIAN_POINT('Ctrl Pts',(182.014393553334,101.743270666967,163.914482147915));
#2900=CARTESIAN_POINT('Ctrl Pts',(181.939637637111,101.689273337748,163.754763988106));
#2901=CARTESIAN_POINT('Ctrl Pts',(182.079674268694,101.803967974829,164.067500328801));
#2902=CARTESIAN_POINT('Ctrl Pts',(182.330964863326,101.831763902609,164.450674823606));
#2903=CARTESIAN_POINT('Ctrl Pts',(182.753560525203,102.045589631025,165.262141068449));
#2904=CARTESIAN_POINT('Ctrl Pts',(182.881418948155,102.799236864893,166.196607418119));
#2905=CARTESIAN_POINT('Ctrl Pts',(182.644132004646,103.759107458431,166.820903597972));
#2906=CARTESIAN_POINT('Ctrl Pts',(182.330964863326,104.365638758671,166.984549679668));
#2907=CARTESIAN_POINT('Ctrl Pts',(182.079674268694,104.748813253477,167.012345607448));
#2908=CARTESIAN_POINT('Ctrl Pts',(181.79232244447,101.809644886973,164.255537415597));
#2909=CARTESIAN_POINT('Ctrl Pts',(182.05269183521,101.819934885233,164.605513300979));
#2910=CARTESIAN_POINT('Ctrl Pts',(182.508306779506,102.002420010615,165.361134664048));
#2911=CARTESIAN_POINT('Ctrl Pts',(182.65210437133,102.729388062855,166.261689407104));
#2912=CARTESIAN_POINT('Ctrl Pts',(182.389315634158,103.645970787851,166.856243702862));
#2913=CARTESIAN_POINT('Ctrl Pts',(182.05269183521,104.210800281299,166.996378697044));
#2914=CARTESIAN_POINT('Ctrl Pts',(181.79232244447,104.560776166681,167.006668695304));
#2915=CARTESIAN_POINT('Ctrl Pts',(181.504970620247,101.815321799117,164.443574502393));
#2916=CARTESIAN_POINT('Ctrl Pts',(181.774418807093,101.808105867856,164.760351778351));
#2917=CARTESIAN_POINT('Ctrl Pts',(182.263053033809,101.959250390205,165.460128259648));
#2918=CARTESIAN_POINT('Ctrl Pts',(182.422789794506,102.659539260817,166.32677139609));
#2919=CARTESIAN_POINT('Ctrl Pts',(182.13449926367,103.53283411727,166.891583807751));
#2920=CARTESIAN_POINT('Ctrl Pts',(181.774418807093,104.055961803926,167.008207714421));
#2921=CARTESIAN_POINT('Ctrl Pts',(181.504970620247,104.372739079885,167.00099178316));
#2922=CARTESIAN_POINT('Ctrl Pts',(181.217618796023,101.820998711261,164.631611589189));
#2923=CARTESIAN_POINT('Ctrl Pts',(181.496145778977,101.79627685048,164.915190255724));
#2924=CARTESIAN_POINT('Ctrl Pts',(182.017799288112,101.916080769796,165.559121855247));
#2925=CARTESIAN_POINT('Ctrl Pts',(182.193475217682,102.58969045878,166.391853385076));
#2926=CARTESIAN_POINT('Ctrl Pts',(181.879682893182,103.419697446689,166.92692391264));
#2927=CARTESIAN_POINT('Ctrl Pts',(181.496145778977,103.901123326554,167.020036731797));
#2928=CARTESIAN_POINT('Ctrl Pts',(181.217618796023,104.184701993089,166.995314871016));
#2929=CARTESIAN_POINT('',(182.119353724402,102.541561232229,166.275180297559));
#2930=CARTESIAN_POINT('Ctrl Pts',(181.859457911599,101.966446579066,165.447970013191));
#2931=CARTESIAN_POINT('Ctrl Pts',(181.881742709395,101.983118631205,165.486759254798));
#2932=CARTESIAN_POINT('Ctrl Pts',(182.035478213753,102.11538986968,165.770832845979));
#2933=CARTESIAN_POINT('Ctrl Pts',(182.117249958893,102.326794768059,166.059108486025));
#2934=CARTESIAN_POINT('Ctrl Pts',(182.119353724402,102.541561232229,166.275180297559));
#2935=CARTESIAN_POINT('Ctrl Pts',(182.1193516074,102.541347434139,166.274965178458));
#2936=CARTESIAN_POINT('Ctrl Pts',(182.120068721536,102.613000365032,166.347068059548));
#2937=CARTESIAN_POINT('Ctrl Pts',(182.099368759637,102.838609924573,166.552321274893));
#2938=CARTESIAN_POINT('Ctrl Pts',(181.990179941234,103.127423497118,166.738507214144));
#2939=CARTESIAN_POINT('Ctrl Pts',(181.879078341618,103.330324494932,166.832234514997));
#2940=CARTESIAN_POINT('Ctrl Pts',(181.856490246874,103.369350060436,166.848908579709));
#2941=CARTESIAN_POINT('Ctrl Pts',(182.079674268694,104.748813253477,167.012345607448));
#2942=CARTESIAN_POINT('Ctrl Pts',(182.330964863326,104.365638758671,166.984549679668));
#2943=CARTESIAN_POINT('Ctrl Pts',(182.644132004646,103.759107458431,166.820903597972));
#2944=CARTESIAN_POINT('Ctrl Pts',(182.881418948155,102.799236864893,166.196607418119));
#2945=CARTESIAN_POINT('Ctrl Pts',(182.753560525203,102.045589631025,165.262141068449));
#2946=CARTESIAN_POINT('Ctrl Pts',(182.330964863326,101.831763902609,164.450674823606));
#2947=CARTESIAN_POINT('Ctrl Pts',(182.079674268694,101.803967974829,164.067500328801));
#2948=CARTESIAN_POINT('Origin',(180.119232070985,101.961197903587,166.85511567869));
#2949=CARTESIAN_POINT('',(182.119232070985,98.7792173882472,170.03709619403));
#2950=CARTESIAN_POINT('',(182.119232070985,101.961197903587,166.85511567869));
#2951=CARTESIAN_POINT('Origin',(180.119232070985,98.7792173882472,170.03709619403));
#2952=CARTESIAN_POINT('Origin',(123.497002324581,94.8490767521374,158.328780964868));
#2953=CARTESIAN_POINT('',(122.497002324581,83.6903820609418,148.584299836046));
#2954=CARTESIAN_POINT('',(135.02365782469,97.9890081936777,145.167559869352));
#2955=CARTESIAN_POINT('Origin',(174.044157954564,81.6878556566215,145.167559869352));
#2956=CARTESIAN_POINT('',(183.940002741814,80.2736420942483,145.167559869352));
#2957=CARTESIAN_POINT('',(175.438565672032,92.296489697995,145.167559869352));
#2958=CARTESIAN_POINT('',(174.044157954564,80.2736420942483,145.167559869352));
#2959=CARTESIAN_POINT('Origin',(182.940002741814,107.223445607295,170.703149820025));
#2960=CARTESIAN_POINT('',(183.939637637111,83.6903820609418,148.584299836046));
#2961=CARTESIAN_POINT('',(168.578978808978,94.5520080818073,137.72267381518));
#2962=CARTESIAN_POINT('',(183.940002741814,106.516338826108,171.410256601212));
#2963=CARTESIAN_POINT('Origin',(184.000002741814,77.0916615789089,148.349540384692));
#2964=CARTESIAN_POINT('',(183.940002741814,77.0916615789089,148.349540384692));
#2965=CARTESIAN_POINT('',(183.940002741814,77.091661578909,148.349540384692));
#2966=CARTESIAN_POINT('',(156.000002324581,77.0916615789089,148.349540384692));
#2967=CARTESIAN_POINT('',(177.000002637506,77.0916615789089,148.349540384692));
#2968=CARTESIAN_POINT('',(156.000002324581,67.3307595714099,158.110442392191));
#2969=CARTESIAN_POINT('',(156.000002324581,71.1334203708515,154.307781592749));
#2970=CARTESIAN_POINT('',(140.,67.3307595714099,158.110442392191));
#2971=CARTESIAN_POINT('',(141.000002324581,67.3307595714099,158.110442392191));
#2972=CARTESIAN_POINT('',(140.,53.188623947679,172.252578015922));
#2973=CARTESIAN_POINT('',(140.,65.6011763846276,159.840025578973));
#2974=CARTESIAN_POINT('',(184.000002741814,53.1886239476788,172.252578015922));
#2975=CARTESIAN_POINT('',(174.044157954564,53.1886239476789,172.252578015922));
#2976=CARTESIAN_POINT('',(184.000002741814,50.22160389382,175.219598069781));
#2977=CARTESIAN_POINT('',(184.000002741814,50.9287106750066,174.512491288594));
#2978=CARTESIAN_POINT('',(177.000002637506,50.2216038938201,175.219598069781));
#2979=CARTESIAN_POINT('',(126.500001907349,60.3946983942792,165.046503569322));
#2980=CARTESIAN_POINT('Origin',(128.000001907349,60.3946983942791,165.046503569322));
#2981=CARTESIAN_POINT('Origin',(182.939637637111,88.9863344773976,152.466038690128));
#2982=CARTESIAN_POINT('',(183.939637637111,111.917092435375,176.811010210479));
#2983=CARTESIAN_POINT('',(181.939637637111,111.917092435375,173.982583085732));
#2984=CARTESIAN_POINT('',(183.939637637111,88.2792276962111,153.173145471315));
#2985=CARTESIAN_POINT('Origin',(174.013975402213,111.917092435375,175.396796648105));
#2986=CARTESIAN_POINT('',(122.497083570831,111.917092435375,176.811010210479));
#2987=CARTESIAN_POINT('',(124.497083570831,111.917092435375,173.982583085732));
#2988=CARTESIAN_POINT('',(174.013975402213,111.917092435375,176.811010210479));
#2989=CARTESIAN_POINT('Origin',(123.497083570831,103.745044554369,167.2247487671));
#2990=CARTESIAN_POINT('',(122.497083570831,103.037937773182,167.931855548286));
#2991=CARTESIAN_POINT('Origin',(183.939637637111,82.3996722814321,147.293590056536));
#2992=CARTESIAN_POINT('',(183.939637637111,110.547289940941,178.180812704912));
#2993=CARTESIAN_POINT('',(183.939637637111,111.917092435375,176.811010210479));
#2994=CARTESIAN_POINT('',(183.939637637111,110.567768981854,178.119375582174));
#2995=CARTESIAN_POINT('',(183.939637637111,113.938666383534,168.006683377134));
#2996=CARTESIAN_POINT('',(183.939800916898,82.3615376483333,149.913144248654));
#2997=CARTESIAN_POINT('',(183.939637637111,93.1291611411615,160.680767741482));
#2998=CARTESIAN_POINT('',(183.939637637111,83.6903820609418,148.584299836046));
#2999=CARTESIAN_POINT('Origin',(183.939637637111,111.917092435375,176.811010210479));
#3000=CARTESIAN_POINT('',(122.497083570831,111.917092435375,176.811010210479));
#3001=CARTESIAN_POINT('',(122.528405691881,110.547289940941,178.180812704912));
#3002=CARTESIAN_POINT('',(129.291265855834,120.111418505237,168.616684140617));
#3003=CARTESIAN_POINT('',(171.991897691529,110.547289940941,178.180812704913));
#3004=CARTESIAN_POINT('Origin',(122.497083570831,111.917092435375,176.811010210479));
#3005=CARTESIAN_POINT('Origin',(122.497002324581,81.8175751830559,206.831338195345));
#3006=CARTESIAN_POINT('',(121.265787742728,77.1280018055596,202.114624741274));
#3007=CARTESIAN_POINT('',(121.581186287405,77.1280018055596,202.114624741274));
#3008=CARTESIAN_POINT('',(120.628371552679,79.0928549768395,204.0908491528));
#3009=CARTESIAN_POINT('Origin',(128.620191171131,79.347870041836,204.347340072386));
#3010=CARTESIAN_POINT('',(120.621748091936,79.3975304768627,204.397287908398));
#3011=CARTESIAN_POINT('Origin',(128.620191171131,79.3315973308059,204.330973185918));
#3012=CARTESIAN_POINT('Origin',(128.620191171131,79.2862542895379,204.285367729818));
#3013=CARTESIAN_POINT('Ctrl Pts',(120.621748091936,100.876085565492,183.042320914634));
#3014=CARTESIAN_POINT('Ctrl Pts',(120.562445039953,98.7570390141985,180.911010756177));
#3015=CARTESIAN_POINT('Ctrl Pts',(122.497002324581,97.1348080275267,179.27939139456));
#3016=CARTESIAN_POINT('Ctrl Pts',(120.621748091936,79.3975304768627,204.397287908398));
#3017=CARTESIAN_POINT('Ctrl Pts',(120.562445039953,77.2784839255692,202.265977749941));
#3018=CARTESIAN_POINT('Ctrl Pts',(122.497002324581,75.6562529388975,200.634358388324));
#3019=CARTESIAN_POINT('',(120.620191171131,100.764809378167,182.930400736055));
#3020=CARTESIAN_POINT('',(120.620310493051,79.3177118813763,204.315706057337));
#3021=CARTESIAN_POINT('Ctrl Pts',(120.620191171131,100.764809378167,182.930400736055));
#3022=CARTESIAN_POINT('Ctrl Pts',(120.620191171131,90.0411806565349,193.623133139518));
#3023=CARTESIAN_POINT('Ctrl Pts',(120.620310493051,79.3177118813763,204.315706057337));
#3024=CARTESIAN_POINT('Origin',(128.620191171131,100.764809378167,182.930400736055));
#3025=CARTESIAN_POINT('',(122.497002324581,97.1348080275267,179.279391394561));
#3026=CARTESIAN_POINT('Ctrl Pts',(120.620310493051,79.3177118813763,204.315706057337));
#3027=CARTESIAN_POINT('Ctrl Pts',(120.620517787009,79.3442552757412,204.342835752011));
#3028=CARTESIAN_POINT('Ctrl Pts',(120.620995718561,79.3708637011418,204.370031978153));
#3029=CARTESIAN_POINT('Ctrl Pts',(120.621748091936,79.3975304768628,204.397287908398));
#3030=CARTESIAN_POINT('Origin',(122.497002324581,92.1184430657097,194.995956844583));
#3031=CARTESIAN_POINT('',(122.497002324581,93.1739597548911,196.542971707917));
#3032=CARTESIAN_POINT('',(122.497002324581,87.3983115661594,190.767323519186));
#3033=CARTESIAN_POINT('',(122.497002324581,85.3264886972817,204.390442765525));
#3034=CARTESIAN_POINT('',(122.497002324581,86.248555939949,203.468375522857));
#3035=CARTESIAN_POINT('',(122.497002324581,67.0569518243814,186.120905892624));
#3036=CARTESIAN_POINT('Origin',(128.620191171131,103.496009954489,180.199200159733));
#3037=CARTESIAN_POINT('',(127.657797963538,84.9643803698775,209.962374545838));
#3038=CARTESIAN_POINT('Origin',(128.620191171131,79.3486079691307,204.346602145091));
#3039=CARTESIAN_POINT('',(127.657797963538,95.7788714813446,199.147883434371));
#3040=CARTESIAN_POINT('',(127.657797963538,109.111782355236,185.81497256048));
#3041=CARTESIAN_POINT('',(128.620191171131,95.8199533300902,199.188965283116));
#3042=CARTESIAN_POINT('Origin',(128.620191171131,90.1630990805978,193.532111033624));
#3043=CARTESIAN_POINT('',(128.620191171131,106.412412912265,188.596505700942));
#3044=CARTESIAN_POINT('',(128.620191171131,109.152864203981,185.856054409225));
#3045=CARTESIAN_POINT('',(122.029190136926,103.961701623333,186.14579441201));
#3046=CARTESIAN_POINT('Origin',(128.620191171131,100.755558662772,182.939651451449));
#3047=CARTESIAN_POINT('',(121.471030795332,103.296136374289,185.476377339503));
#3048=CARTESIAN_POINT('Origin',(128.620191171131,100.764809378167,182.930400736055));
#3049=CARTESIAN_POINT('Origin',(128.620191171131,100.764809378167,182.930400736055));
#3050=CARTESIAN_POINT('Origin',(122.497002324581,103.296130271685,185.476371201582));
#3051=CARTESIAN_POINT('',(137.403549640527,103.296136374289,185.476377339503));
#3052=CARTESIAN_POINT('Origin',(145.332686391713,77.1223161854366,203.53452392377));
#3053=CARTESIAN_POINT('',(121.265787742728,77.1223161854367,202.120310361397));
#3054=CARTESIAN_POINT('Ctrl Pts',(122.731128603548,77.1223161854366,204.948737486143));
#3055=CARTESIAN_POINT('Ctrl Pts',(122.201100474058,77.1223161854366,204.038866627279));
#3056=CARTESIAN_POINT('Ctrl Pts',(121.710714735742,77.1223161854366,203.074140129967));
#3057=CARTESIAN_POINT('Ctrl Pts',(121.265787742728,77.1223161854366,202.120310361397));
#3058=CARTESIAN_POINT('',(145.332686391713,77.1223161854366,202.120310361397));
#3059=CARTESIAN_POINT('',(124.497002324581,77.1223161854366,204.948737486143));
#3060=CARTESIAN_POINT('Origin',(128.620191171131,78.6415011879442,205.053708926278));
#3061=CARTESIAN_POINT('Origin',(128.620191171131,79.3486079691307,204.346602145091));
#3062=CARTESIAN_POINT('Ctrl Pts',(127.619753219739,82.1176421824347,209.944063483141));
#3063=CARTESIAN_POINT('Ctrl Pts',(127.637611319802,83.0362024257044,209.952658646553));
#3064=CARTESIAN_POINT('Ctrl Pts',(127.649508174054,84.0637720445367,209.958384642376));
#3065=CARTESIAN_POINT('Ctrl Pts',(127.657797963538,84.9643803698775,209.962374545838));
#3066=CARTESIAN_POINT('Origin',(123.497002324581,69.5531962768754,195.965404015209));
#3067=CARTESIAN_POINT('',(122.497002324581,50.2216038938201,175.219598069781));
#3068=CARTESIAN_POINT('Origin',(126.866115591924,80.4637153630619,206.875923101395));
#3069=CARTESIAN_POINT('',(132.022002324581,82.359468643424,207.357462819384));
#3070=CARTESIAN_POINT('Ctrl Pts',(130.022002324581,80.6939740203878,208.520395321094));
#3071=CARTESIAN_POINT('Ctrl Pts',(130.676221486707,81.2497905350576,208.151006223922));
#3072=CARTESIAN_POINT('Ctrl Pts',(131.366047861465,81.8219355781865,207.747589452186));
#3073=CARTESIAN_POINT('Ctrl Pts',(132.022002324581,82.359468643424,207.357462819384));
#3074=CARTESIAN_POINT('Origin',(126.866115591924,81.1708221442485,206.168816320209));
#3075=CARTESIAN_POINT('Origin',(131.022002324581,79.2397828446871,205.65199058302));
#3076=CARTESIAN_POINT('',(132.022002324581,81.8872601377011,206.885254313661));
#3077=CARTESIAN_POINT('',(130.022002324581,79.0588330129548,206.885254313661));
#3078=CARTESIAN_POINT('',(132.022002324581,79.9468896258736,204.944883801834));
#3079=CARTESIAN_POINT('Origin',(163.000002428889,80.4730465753279,206.885254313661));
#3080=CARTESIAN_POINT('',(184.000002741814,81.8872601377011,206.885254313661));
#3081=CARTESIAN_POINT('',(182.000002741814,79.0588330129548,206.885254313661));
#3082=CARTESIAN_POINT('',(163.000002428889,81.8872601377011,206.885254313661));
#3083=CARTESIAN_POINT('Origin',(183.000002741814,81.9275651320324,208.339772870366));
#3084=CARTESIAN_POINT('',(184.000002741814,82.634671913219,207.632666089179));
#3085=CARTESIAN_POINT('',(182.000002741814,50.2216038938201,178.048025194527));
#3086=CARTESIAN_POINT('Origin',(177.000002637506,50.2216038938201,176.633811632154));
#3087=CARTESIAN_POINT('Origin',(184.000002741814,89.5289631219841,213.112743735571));
#3088=CARTESIAN_POINT('',(184.000002741814,84.8542801915598,203.918234259803));
#3089=CARTESIAN_POINT('',(184.000002741814,79.4313206795384,198.495274747781));
#3090=CARTESIAN_POINT('',(184.000002741814,82.5943669188876,206.178147532475));
#3091=CARTESIAN_POINT('Origin',(120.665370250229,77.8294229666231,201.41320358021));
#3092=CARTESIAN_POINT('',(121.265787742728,101.269718170795,177.972908376039));
#3093=CARTESIAN_POINT('Origin',(144.472512615198,71.152123816444,194.735904430031));
#3094=CARTESIAN_POINT('',(144.932049116044,70.8311577152766,194.415158059082));
#3095=CARTESIAN_POINT('',(144.932049116044,70.8312675803855,194.415048193973));
#3096=CARTESIAN_POINT('',(140.849496262963,70.8310478504733,194.415267923701));
#3097=CARTESIAN_POINT('Origin',(127.385002324583,102.135945061175,178.839135266419));
#3098=CARTESIAN_POINT('',(137.385002324583,88.8030341872839,192.17204614031));
#3099=CARTESIAN_POINT('Origin',(127.385002324583,88.8030341872839,192.17204614031));
#3100=CARTESIAN_POINT('',(137.385002324583,95.0976987534065,185.877381574187));
#3101=CARTESIAN_POINT('',(137.385002324583,102.135945061175,178.839135266419));
#3102=CARTESIAN_POINT('',(135.727664746969,98.9964154465058,189.776098267287));
#3103=CARTESIAN_POINT('Origin',(127.385002324583,95.0976987534065,185.877381574187));
#3104=CARTESIAN_POINT('',(135.727664746969,103.296136374289,185.476377339503));
#3105=CARTESIAN_POINT('',(135.727664746969,106.034661754274,182.737851959518));
#3106=CARTESIAN_POINT('',(135.020412704549,103.961701623329,186.145794412006));
#3107=CARTESIAN_POINT('Origin',(127.385002324583,99.408668697033,181.566411630561));
#3108=CARTESIAN_POINT('Origin',(127.385002324583,99.3954937694583,181.579586558136));
#3109=CARTESIAN_POINT('Origin',(137.385002324583,89.2070907124336,202.68348699574));
#3110=CARTESIAN_POINT('',(137.385002324581,83.4788186780424,186.847830631068));
#3111=CARTESIAN_POINT('',(137.385002324583,86.484958348406,189.853970301432));
#3112=CARTESIAN_POINT('',(137.385002324581,89.773483244165,180.553166064946));
#3113=CARTESIAN_POINT('',(137.385002324581,94.6023154528879,175.724333856223));
#3114=CARTESIAN_POINT('',(137.385002324583,97.0560452112671,187.835728032048));
#3115=CARTESIAN_POINT('Origin',(133.500002324581,87.3983115661594,190.767323519186));
#3116=CARTESIAN_POINT('',(132.022002324581,93.1739597548911,196.542971707917));
#3117=CARTESIAN_POINT('Origin',(126.866115591924,91.9853132557155,195.354325208742));
#3118=CARTESIAN_POINT('',(133.500002324581,93.1739597548911,196.542971707917));
#3119=CARTESIAN_POINT('',(133.500002324581,83.4788186780424,186.847830631069));
#3120=CARTESIAN_POINT('',(128.203341752521,88.3875464477916,191.756558400818));
#3121=CARTESIAN_POINT('Origin',(129.703341752521,88.3875464477916,191.756558400818));
#3122=CARTESIAN_POINT('Origin',(128.620191171131,103.496009954489,180.199200159733));
#3123=CARTESIAN_POINT('Origin',(126.866115591924,86.9316210905753,200.408017373882));
#3124=CARTESIAN_POINT('',(132.022002324581,85.3264886972827,204.390442765525));
#3125=CARTESIAN_POINT('',(132.022002324581,83.0665754246105,206.650356038198));
#3126=CARTESIAN_POINT('',(132.022002324581,88.1202675897508,201.596663873057));
#3127=CARTESIAN_POINT('Origin',(132.497483112556,91.8605833594461,172.350625027978));
#3128=CARTESIAN_POINT('',(132.497483112562,89.6964145108271,171.099076709028));
#3129=CARTESIAN_POINT('',(132.497483112562,94.0109909698408,173.625672913022));
#3130=CARTESIAN_POINT('Origin',(132.497483112556,91.8605833594461,172.350625027978));
#3131=CARTESIAN_POINT('',(132.497483112562,91.8468221212218,174.874124594072));
#3132=CARTESIAN_POINT('Origin',(132.497483112562,91.8468221212218,172.374124594072));
#3133=CARTESIAN_POINT('Origin',(132.497483112562,91.8468221212218,172.374124594072));
#3134=CARTESIAN_POINT('Origin',(122.497483112562,91.8468221212218,172.374124594072));
#3135=CARTESIAN_POINT('',(122.497483112562,91.8468221212218,174.874124594072));
#3136=CARTESIAN_POINT('',(122.497483112562,89.6964145108271,171.099076709028));
#3137=CARTESIAN_POINT('',(122.497483112562,89.6964145108271,171.099076709028));
#3138=CARTESIAN_POINT('',(122.497483112562,94.0109909698408,173.625672913022));
#3139=CARTESIAN_POINT('Origin',(122.497483112556,91.8468221212218,172.374124594072));
#3140=CARTESIAN_POINT('',(122.497483112562,94.0109909698408,173.625672913022));
#3141=CARTESIAN_POINT('Origin',(122.497483112556,91.8605833594461,172.350625027978));
#3142=CARTESIAN_POINT('Origin',(122.497483112556,91.8605833594461,172.350625027978));
#3143=CARTESIAN_POINT('Origin',(122.497483112556,91.8605833594461,172.350625027978));
#3144=CARTESIAN_POINT('Origin',(174.044157954564,82.0414090472148,148.349540384692));
#3145=CARTESIAN_POINT('',(183.940002741814,80.9807488754349,148.703093775285));
#3146=CARTESIAN_POINT('',(183.940002741814,81.1080280960485,148.660667368414));
#3147=CARTESIAN_POINT('',(183.940002741814,81.5110789613248,148.526317079988));
#3148=CARTESIAN_POINT('',(184.000002741814,80.9807488754349,148.703093775285));
#3149=CARTESIAN_POINT('',(183.000002741814,83.1020692189946,147.995986994098));
#3150=CARTESIAN_POINT('',(174.044157954564,80.9807488754349,148.703093775285));
#3151=CARTESIAN_POINT('Origin',(184.000002741814,110.525084406971,178.247429306821));
#3152=CARTESIAN_POINT('',(184.000002741814,110.525084406971,178.247429306821));
#3153=CARTESIAN_POINT('',(184.000002741814,105.102125263735,172.824470163585));
#3154=CARTESIAN_POINT('',(183.940002741814,110.525084406971,178.247429306821));
#3155=CARTESIAN_POINT('',(160.044157745948,110.525084406971,178.247429306821));
#3156=CARTESIAN_POINT('',(183.940002741814,105.102125263735,172.824470163585));
#3157=CARTESIAN_POINT('Origin',(183.940002741814,115.691914025886,186.949792831669));
#3158=CARTESIAN_POINT('',(183.940002741814,82.3610213123111,149.913660584676));
#3159=CARTESIAN_POINT('',(183.940002741814,81.3922850220856,150.882396874902));
#3160=CARTESIAN_POINT('',(183.940002741814,93.1262898833273,160.678929155693));
#3161=CARTESIAN_POINT('',(183.940002741814,108.75731782279,180.015196628573));
#3162=CARTESIAN_POINT('',(183.940002741814,108.757317454005,180.015196259788));
#3163=CARTESIAN_POINT('',(183.940002741814,109.504729598308,180.76260840409));
#3164=CARTESIAN_POINT('Origin',(160.044157745948,110.878637797565,177.186769135041));
#3165=CARTESIAN_POINT('',(123.497002324581,111.232191188158,176.126108963262));
#3166=CARTESIAN_POINT('',(160.044157745948,110.525084406971,178.247429306821));
#3167=CARTESIAN_POINT('',(183.000002741814,111.232191188158,176.126108963262));
#3168=CARTESIAN_POINT('Origin',(122.997002324581,93.4348631897643,159.742994527241));
#3169=CARTESIAN_POINT('Origin',(122.497002324581,103.296130271685,185.476371201582));
#3170=CARTESIAN_POINT('',(124.802059629483,103.961701623332,186.145794412009));
#3171=CARTESIAN_POINT('',(139.248502324581,103.296136374289,185.476377339503));
#3172=CARTESIAN_POINT('Origin',(156.000002324581,108.757317454005,180.015196259788));
#3173=CARTESIAN_POINT('',(156.000002324581,108.757317454005,180.015196259788));
#3174=CARTESIAN_POINT('',(156.000002324581,98.9964154465059,189.776098267287));
#3175=CARTESIAN_POINT('',(156.000002324581,102.799076245948,185.973437467845));
#3176=CARTESIAN_POINT('',(163.000002428889,108.757317454005,180.015196259788));
#3177=CARTESIAN_POINT('',(156.000002324581,98.9964154465059,189.776098267287));
#3178=CARTESIAN_POINT('Origin',(164.088313167315,67.0737649644205,186.137719032663));
#3179=CARTESIAN_POINT('',(140.,72.2402019531883,191.304156021431));
#3180=CARTESIAN_POINT('',(140.,55.3099442912386,174.373898359482));
#3181=CARTESIAN_POINT('',(136.338,72.2402019531883,191.304156021431));
#3182=CARTESIAN_POINT('',(151.128656583657,72.2402019531882,191.304156021431));
#3183=CARTESIAN_POINT('',(136.338,57.7706758897679,176.834629958011));
#3184=CARTESIAN_POINT('',(136.338,65.88209390744,184.946047975683));
#3185=CARTESIAN_POINT('',(147.668406583657,57.7706758897678,176.834629958011));
#3186=CARTESIAN_POINT('',(147.014657745949,85.3264886972827,204.390442765525));
#3187=CARTESIAN_POINT('',(132.022002324581,84.8542801915598,203.918234259803));
#3188=CARTESIAN_POINT('',(132.022002324581,76.743538392193,195.807492460436));
#3189=CARTESIAN_POINT('',(160.044157745948,84.8542801915598,203.918234259803));
#3190=CARTESIAN_POINT('',(144.012976114335,73.0911808531362,192.155134921379));
#3191=CARTESIAN_POINT('',(144.932049115998,73.7328933252945,192.796847393537));
#3192=CARTESIAN_POINT('Origin',(149.016943409997,70.1577262935598,189.221680362188));
#3193=CARTESIAN_POINT('',(144.932049116027,73.0911808531569,192.1551349214));
#3194=CARTESIAN_POINT('',(144.932049116148,70.4033291448089,189.467283213052));
#3195=CARTESIAN_POINT('',(154.510181141505,73.0911808533732,192.155134921616));
#3196=CARTESIAN_POINT('Origin',(138.169,80.6911886485392,182.85316932608));
#3197=CARTESIAN_POINT('',(140.,86.3823375769192,177.1620203977));
#3198=CARTESIAN_POINT('',(140.,80.6911886485392,182.85316932608));
#3199=CARTESIAN_POINT('',(136.338,86.3823375769192,177.1620203977));
#3200=CARTESIAN_POINT('',(139.584501162291,86.3823375769192,177.1620203977));
#3201=CARTESIAN_POINT('',(136.338,80.6911886485393,182.85316932608));
#3202=CARTESIAN_POINT('Origin',(141.000002324581,93.5566429788378,184.336325799619));
#3203=CARTESIAN_POINT('',(137.250002324581,89.773483244165,180.553166064946));
#3204=CARTESIAN_POINT('',(136.338,71.9128115134988,162.69249433428));
#3205=CARTESIAN_POINT('',(136.124251162291,71.9128115134988,162.69249433428));
#3206=CARTESIAN_POINT('',(136.338,86.1946007265141,176.974283547295));
#3207=CARTESIAN_POINT('',(140.,81.9620363110267,172.741719131808));
#3208=CARTESIAN_POINT('',(156.000002324581,89.2802206360011,180.059903456782));
#3209=CARTESIAN_POINT('',(147.493482551571,84.3260927158822,175.105775536663));
#3210=CARTESIAN_POINT('Origin',(148.993482551571,84.3260927158822,175.105775536663));
#3211=CARTESIAN_POINT('Origin',(132.022002324581,89.2070907124336,202.68348699574));
#3212=CARTESIAN_POINT('',(132.022002324581,85.1212130014577,203.651301449905));
#3213=CARTESIAN_POINT('Origin',(156.000002324581,82.5943669188876,206.178147532475));
#3214=CARTESIAN_POINT('Origin',(148.993482551571,67.9240438194791,191.507824433066));
#3215=CARTESIAN_POINT('',(147.493482551571,67.9240438194791,191.507824433066));
#3216=CARTESIAN_POINT('Origin',(148.993482551571,67.9240438194791,191.507824433066));
#3217=CARTESIAN_POINT('',(147.493482551571,70.1839570921513,189.247911160394));
#3218=CARTESIAN_POINT('',(147.493482551571,67.9240438194791,191.507824433066));
#3219=CARTESIAN_POINT('Origin',(148.993482551571,70.1839570921513,189.247911160394));
#3220=CARTESIAN_POINT('Origin',(156.000002324581,85.2233895625543,150.117307337658));
#3221=CARTESIAN_POINT('',(156.000002324581,82.0414090472148,153.299287852998));
#3222=CARTESIAN_POINT('',(156.000002324581,90.9431763155722,162.201055121355));
#3223=CARTESIAN_POINT('',(156.000002324581,74.4670074293226,160.87368947089));
#3224=CARTESIAN_POINT('',(156.000002324581,79.8395669189476,155.501129981265));
#3225=CARTESIAN_POINT('',(156.000002324581,90.9431763155722,162.201055121355));
#3226=CARTESIAN_POINT('Origin',(170.000002533197,77.154594266827,200.738374880414));
#3227=CARTESIAN_POINT('',(152.016943410015,67.8977031562809,191.481703499405));
#3228=CARTESIAN_POINT('Origin',(149.016943410015,67.8975932913211,191.481813364229));
#3229=CARTESIAN_POINT('Origin',(133.500002324581,94.6023154528879,175.724333856223));
#3230=CARTESIAN_POINT('Origin',(136.338,73.1414095458105,175.303390223351));
#3231=CARTESIAN_POINT('',(136.338,66.2216625851188,168.38364326266));
#3232=CARTESIAN_POINT('Origin',(140.,64.6762807148356,166.838261392377));
#3233=CARTESIAN_POINT('Origin',(148.993482551571,86.6234826479573,172.808385604588));
#3234=CARTESIAN_POINT('',(147.493482551571,86.6234826479573,172.808385604588));
#3235=CARTESIAN_POINT('Origin',(148.993482551571,86.6234826479573,172.808385604588));
#3236=CARTESIAN_POINT('Origin',(148.993482551571,67.9240438194791,191.507824433066));
#3237=CARTESIAN_POINT('',(147.493482551571,67.9240438194791,191.507824433066));
#3238=CARTESIAN_POINT('Origin',(129.703341752521,96.9796009459892,183.16450390262));
#3239=CARTESIAN_POINT('',(128.203341752521,96.9796009459892,183.16450390262));
#3240=CARTESIAN_POINT('Origin',(129.703341752521,96.9796009459892,183.16450390262));
#3241=CARTESIAN_POINT('Origin',(129.703341752521,78.280162117511,201.863942731098));
#3242=CARTESIAN_POINT('',(128.203341752521,78.280162117511,201.863942731098));
#3243=CARTESIAN_POINT('Origin',(164.088313167315,67.0737649644205,186.137719032663));
#3244=CARTESIAN_POINT('',(152.016943409997,70.157726293639,189.221680362245));
#3245=CARTESIAN_POINT('Origin',(149.016943409997,70.1577262935598,189.221680362188));
#3246=CARTESIAN_POINT('Origin',(144.266943409939,77.8098161503031,181.569590505901));
#3247=CARTESIAN_POINT('',(144.932049115939,81.3849831817981,185.144757537705));
#3248=CARTESIAN_POINT('',(144.932049115968,80.7432707096887,184.503045065539));
#3249=CARTESIAN_POINT('',(144.932049116034,79.2765434300047,183.036317785726));
#3250=CARTESIAN_POINT('',(144.012976114276,80.7432707096644,184.503045065522));
#3251=CARTESIAN_POINT('Origin',(149.016943409939,77.8098161504286,181.56959050599));
#3252=CARTESIAN_POINT('',(140.849496262887,80.7432707095808,184.503045065462));
#3253=CARTESIAN_POINT('',(152.016943409939,77.8098161505079,181.569590506047));
#3254=CARTESIAN_POINT('Origin',(149.016943409939,77.8098161504286,181.56959050599));
#3255=CARTESIAN_POINT('Origin',(144.266943410015,67.8975932911956,191.48181336414));
#3256=CARTESIAN_POINT('Origin',(149.016943409939,77.8098161504286,181.56959050599));
#3257=CARTESIAN_POINT('',(152.016943409939,77.8098161505079,181.569590506047));
#3258=CARTESIAN_POINT('Origin',(149.016943409939,77.8098161504286,181.56959050599));
#3259=CARTESIAN_POINT('',(144.012976114276,80.7432707096644,184.503045065522));
#3260=CARTESIAN_POINT('',(144.932049115939,81.3849831817981,185.144757537705));
#3261=CARTESIAN_POINT('Origin',(144.932049115968,80.7432707096886,184.503045065539));
#3262=CARTESIAN_POINT('',(144.932049115968,80.7432707096887,184.503045065539));
#3263=CARTESIAN_POINT('Origin',(144.932049115939,81.3849831817981,185.144757537705));
#3264=CARTESIAN_POINT('Origin',(128.000001907349,62.5160187378388,167.167823912881));
#3265=CARTESIAN_POINT('',(126.500001907349,64.9767503363681,169.62855551141));
#3266=CARTESIAN_POINT('',(126.500001907349,62.5160187378388,167.167823912881));
#3267=CARTESIAN_POINT('Origin',(128.000001907349,64.9767503363681,169.62855551141));
#3268=CARTESIAN_POINT('Origin',(129.941002324583,88.1202675897508,201.596663873057));
#3269=CARTESIAN_POINT('Origin',(129.941002324583,104.853242459748,187.037335248426));
#3270=CARTESIAN_POINT('Origin',(170.000002533197,103.317545170729,174.575423976512));
#3271=CARTESIAN_POINT('Origin',(183.500002741814,105.809232044921,172.117363382398));
#3272=CARTESIAN_POINT('Origin',(102.497002324581,81.0804509315822,176.026407091507));
#3273=CARTESIAN_POINT('',(102.497004649162,73.3270250758718,161.278280771907));
#3274=CARTESIAN_POINT('',(102.497002324581,69.4520799149694,157.403335611004));
#3275=CARTESIAN_POINT('',(102.497002324581,76.0242838927078,163.975539588743));
#3276=CARTESIAN_POINT('',(102.497002324581,53.8957307288653,172.959684797108));
#3277=CARTESIAN_POINT('',(102.497002324581,77.7987683600954,149.056647165878));
#3278=CARTESIAN_POINT('',(102.497004649162,57.7706758897678,176.834629958011));
#3279=CARTESIAN_POINT('',(102.497002324581,62.4054072870549,181.469361355298));
#3280=CARTESIAN_POINT('',(102.497002324581,68.0256687145229,166.579637133256));
#3281=CARTESIAN_POINT('Origin',(113.140463188378,61.8310332453069,165.024382280667));
#3282=CARTESIAN_POINT('',(111.640463188378,61.8310332453069,165.024382280667));
#3283=CARTESIAN_POINT('Origin',(113.140463188378,61.8310332453069,165.024382280667));
#3284=CARTESIAN_POINT('',(111.640463188378,65.7059784062093,168.899327441569));
#3285=CARTESIAN_POINT('',(111.640463188378,61.8310332453069,165.024382280667));
#3286=CARTESIAN_POINT('Origin',(113.140463188378,65.7059784062093,168.899327441569));
#3287=CARTESIAN_POINT('Origin',(102.497002324581,69.4520799149694,157.403335611004));
#3288=CARTESIAN_POINT('',(102.497002324581,73.3270250758718,161.278280771907));
#3289=CARTESIAN_POINT('',(102.497002324581,69.4520799149694,157.403335611004));
#3290=CARTESIAN_POINT('Origin',(102.497002324581,53.8957307288653,172.959684797108));
#3291=CARTESIAN_POINT('',(102.497002324581,53.8957307288653,172.959684797108));
#3292=CARTESIAN_POINT('Origin',(102.497002324581,57.7706758897678,176.834629958011));
#3293=CARTESIAN_POINT('',(102.497002324581,57.7706758897678,176.834629958011));
#3294=CARTESIAN_POINT('Origin',(91.7455046491623,66.2216625851188,168.38364326266));
#3295=UNCERTAINTY_MEASURE_WITH_UNIT(LENGTH_MEASURE(0.01),#3299,
'DISTANCE_ACCURACY_VALUE',
'Maximum model space distance between geometric entities at asserted c
onnectivities');
#3296=UNCERTAINTY_MEASURE_WITH_UNIT(LENGTH_MEASURE(0.01),#3299,
'DISTANCE_ACCURACY_VALUE',
'Maximum model space distance between geometric entities at asserted c
onnectivities');
#3297=(
GEOMETRIC_REPRESENTATION_CONTEXT(3)
GLOBAL_UNCERTAINTY_ASSIGNED_CONTEXT((#3295))
GLOBAL_UNIT_ASSIGNED_CONTEXT((#3299,#3301,#3302))
REPRESENTATION_CONTEXT('','3D')
);
#3298=(
GEOMETRIC_REPRESENTATION_CONTEXT(3)
GLOBAL_UNCERTAINTY_ASSIGNED_CONTEXT((#3296))
GLOBAL_UNIT_ASSIGNED_CONTEXT((#3299,#3301,#3302))
REPRESENTATION_CONTEXT('','3D')
);
#3299=(
LENGTH_UNIT()
NAMED_UNIT(*)
SI_UNIT(.MILLI.,.METRE.)
);
#3300=(
LENGTH_UNIT()
NAMED_UNIT(*)
SI_UNIT($,.METRE.)
);
#3301=(
NAMED_UNIT(*)
PLANE_ANGLE_UNIT()
SI_UNIT($,.RADIAN.)
);
#3302=(
NAMED_UNIT(*)
SI_UNIT($,.STERADIAN.)
SOLID_ANGLE_UNIT()
);
#3303=SHAPE_DEFINITION_REPRESENTATION(#3304,#3305);
#3304=PRODUCT_DEFINITION_SHAPE('',$,#3307);
#3305=SHAPE_REPRESENTATION('',(#1866),#3297);
#3306=PRODUCT_DEFINITION_CONTEXT('part definition',#3311,'design');
#3307=PRODUCT_DEFINITION('XY2(1x)','XY2(1x) v1',#3308,#3306);
#3308=PRODUCT_DEFINITION_FORMATION('',$,#3313);
#3309=PRODUCT_RELATED_PRODUCT_CATEGORY('XY2(1x) v1','XY2(1x) v1',(#3313));
#3310=APPLICATION_PROTOCOL_DEFINITION('international standard',
'automotive_design',2009,#3311);
#3311=APPLICATION_CONTEXT(
'Core Data for Automotive Mechanical Design Process');
#3312=PRODUCT_CONTEXT('part definition',#3311,'mechanical');
#3313=PRODUCT('XY2(1x)','XY2(1x) v1',$,(#3312));
#3314=PRESENTATION_STYLE_ASSIGNMENT((#3316));
#3315=PRESENTATION_STYLE_ASSIGNMENT((#3317));
#3316=SURFACE_STYLE_USAGE(.BOTH.,#3318);
#3317=SURFACE_STYLE_USAGE(.BOTH.,#3319);
#3318=SURFACE_SIDE_STYLE('',(#3320));
#3319=SURFACE_SIDE_STYLE('',(#3321));
#3320=SURFACE_STYLE_FILL_AREA(#3322);
#3321=SURFACE_STYLE_FILL_AREA(#3323);
#3322=FILL_AREA_STYLE('Steel - Satin',(#3324));
#3323=FILL_AREA_STYLE('Aluminum - Anodized Glossy (Grey)',(#3325));
#3324=FILL_AREA_STYLE_COLOUR('Steel - Satin',#3326);
#3325=FILL_AREA_STYLE_COLOUR('Aluminum - Anodized Glossy (Grey)',#3327);
#3326=COLOUR_RGB('Steel - Satin',0.627450980392157,0.627450980392157,0.627450980392157);
#3327=COLOUR_RGB('Aluminum - Anodized Glossy (Grey)',0.537254901960784,
0.537254901960784,0.537254901960784);
ENDSEC;
END-ISO-10303-21;
