ISO-10303-21;
HEADER;
/* Generated by software containing ST-Developer
 * from STEP Tools, Inc. (www.steptools.com) 
 */

FILE_DESCRIPTION(
/* description */ (''),
/* implementation_level */ '2;1');

FILE_NAME(
/* name */ 'xy2_topandbottom(1x).step',
/* time_stamp */ '2025-12-01T16:09:22+05:30',
/* author */ (''),
/* organization */ (''),
/* preprocessor_version */ 'ST-DEVELOPER v20.1',
/* originating_system */ 'Autodesk Translation Framework v14.21.0.0',
/* authorisation */ '');

FILE_SCHEMA (('AUTOMOTIVE_DESIGN { 1 0 10303 214 3 1 1 }'));
ENDSEC;

DATA;
#10=MECHANICAL_DESIGN_GEOMETRIC_PRESENTATION_REPRESENTATION('',(#23,#24,
#25,#26),#3358);
#11=ITEM_DEFINED_TRANSFORMATION($,$,#2007,#2207);
#12=ITEM_DEFINED_TRANSFORMATION($,$,#2115,#2208);
#13=(
REPRESENTATION_RELATIONSHIP($,$,#3372,#3371)
REPRESENTATION_RELATIONSHIP_WITH_TRANSFORMATION(#11)
SHAPE_REPRESENTATION_RELATIONSHIP()
);
#14=(
REPRESENTATION_RELATIONSHIP($,$,#3373,#3371)
REPRESENTATION_RELATIONSHIP_WITH_TRANSFORMATION(#12)
SHAPE_REPRESENTATION_RELATIONSHIP()
);
#15=CONTEXT_DEPENDENT_SHAPE_REPRESENTATION(#13,#3369);
#16=CONTEXT_DEPENDENT_SHAPE_REPRESENTATION(#14,#3370);
#17=NEXT_ASSEMBLY_USAGE_OCCURRENCE('bottom:1','bottom:1','bottom:1',#3375,
#3376,'bottom:1');
#18=NEXT_ASSEMBLY_USAGE_OCCURRENCE('top:1','top:1','top:1',#3375,#3377,
'top:1');
#19=SHAPE_REPRESENTATION_RELATIONSHIP('SRR','None',#3372,#21);
#20=SHAPE_REPRESENTATION_RELATIONSHIP('SRR','None',#3373,#22);
#21=ADVANCED_BREP_SHAPE_REPRESENTATION('',(#27,#28),#3356);
#22=ADVANCED_BREP_SHAPE_REPRESENTATION('',(#29,#30),#3357);
#23=STYLED_ITEM('',(#3391),#27);
#24=STYLED_ITEM('',(#3391),#28);
#25=STYLED_ITEM('',(#3391),#29);
#26=STYLED_ITEM('',(#3391),#30);
#27=MANIFOLD_SOLID_BREP('corexyxy1 (1)',#1979);
#28=MANIFOLD_SOLID_BREP('corexyxy1 (1) (2)',#1980);
#29=MANIFOLD_SOLID_BREP('corexyxy1 (1) (2)',#1981);
#30=MANIFOLD_SOLID_BREP('corexyxy1 (1) (2) (1) (1)',#1982);
#31=CYLINDRICAL_SURFACE('',#2019,1.5);
#32=CYLINDRICAL_SURFACE('',#2021,1.5);
#33=CYLINDRICAL_SURFACE('',#2028,1.5);
#34=CYLINDRICAL_SURFACE('',#2029,1.5);
#35=CYLINDRICAL_SURFACE('',#2031,1.5);
#36=CYLINDRICAL_SURFACE('',#2033,1.5);
#37=CYLINDRICAL_SURFACE('',#2046,1.5);
#38=CYLINDRICAL_SURFACE('',#2048,1.5);
#39=CYLINDRICAL_SURFACE('',#2050,1.5);
#40=CYLINDRICAL_SURFACE('',#2052,1.49999999999999);
#41=CYLINDRICAL_SURFACE('',#2054,1.50000000000002);
#42=CYLINDRICAL_SURFACE('',#2058,8.);
#43=CYLINDRICAL_SURFACE('',#2062,1.49999999999999);
#44=CYLINDRICAL_SURFACE('',#2064,1.49999999999999);
#45=CYLINDRICAL_SURFACE('',#2071,1.49999999999999);
#46=CYLINDRICAL_SURFACE('',#2091,1.49999999999999);
#47=CYLINDRICAL_SURFACE('',#2095,1.49999999999999);
#48=CYLINDRICAL_SURFACE('',#2098,1.99999999999999);
#49=CYLINDRICAL_SURFACE('',#2105,1.49999999999999);
#50=CYLINDRICAL_SURFACE('',#2106,1.99999999999999);
#51=CYLINDRICAL_SURFACE('',#2113,6.50000000000002);
#52=CYLINDRICAL_SURFACE('',#2114,1.62270421712844);
#53=CYLINDRICAL_SURFACE('',#2119,1.49999999999999);
#54=CYLINDRICAL_SURFACE('',#2122,1.49999999999999);
#55=CYLINDRICAL_SURFACE('',#2129,1.49999999999999);
#56=CYLINDRICAL_SURFACE('',#2131,1.49999999999999);
#57=CYLINDRICAL_SURFACE('',#2134,1.99999999999998);
#58=CYLINDRICAL_SURFACE('',#2143,1.5);
#59=CYLINDRICAL_SURFACE('',#2147,2.5);
#60=CYLINDRICAL_SURFACE('',#2150,1.49999999999999);
#61=CYLINDRICAL_SURFACE('',#2153,8.);
#62=CYLINDRICAL_SURFACE('',#2158,1.5);
#63=CYLINDRICAL_SURFACE('',#2170,1.99999999999999);
#64=CYLINDRICAL_SURFACE('',#2172,1.99999999999999);
#65=CYLINDRICAL_SURFACE('',#2174,1.99999999999999);
#66=CYLINDRICAL_SURFACE('',#2176,1.99999999999999);
#67=CYLINDRICAL_SURFACE('',#2191,2.00000000000001);
#68=CYLINDRICAL_SURFACE('',#2192,1.49999999999999);
#69=CYLINDRICAL_SURFACE('',#2198,6.49999999999995);
#70=CYLINDRICAL_SURFACE('',#2201,1.62172215960897);
#71=FACE_BOUND('',#320,.T.);
#72=FACE_BOUND('',#321,.T.);
#73=FACE_BOUND('',#325,.T.);
#74=FACE_BOUND('',#326,.T.);
#75=FACE_BOUND('',#334,.T.);
#76=FACE_BOUND('',#335,.T.);
#77=FACE_BOUND('',#338,.T.);
#78=FACE_BOUND('',#339,.T.);
#79=FACE_BOUND('',#340,.T.);
#80=FACE_BOUND('',#341,.T.);
#81=FACE_BOUND('',#342,.T.);
#82=FACE_BOUND('',#355,.T.);
#83=FACE_BOUND('',#356,.T.);
#84=FACE_BOUND('',#357,.T.);
#85=FACE_BOUND('',#358,.T.);
#86=FACE_BOUND('',#359,.T.);
#87=FACE_BOUND('',#360,.T.);
#88=FACE_BOUND('',#361,.T.);
#89=FACE_BOUND('',#362,.T.);
#90=FACE_BOUND('',#365,.T.);
#91=FACE_BOUND('',#371,.T.);
#92=FACE_BOUND('',#384,.T.);
#93=FACE_BOUND('',#389,.T.);
#94=FACE_BOUND('',#391,.T.);
#95=FACE_BOUND('',#403,.T.);
#96=FACE_BOUND('',#414,.T.);
#97=FACE_BOUND('',#421,.T.);
#98=FACE_BOUND('',#422,.T.);
#99=FACE_BOUND('',#423,.T.);
#100=FACE_BOUND('',#424,.T.);
#101=FACE_BOUND('',#437,.T.);
#102=FACE_BOUND('',#441,.T.);
#103=FACE_BOUND('',#446,.T.);
#104=FACE_BOUND('',#447,.T.);
#105=FACE_BOUND('',#448,.T.);
#106=FACE_BOUND('',#449,.T.);
#107=FACE_BOUND('',#452,.T.);
#108=FACE_BOUND('',#453,.T.);
#109=FACE_BOUND('',#454,.T.);
#110=FACE_BOUND('',#455,.T.);
#111=FACE_BOUND('',#456,.T.);
#112=FACE_BOUND('',#457,.T.);
#113=FACE_BOUND('',#458,.T.);
#114=FACE_BOUND('',#459,.T.);
#115=FACE_BOUND('',#463,.T.);
#116=FACE_BOUND('',#466,.T.);
#117=CIRCLE('',#2013,1.5);
#118=CIRCLE('',#2014,1.5);
#119=CIRCLE('',#2015,1.5);
#120=CIRCLE('',#2016,1.5);
#121=CIRCLE('',#2017,1.5);
#122=CIRCLE('',#2018,1.5);
#123=CIRCLE('',#2020,1.5);
#124=CIRCLE('',#2022,1.5);
#125=CIRCLE('',#2024,1.5);
#126=CIRCLE('',#2025,1.5);
#127=CIRCLE('',#2026,1.5);
#128=CIRCLE('',#2027,1.5);
#129=CIRCLE('',#2035,1.99999999999999);
#130=CIRCLE('',#2036,1.99999999999999);
#131=CIRCLE('',#2037,1.49999999999999);
#132=CIRCLE('',#2040,8.);
#133=CIRCLE('',#2041,1.5);
#134=CIRCLE('',#2042,1.49999999999999);
#135=CIRCLE('',#2043,1.50000000000002);
#136=CIRCLE('',#2044,1.5);
#137=CIRCLE('',#2045,1.5);
#138=CIRCLE('',#2047,1.5);
#139=CIRCLE('',#2049,1.5);
#140=CIRCLE('',#2051,1.5);
#141=CIRCLE('',#2053,1.49999999999999);
#142=CIRCLE('',#2055,1.50000000000002);
#143=CIRCLE('',#2059,8.);
#144=CIRCLE('',#2061,1.49999999999999);
#145=CIRCLE('',#2063,1.49999999999999);
#146=CIRCLE('',#2065,1.49999999999999);
#147=CIRCLE('',#2066,1.50000000000001);
#148=CIRCLE('',#2067,1.49999999999999);
#149=CIRCLE('',#2068,1.50000000000001);
#150=CIRCLE('',#2070,1.5);
#151=CIRCLE('',#2072,1.49999999999999);
#152=CIRCLE('',#2073,1.5);
#153=CIRCLE('',#2074,1.5);
#154=CIRCLE('',#2076,1.99999999999999);
#155=CIRCLE('',#2077,1.49999999999999);
#156=CIRCLE('',#2083,1.49999999999999);
#157=CIRCLE('',#2090,1.49999999999999);
#158=CIRCLE('',#2092,1.49999999999999);
#159=CIRCLE('',#2093,1.49999999999999);
#160=CIRCLE('',#2096,1.49999999999999);
#161=CIRCLE('',#2099,1.99999999999999);
#162=CIRCLE('',#2100,1.99999999999999);
#163=CIRCLE('',#2102,1.99999999999999);
#164=CIRCLE('',#2103,1.49999999999999);
#165=CIRCLE('',#2108,6.50000000000002);
#166=CIRCLE('',#2109,1.62270421712844);
#167=CIRCLE('',#2111,6.50000000000002);
#168=CIRCLE('',#2112,1.62270421712844);
#169=CIRCLE('',#2117,1.49999999999999);
#170=CIRCLE('',#2118,1.49999999999999);
#171=CIRCLE('',#2120,1.49999999999999);
#172=CIRCLE('',#2121,1.49999999999999);
#173=CIRCLE('',#2123,1.49999999999999);
#174=CIRCLE('',#2124,1.49999999999999);
#175=CIRCLE('',#2125,1.49999999999999);
#176=CIRCLE('',#2126,1.49999999999999);
#177=CIRCLE('',#2128,1.49999999999999);
#178=CIRCLE('',#2130,1.49999999999999);
#179=CIRCLE('',#2132,1.49999999999999);
#180=CIRCLE('',#2133,1.49999999999999);
#181=CIRCLE('',#2135,1.99999999999998);
#182=CIRCLE('',#2136,1.99999999999998);
#183=CIRCLE('',#2140,8.);
#184=CIRCLE('',#2144,1.5);
#185=CIRCLE('',#2145,1.5);
#186=CIRCLE('',#2148,2.5);
#187=CIRCLE('',#2149,2.5);
#188=CIRCLE('',#2151,1.49999999999999);
#189=CIRCLE('',#2152,1.49999999999999);
#190=CIRCLE('',#2154,8.);
#191=CIRCLE('',#2159,1.5);
#192=CIRCLE('',#2160,1.5);
#193=CIRCLE('',#2165,1.99999999999999);
#194=CIRCLE('',#2166,1.99999999999999);
#195=CIRCLE('',#2167,1.99999999999999);
#196=CIRCLE('',#2168,1.99999999999999);
#197=CIRCLE('',#2171,1.99999999999999);
#198=CIRCLE('',#2173,1.99999999999999);
#199=CIRCLE('',#2175,1.99999999999999);
#200=CIRCLE('',#2177,1.99999999999999);
#201=CIRCLE('',#2185,2.00000000000001);
#202=CIRCLE('',#2189,2.00000000000001);
#203=CIRCLE('',#2190,1.49999999999999);
#204=CIRCLE('',#2193,1.49999999999999);
#205=CIRCLE('',#2199,6.49999999999995);
#206=CIRCLE('',#2200,6.49999999999995);
#207=CIRCLE('',#2202,1.62172215960897);
#208=CIRCLE('',#2203,1.62172215960897);
#209=FACE_OUTER_BOUND('',#315,.T.);
#210=FACE_OUTER_BOUND('',#316,.T.);
#211=FACE_OUTER_BOUND('',#317,.T.);
#212=FACE_OUTER_BOUND('',#318,.T.);
#213=FACE_OUTER_BOUND('',#319,.T.);
#214=FACE_OUTER_BOUND('',#322,.T.);
#215=FACE_OUTER_BOUND('',#323,.T.);
#216=FACE_OUTER_BOUND('',#324,.T.);
#217=FACE_OUTER_BOUND('',#327,.T.);
#218=FACE_OUTER_BOUND('',#328,.T.);
#219=FACE_OUTER_BOUND('',#329,.T.);
#220=FACE_OUTER_BOUND('',#330,.T.);
#221=FACE_OUTER_BOUND('',#331,.T.);
#222=FACE_OUTER_BOUND('',#332,.T.);
#223=FACE_OUTER_BOUND('',#333,.T.);
#224=FACE_OUTER_BOUND('',#336,.T.);
#225=FACE_OUTER_BOUND('',#337,.T.);
#226=FACE_OUTER_BOUND('',#343,.T.);
#227=FACE_OUTER_BOUND('',#344,.T.);
#228=FACE_OUTER_BOUND('',#345,.T.);
#229=FACE_OUTER_BOUND('',#346,.T.);
#230=FACE_OUTER_BOUND('',#347,.T.);
#231=FACE_OUTER_BOUND('',#348,.T.);
#232=FACE_OUTER_BOUND('',#349,.T.);
#233=FACE_OUTER_BOUND('',#350,.T.);
#234=FACE_OUTER_BOUND('',#351,.T.);
#235=FACE_OUTER_BOUND('',#352,.T.);
#236=FACE_OUTER_BOUND('',#353,.T.);
#237=FACE_OUTER_BOUND('',#354,.T.);
#238=FACE_OUTER_BOUND('',#363,.T.);
#239=FACE_OUTER_BOUND('',#364,.T.);
#240=FACE_OUTER_BOUND('',#366,.T.);
#241=FACE_OUTER_BOUND('',#367,.T.);
#242=FACE_OUTER_BOUND('',#368,.T.);
#243=FACE_OUTER_BOUND('',#369,.T.);
#244=FACE_OUTER_BOUND('',#370,.T.);
#245=FACE_OUTER_BOUND('',#372,.T.);
#246=FACE_OUTER_BOUND('',#373,.T.);
#247=FACE_OUTER_BOUND('',#374,.T.);
#248=FACE_OUTER_BOUND('',#375,.T.);
#249=FACE_OUTER_BOUND('',#376,.T.);
#250=FACE_OUTER_BOUND('',#377,.T.);
#251=FACE_OUTER_BOUND('',#378,.T.);
#252=FACE_OUTER_BOUND('',#379,.T.);
#253=FACE_OUTER_BOUND('',#380,.T.);
#254=FACE_OUTER_BOUND('',#381,.T.);
#255=FACE_OUTER_BOUND('',#382,.T.);
#256=FACE_OUTER_BOUND('',#383,.T.);
#257=FACE_OUTER_BOUND('',#385,.T.);
#258=FACE_OUTER_BOUND('',#386,.T.);
#259=FACE_OUTER_BOUND('',#387,.T.);
#260=FACE_OUTER_BOUND('',#388,.T.);
#261=FACE_OUTER_BOUND('',#390,.T.);
#262=FACE_OUTER_BOUND('',#392,.T.);
#263=FACE_OUTER_BOUND('',#393,.T.);
#264=FACE_OUTER_BOUND('',#394,.T.);
#265=FACE_OUTER_BOUND('',#395,.T.);
#266=FACE_OUTER_BOUND('',#396,.T.);
#267=FACE_OUTER_BOUND('',#397,.T.);
#268=FACE_OUTER_BOUND('',#398,.T.);
#269=FACE_OUTER_BOUND('',#399,.T.);
#270=FACE_OUTER_BOUND('',#400,.T.);
#271=FACE_OUTER_BOUND('',#401,.T.);
#272=FACE_OUTER_BOUND('',#402,.T.);
#273=FACE_OUTER_BOUND('',#404,.T.);
#274=FACE_OUTER_BOUND('',#405,.T.);
#275=FACE_OUTER_BOUND('',#406,.T.);
#276=FACE_OUTER_BOUND('',#407,.T.);
#277=FACE_OUTER_BOUND('',#408,.T.);
#278=FACE_OUTER_BOUND('',#409,.T.);
#279=FACE_OUTER_BOUND('',#410,.T.);
#280=FACE_OUTER_BOUND('',#411,.T.);
#281=FACE_OUTER_BOUND('',#412,.T.);
#282=FACE_OUTER_BOUND('',#413,.T.);
#283=FACE_OUTER_BOUND('',#415,.T.);
#284=FACE_OUTER_BOUND('',#416,.T.);
#285=FACE_OUTER_BOUND('',#417,.T.);
#286=FACE_OUTER_BOUND('',#418,.T.);
#287=FACE_OUTER_BOUND('',#419,.T.);
#288=FACE_OUTER_BOUND('',#420,.T.);
#289=FACE_OUTER_BOUND('',#425,.T.);
#290=FACE_OUTER_BOUND('',#426,.T.);
#291=FACE_OUTER_BOUND('',#427,.T.);
#292=FACE_OUTER_BOUND('',#428,.T.);
#293=FACE_OUTER_BOUND('',#429,.T.);
#294=FACE_OUTER_BOUND('',#430,.T.);
#295=FACE_OUTER_BOUND('',#431,.T.);
#296=FACE_OUTER_BOUND('',#432,.T.);
#297=FACE_OUTER_BOUND('',#433,.T.);
#298=FACE_OUTER_BOUND('',#434,.T.);
#299=FACE_OUTER_BOUND('',#435,.T.);
#300=FACE_OUTER_BOUND('',#436,.T.);
#301=FACE_OUTER_BOUND('',#438,.T.);
#302=FACE_OUTER_BOUND('',#439,.T.);
#303=FACE_OUTER_BOUND('',#440,.T.);
#304=FACE_OUTER_BOUND('',#442,.T.);
#305=FACE_OUTER_BOUND('',#443,.T.);
#306=FACE_OUTER_BOUND('',#444,.T.);
#307=FACE_OUTER_BOUND('',#445,.T.);
#308=FACE_OUTER_BOUND('',#450,.T.);
#309=FACE_OUTER_BOUND('',#451,.T.);
#310=FACE_OUTER_BOUND('',#460,.T.);
#311=FACE_OUTER_BOUND('',#461,.T.);
#312=FACE_OUTER_BOUND('',#462,.T.);
#313=FACE_OUTER_BOUND('',#464,.T.);
#314=FACE_OUTER_BOUND('',#465,.T.);
#315=EDGE_LOOP('',(#1269,#1270,#1271,#1272));
#316=EDGE_LOOP('',(#1273,#1274,#1275,#1276));
#317=EDGE_LOOP('',(#1277,#1278,#1279,#1280));
#318=EDGE_LOOP('',(#1281,#1282,#1283,#1284));
#319=EDGE_LOOP('',(#1285,#1286,#1287,#1288,#1289,#1290,#1291,#1292,#1293,
#1294));
#320=EDGE_LOOP('',(#1295,#1296,#1297));
#321=EDGE_LOOP('',(#1298,#1299,#1300,#1301,#1302,#1303,#1304,#1305,#1306));
#322=EDGE_LOOP('',(#1307,#1308,#1309,#1310));
#323=EDGE_LOOP('',(#1311,#1312,#1313,#1314));
#324=EDGE_LOOP('',(#1315,#1316,#1317,#1318,#1319,#1320,#1321));
#325=EDGE_LOOP('',(#1322,#1323,#1324,#1325,#1326,#1327,#1328,#1329,#1330));
#326=EDGE_LOOP('',(#1331,#1332,#1333));
#327=EDGE_LOOP('',(#1334,#1335,#1336,#1337));
#328=EDGE_LOOP('',(#1338,#1339,#1340,#1341));
#329=EDGE_LOOP('',(#1342,#1343,#1344,#1345));
#330=EDGE_LOOP('',(#1346,#1347,#1348,#1349));
#331=EDGE_LOOP('',(#1350,#1351,#1352,#1353));
#332=EDGE_LOOP('',(#1354,#1355,#1356,#1357));
#333=EDGE_LOOP('',(#1358,#1359,#1360,#1361));
#334=EDGE_LOOP('',(#1362,#1363));
#335=EDGE_LOOP('',(#1364));
#336=EDGE_LOOP('',(#1365,#1366,#1367,#1368));
#337=EDGE_LOOP('',(#1369,#1370,#1371,#1372,#1373,#1374,#1375,#1376,#1377,
#1378,#1379,#1380));
#338=EDGE_LOOP('',(#1381));
#339=EDGE_LOOP('',(#1382));
#340=EDGE_LOOP('',(#1383));
#341=EDGE_LOOP('',(#1384));
#342=EDGE_LOOP('',(#1385));
#343=EDGE_LOOP('',(#1386,#1387,#1388,#1389));
#344=EDGE_LOOP('',(#1390,#1391,#1392,#1393));
#345=EDGE_LOOP('',(#1394,#1395,#1396,#1397));
#346=EDGE_LOOP('',(#1398,#1399,#1400,#1401));
#347=EDGE_LOOP('',(#1402,#1403,#1404,#1405));
#348=EDGE_LOOP('',(#1406,#1407,#1408,#1409));
#349=EDGE_LOOP('',(#1410,#1411,#1412,#1413));
#350=EDGE_LOOP('',(#1414,#1415,#1416,#1417));
#351=EDGE_LOOP('',(#1418));
#352=EDGE_LOOP('',(#1419,#1420,#1421,#1422));
#353=EDGE_LOOP('',(#1423,#1424,#1425,#1426,#1427,#1428,#1429,#1430));
#354=EDGE_LOOP('',(#1431,#1432,#1433,#1434,#1435,#1436,#1437,#1438));
#355=EDGE_LOOP('',(#1439));
#356=EDGE_LOOP('',(#1440));
#357=EDGE_LOOP('',(#1441));
#358=EDGE_LOOP('',(#1442));
#359=EDGE_LOOP('',(#1443));
#360=EDGE_LOOP('',(#1444));
#361=EDGE_LOOP('',(#1445));
#362=EDGE_LOOP('',(#1446));
#363=EDGE_LOOP('',(#1447,#1448,#1449,#1450,#1451,#1452,#1453,#1454));
#364=EDGE_LOOP('',(#1455));
#365=EDGE_LOOP('',(#1456,#1457,#1458));
#366=EDGE_LOOP('',(#1459,#1460,#1461,#1462));
#367=EDGE_LOOP('',(#1463,#1464,#1465,#1466));
#368=EDGE_LOOP('',(#1467,#1468,#1469,#1470,#1471));
#369=EDGE_LOOP('',(#1472,#1473,#1474,#1475));
#370=EDGE_LOOP('',(#1476,#1477,#1478,#1479));
#371=EDGE_LOOP('',(#1480));
#372=EDGE_LOOP('',(#1481,#1482,#1483,#1484));
#373=EDGE_LOOP('',(#1485,#1486,#1487,#1488));
#374=EDGE_LOOP('',(#1489,#1490,#1491,#1492));
#375=EDGE_LOOP('',(#1493,#1494,#1495,#1496));
#376=EDGE_LOOP('',(#1497,#1498,#1499,#1500,#1501,#1502));
#377=EDGE_LOOP('',(#1503,#1504));
#378=EDGE_LOOP('',(#1505,#1506,#1507,#1508,#1509,#1510,#1511,#1512));
#379=EDGE_LOOP('',(#1513,#1514,#1515,#1516));
#380=EDGE_LOOP('',(#1517,#1518,#1519,#1520));
#381=EDGE_LOOP('',(#1521,#1522));
#382=EDGE_LOOP('',(#1523,#1524,#1525,#1526,#1527,#1528,#1529,#1530));
#383=EDGE_LOOP('',(#1531,#1532,#1533));
#384=EDGE_LOOP('',(#1534));
#385=EDGE_LOOP('',(#1535,#1536,#1537,#1538));
#386=EDGE_LOOP('',(#1539,#1540,#1541,#1542));
#387=EDGE_LOOP('',(#1543,#1544,#1545,#1546));
#388=EDGE_LOOP('',(#1547));
#389=EDGE_LOOP('',(#1548));
#390=EDGE_LOOP('',(#1549));
#391=EDGE_LOOP('',(#1550));
#392=EDGE_LOOP('',(#1551,#1552,#1553,#1554));
#393=EDGE_LOOP('',(#1555,#1556,#1557,#1558));
#394=EDGE_LOOP('',(#1559,#1560));
#395=EDGE_LOOP('',(#1561,#1562,#1563,#1564,#1565));
#396=EDGE_LOOP('',(#1566,#1567,#1568,#1569,#1570,#1571,#1572,#1573,#1574));
#397=EDGE_LOOP('',(#1575,#1576,#1577,#1578));
#398=EDGE_LOOP('',(#1579,#1580,#1581,#1582));
#399=EDGE_LOOP('',(#1583,#1584,#1585,#1586));
#400=EDGE_LOOP('',(#1587,#1588,#1589,#1590));
#401=EDGE_LOOP('',(#1591));
#402=EDGE_LOOP('',(#1592));
#403=EDGE_LOOP('',(#1593));
#404=EDGE_LOOP('',(#1594,#1595,#1596,#1597,#1598,#1599));
#405=EDGE_LOOP('',(#1600,#1601,#1602,#1603));
#406=EDGE_LOOP('',(#1604,#1605,#1606,#1607));
#407=EDGE_LOOP('',(#1608,#1609,#1610,#1611));
#408=EDGE_LOOP('',(#1612));
#409=EDGE_LOOP('',(#1613,#1614,#1615,#1616));
#410=EDGE_LOOP('',(#1617,#1618,#1619,#1620));
#411=EDGE_LOOP('',(#1621,#1622,#1623,#1624));
#412=EDGE_LOOP('',(#1625,#1626,#1627,#1628));
#413=EDGE_LOOP('',(#1629,#1630,#1631,#1632,#1633,#1634));
#414=EDGE_LOOP('',(#1635));
#415=EDGE_LOOP('',(#1636));
#416=EDGE_LOOP('',(#1637,#1638,#1639,#1640));
#417=EDGE_LOOP('',(#1641));
#418=EDGE_LOOP('',(#1642,#1643,#1644,#1645));
#419=EDGE_LOOP('',(#1646,#1647,#1648,#1649,#1650,#1651,#1652));
#420=EDGE_LOOP('',(#1653,#1654,#1655,#1656,#1657));
#421=EDGE_LOOP('',(#1658));
#422=EDGE_LOOP('',(#1659));
#423=EDGE_LOOP('',(#1660));
#424=EDGE_LOOP('',(#1661));
#425=EDGE_LOOP('',(#1662,#1663,#1664,#1665,#1666,#1667));
#426=EDGE_LOOP('',(#1668,#1669,#1670,#1671));
#427=EDGE_LOOP('',(#1672,#1673,#1674,#1675));
#428=EDGE_LOOP('',(#1676,#1677,#1678,#1679));
#429=EDGE_LOOP('',(#1680,#1681,#1682,#1683));
#430=EDGE_LOOP('',(#1684,#1685,#1686,#1687));
#431=EDGE_LOOP('',(#1688,#1689,#1690,#1691));
#432=EDGE_LOOP('',(#1692,#1693,#1694,#1695));
#433=EDGE_LOOP('',(#1696,#1697,#1698,#1699));
#434=EDGE_LOOP('',(#1700,#1701,#1702,#1703));
#435=EDGE_LOOP('',(#1704,#1705,#1706,#1707,#1708,#1709));
#436=EDGE_LOOP('',(#1710,#1711,#1712,#1713));
#437=EDGE_LOOP('',(#1714));
#438=EDGE_LOOP('',(#1715,#1716,#1717,#1718));
#439=EDGE_LOOP('',(#1719,#1720,#1721,#1722));
#440=EDGE_LOOP('',(#1723));
#441=EDGE_LOOP('',(#1724));
#442=EDGE_LOOP('',(#1725,#1726,#1727,#1728));
#443=EDGE_LOOP('',(#1729,#1730,#1731,#1732));
#444=EDGE_LOOP('',(#1733,#1734,#1735,#1736,#1737,#1738,#1739,#1740,#1741,
#1742,#1743,#1744));
#445=EDGE_LOOP('',(#1745,#1746,#1747,#1748,#1749,#1750,#1751,#1752,#1753,
#1754,#1755,#1756));
#446=EDGE_LOOP('',(#1757));
#447=EDGE_LOOP('',(#1758));
#448=EDGE_LOOP('',(#1759));
#449=EDGE_LOOP('',(#1760));
#450=EDGE_LOOP('',(#1761,#1762,#1763,#1764,#1765,#1766,#1767,#1768,#1769,
#1770));
#451=EDGE_LOOP('',(#1771,#1772,#1773,#1774,#1775,#1776,#1777,#1778));
#452=EDGE_LOOP('',(#1779));
#453=EDGE_LOOP('',(#1780));
#454=EDGE_LOOP('',(#1781));
#455=EDGE_LOOP('',(#1782));
#456=EDGE_LOOP('',(#1783));
#457=EDGE_LOOP('',(#1784));
#458=EDGE_LOOP('',(#1785));
#459=EDGE_LOOP('',(#1786,#1787,#1788));
#460=EDGE_LOOP('',(#1789,#1790,#1791,#1792));
#461=EDGE_LOOP('',(#1793,#1794,#1795,#1796));
#462=EDGE_LOOP('',(#1797,#1798));
#463=EDGE_LOOP('',(#1799));
#464=EDGE_LOOP('',(#1800,#1801,#1802,#1803));
#465=EDGE_LOOP('',(#1804,#1805));
#466=EDGE_LOOP('',(#1806));
#467=LINE('',#2797,#644);
#468=LINE('',#2799,#645);
#469=LINE('',#2801,#646);
#470=LINE('',#2802,#647);
#471=LINE('',#2805,#648);
#472=LINE('',#2807,#649);
#473=LINE('',#2808,#650);
#474=LINE('',#2812,#651);
#475=LINE('',#2814,#652);
#476=LINE('',#2816,#653);
#477=LINE('',#2817,#654);
#478=LINE('',#2820,#655);
#479=LINE('',#2822,#656);
#480=LINE('',#2823,#657);
#481=LINE('',#2827,#658);
#482=LINE('',#2829,#659);
#483=LINE('',#2831,#660);
#484=LINE('',#2833,#661);
#485=LINE('',#2835,#662);
#486=LINE('',#2837,#663);
#487=LINE('',#2839,#664);
#488=LINE('',#2841,#665);
#489=LINE('',#2843,#666);
#490=LINE('',#2844,#667);
#491=LINE('',#2851,#668);
#492=LINE('',#2855,#669);
#493=LINE('',#2861,#670);
#494=LINE('',#2866,#671);
#495=LINE('',#2870,#672);
#496=LINE('',#2872,#673);
#497=LINE('',#2874,#674);
#498=LINE('',#2876,#675);
#499=LINE('',#2878,#676);
#500=LINE('',#2880,#677);
#501=LINE('',#2881,#678);
#502=LINE('',#2885,#679);
#503=LINE('',#2889,#680);
#504=LINE('',#2893,#681);
#505=LINE('',#2895,#682);
#506=LINE('',#2897,#683);
#507=LINE('',#2899,#684);
#508=LINE('',#2903,#685);
#509=LINE('',#2904,#686);
#510=LINE('',#2914,#687);
#511=LINE('',#2916,#688);
#512=LINE('',#2918,#689);
#513=LINE('',#2919,#690);
#514=LINE('',#2921,#691);
#515=LINE('',#2925,#692);
#516=LINE('',#2926,#693);
#517=LINE('',#2928,#694);
#518=LINE('',#2930,#695);
#519=LINE('',#2932,#696);
#520=LINE('',#2934,#697);
#521=LINE('',#2935,#698);
#522=LINE('',#2949,#699);
#523=LINE('',#2953,#700);
#524=LINE('',#2957,#701);
#525=LINE('',#2961,#702);
#526=LINE('',#2965,#703);
#527=LINE('',#2968,#704);
#528=LINE('',#2969,#705);
#529=LINE('',#2972,#706);
#530=LINE('',#2973,#707);
#531=LINE('',#2981,#708);
#532=LINE('',#2986,#709);
#533=LINE('',#2990,#710);
#534=LINE('',#2995,#711);
#535=LINE('',#2998,#712);
#536=LINE('',#2999,#713);
#537=LINE('',#3005,#714);
#538=LINE('',#3009,#715);
#539=LINE('',#3012,#716);
#540=LINE('',#3019,#717);
#541=LINE('',#3022,#718);
#542=LINE('',#3024,#719);
#543=LINE('',#3025,#720);
#544=LINE('',#3028,#721);
#545=LINE('',#3029,#722);
#546=LINE('',#3030,#723);
#547=LINE('',#3032,#724);
#548=LINE('',#3038,#725);
#549=LINE('',#3039,#726);
#550=LINE('',#3042,#727);
#551=LINE('',#3043,#728);
#552=LINE('',#3046,#729);
#553=LINE('',#3052,#730);
#554=LINE('',#3061,#731);
#555=LINE('',#3064,#732);
#556=LINE('',#3067,#733);
#557=LINE('',#3074,#734);
#558=LINE('',#3087,#735);
#559=LINE('',#3089,#736);
#560=LINE('',#3098,#737);
#561=LINE('',#3102,#738);
#562=LINE('',#3108,#739);
#563=LINE('',#3112,#740);
#564=LINE('',#3123,#741);
#565=LINE('',#3129,#742);
#566=LINE('',#3136,#743);
#567=LINE('',#3138,#744);
#568=LINE('',#3142,#745);
#569=LINE('',#3144,#746);
#570=LINE('',#3145,#747);
#571=LINE('',#3148,#748);
#572=LINE('',#3150,#749);
#573=LINE('',#3151,#750);
#574=LINE('',#3154,#751);
#575=LINE('',#3155,#752);
#576=LINE('',#3160,#753);
#577=LINE('',#3167,#754);
#578=LINE('',#3173,#755);
#579=LINE('',#3177,#756);
#580=LINE('',#3180,#757);
#581=LINE('',#3183,#758);
#582=LINE('',#3184,#759);
#583=LINE('',#3187,#760);
#584=LINE('',#3189,#761);
#585=LINE('',#3190,#762);
#586=LINE('',#3196,#763);
#587=LINE('',#3202,#764);
#588=LINE('',#3204,#765);
#589=LINE('',#3206,#766);
#590=LINE('',#3207,#767);
#591=LINE('',#3211,#768);
#592=LINE('',#3213,#769);
#593=LINE('',#3215,#770);
#594=LINE('',#3217,#771);
#595=LINE('',#3219,#772);
#596=LINE('',#3220,#773);
#597=LINE('',#3223,#774);
#598=LINE('',#3225,#775);
#599=LINE('',#3226,#776);
#600=LINE('',#3237,#777);
#601=LINE('',#3238,#778);
#602=LINE('',#3240,#779);
#603=LINE('',#3241,#780);
#604=LINE('',#3245,#781);
#605=LINE('',#3249,#782);
#606=LINE('',#3253,#783);
#607=LINE('',#3257,#784);
#608=LINE('',#3260,#785);
#609=LINE('',#3262,#786);
#610=LINE('',#3263,#787);
#611=LINE('',#3267,#788);
#612=LINE('',#3269,#789);
#613=LINE('',#3271,#790);
#614=LINE('',#3272,#791);
#615=LINE('',#3275,#792);
#616=LINE('',#3277,#793);
#617=LINE('',#3278,#794);
#618=LINE('',#3281,#795);
#619=LINE('',#3282,#796);
#620=LINE('',#3284,#797);
#621=LINE('',#3288,#798);
#622=LINE('',#3290,#799);
#623=LINE('',#3291,#800);
#624=LINE('',#3292,#801);
#625=LINE('',#3295,#802);
#626=LINE('',#3297,#803);
#627=LINE('',#3298,#804);
#628=LINE('',#3303,#805);
#629=LINE('',#3304,#806);
#630=LINE('',#3307,#807);
#631=LINE('',#3308,#808);
#632=LINE('',#3315,#809);
#633=LINE('',#3318,#810);
#634=LINE('',#3321,#811);
#635=LINE('',#3322,#812);
#636=LINE('',#3323,#813);
#637=LINE('',#3325,#814);
#638=LINE('',#3327,#815);
#639=LINE('',#3332,#816);
#640=LINE('',#3336,#817);
#641=LINE('',#3342,#818);
#642=LINE('',#3345,#819);
#643=LINE('',#3347,#820);
#644=VECTOR('',#2215,10.);
#645=VECTOR('',#2216,10.);
#646=VECTOR('',#2217,10.);
#647=VECTOR('',#2218,10.);
#648=VECTOR('',#2221,10.);
#649=VECTOR('',#2222,10.);
#650=VECTOR('',#2223,10.);
#651=VECTOR('',#2226,10.);
#652=VECTOR('',#2227,10.);
#653=VECTOR('',#2228,10.);
#654=VECTOR('',#2229,10.);
#655=VECTOR('',#2232,10.);
#656=VECTOR('',#2233,10.);
#657=VECTOR('',#2234,10.);
#658=VECTOR('',#2237,10.);
#659=VECTOR('',#2238,10.);
#660=VECTOR('',#2239,10.);
#661=VECTOR('',#2240,10.);
#662=VECTOR('',#2241,10.);
#663=VECTOR('',#2242,10.);
#664=VECTOR('',#2243,10.);
#665=VECTOR('',#2244,10.);
#666=VECTOR('',#2245,10.);
#667=VECTOR('',#2246,10.);
#668=VECTOR('',#2253,10.);
#669=VECTOR('',#2256,10.);
#670=VECTOR('',#2263,10.);
#671=VECTOR('',#2270,10.);
#672=VECTOR('',#2273,10.);
#673=VECTOR('',#2274,10.);
#674=VECTOR('',#2275,10.);
#675=VECTOR('',#2276,10.);
#676=VECTOR('',#2277,10.);
#677=VECTOR('',#2278,10.);
#678=VECTOR('',#2279,10.);
#679=VECTOR('',#2282,10.);
#680=VECTOR('',#2285,10.);
#681=VECTOR('',#2292,10.);
#682=VECTOR('',#2295,10.);
#683=VECTOR('',#2298,10.);
#684=VECTOR('',#2301,10.);
#685=VECTOR('',#2308,10.);
#686=VECTOR('',#2309,10.);
#687=VECTOR('',#2318,10.);
#688=VECTOR('',#2319,10.);
#689=VECTOR('',#2320,10.);
#690=VECTOR('',#2321,10.);
#691=VECTOR('',#2324,10.);
#692=VECTOR('',#2327,10.);
#693=VECTOR('',#2328,10.);
#694=VECTOR('',#2329,10.);
#695=VECTOR('',#2330,10.);
#696=VECTOR('',#2331,10.);
#697=VECTOR('',#2332,10.);
#698=VECTOR('',#2333,10.);
#699=VECTOR('',#2348,1.5);
#700=VECTOR('',#2353,1.5);
#701=VECTOR('',#2358,1.5);
#702=VECTOR('',#2363,1.49999999999999);
#703=VECTOR('',#2368,1.50000000000002);
#704=VECTOR('',#2371,10.);
#705=VECTOR('',#2372,10.);
#706=VECTOR('',#2375,10.);
#707=VECTOR('',#2376,10.);
#708=VECTOR('',#2387,1.49999999999999);
#709=VECTOR('',#2392,10.);
#710=VECTOR('',#2395,1.49999999999999);
#711=VECTOR('',#2400,10.);
#712=VECTOR('',#2405,10.);
#713=VECTOR('',#2406,10.);
#714=VECTOR('',#2411,10.);
#715=VECTOR('',#2414,10.);
#716=VECTOR('',#2417,1.49999999999999);
#717=VECTOR('',#2428,10.);
#718=VECTOR('',#2431,10.);
#719=VECTOR('',#2432,10.);
#720=VECTOR('',#2433,10.);
#721=VECTOR('',#2436,10.);
#722=VECTOR('',#2437,10.);
#723=VECTOR('',#2438,10.);
#724=VECTOR('',#2441,10.);
#725=VECTOR('',#2448,10.);
#726=VECTOR('',#2449,10.);
#727=VECTOR('',#2452,10.);
#728=VECTOR('',#2453,10.);
#729=VECTOR('',#2458,10.);
#730=VECTOR('',#2467,1.49999999999999);
#731=VECTOR('',#2482,10.);
#732=VECTOR('',#2485,1.99999999999999);
#733=VECTOR('',#2488,10.);
#734=VECTOR('',#2499,1.49999999999999);
#735=VECTOR('',#2516,6.50000000000002);
#736=VECTOR('',#2519,1.62270421712844);
#737=VECTOR('',#2530,10.);
#738=VECTOR('',#2533,10.);
#739=VECTOR('',#2540,1.49999999999999);
#740=VECTOR('',#2543,10.);
#741=VECTOR('',#2560,1.49999999999999);
#742=VECTOR('',#2567,1.99999999999998);
#743=VECTOR('',#2576,10.);
#744=VECTOR('',#2577,10.);
#745=VECTOR('',#2580,10.);
#746=VECTOR('',#2581,10.);
#747=VECTOR('',#2582,10.);
#748=VECTOR('',#2585,10.);
#749=VECTOR('',#2586,10.);
#750=VECTOR('',#2587,10.);
#751=VECTOR('',#2590,10.);
#752=VECTOR('',#2591,10.);
#753=VECTOR('',#2596,1.5);
#754=VECTOR('',#2605,2.5);
#755=VECTOR('',#2612,1.49999999999999);
#756=VECTOR('',#2617,10.);
#757=VECTOR('',#2620,10.);
#758=VECTOR('',#2623,10.);
#759=VECTOR('',#2624,10.);
#760=VECTOR('',#2627,10.);
#761=VECTOR('',#2628,10.);
#762=VECTOR('',#2629,10.);
#763=VECTOR('',#2636,1.5);
#764=VECTOR('',#2643,10.);
#765=VECTOR('',#2644,10.);
#766=VECTOR('',#2645,10.);
#767=VECTOR('',#2646,10.);
#768=VECTOR('',#2649,10.);
#769=VECTOR('',#2650,10.);
#770=VECTOR('',#2651,10.);
#771=VECTOR('',#2652,10.);
#772=VECTOR('',#2653,10.);
#773=VECTOR('',#2654,10.);
#774=VECTOR('',#2657,10.);
#775=VECTOR('',#2658,10.);
#776=VECTOR('',#2659,10.);
#777=VECTOR('',#2670,10.);
#778=VECTOR('',#2671,10.);
#779=VECTOR('',#2672,10.);
#780=VECTOR('',#2673,10.);
#781=VECTOR('',#2678,1.99999999999999);
#782=VECTOR('',#2683,1.99999999999999);
#783=VECTOR('',#2688,1.99999999999999);
#784=VECTOR('',#2693,1.99999999999999);
#785=VECTOR('',#2696,10.);
#786=VECTOR('',#2697,10.);
#787=VECTOR('',#2698,10.);
#788=VECTOR('',#2701,10.);
#789=VECTOR('',#2702,10.);
#790=VECTOR('',#2703,10.);
#791=VECTOR('',#2704,10.);
#792=VECTOR('',#2707,10.);
#793=VECTOR('',#2708,10.);
#794=VECTOR('',#2709,10.);
#795=VECTOR('',#2712,10.);
#796=VECTOR('',#2713,10.);
#797=VECTOR('',#2716,10.);
#798=VECTOR('',#2719,10.);
#799=VECTOR('',#2720,10.);
#800=VECTOR('',#2721,10.);
#801=VECTOR('',#2722,10.);
#802=VECTOR('',#2725,10.);
#803=VECTOR('',#2726,10.);
#804=VECTOR('',#2727,10.);
#805=VECTOR('',#2732,10.);
#806=VECTOR('',#2733,10.);
#807=VECTOR('',#2736,10.);
#808=VECTOR('',#2737,10.);
#809=VECTOR('',#2746,2.00000000000001);
#810=VECTOR('',#2749,1.49999999999999);
#811=VECTOR('',#2754,10.);
#812=VECTOR('',#2755,10.);
#813=VECTOR('',#2756,10.);
#814=VECTOR('',#2759,10.);
#815=VECTOR('',#2762,10.);
#816=VECTOR('',#2767,10.);
#817=VECTOR('',#2770,10.);
#818=VECTOR('',#2777,1.62172215960897);
#819=VECTOR('',#2782,10.);
#820=VECTOR('',#2785,10.);
#821=VERTEX_POINT('',#2795);
#822=VERTEX_POINT('',#2796);
#823=VERTEX_POINT('',#2798);
#824=VERTEX_POINT('',#2800);
#825=VERTEX_POINT('',#2804);
#826=VERTEX_POINT('',#2806);
#827=VERTEX_POINT('',#2810);
#828=VERTEX_POINT('',#2811);
#829=VERTEX_POINT('',#2813);
#830=VERTEX_POINT('',#2815);
#831=VERTEX_POINT('',#2819);
#832=VERTEX_POINT('',#2821);
#833=VERTEX_POINT('',#2825);
#834=VERTEX_POINT('',#2826);
#835=VERTEX_POINT('',#2828);
#836=VERTEX_POINT('',#2830);
#837=VERTEX_POINT('',#2832);
#838=VERTEX_POINT('',#2834);
#839=VERTEX_POINT('',#2836);
#840=VERTEX_POINT('',#2838);
#841=VERTEX_POINT('',#2840);
#842=VERTEX_POINT('',#2842);
#843=VERTEX_POINT('',#2846);
#844=VERTEX_POINT('',#2848);
#845=VERTEX_POINT('',#2850);
#846=VERTEX_POINT('',#2852);
#847=VERTEX_POINT('',#2854);
#848=VERTEX_POINT('',#2856);
#849=VERTEX_POINT('',#2860);
#850=VERTEX_POINT('',#2864);
#851=VERTEX_POINT('',#2868);
#852=VERTEX_POINT('',#2869);
#853=VERTEX_POINT('',#2871);
#854=VERTEX_POINT('',#2873);
#855=VERTEX_POINT('',#2875);
#856=VERTEX_POINT('',#2877);
#857=VERTEX_POINT('',#2879);
#858=VERTEX_POINT('',#2882);
#859=VERTEX_POINT('',#2884);
#860=VERTEX_POINT('',#2886);
#861=VERTEX_POINT('',#2888);
#862=VERTEX_POINT('',#2905);
#863=VERTEX_POINT('',#2906);
#864=VERTEX_POINT('',#2909);
#865=VERTEX_POINT('',#2912);
#866=VERTEX_POINT('',#2913);
#867=VERTEX_POINT('',#2915);
#868=VERTEX_POINT('',#2917);
#869=VERTEX_POINT('',#2922);
#870=VERTEX_POINT('',#2924);
#871=VERTEX_POINT('',#2927);
#872=VERTEX_POINT('',#2929);
#873=VERTEX_POINT('',#2931);
#874=VERTEX_POINT('',#2933);
#875=VERTEX_POINT('',#2936);
#876=VERTEX_POINT('',#2938);
#877=VERTEX_POINT('',#2940);
#878=VERTEX_POINT('',#2942);
#879=VERTEX_POINT('',#2944);
#880=VERTEX_POINT('',#2947);
#881=VERTEX_POINT('',#2951);
#882=VERTEX_POINT('',#2955);
#883=VERTEX_POINT('',#2959);
#884=VERTEX_POINT('',#2963);
#885=VERTEX_POINT('',#2967);
#886=VERTEX_POINT('',#2971);
#887=VERTEX_POINT('',#2977);
#888=VERTEX_POINT('',#2980);
#889=VERTEX_POINT('',#2984);
#890=VERTEX_POINT('',#2985);
#891=VERTEX_POINT('',#2987);
#892=VERTEX_POINT('',#2989);
#893=VERTEX_POINT('',#2992);
#894=VERTEX_POINT('',#2994);
#895=VERTEX_POINT('',#3000);
#896=VERTEX_POINT('',#3003);
#897=VERTEX_POINT('',#3004);
#898=VERTEX_POINT('',#3006);
#899=VERTEX_POINT('',#3008);
#900=VERTEX_POINT('',#3010);
#901=VERTEX_POINT('',#3015);
#902=VERTEX_POINT('',#3021);
#903=VERTEX_POINT('',#3023);
#904=VERTEX_POINT('',#3027);
#905=VERTEX_POINT('',#3034);
#906=VERTEX_POINT('',#3037);
#907=VERTEX_POINT('',#3041);
#908=VERTEX_POINT('',#3051);
#909=VERTEX_POINT('',#3060);
#910=VERTEX_POINT('',#3062);
#911=VERTEX_POINT('',#3065);
#912=VERTEX_POINT('',#3070);
#913=VERTEX_POINT('',#3077);
#914=VERTEX_POINT('',#3079);
#915=VERTEX_POINT('',#3082);
#916=VERTEX_POINT('',#3084);
#917=VERTEX_POINT('',#3092);
#918=VERTEX_POINT('',#3093);
#919=VERTEX_POINT('',#3097);
#920=VERTEX_POINT('',#3099);
#921=VERTEX_POINT('',#3101);
#922=VERTEX_POINT('',#3105);
#923=VERTEX_POINT('',#3107);
#924=VERTEX_POINT('',#3109);
#925=VERTEX_POINT('',#3111);
#926=VERTEX_POINT('',#3120);
#927=VERTEX_POINT('',#3122);
#928=VERTEX_POINT('',#3126);
#929=VERTEX_POINT('',#3128);
#930=VERTEX_POINT('',#3134);
#931=VERTEX_POINT('',#3135);
#932=VERTEX_POINT('',#3137);
#933=VERTEX_POINT('',#3139);
#934=VERTEX_POINT('',#3141);
#935=VERTEX_POINT('',#3143);
#936=VERTEX_POINT('',#3147);
#937=VERTEX_POINT('',#3149);
#938=VERTEX_POINT('',#3153);
#939=VERTEX_POINT('',#3157);
#940=VERTEX_POINT('',#3159);
#941=VERTEX_POINT('',#3164);
#942=VERTEX_POINT('',#3166);
#943=VERTEX_POINT('',#3170);
#944=VERTEX_POINT('',#3172);
#945=VERTEX_POINT('',#3176);
#946=VERTEX_POINT('',#3178);
#947=VERTEX_POINT('',#3182);
#948=VERTEX_POINT('',#3186);
#949=VERTEX_POINT('',#3188);
#950=VERTEX_POINT('',#3193);
#951=VERTEX_POINT('',#3195);
#952=VERTEX_POINT('',#3200);
#953=VERTEX_POINT('',#3201);
#954=VERTEX_POINT('',#3203);
#955=VERTEX_POINT('',#3205);
#956=VERTEX_POINT('',#3209);
#957=VERTEX_POINT('',#3210);
#958=VERTEX_POINT('',#3212);
#959=VERTEX_POINT('',#3214);
#960=VERTEX_POINT('',#3216);
#961=VERTEX_POINT('',#3218);
#962=VERTEX_POINT('',#3222);
#963=VERTEX_POINT('',#3224);
#964=VERTEX_POINT('',#3227);
#965=VERTEX_POINT('',#3229);
#966=VERTEX_POINT('',#3231);
#967=VERTEX_POINT('',#3233);
#968=VERTEX_POINT('',#3236);
#969=VERTEX_POINT('',#3239);
#970=VERTEX_POINT('',#3243);
#971=VERTEX_POINT('',#3247);
#972=VERTEX_POINT('',#3251);
#973=VERTEX_POINT('',#3255);
#974=VERTEX_POINT('',#3259);
#975=VERTEX_POINT('',#3261);
#976=VERTEX_POINT('',#3265);
#977=VERTEX_POINT('',#3266);
#978=VERTEX_POINT('',#3268);
#979=VERTEX_POINT('',#3270);
#980=VERTEX_POINT('',#3274);
#981=VERTEX_POINT('',#3276);
#982=VERTEX_POINT('',#3280);
#983=VERTEX_POINT('',#3286);
#984=VERTEX_POINT('',#3287);
#985=VERTEX_POINT('',#3289);
#986=VERTEX_POINT('',#3294);
#987=VERTEX_POINT('',#3296);
#988=VERTEX_POINT('',#3299);
#989=VERTEX_POINT('',#3302);
#990=VERTEX_POINT('',#3306);
#991=VERTEX_POINT('',#3310);
#992=VERTEX_POINT('',#3312);
#993=VERTEX_POINT('',#3317);
#994=VERTEX_POINT('',#3330);
#995=VERTEX_POINT('',#3331);
#996=VERTEX_POINT('',#3333);
#997=VERTEX_POINT('',#3335);
#998=VERTEX_POINT('',#3339);
#999=VERTEX_POINT('',#3341);
#1000=EDGE_CURVE('',#821,#822,#467,.T.);
#1001=EDGE_CURVE('',#821,#823,#468,.T.);
#1002=EDGE_CURVE('',#824,#823,#469,.T.);
#1003=EDGE_CURVE('',#824,#822,#470,.T.);
#1004=EDGE_CURVE('',#825,#821,#471,.T.);
#1005=EDGE_CURVE('',#826,#825,#472,.T.);
#1006=EDGE_CURVE('',#823,#826,#473,.T.);
#1007=EDGE_CURVE('',#827,#828,#474,.T.);
#1008=EDGE_CURVE('',#827,#829,#475,.T.);
#1009=EDGE_CURVE('',#830,#829,#476,.T.);
#1010=EDGE_CURVE('',#830,#828,#477,.T.);
#1011=EDGE_CURVE('',#831,#827,#478,.T.);
#1012=EDGE_CURVE('',#832,#831,#479,.T.);
#1013=EDGE_CURVE('',#829,#832,#480,.T.);
#1014=EDGE_CURVE('',#833,#834,#481,.T.);
#1015=EDGE_CURVE('',#833,#835,#482,.T.);
#1016=EDGE_CURVE('',#836,#835,#483,.T.);
#1017=EDGE_CURVE('',#837,#836,#484,.T.);
#1018=EDGE_CURVE('',#837,#838,#485,.T.);
#1019=EDGE_CURVE('',#838,#839,#486,.T.);
#1020=EDGE_CURVE('',#840,#839,#487,.T.);
#1021=EDGE_CURVE('',#840,#841,#488,.T.);
#1022=EDGE_CURVE('',#842,#841,#489,.T.);
#1023=EDGE_CURVE('',#834,#842,#490,.T.);
#1024=EDGE_CURVE('',#825,#822,#117,.T.);
#1025=EDGE_CURVE('',#843,#828,#118,.T.);
#1026=EDGE_CURVE('',#843,#844,#119,.T.);
#1027=EDGE_CURVE('',#844,#845,#491,.T.);
#1028=EDGE_CURVE('',#845,#846,#120,.T.);
#1029=EDGE_CURVE('',#846,#847,#492,.T.);
#1030=EDGE_CURVE('',#847,#848,#121,.T.);
#1031=EDGE_CURVE('',#831,#848,#122,.T.);
#1032=EDGE_CURVE('',#849,#848,#493,.T.);
#1033=EDGE_CURVE('',#832,#849,#123,.T.);
#1034=EDGE_CURVE('',#850,#830,#124,.T.);
#1035=EDGE_CURVE('',#843,#850,#494,.T.);
#1036=EDGE_CURVE('',#851,#852,#495,.T.);
#1037=EDGE_CURVE('',#851,#853,#496,.T.);
#1038=EDGE_CURVE('',#854,#853,#497,.T.);
#1039=EDGE_CURVE('',#855,#854,#498,.T.);
#1040=EDGE_CURVE('',#856,#855,#499,.T.);
#1041=EDGE_CURVE('',#857,#856,#500,.T.);
#1042=EDGE_CURVE('',#852,#857,#501,.T.);
#1043=EDGE_CURVE('',#849,#858,#125,.T.);
#1044=EDGE_CURVE('',#858,#859,#502,.T.);
#1045=EDGE_CURVE('',#859,#860,#126,.T.);
#1046=EDGE_CURVE('',#860,#861,#503,.T.);
#1047=EDGE_CURVE('',#861,#850,#127,.T.);
#1048=EDGE_CURVE('',#826,#824,#128,.T.);
#1049=EDGE_CURVE('',#847,#858,#504,.T.);
#1050=EDGE_CURVE('',#861,#844,#505,.T.);
#1051=EDGE_CURVE('',#845,#860,#506,.T.);
#1052=EDGE_CURVE('',#846,#859,#507,.T.);
#1053=EDGE_CURVE('',#833,#852,#508,.T.);
#1054=EDGE_CURVE('',#851,#834,#509,.T.);
#1055=EDGE_CURVE('',#862,#863,#129,.T.);
#1056=EDGE_CURVE('',#863,#862,#130,.T.);
#1057=EDGE_CURVE('',#864,#864,#131,.T.);
#1058=EDGE_CURVE('',#865,#866,#510,.T.);
#1059=EDGE_CURVE('',#866,#867,#511,.T.);
#1060=EDGE_CURVE('',#868,#867,#512,.T.);
#1061=EDGE_CURVE('',#865,#868,#513,.T.);
#1062=EDGE_CURVE('',#855,#865,#514,.T.);
#1063=EDGE_CURVE('',#868,#869,#132,.T.);
#1064=EDGE_CURVE('',#869,#870,#515,.T.);
#1065=EDGE_CURVE('',#840,#870,#516,.T.);
#1066=EDGE_CURVE('',#839,#871,#517,.T.);
#1067=EDGE_CURVE('',#871,#872,#518,.T.);
#1068=EDGE_CURVE('',#872,#873,#519,.T.);
#1069=EDGE_CURVE('',#873,#874,#520,.T.);
#1070=EDGE_CURVE('',#874,#856,#521,.T.);
#1071=EDGE_CURVE('',#875,#875,#133,.T.);
#1072=EDGE_CURVE('',#876,#876,#134,.T.);
#1073=EDGE_CURVE('',#877,#877,#135,.T.);
#1074=EDGE_CURVE('',#878,#878,#136,.T.);
#1075=EDGE_CURVE('',#879,#879,#137,.T.);
#1076=EDGE_CURVE('',#880,#880,#138,.T.);
#1077=EDGE_CURVE('',#880,#875,#522,.T.);
#1078=EDGE_CURVE('',#881,#881,#139,.T.);
#1079=EDGE_CURVE('',#881,#878,#523,.T.);
#1080=EDGE_CURVE('',#882,#882,#140,.T.);
#1081=EDGE_CURVE('',#882,#879,#524,.T.);
#1082=EDGE_CURVE('',#883,#883,#141,.T.);
#1083=EDGE_CURVE('',#883,#876,#525,.T.);
#1084=EDGE_CURVE('',#884,#884,#142,.T.);
#1085=EDGE_CURVE('',#884,#877,#526,.T.);
#1086=EDGE_CURVE('',#885,#870,#527,.T.);
#1087=EDGE_CURVE('',#841,#885,#528,.T.);
#1088=EDGE_CURVE('',#886,#869,#529,.T.);
#1089=EDGE_CURVE('',#886,#885,#530,.T.);
#1090=EDGE_CURVE('',#886,#867,#143,.T.);
#1091=EDGE_CURVE('',#887,#887,#144,.T.);
#1092=EDGE_CURVE('',#887,#888,#531,.T.);
#1093=EDGE_CURVE('',#888,#888,#145,.T.);
#1094=EDGE_CURVE('',#889,#890,#532,.T.);
#1095=EDGE_CURVE('',#891,#889,#146,.T.);
#1096=EDGE_CURVE('',#891,#892,#533,.T.);
#1097=EDGE_CURVE('',#892,#892,#147,.T.);
#1098=EDGE_CURVE('',#893,#891,#148,.T.);
#1099=EDGE_CURVE('',#894,#893,#534,.T.);
#1100=EDGE_CURVE('',#890,#894,#149,.T.);
#1101=EDGE_CURVE('',#866,#854,#535,.T.);
#1102=EDGE_CURVE('',#853,#842,#536,.T.);
#1103=EDGE_CURVE('',#895,#895,#150,.T.);
#1104=EDGE_CURVE('',#896,#897,#537,.T.);
#1105=EDGE_CURVE('',#898,#896,#151,.T.);
#1106=EDGE_CURVE('',#899,#898,#538,.T.);
#1107=EDGE_CURVE('',#900,#899,#152,.T.);
#1108=EDGE_CURVE('',#900,#895,#539,.T.);
#1109=EDGE_CURVE('',#897,#900,#153,.T.);
#1110=EDGE_CURVE('',#901,#901,#154,.T.);
#1111=EDGE_CURVE('',#889,#893,#155,.T.);
#1112=EDGE_CURVE('',#835,#857,#540,.T.);
#1113=EDGE_CURVE('',#902,#836,#541,.T.);
#1114=EDGE_CURVE('',#903,#902,#542,.T.);
#1115=EDGE_CURVE('',#837,#903,#543,.T.);
#1116=EDGE_CURVE('',#904,#903,#544,.T.);
#1117=EDGE_CURVE('',#872,#902,#545,.T.);
#1118=EDGE_CURVE('',#904,#871,#546,.T.);
#1119=EDGE_CURVE('',#838,#904,#547,.T.);
#1120=EDGE_CURVE('',#905,#905,#156,.T.);
#1121=EDGE_CURVE('',#857,#906,#548,.T.);
#1122=EDGE_CURVE('',#874,#906,#549,.T.);
#1123=EDGE_CURVE('',#906,#907,#550,.T.);
#1124=EDGE_CURVE('',#907,#873,#551,.T.);
#1125=EDGE_CURVE('',#907,#902,#552,.T.);
#1126=EDGE_CURVE('',#898,#896,#157,.T.);
#1127=EDGE_CURVE('',#905,#908,#553,.T.);
#1128=EDGE_CURVE('',#908,#899,#158,.T.);
#1129=EDGE_CURVE('',#897,#908,#159,.T.);
#1130=EDGE_CURVE('',#890,#894,#160,.T.);
#1131=EDGE_CURVE('',#862,#909,#554,.T.);
#1132=EDGE_CURVE('',#909,#910,#161,.T.);
#1133=EDGE_CURVE('',#910,#901,#555,.T.);
#1134=EDGE_CURVE('',#910,#911,#162,.T.);
#1135=EDGE_CURVE('',#911,#863,#556,.T.);
#1136=EDGE_CURVE('',#911,#909,#163,.T.);
#1137=EDGE_CURVE('',#912,#912,#164,.T.);
#1138=EDGE_CURVE('',#864,#912,#557,.T.);
#1139=EDGE_CURVE('',#913,#913,#165,.T.);
#1140=EDGE_CURVE('',#914,#914,#166,.T.);
#1141=EDGE_CURVE('',#915,#915,#167,.T.);
#1142=EDGE_CURVE('',#916,#916,#168,.T.);
#1143=EDGE_CURVE('',#913,#915,#558,.T.);
#1144=EDGE_CURVE('',#914,#916,#559,.T.);
#1145=EDGE_CURVE('',#917,#918,#169,.T.);
#1146=EDGE_CURVE('',#918,#917,#170,.T.);
#1147=EDGE_CURVE('',#919,#917,#560,.T.);
#1148=EDGE_CURVE('',#920,#919,#171,.T.);
#1149=EDGE_CURVE('',#921,#920,#561,.T.);
#1150=EDGE_CURVE('',#918,#921,#172,.T.);
#1151=EDGE_CURVE('',#922,#922,#173,.T.);
#1152=EDGE_CURVE('',#922,#923,#562,.T.);
#1153=EDGE_CURVE('',#923,#924,#174,.T.);
#1154=EDGE_CURVE('',#924,#925,#563,.T.);
#1155=EDGE_CURVE('',#919,#925,#175,.T.);
#1156=EDGE_CURVE('',#918,#923,#176,.T.);
#1157=EDGE_CURVE('',#921,#924,#177,.T.);
#1158=EDGE_CURVE('',#925,#920,#178,.T.);
#1159=EDGE_CURVE('',#926,#926,#179,.T.);
#1160=EDGE_CURVE('',#926,#927,#564,.T.);
#1161=EDGE_CURVE('',#927,#927,#180,.T.);
#1162=EDGE_CURVE('',#928,#928,#181,.T.);
#1163=EDGE_CURVE('',#928,#929,#565,.T.);
#1164=EDGE_CURVE('',#929,#929,#182,.T.);
#1165=EDGE_CURVE('',#930,#931,#566,.T.);
#1166=EDGE_CURVE('',#932,#930,#567,.T.);
#1167=EDGE_CURVE('',#933,#932,#183,.T.);
#1168=EDGE_CURVE('',#934,#933,#568,.T.);
#1169=EDGE_CURVE('',#935,#934,#569,.T.);
#1170=EDGE_CURVE('',#931,#935,#570,.T.);
#1171=EDGE_CURVE('',#936,#931,#571,.T.);
#1172=EDGE_CURVE('',#937,#936,#572,.T.);
#1173=EDGE_CURVE('',#930,#937,#573,.T.);
#1174=EDGE_CURVE('',#938,#935,#574,.T.);
#1175=EDGE_CURVE('',#936,#938,#575,.T.);
#1176=EDGE_CURVE('',#939,#939,#184,.T.);
#1177=EDGE_CURVE('',#939,#940,#576,.T.);
#1178=EDGE_CURVE('',#940,#940,#185,.T.);
#1179=EDGE_CURVE('',#941,#941,#186,.T.);
#1180=EDGE_CURVE('',#941,#942,#577,.T.);
#1181=EDGE_CURVE('',#942,#942,#187,.T.);
#1182=EDGE_CURVE('',#943,#943,#188,.T.);
#1183=EDGE_CURVE('',#943,#944,#578,.T.);
#1184=EDGE_CURVE('',#944,#944,#189,.T.);
#1185=EDGE_CURVE('',#932,#945,#579,.T.);
#1186=EDGE_CURVE('',#946,#945,#190,.T.);
#1187=EDGE_CURVE('',#946,#933,#580,.T.);
#1188=EDGE_CURVE('',#947,#946,#581,.T.);
#1189=EDGE_CURVE('',#934,#947,#582,.T.);
#1190=EDGE_CURVE('',#948,#938,#583,.T.);
#1191=EDGE_CURVE('',#947,#949,#584,.T.);
#1192=EDGE_CURVE('',#949,#948,#585,.T.);
#1193=EDGE_CURVE('',#950,#950,#191,.T.);
#1194=EDGE_CURVE('',#950,#951,#586,.T.);
#1195=EDGE_CURVE('',#951,#951,#192,.T.);
#1196=EDGE_CURVE('',#952,#953,#587,.T.);
#1197=EDGE_CURVE('',#954,#952,#588,.T.);
#1198=EDGE_CURVE('',#954,#955,#589,.T.);
#1199=EDGE_CURVE('',#953,#955,#590,.T.);
#1200=EDGE_CURVE('',#956,#957,#591,.T.);
#1201=EDGE_CURVE('',#956,#958,#592,.T.);
#1202=EDGE_CURVE('',#959,#958,#593,.T.);
#1203=EDGE_CURVE('',#960,#959,#594,.T.);
#1204=EDGE_CURVE('',#961,#960,#595,.T.);
#1205=EDGE_CURVE('',#957,#960,#596,.T.);
#1206=EDGE_CURVE('',#957,#962,#597,.T.);
#1207=EDGE_CURVE('',#963,#959,#598,.T.);
#1208=EDGE_CURVE('',#963,#962,#599,.T.);
#1209=EDGE_CURVE('',#964,#964,#193,.T.);
#1210=EDGE_CURVE('',#965,#965,#194,.T.);
#1211=EDGE_CURVE('',#966,#966,#195,.T.);
#1212=EDGE_CURVE('',#967,#967,#196,.T.);
#1213=EDGE_CURVE('',#954,#968,#600,.T.);
#1214=EDGE_CURVE('',#962,#968,#601,.T.);
#1215=EDGE_CURVE('',#969,#963,#602,.T.);
#1216=EDGE_CURVE('',#955,#969,#603,.T.);
#1217=EDGE_CURVE('',#970,#970,#197,.T.);
#1218=EDGE_CURVE('',#970,#964,#604,.T.);
#1219=EDGE_CURVE('',#971,#971,#198,.T.);
#1220=EDGE_CURVE('',#971,#966,#605,.T.);
#1221=EDGE_CURVE('',#972,#972,#199,.T.);
#1222=EDGE_CURVE('',#972,#967,#606,.T.);
#1223=EDGE_CURVE('',#973,#973,#200,.T.);
#1224=EDGE_CURVE('',#973,#965,#607,.T.);
#1225=EDGE_CURVE('',#952,#974,#608,.T.);
#1226=EDGE_CURVE('',#975,#953,#609,.T.);
#1227=EDGE_CURVE('',#974,#975,#610,.T.);
#1228=EDGE_CURVE('',#976,#977,#611,.T.);
#1229=EDGE_CURVE('',#978,#977,#612,.T.);
#1230=EDGE_CURVE('',#979,#978,#613,.T.);
#1231=EDGE_CURVE('',#976,#979,#614,.T.);
#1232=EDGE_CURVE('',#979,#980,#615,.T.);
#1233=EDGE_CURVE('',#980,#981,#616,.T.);
#1234=EDGE_CURVE('',#981,#976,#617,.T.);
#1235=EDGE_CURVE('',#982,#981,#618,.T.);
#1236=EDGE_CURVE('',#977,#982,#619,.T.);
#1237=EDGE_CURVE('',#968,#974,#620,.T.);
#1238=EDGE_CURVE('',#983,#984,#621,.T.);
#1239=EDGE_CURVE('',#984,#985,#622,.T.);
#1240=EDGE_CURVE('',#978,#985,#623,.T.);
#1241=EDGE_CURVE('',#982,#983,#624,.T.);
#1242=EDGE_CURVE('',#986,#984,#625,.T.);
#1243=EDGE_CURVE('',#983,#987,#626,.T.);
#1244=EDGE_CURVE('',#987,#986,#627,.T.);
#1245=EDGE_CURVE('',#988,#988,#201,.T.);
#1246=EDGE_CURVE('',#985,#989,#628,.T.);
#1247=EDGE_CURVE('',#989,#986,#629,.T.);
#1248=EDGE_CURVE('',#989,#990,#630,.T.);
#1249=EDGE_CURVE('',#990,#987,#631,.T.);
#1250=EDGE_CURVE('',#991,#991,#202,.T.);
#1251=EDGE_CURVE('',#992,#992,#203,.T.);
#1252=EDGE_CURVE('',#988,#991,#632,.T.);
#1253=EDGE_CURVE('',#992,#993,#633,.T.);
#1254=EDGE_CURVE('',#993,#993,#204,.T.);
#1255=EDGE_CURVE('',#969,#949,#634,.T.);
#1256=EDGE_CURVE('',#958,#990,#635,.T.);
#1257=EDGE_CURVE('',#948,#980,#636,.T.);
#1258=EDGE_CURVE('',#956,#937,#637,.T.);
#1259=EDGE_CURVE('',#975,#945,#638,.T.);
#1260=EDGE_CURVE('',#994,#995,#639,.T.);
#1261=EDGE_CURVE('',#996,#995,#205,.T.);
#1262=EDGE_CURVE('',#996,#997,#640,.T.);
#1263=EDGE_CURVE('',#997,#994,#206,.T.);
#1264=EDGE_CURVE('',#998,#998,#207,.T.);
#1265=EDGE_CURVE('',#998,#999,#641,.T.);
#1266=EDGE_CURVE('',#999,#999,#208,.T.);
#1267=EDGE_CURVE('',#997,#994,#642,.T.);
#1268=EDGE_CURVE('',#996,#995,#643,.T.);
#1269=ORIENTED_EDGE('',*,*,#1000,.F.);
#1270=ORIENTED_EDGE('',*,*,#1001,.T.);
#1271=ORIENTED_EDGE('',*,*,#1002,.F.);
#1272=ORIENTED_EDGE('',*,*,#1003,.T.);
#1273=ORIENTED_EDGE('',*,*,#1004,.F.);
#1274=ORIENTED_EDGE('',*,*,#1005,.F.);
#1275=ORIENTED_EDGE('',*,*,#1006,.F.);
#1276=ORIENTED_EDGE('',*,*,#1001,.F.);
#1277=ORIENTED_EDGE('',*,*,#1007,.F.);
#1278=ORIENTED_EDGE('',*,*,#1008,.T.);
#1279=ORIENTED_EDGE('',*,*,#1009,.F.);
#1280=ORIENTED_EDGE('',*,*,#1010,.T.);
#1281=ORIENTED_EDGE('',*,*,#1011,.F.);
#1282=ORIENTED_EDGE('',*,*,#1012,.F.);
#1283=ORIENTED_EDGE('',*,*,#1013,.F.);
#1284=ORIENTED_EDGE('',*,*,#1008,.F.);
#1285=ORIENTED_EDGE('',*,*,#1014,.F.);
#1286=ORIENTED_EDGE('',*,*,#1015,.T.);
#1287=ORIENTED_EDGE('',*,*,#1016,.F.);
#1288=ORIENTED_EDGE('',*,*,#1017,.F.);
#1289=ORIENTED_EDGE('',*,*,#1018,.T.);
#1290=ORIENTED_EDGE('',*,*,#1019,.T.);
#1291=ORIENTED_EDGE('',*,*,#1020,.F.);
#1292=ORIENTED_EDGE('',*,*,#1021,.T.);
#1293=ORIENTED_EDGE('',*,*,#1022,.F.);
#1294=ORIENTED_EDGE('',*,*,#1023,.F.);
#1295=ORIENTED_EDGE('',*,*,#1004,.T.);
#1296=ORIENTED_EDGE('',*,*,#1000,.T.);
#1297=ORIENTED_EDGE('',*,*,#1024,.F.);
#1298=ORIENTED_EDGE('',*,*,#1007,.T.);
#1299=ORIENTED_EDGE('',*,*,#1025,.F.);
#1300=ORIENTED_EDGE('',*,*,#1026,.T.);
#1301=ORIENTED_EDGE('',*,*,#1027,.T.);
#1302=ORIENTED_EDGE('',*,*,#1028,.T.);
#1303=ORIENTED_EDGE('',*,*,#1029,.T.);
#1304=ORIENTED_EDGE('',*,*,#1030,.T.);
#1305=ORIENTED_EDGE('',*,*,#1031,.F.);
#1306=ORIENTED_EDGE('',*,*,#1011,.T.);
#1307=ORIENTED_EDGE('',*,*,#1012,.T.);
#1308=ORIENTED_EDGE('',*,*,#1031,.T.);
#1309=ORIENTED_EDGE('',*,*,#1032,.F.);
#1310=ORIENTED_EDGE('',*,*,#1033,.F.);
#1311=ORIENTED_EDGE('',*,*,#1010,.F.);
#1312=ORIENTED_EDGE('',*,*,#1034,.F.);
#1313=ORIENTED_EDGE('',*,*,#1035,.F.);
#1314=ORIENTED_EDGE('',*,*,#1025,.T.);
#1315=ORIENTED_EDGE('',*,*,#1036,.F.);
#1316=ORIENTED_EDGE('',*,*,#1037,.T.);
#1317=ORIENTED_EDGE('',*,*,#1038,.F.);
#1318=ORIENTED_EDGE('',*,*,#1039,.F.);
#1319=ORIENTED_EDGE('',*,*,#1040,.F.);
#1320=ORIENTED_EDGE('',*,*,#1041,.F.);
#1321=ORIENTED_EDGE('',*,*,#1042,.F.);
#1322=ORIENTED_EDGE('',*,*,#1009,.T.);
#1323=ORIENTED_EDGE('',*,*,#1013,.T.);
#1324=ORIENTED_EDGE('',*,*,#1033,.T.);
#1325=ORIENTED_EDGE('',*,*,#1043,.T.);
#1326=ORIENTED_EDGE('',*,*,#1044,.T.);
#1327=ORIENTED_EDGE('',*,*,#1045,.T.);
#1328=ORIENTED_EDGE('',*,*,#1046,.T.);
#1329=ORIENTED_EDGE('',*,*,#1047,.T.);
#1330=ORIENTED_EDGE('',*,*,#1034,.T.);
#1331=ORIENTED_EDGE('',*,*,#1002,.T.);
#1332=ORIENTED_EDGE('',*,*,#1006,.T.);
#1333=ORIENTED_EDGE('',*,*,#1048,.T.);
#1334=ORIENTED_EDGE('',*,*,#1032,.T.);
#1335=ORIENTED_EDGE('',*,*,#1030,.F.);
#1336=ORIENTED_EDGE('',*,*,#1049,.T.);
#1337=ORIENTED_EDGE('',*,*,#1043,.F.);
#1338=ORIENTED_EDGE('',*,*,#1035,.T.);
#1339=ORIENTED_EDGE('',*,*,#1047,.F.);
#1340=ORIENTED_EDGE('',*,*,#1050,.T.);
#1341=ORIENTED_EDGE('',*,*,#1026,.F.);
#1342=ORIENTED_EDGE('',*,*,#1046,.F.);
#1343=ORIENTED_EDGE('',*,*,#1051,.F.);
#1344=ORIENTED_EDGE('',*,*,#1027,.F.);
#1345=ORIENTED_EDGE('',*,*,#1050,.F.);
#1346=ORIENTED_EDGE('',*,*,#1045,.F.);
#1347=ORIENTED_EDGE('',*,*,#1052,.F.);
#1348=ORIENTED_EDGE('',*,*,#1028,.F.);
#1349=ORIENTED_EDGE('',*,*,#1051,.T.);
#1350=ORIENTED_EDGE('',*,*,#1044,.F.);
#1351=ORIENTED_EDGE('',*,*,#1049,.F.);
#1352=ORIENTED_EDGE('',*,*,#1029,.F.);
#1353=ORIENTED_EDGE('',*,*,#1052,.T.);
#1354=ORIENTED_EDGE('',*,*,#1005,.T.);
#1355=ORIENTED_EDGE('',*,*,#1024,.T.);
#1356=ORIENTED_EDGE('',*,*,#1003,.F.);
#1357=ORIENTED_EDGE('',*,*,#1048,.F.);
#1358=ORIENTED_EDGE('',*,*,#1036,.T.);
#1359=ORIENTED_EDGE('',*,*,#1053,.F.);
#1360=ORIENTED_EDGE('',*,*,#1014,.T.);
#1361=ORIENTED_EDGE('',*,*,#1054,.F.);
#1362=ORIENTED_EDGE('',*,*,#1055,.T.);
#1363=ORIENTED_EDGE('',*,*,#1056,.T.);
#1364=ORIENTED_EDGE('',*,*,#1057,.T.);
#1365=ORIENTED_EDGE('',*,*,#1058,.T.);
#1366=ORIENTED_EDGE('',*,*,#1059,.T.);
#1367=ORIENTED_EDGE('',*,*,#1060,.F.);
#1368=ORIENTED_EDGE('',*,*,#1061,.F.);
#1369=ORIENTED_EDGE('',*,*,#1062,.T.);
#1370=ORIENTED_EDGE('',*,*,#1061,.T.);
#1371=ORIENTED_EDGE('',*,*,#1063,.T.);
#1372=ORIENTED_EDGE('',*,*,#1064,.T.);
#1373=ORIENTED_EDGE('',*,*,#1065,.F.);
#1374=ORIENTED_EDGE('',*,*,#1020,.T.);
#1375=ORIENTED_EDGE('',*,*,#1066,.T.);
#1376=ORIENTED_EDGE('',*,*,#1067,.T.);
#1377=ORIENTED_EDGE('',*,*,#1068,.T.);
#1378=ORIENTED_EDGE('',*,*,#1069,.T.);
#1379=ORIENTED_EDGE('',*,*,#1070,.T.);
#1380=ORIENTED_EDGE('',*,*,#1040,.T.);
#1381=ORIENTED_EDGE('',*,*,#1071,.F.);
#1382=ORIENTED_EDGE('',*,*,#1072,.T.);
#1383=ORIENTED_EDGE('',*,*,#1073,.T.);
#1384=ORIENTED_EDGE('',*,*,#1074,.F.);
#1385=ORIENTED_EDGE('',*,*,#1075,.T.);
#1386=ORIENTED_EDGE('',*,*,#1076,.T.);
#1387=ORIENTED_EDGE('',*,*,#1077,.T.);
#1388=ORIENTED_EDGE('',*,*,#1071,.T.);
#1389=ORIENTED_EDGE('',*,*,#1077,.F.);
#1390=ORIENTED_EDGE('',*,*,#1078,.T.);
#1391=ORIENTED_EDGE('',*,*,#1079,.T.);
#1392=ORIENTED_EDGE('',*,*,#1074,.T.);
#1393=ORIENTED_EDGE('',*,*,#1079,.F.);
#1394=ORIENTED_EDGE('',*,*,#1080,.T.);
#1395=ORIENTED_EDGE('',*,*,#1081,.T.);
#1396=ORIENTED_EDGE('',*,*,#1075,.F.);
#1397=ORIENTED_EDGE('',*,*,#1081,.F.);
#1398=ORIENTED_EDGE('',*,*,#1082,.T.);
#1399=ORIENTED_EDGE('',*,*,#1083,.T.);
#1400=ORIENTED_EDGE('',*,*,#1072,.F.);
#1401=ORIENTED_EDGE('',*,*,#1083,.F.);
#1402=ORIENTED_EDGE('',*,*,#1084,.T.);
#1403=ORIENTED_EDGE('',*,*,#1085,.T.);
#1404=ORIENTED_EDGE('',*,*,#1073,.F.);
#1405=ORIENTED_EDGE('',*,*,#1085,.F.);
#1406=ORIENTED_EDGE('',*,*,#1086,.F.);
#1407=ORIENTED_EDGE('',*,*,#1087,.F.);
#1408=ORIENTED_EDGE('',*,*,#1021,.F.);
#1409=ORIENTED_EDGE('',*,*,#1065,.T.);
#1410=ORIENTED_EDGE('',*,*,#1064,.F.);
#1411=ORIENTED_EDGE('',*,*,#1088,.F.);
#1412=ORIENTED_EDGE('',*,*,#1089,.T.);
#1413=ORIENTED_EDGE('',*,*,#1086,.T.);
#1414=ORIENTED_EDGE('',*,*,#1063,.F.);
#1415=ORIENTED_EDGE('',*,*,#1060,.T.);
#1416=ORIENTED_EDGE('',*,*,#1090,.F.);
#1417=ORIENTED_EDGE('',*,*,#1088,.T.);
#1418=ORIENTED_EDGE('',*,*,#1091,.T.);
#1419=ORIENTED_EDGE('',*,*,#1091,.F.);
#1420=ORIENTED_EDGE('',*,*,#1092,.T.);
#1421=ORIENTED_EDGE('',*,*,#1093,.F.);
#1422=ORIENTED_EDGE('',*,*,#1092,.F.);
#1423=ORIENTED_EDGE('',*,*,#1094,.F.);
#1424=ORIENTED_EDGE('',*,*,#1095,.F.);
#1425=ORIENTED_EDGE('',*,*,#1096,.T.);
#1426=ORIENTED_EDGE('',*,*,#1097,.T.);
#1427=ORIENTED_EDGE('',*,*,#1096,.F.);
#1428=ORIENTED_EDGE('',*,*,#1098,.F.);
#1429=ORIENTED_EDGE('',*,*,#1099,.F.);
#1430=ORIENTED_EDGE('',*,*,#1100,.F.);
#1431=ORIENTED_EDGE('',*,*,#1101,.T.);
#1432=ORIENTED_EDGE('',*,*,#1038,.T.);
#1433=ORIENTED_EDGE('',*,*,#1102,.T.);
#1434=ORIENTED_EDGE('',*,*,#1022,.T.);
#1435=ORIENTED_EDGE('',*,*,#1087,.T.);
#1436=ORIENTED_EDGE('',*,*,#1089,.F.);
#1437=ORIENTED_EDGE('',*,*,#1090,.T.);
#1438=ORIENTED_EDGE('',*,*,#1059,.F.);
#1439=ORIENTED_EDGE('',*,*,#1093,.T.);
#1440=ORIENTED_EDGE('',*,*,#1097,.F.);
#1441=ORIENTED_EDGE('',*,*,#1103,.F.);
#1442=ORIENTED_EDGE('',*,*,#1078,.F.);
#1443=ORIENTED_EDGE('',*,*,#1080,.F.);
#1444=ORIENTED_EDGE('',*,*,#1082,.F.);
#1445=ORIENTED_EDGE('',*,*,#1084,.F.);
#1446=ORIENTED_EDGE('',*,*,#1076,.F.);
#1447=ORIENTED_EDGE('',*,*,#1104,.F.);
#1448=ORIENTED_EDGE('',*,*,#1105,.F.);
#1449=ORIENTED_EDGE('',*,*,#1106,.F.);
#1450=ORIENTED_EDGE('',*,*,#1107,.F.);
#1451=ORIENTED_EDGE('',*,*,#1108,.T.);
#1452=ORIENTED_EDGE('',*,*,#1103,.T.);
#1453=ORIENTED_EDGE('',*,*,#1108,.F.);
#1454=ORIENTED_EDGE('',*,*,#1109,.F.);
#1455=ORIENTED_EDGE('',*,*,#1110,.F.);
#1456=ORIENTED_EDGE('',*,*,#1098,.T.);
#1457=ORIENTED_EDGE('',*,*,#1095,.T.);
#1458=ORIENTED_EDGE('',*,*,#1111,.T.);
#1459=ORIENTED_EDGE('',*,*,#1053,.T.);
#1460=ORIENTED_EDGE('',*,*,#1042,.T.);
#1461=ORIENTED_EDGE('',*,*,#1112,.F.);
#1462=ORIENTED_EDGE('',*,*,#1015,.F.);
#1463=ORIENTED_EDGE('',*,*,#1113,.F.);
#1464=ORIENTED_EDGE('',*,*,#1114,.F.);
#1465=ORIENTED_EDGE('',*,*,#1115,.F.);
#1466=ORIENTED_EDGE('',*,*,#1017,.T.);
#1467=ORIENTED_EDGE('',*,*,#1116,.T.);
#1468=ORIENTED_EDGE('',*,*,#1114,.T.);
#1469=ORIENTED_EDGE('',*,*,#1117,.F.);
#1470=ORIENTED_EDGE('',*,*,#1067,.F.);
#1471=ORIENTED_EDGE('',*,*,#1118,.F.);
#1472=ORIENTED_EDGE('',*,*,#1119,.T.);
#1473=ORIENTED_EDGE('',*,*,#1118,.T.);
#1474=ORIENTED_EDGE('',*,*,#1066,.F.);
#1475=ORIENTED_EDGE('',*,*,#1019,.F.);
#1476=ORIENTED_EDGE('',*,*,#1115,.T.);
#1477=ORIENTED_EDGE('',*,*,#1116,.F.);
#1478=ORIENTED_EDGE('',*,*,#1119,.F.);
#1479=ORIENTED_EDGE('',*,*,#1018,.F.);
#1480=ORIENTED_EDGE('',*,*,#1120,.T.);
#1481=ORIENTED_EDGE('',*,*,#1121,.F.);
#1482=ORIENTED_EDGE('',*,*,#1041,.T.);
#1483=ORIENTED_EDGE('',*,*,#1070,.F.);
#1484=ORIENTED_EDGE('',*,*,#1122,.T.);
#1485=ORIENTED_EDGE('',*,*,#1123,.F.);
#1486=ORIENTED_EDGE('',*,*,#1122,.F.);
#1487=ORIENTED_EDGE('',*,*,#1069,.F.);
#1488=ORIENTED_EDGE('',*,*,#1124,.F.);
#1489=ORIENTED_EDGE('',*,*,#1023,.T.);
#1490=ORIENTED_EDGE('',*,*,#1102,.F.);
#1491=ORIENTED_EDGE('',*,*,#1037,.F.);
#1492=ORIENTED_EDGE('',*,*,#1054,.T.);
#1493=ORIENTED_EDGE('',*,*,#1117,.T.);
#1494=ORIENTED_EDGE('',*,*,#1125,.F.);
#1495=ORIENTED_EDGE('',*,*,#1124,.T.);
#1496=ORIENTED_EDGE('',*,*,#1068,.F.);
#1497=ORIENTED_EDGE('',*,*,#1112,.T.);
#1498=ORIENTED_EDGE('',*,*,#1121,.T.);
#1499=ORIENTED_EDGE('',*,*,#1123,.T.);
#1500=ORIENTED_EDGE('',*,*,#1125,.T.);
#1501=ORIENTED_EDGE('',*,*,#1113,.T.);
#1502=ORIENTED_EDGE('',*,*,#1016,.T.);
#1503=ORIENTED_EDGE('',*,*,#1126,.F.);
#1504=ORIENTED_EDGE('',*,*,#1105,.T.);
#1505=ORIENTED_EDGE('',*,*,#1120,.F.);
#1506=ORIENTED_EDGE('',*,*,#1127,.T.);
#1507=ORIENTED_EDGE('',*,*,#1128,.T.);
#1508=ORIENTED_EDGE('',*,*,#1106,.T.);
#1509=ORIENTED_EDGE('',*,*,#1126,.T.);
#1510=ORIENTED_EDGE('',*,*,#1104,.T.);
#1511=ORIENTED_EDGE('',*,*,#1129,.T.);
#1512=ORIENTED_EDGE('',*,*,#1127,.F.);
#1513=ORIENTED_EDGE('',*,*,#1129,.F.);
#1514=ORIENTED_EDGE('',*,*,#1109,.T.);
#1515=ORIENTED_EDGE('',*,*,#1107,.T.);
#1516=ORIENTED_EDGE('',*,*,#1128,.F.);
#1517=ORIENTED_EDGE('',*,*,#1130,.T.);
#1518=ORIENTED_EDGE('',*,*,#1099,.T.);
#1519=ORIENTED_EDGE('',*,*,#1111,.F.);
#1520=ORIENTED_EDGE('',*,*,#1094,.T.);
#1521=ORIENTED_EDGE('',*,*,#1130,.F.);
#1522=ORIENTED_EDGE('',*,*,#1100,.T.);
#1523=ORIENTED_EDGE('',*,*,#1131,.T.);
#1524=ORIENTED_EDGE('',*,*,#1132,.T.);
#1525=ORIENTED_EDGE('',*,*,#1133,.T.);
#1526=ORIENTED_EDGE('',*,*,#1110,.T.);
#1527=ORIENTED_EDGE('',*,*,#1133,.F.);
#1528=ORIENTED_EDGE('',*,*,#1134,.T.);
#1529=ORIENTED_EDGE('',*,*,#1135,.T.);
#1530=ORIENTED_EDGE('',*,*,#1055,.F.);
#1531=ORIENTED_EDGE('',*,*,#1132,.F.);
#1532=ORIENTED_EDGE('',*,*,#1136,.F.);
#1533=ORIENTED_EDGE('',*,*,#1134,.F.);
#1534=ORIENTED_EDGE('',*,*,#1137,.F.);
#1535=ORIENTED_EDGE('',*,*,#1039,.T.);
#1536=ORIENTED_EDGE('',*,*,#1101,.F.);
#1537=ORIENTED_EDGE('',*,*,#1058,.F.);
#1538=ORIENTED_EDGE('',*,*,#1062,.F.);
#1539=ORIENTED_EDGE('',*,*,#1057,.F.);
#1540=ORIENTED_EDGE('',*,*,#1138,.T.);
#1541=ORIENTED_EDGE('',*,*,#1137,.T.);
#1542=ORIENTED_EDGE('',*,*,#1138,.F.);
#1543=ORIENTED_EDGE('',*,*,#1056,.F.);
#1544=ORIENTED_EDGE('',*,*,#1135,.F.);
#1545=ORIENTED_EDGE('',*,*,#1136,.T.);
#1546=ORIENTED_EDGE('',*,*,#1131,.F.);
#1547=ORIENTED_EDGE('',*,*,#1139,.T.);
#1548=ORIENTED_EDGE('',*,*,#1140,.T.);
#1549=ORIENTED_EDGE('',*,*,#1141,.F.);
#1550=ORIENTED_EDGE('',*,*,#1142,.F.);
#1551=ORIENTED_EDGE('',*,*,#1139,.F.);
#1552=ORIENTED_EDGE('',*,*,#1143,.T.);
#1553=ORIENTED_EDGE('',*,*,#1141,.T.);
#1554=ORIENTED_EDGE('',*,*,#1143,.F.);
#1555=ORIENTED_EDGE('',*,*,#1140,.F.);
#1556=ORIENTED_EDGE('',*,*,#1144,.T.);
#1557=ORIENTED_EDGE('',*,*,#1142,.T.);
#1558=ORIENTED_EDGE('',*,*,#1144,.F.);
#1559=ORIENTED_EDGE('',*,*,#1145,.F.);
#1560=ORIENTED_EDGE('',*,*,#1146,.F.);
#1561=ORIENTED_EDGE('',*,*,#1147,.F.);
#1562=ORIENTED_EDGE('',*,*,#1148,.F.);
#1563=ORIENTED_EDGE('',*,*,#1149,.F.);
#1564=ORIENTED_EDGE('',*,*,#1150,.F.);
#1565=ORIENTED_EDGE('',*,*,#1146,.T.);
#1566=ORIENTED_EDGE('',*,*,#1151,.F.);
#1567=ORIENTED_EDGE('',*,*,#1152,.T.);
#1568=ORIENTED_EDGE('',*,*,#1153,.T.);
#1569=ORIENTED_EDGE('',*,*,#1154,.T.);
#1570=ORIENTED_EDGE('',*,*,#1155,.F.);
#1571=ORIENTED_EDGE('',*,*,#1147,.T.);
#1572=ORIENTED_EDGE('',*,*,#1145,.T.);
#1573=ORIENTED_EDGE('',*,*,#1156,.T.);
#1574=ORIENTED_EDGE('',*,*,#1152,.F.);
#1575=ORIENTED_EDGE('',*,*,#1150,.T.);
#1576=ORIENTED_EDGE('',*,*,#1157,.T.);
#1577=ORIENTED_EDGE('',*,*,#1153,.F.);
#1578=ORIENTED_EDGE('',*,*,#1156,.F.);
#1579=ORIENTED_EDGE('',*,*,#1149,.T.);
#1580=ORIENTED_EDGE('',*,*,#1158,.F.);
#1581=ORIENTED_EDGE('',*,*,#1154,.F.);
#1582=ORIENTED_EDGE('',*,*,#1157,.F.);
#1583=ORIENTED_EDGE('',*,*,#1159,.F.);
#1584=ORIENTED_EDGE('',*,*,#1160,.T.);
#1585=ORIENTED_EDGE('',*,*,#1161,.F.);
#1586=ORIENTED_EDGE('',*,*,#1160,.F.);
#1587=ORIENTED_EDGE('',*,*,#1162,.T.);
#1588=ORIENTED_EDGE('',*,*,#1163,.T.);
#1589=ORIENTED_EDGE('',*,*,#1164,.T.);
#1590=ORIENTED_EDGE('',*,*,#1163,.F.);
#1591=ORIENTED_EDGE('',*,*,#1162,.F.);
#1592=ORIENTED_EDGE('',*,*,#1164,.F.);
#1593=ORIENTED_EDGE('',*,*,#1159,.T.);
#1594=ORIENTED_EDGE('',*,*,#1165,.F.);
#1595=ORIENTED_EDGE('',*,*,#1166,.F.);
#1596=ORIENTED_EDGE('',*,*,#1167,.F.);
#1597=ORIENTED_EDGE('',*,*,#1168,.F.);
#1598=ORIENTED_EDGE('',*,*,#1169,.F.);
#1599=ORIENTED_EDGE('',*,*,#1170,.F.);
#1600=ORIENTED_EDGE('',*,*,#1171,.F.);
#1601=ORIENTED_EDGE('',*,*,#1172,.F.);
#1602=ORIENTED_EDGE('',*,*,#1173,.F.);
#1603=ORIENTED_EDGE('',*,*,#1165,.T.);
#1604=ORIENTED_EDGE('',*,*,#1174,.F.);
#1605=ORIENTED_EDGE('',*,*,#1175,.F.);
#1606=ORIENTED_EDGE('',*,*,#1171,.T.);
#1607=ORIENTED_EDGE('',*,*,#1170,.T.);
#1608=ORIENTED_EDGE('',*,*,#1176,.T.);
#1609=ORIENTED_EDGE('',*,*,#1177,.T.);
#1610=ORIENTED_EDGE('',*,*,#1178,.T.);
#1611=ORIENTED_EDGE('',*,*,#1177,.F.);
#1612=ORIENTED_EDGE('',*,*,#1178,.F.);
#1613=ORIENTED_EDGE('',*,*,#1179,.F.);
#1614=ORIENTED_EDGE('',*,*,#1180,.T.);
#1615=ORIENTED_EDGE('',*,*,#1181,.T.);
#1616=ORIENTED_EDGE('',*,*,#1180,.F.);
#1617=ORIENTED_EDGE('',*,*,#1182,.F.);
#1618=ORIENTED_EDGE('',*,*,#1183,.T.);
#1619=ORIENTED_EDGE('',*,*,#1184,.T.);
#1620=ORIENTED_EDGE('',*,*,#1183,.F.);
#1621=ORIENTED_EDGE('',*,*,#1185,.T.);
#1622=ORIENTED_EDGE('',*,*,#1186,.F.);
#1623=ORIENTED_EDGE('',*,*,#1187,.T.);
#1624=ORIENTED_EDGE('',*,*,#1167,.T.);
#1625=ORIENTED_EDGE('',*,*,#1187,.F.);
#1626=ORIENTED_EDGE('',*,*,#1188,.F.);
#1627=ORIENTED_EDGE('',*,*,#1189,.F.);
#1628=ORIENTED_EDGE('',*,*,#1168,.T.);
#1629=ORIENTED_EDGE('',*,*,#1190,.T.);
#1630=ORIENTED_EDGE('',*,*,#1174,.T.);
#1631=ORIENTED_EDGE('',*,*,#1169,.T.);
#1632=ORIENTED_EDGE('',*,*,#1189,.T.);
#1633=ORIENTED_EDGE('',*,*,#1191,.T.);
#1634=ORIENTED_EDGE('',*,*,#1192,.T.);
#1635=ORIENTED_EDGE('',*,*,#1179,.T.);
#1636=ORIENTED_EDGE('',*,*,#1181,.F.);
#1637=ORIENTED_EDGE('',*,*,#1193,.F.);
#1638=ORIENTED_EDGE('',*,*,#1194,.T.);
#1639=ORIENTED_EDGE('',*,*,#1195,.T.);
#1640=ORIENTED_EDGE('',*,*,#1194,.F.);
#1641=ORIENTED_EDGE('',*,*,#1195,.F.);
#1642=ORIENTED_EDGE('',*,*,#1196,.F.);
#1643=ORIENTED_EDGE('',*,*,#1197,.F.);
#1644=ORIENTED_EDGE('',*,*,#1198,.T.);
#1645=ORIENTED_EDGE('',*,*,#1199,.F.);
#1646=ORIENTED_EDGE('',*,*,#1200,.F.);
#1647=ORIENTED_EDGE('',*,*,#1201,.T.);
#1648=ORIENTED_EDGE('',*,*,#1202,.F.);
#1649=ORIENTED_EDGE('',*,*,#1203,.F.);
#1650=ORIENTED_EDGE('',*,*,#1204,.F.);
#1651=ORIENTED_EDGE('',*,*,#1204,.T.);
#1652=ORIENTED_EDGE('',*,*,#1205,.F.);
#1653=ORIENTED_EDGE('',*,*,#1206,.F.);
#1654=ORIENTED_EDGE('',*,*,#1205,.T.);
#1655=ORIENTED_EDGE('',*,*,#1203,.T.);
#1656=ORIENTED_EDGE('',*,*,#1207,.F.);
#1657=ORIENTED_EDGE('',*,*,#1208,.T.);
#1658=ORIENTED_EDGE('',*,*,#1209,.T.);
#1659=ORIENTED_EDGE('',*,*,#1210,.T.);
#1660=ORIENTED_EDGE('',*,*,#1211,.T.);
#1661=ORIENTED_EDGE('',*,*,#1212,.T.);
#1662=ORIENTED_EDGE('',*,*,#1213,.T.);
#1663=ORIENTED_EDGE('',*,*,#1214,.F.);
#1664=ORIENTED_EDGE('',*,*,#1208,.F.);
#1665=ORIENTED_EDGE('',*,*,#1215,.F.);
#1666=ORIENTED_EDGE('',*,*,#1216,.F.);
#1667=ORIENTED_EDGE('',*,*,#1198,.F.);
#1668=ORIENTED_EDGE('',*,*,#1217,.T.);
#1669=ORIENTED_EDGE('',*,*,#1218,.T.);
#1670=ORIENTED_EDGE('',*,*,#1209,.F.);
#1671=ORIENTED_EDGE('',*,*,#1218,.F.);
#1672=ORIENTED_EDGE('',*,*,#1219,.T.);
#1673=ORIENTED_EDGE('',*,*,#1220,.T.);
#1674=ORIENTED_EDGE('',*,*,#1211,.F.);
#1675=ORIENTED_EDGE('',*,*,#1220,.F.);
#1676=ORIENTED_EDGE('',*,*,#1221,.F.);
#1677=ORIENTED_EDGE('',*,*,#1222,.T.);
#1678=ORIENTED_EDGE('',*,*,#1212,.F.);
#1679=ORIENTED_EDGE('',*,*,#1222,.F.);
#1680=ORIENTED_EDGE('',*,*,#1223,.T.);
#1681=ORIENTED_EDGE('',*,*,#1224,.T.);
#1682=ORIENTED_EDGE('',*,*,#1210,.F.);
#1683=ORIENTED_EDGE('',*,*,#1224,.F.);
#1684=ORIENTED_EDGE('',*,*,#1225,.F.);
#1685=ORIENTED_EDGE('',*,*,#1196,.T.);
#1686=ORIENTED_EDGE('',*,*,#1226,.F.);
#1687=ORIENTED_EDGE('',*,*,#1227,.F.);
#1688=ORIENTED_EDGE('',*,*,#1228,.T.);
#1689=ORIENTED_EDGE('',*,*,#1229,.F.);
#1690=ORIENTED_EDGE('',*,*,#1230,.F.);
#1691=ORIENTED_EDGE('',*,*,#1231,.F.);
#1692=ORIENTED_EDGE('',*,*,#1232,.T.);
#1693=ORIENTED_EDGE('',*,*,#1233,.T.);
#1694=ORIENTED_EDGE('',*,*,#1234,.T.);
#1695=ORIENTED_EDGE('',*,*,#1231,.T.);
#1696=ORIENTED_EDGE('',*,*,#1234,.F.);
#1697=ORIENTED_EDGE('',*,*,#1235,.F.);
#1698=ORIENTED_EDGE('',*,*,#1236,.F.);
#1699=ORIENTED_EDGE('',*,*,#1228,.F.);
#1700=ORIENTED_EDGE('',*,*,#1213,.F.);
#1701=ORIENTED_EDGE('',*,*,#1197,.T.);
#1702=ORIENTED_EDGE('',*,*,#1225,.T.);
#1703=ORIENTED_EDGE('',*,*,#1237,.F.);
#1704=ORIENTED_EDGE('',*,*,#1238,.T.);
#1705=ORIENTED_EDGE('',*,*,#1239,.T.);
#1706=ORIENTED_EDGE('',*,*,#1240,.F.);
#1707=ORIENTED_EDGE('',*,*,#1229,.T.);
#1708=ORIENTED_EDGE('',*,*,#1236,.T.);
#1709=ORIENTED_EDGE('',*,*,#1241,.T.);
#1710=ORIENTED_EDGE('',*,*,#1242,.T.);
#1711=ORIENTED_EDGE('',*,*,#1238,.F.);
#1712=ORIENTED_EDGE('',*,*,#1243,.T.);
#1713=ORIENTED_EDGE('',*,*,#1244,.T.);
#1714=ORIENTED_EDGE('',*,*,#1245,.T.);
#1715=ORIENTED_EDGE('',*,*,#1246,.F.);
#1716=ORIENTED_EDGE('',*,*,#1239,.F.);
#1717=ORIENTED_EDGE('',*,*,#1242,.F.);
#1718=ORIENTED_EDGE('',*,*,#1247,.F.);
#1719=ORIENTED_EDGE('',*,*,#1248,.F.);
#1720=ORIENTED_EDGE('',*,*,#1247,.T.);
#1721=ORIENTED_EDGE('',*,*,#1244,.F.);
#1722=ORIENTED_EDGE('',*,*,#1249,.F.);
#1723=ORIENTED_EDGE('',*,*,#1250,.F.);
#1724=ORIENTED_EDGE('',*,*,#1251,.T.);
#1725=ORIENTED_EDGE('',*,*,#1245,.F.);
#1726=ORIENTED_EDGE('',*,*,#1252,.T.);
#1727=ORIENTED_EDGE('',*,*,#1250,.T.);
#1728=ORIENTED_EDGE('',*,*,#1252,.F.);
#1729=ORIENTED_EDGE('',*,*,#1251,.F.);
#1730=ORIENTED_EDGE('',*,*,#1253,.T.);
#1731=ORIENTED_EDGE('',*,*,#1254,.F.);
#1732=ORIENTED_EDGE('',*,*,#1253,.F.);
#1733=ORIENTED_EDGE('',*,*,#1255,.F.);
#1734=ORIENTED_EDGE('',*,*,#1215,.T.);
#1735=ORIENTED_EDGE('',*,*,#1207,.T.);
#1736=ORIENTED_EDGE('',*,*,#1202,.T.);
#1737=ORIENTED_EDGE('',*,*,#1256,.T.);
#1738=ORIENTED_EDGE('',*,*,#1249,.T.);
#1739=ORIENTED_EDGE('',*,*,#1243,.F.);
#1740=ORIENTED_EDGE('',*,*,#1241,.F.);
#1741=ORIENTED_EDGE('',*,*,#1235,.T.);
#1742=ORIENTED_EDGE('',*,*,#1233,.F.);
#1743=ORIENTED_EDGE('',*,*,#1257,.F.);
#1744=ORIENTED_EDGE('',*,*,#1192,.F.);
#1745=ORIENTED_EDGE('',*,*,#1230,.T.);
#1746=ORIENTED_EDGE('',*,*,#1240,.T.);
#1747=ORIENTED_EDGE('',*,*,#1246,.T.);
#1748=ORIENTED_EDGE('',*,*,#1248,.T.);
#1749=ORIENTED_EDGE('',*,*,#1256,.F.);
#1750=ORIENTED_EDGE('',*,*,#1201,.F.);
#1751=ORIENTED_EDGE('',*,*,#1258,.T.);
#1752=ORIENTED_EDGE('',*,*,#1172,.T.);
#1753=ORIENTED_EDGE('',*,*,#1175,.T.);
#1754=ORIENTED_EDGE('',*,*,#1190,.F.);
#1755=ORIENTED_EDGE('',*,*,#1257,.T.);
#1756=ORIENTED_EDGE('',*,*,#1232,.F.);
#1757=ORIENTED_EDGE('',*,*,#1182,.T.);
#1758=ORIENTED_EDGE('',*,*,#1176,.F.);
#1759=ORIENTED_EDGE('',*,*,#1151,.T.);
#1760=ORIENTED_EDGE('',*,*,#1193,.T.);
#1761=ORIENTED_EDGE('',*,*,#1258,.F.);
#1762=ORIENTED_EDGE('',*,*,#1200,.T.);
#1763=ORIENTED_EDGE('',*,*,#1206,.T.);
#1764=ORIENTED_EDGE('',*,*,#1214,.T.);
#1765=ORIENTED_EDGE('',*,*,#1237,.T.);
#1766=ORIENTED_EDGE('',*,*,#1227,.T.);
#1767=ORIENTED_EDGE('',*,*,#1259,.T.);
#1768=ORIENTED_EDGE('',*,*,#1185,.F.);
#1769=ORIENTED_EDGE('',*,*,#1166,.T.);
#1770=ORIENTED_EDGE('',*,*,#1173,.T.);
#1771=ORIENTED_EDGE('',*,*,#1259,.F.);
#1772=ORIENTED_EDGE('',*,*,#1226,.T.);
#1773=ORIENTED_EDGE('',*,*,#1199,.T.);
#1774=ORIENTED_EDGE('',*,*,#1216,.T.);
#1775=ORIENTED_EDGE('',*,*,#1255,.T.);
#1776=ORIENTED_EDGE('',*,*,#1191,.F.);
#1777=ORIENTED_EDGE('',*,*,#1188,.T.);
#1778=ORIENTED_EDGE('',*,*,#1186,.T.);
#1779=ORIENTED_EDGE('',*,*,#1161,.T.);
#1780=ORIENTED_EDGE('',*,*,#1184,.F.);
#1781=ORIENTED_EDGE('',*,*,#1223,.F.);
#1782=ORIENTED_EDGE('',*,*,#1219,.F.);
#1783=ORIENTED_EDGE('',*,*,#1217,.F.);
#1784=ORIENTED_EDGE('',*,*,#1221,.T.);
#1785=ORIENTED_EDGE('',*,*,#1254,.T.);
#1786=ORIENTED_EDGE('',*,*,#1155,.T.);
#1787=ORIENTED_EDGE('',*,*,#1158,.T.);
#1788=ORIENTED_EDGE('',*,*,#1148,.T.);
#1789=ORIENTED_EDGE('',*,*,#1260,.T.);
#1790=ORIENTED_EDGE('',*,*,#1261,.F.);
#1791=ORIENTED_EDGE('',*,*,#1262,.T.);
#1792=ORIENTED_EDGE('',*,*,#1263,.T.);
#1793=ORIENTED_EDGE('',*,*,#1264,.F.);
#1794=ORIENTED_EDGE('',*,*,#1265,.T.);
#1795=ORIENTED_EDGE('',*,*,#1266,.T.);
#1796=ORIENTED_EDGE('',*,*,#1265,.F.);
#1797=ORIENTED_EDGE('',*,*,#1267,.T.);
#1798=ORIENTED_EDGE('',*,*,#1263,.F.);
#1799=ORIENTED_EDGE('',*,*,#1266,.F.);
#1800=ORIENTED_EDGE('',*,*,#1268,.T.);
#1801=ORIENTED_EDGE('',*,*,#1260,.F.);
#1802=ORIENTED_EDGE('',*,*,#1267,.F.);
#1803=ORIENTED_EDGE('',*,*,#1262,.F.);
#1804=ORIENTED_EDGE('',*,*,#1261,.T.);
#1805=ORIENTED_EDGE('',*,*,#1268,.F.);
#1806=ORIENTED_EDGE('',*,*,#1264,.T.);
#1807=PLANE('',#2008);
#1808=PLANE('',#2009);
#1809=PLANE('',#2010);
#1810=PLANE('',#2011);
#1811=PLANE('',#2012);
#1812=PLANE('',#2023);
#1813=PLANE('',#2030);
#1814=PLANE('',#2032);
#1815=PLANE('',#2034);
#1816=PLANE('',#2038);
#1817=PLANE('',#2039);
#1818=PLANE('',#2056);
#1819=PLANE('',#2057);
#1820=PLANE('',#2060);
#1821=PLANE('',#2069);
#1822=PLANE('',#2075);
#1823=PLANE('',#2078);
#1824=PLANE('',#2079);
#1825=PLANE('',#2080);
#1826=PLANE('',#2081);
#1827=PLANE('',#2082);
#1828=PLANE('',#2084);
#1829=PLANE('',#2085);
#1830=PLANE('',#2086);
#1831=PLANE('',#2087);
#1832=PLANE('',#2088);
#1833=PLANE('',#2089);
#1834=PLANE('',#2094);
#1835=PLANE('',#2097);
#1836=PLANE('',#2101);
#1837=PLANE('',#2104);
#1838=PLANE('',#2107);
#1839=PLANE('',#2110);
#1840=PLANE('',#2116);
#1841=PLANE('',#2127);
#1842=PLANE('',#2137);
#1843=PLANE('',#2138);
#1844=PLANE('',#2139);
#1845=PLANE('',#2141);
#1846=PLANE('',#2142);
#1847=PLANE('',#2146);
#1848=PLANE('',#2155);
#1849=PLANE('',#2156);
#1850=PLANE('',#2157);
#1851=PLANE('',#2161);
#1852=PLANE('',#2162);
#1853=PLANE('',#2163);
#1854=PLANE('',#2164);
#1855=PLANE('',#2169);
#1856=PLANE('',#2178);
#1857=PLANE('',#2179);
#1858=PLANE('',#2180);
#1859=PLANE('',#2181);
#1860=PLANE('',#2182);
#1861=PLANE('',#2183);
#1862=PLANE('',#2184);
#1863=PLANE('',#2186);
#1864=PLANE('',#2187);
#1865=PLANE('',#2188);
#1866=PLANE('',#2194);
#1867=PLANE('',#2195);
#1868=PLANE('',#2196);
#1869=PLANE('',#2197);
#1870=PLANE('',#2204);
#1871=PLANE('',#2205);
#1872=PLANE('',#2206);
#1873=ADVANCED_FACE('',(#209),#1807,.F.);
#1874=ADVANCED_FACE('',(#210),#1808,.F.);
#1875=ADVANCED_FACE('',(#211),#1809,.F.);
#1876=ADVANCED_FACE('',(#212),#1810,.F.);
#1877=ADVANCED_FACE('',(#213,#71,#72),#1811,.T.);
#1878=ADVANCED_FACE('',(#214),#31,.F.);
#1879=ADVANCED_FACE('',(#215),#32,.F.);
#1880=ADVANCED_FACE('',(#216,#73,#74),#1812,.T.);
#1881=ADVANCED_FACE('',(#217),#33,.F.);
#1882=ADVANCED_FACE('',(#218),#34,.F.);
#1883=ADVANCED_FACE('',(#219),#1813,.F.);
#1884=ADVANCED_FACE('',(#220),#35,.F.);
#1885=ADVANCED_FACE('',(#221),#1814,.F.);
#1886=ADVANCED_FACE('',(#222),#36,.F.);
#1887=ADVANCED_FACE('',(#223,#75,#76),#1815,.F.);
#1888=ADVANCED_FACE('',(#224),#1816,.T.);
#1889=ADVANCED_FACE('',(#225,#77,#78,#79,#80,#81),#1817,.T.);
#1890=ADVANCED_FACE('',(#226),#37,.F.);
#1891=ADVANCED_FACE('',(#227),#38,.F.);
#1892=ADVANCED_FACE('',(#228),#39,.F.);
#1893=ADVANCED_FACE('',(#229),#40,.F.);
#1894=ADVANCED_FACE('',(#230),#41,.F.);
#1895=ADVANCED_FACE('',(#231),#1818,.T.);
#1896=ADVANCED_FACE('',(#232),#1819,.T.);
#1897=ADVANCED_FACE('',(#233),#42,.T.);
#1898=ADVANCED_FACE('',(#234),#1820,.T.);
#1899=ADVANCED_FACE('',(#235),#43,.F.);
#1900=ADVANCED_FACE('',(#236),#44,.F.);
#1901=ADVANCED_FACE('',(#237,#82,#83,#84,#85,#86,#87,#88,#89),#1821,.F.);
#1902=ADVANCED_FACE('',(#238),#45,.F.);
#1903=ADVANCED_FACE('',(#239,#90),#1822,.T.);
#1904=ADVANCED_FACE('',(#240),#1823,.F.);
#1905=ADVANCED_FACE('',(#241),#1824,.T.);
#1906=ADVANCED_FACE('',(#242),#1825,.T.);
#1907=ADVANCED_FACE('',(#243),#1826,.T.);
#1908=ADVANCED_FACE('',(#244,#91),#1827,.F.);
#1909=ADVANCED_FACE('',(#245),#1828,.F.);
#1910=ADVANCED_FACE('',(#246),#1829,.F.);
#1911=ADVANCED_FACE('',(#247),#1830,.F.);
#1912=ADVANCED_FACE('',(#248),#1831,.T.);
#1913=ADVANCED_FACE('',(#249),#1832,.T.);
#1914=ADVANCED_FACE('',(#250),#1833,.T.);
#1915=ADVANCED_FACE('',(#251),#46,.F.);
#1916=ADVANCED_FACE('',(#252),#1834,.F.);
#1917=ADVANCED_FACE('',(#253),#47,.F.);
#1918=ADVANCED_FACE('',(#254),#1835,.F.);
#1919=ADVANCED_FACE('',(#255),#48,.F.);
#1920=ADVANCED_FACE('',(#256,#92),#1836,.F.);
#1921=ADVANCED_FACE('',(#257),#1837,.F.);
#1922=ADVANCED_FACE('',(#258),#49,.F.);
#1923=ADVANCED_FACE('',(#259),#50,.T.);
#1924=ADVANCED_FACE('',(#260,#93),#1838,.F.);
#1925=ADVANCED_FACE('',(#261,#94),#1839,.F.);
#1926=ADVANCED_FACE('',(#262),#51,.T.);
#1927=ADVANCED_FACE('',(#263),#52,.F.);
#1928=ADVANCED_FACE('',(#264),#1840,.F.);
#1929=ADVANCED_FACE('',(#265),#53,.F.);
#1930=ADVANCED_FACE('',(#266),#54,.F.);
#1931=ADVANCED_FACE('',(#267),#1841,.T.);
#1932=ADVANCED_FACE('',(#268),#55,.F.);
#1933=ADVANCED_FACE('',(#269),#56,.F.);
#1934=ADVANCED_FACE('',(#270),#57,.F.);
#1935=ADVANCED_FACE('',(#271),#1842,.F.);
#1936=ADVANCED_FACE('',(#272,#95),#1843,.T.);
#1937=ADVANCED_FACE('',(#273),#1844,.F.);
#1938=ADVANCED_FACE('',(#274),#1845,.F.);
#1939=ADVANCED_FACE('',(#275),#1846,.T.);
#1940=ADVANCED_FACE('',(#276),#58,.F.);
#1941=ADVANCED_FACE('',(#277),#1847,.T.);
#1942=ADVANCED_FACE('',(#278),#59,.F.);
#1943=ADVANCED_FACE('',(#279),#60,.F.);
#1944=ADVANCED_FACE('',(#280),#61,.T.);
#1945=ADVANCED_FACE('',(#281),#1848,.T.);
#1946=ADVANCED_FACE('',(#282,#96),#1849,.T.);
#1947=ADVANCED_FACE('',(#283),#1850,.F.);
#1948=ADVANCED_FACE('',(#284),#62,.F.);
#1949=ADVANCED_FACE('',(#285),#1851,.T.);
#1950=ADVANCED_FACE('',(#286),#1852,.T.);
#1951=ADVANCED_FACE('',(#287),#1853,.T.);
#1952=ADVANCED_FACE('',(#288,#97,#98,#99,#100),#1854,.F.);
#1953=ADVANCED_FACE('',(#289),#1855,.F.);
#1954=ADVANCED_FACE('',(#290),#63,.F.);
#1955=ADVANCED_FACE('',(#291),#64,.F.);
#1956=ADVANCED_FACE('',(#292),#65,.F.);
#1957=ADVANCED_FACE('',(#293),#66,.F.);
#1958=ADVANCED_FACE('',(#294),#1856,.T.);
#1959=ADVANCED_FACE('',(#295),#1857,.F.);
#1960=ADVANCED_FACE('',(#296),#1858,.F.);
#1961=ADVANCED_FACE('',(#297),#1859,.F.);
#1962=ADVANCED_FACE('',(#298),#1860,.T.);
#1963=ADVANCED_FACE('',(#299),#1861,.T.);
#1964=ADVANCED_FACE('',(#300,#101),#1862,.T.);
#1965=ADVANCED_FACE('',(#301),#1863,.T.);
#1966=ADVANCED_FACE('',(#302),#1864,.T.);
#1967=ADVANCED_FACE('',(#303,#102),#1865,.T.);
#1968=ADVANCED_FACE('',(#304),#67,.F.);
#1969=ADVANCED_FACE('',(#305),#68,.F.);
#1970=ADVANCED_FACE('',(#306),#1866,.T.);
#1971=ADVANCED_FACE('',(#307,#103,#104,#105,#106),#1867,.T.);
#1972=ADVANCED_FACE('',(#308),#1868,.T.);
#1973=ADVANCED_FACE('',(#309,#107,#108,#109,#110,#111,#112,#113,#114),#1869,
 .T.);
#1974=ADVANCED_FACE('',(#310),#69,.T.);
#1975=ADVANCED_FACE('',(#311),#70,.F.);
#1976=ADVANCED_FACE('',(#312,#115),#1870,.F.);
#1977=ADVANCED_FACE('',(#313),#1871,.T.);
#1978=ADVANCED_FACE('',(#314,#116),#1872,.F.);
#1979=CLOSED_SHELL('',(#1873,#1874,#1875,#1876,#1877,#1878,#1879,#1880,
#1881,#1882,#1883,#1884,#1885,#1886,#1887,#1888,#1889,#1890,#1891,#1892,
#1893,#1894,#1895,#1896,#1897,#1898,#1899,#1900,#1901,#1902,#1903,#1904,
#1905,#1906,#1907,#1908,#1909,#1910,#1911,#1912,#1913,#1914,#1915,#1916,
#1917,#1918,#1919,#1920,#1921,#1922,#1923));
#1980=CLOSED_SHELL('',(#1924,#1925,#1926,#1927));
#1981=CLOSED_SHELL('',(#1928,#1929,#1930,#1931,#1932,#1933,#1934,#1935,
#1936,#1937,#1938,#1939,#1940,#1941,#1942,#1943,#1944,#1945,#1946,#1947,
#1948,#1949,#1950,#1951,#1952,#1953,#1954,#1955,#1956,#1957,#1958,#1959,
#1960,#1961,#1962,#1963,#1964,#1965,#1966,#1967,#1968,#1969,#1970,#1971,
#1972,#1973));
#1982=CLOSED_SHELL('',(#1974,#1975,#1976,#1977,#1978));
#1983=DERIVED_UNIT_ELEMENT(#1987,1.);
#1984=DERIVED_UNIT_ELEMENT(#3360,-3.);
#1985=DERIVED_UNIT_ELEMENT(#1987,1.);
#1986=DERIVED_UNIT_ELEMENT(#3360,-3.);
#1987=(
MASS_UNIT()
NAMED_UNIT(*)
SI_UNIT(.KILO.,.GRAM.)
);
#1988=DERIVED_UNIT((#1983,#1984));
#1989=DERIVED_UNIT((#1985,#1986));
#1990=MEASURE_REPRESENTATION_ITEM('density measure',
POSITIVE_RATIO_MEASURE(7850.),#1988);
#1991=MEASURE_REPRESENTATION_ITEM('density measure',
POSITIVE_RATIO_MEASURE(7850.),#1989);
#1992=PROPERTY_DEFINITION_REPRESENTATION(#2002,#1996);
#1993=PROPERTY_DEFINITION_REPRESENTATION(#2003,#1997);
#1994=PROPERTY_DEFINITION_REPRESENTATION(#2004,#1998);
#1995=PROPERTY_DEFINITION_REPRESENTATION(#2005,#1999);
#1996=REPRESENTATION('material name',(#2000),#3356);
#1997=REPRESENTATION('density',(#1990),#3356);
#1998=REPRESENTATION('material name',(#2001),#3357);
#1999=REPRESENTATION('density',(#1991),#3357);
#2000=DESCRIPTIVE_REPRESENTATION_ITEM('Steel','Steel');
#2001=DESCRIPTIVE_REPRESENTATION_ITEM('Steel','Steel');
#2002=PROPERTY_DEFINITION('material property','material name',#3376);
#2003=PROPERTY_DEFINITION('material property','density of part',#3376);
#2004=PROPERTY_DEFINITION('material property','material name',#3377);
#2005=PROPERTY_DEFINITION('material property','density of part',#3377);
#2006=AXIS2_PLACEMENT_3D('',#2792,#2209,#2210);
#2007=AXIS2_PLACEMENT_3D('',#2793,#2211,#2212);
#2008=AXIS2_PLACEMENT_3D('',#2794,#2213,#2214);
#2009=AXIS2_PLACEMENT_3D('',#2803,#2219,#2220);
#2010=AXIS2_PLACEMENT_3D('',#2809,#2224,#2225);
#2011=AXIS2_PLACEMENT_3D('',#2818,#2230,#2231);
#2012=AXIS2_PLACEMENT_3D('',#2824,#2235,#2236);
#2013=AXIS2_PLACEMENT_3D('',#2845,#2247,#2248);
#2014=AXIS2_PLACEMENT_3D('',#2847,#2249,#2250);
#2015=AXIS2_PLACEMENT_3D('',#2849,#2251,#2252);
#2016=AXIS2_PLACEMENT_3D('',#2853,#2254,#2255);
#2017=AXIS2_PLACEMENT_3D('',#2857,#2257,#2258);
#2018=AXIS2_PLACEMENT_3D('',#2858,#2259,#2260);
#2019=AXIS2_PLACEMENT_3D('',#2859,#2261,#2262);
#2020=AXIS2_PLACEMENT_3D('',#2862,#2264,#2265);
#2021=AXIS2_PLACEMENT_3D('',#2863,#2266,#2267);
#2022=AXIS2_PLACEMENT_3D('',#2865,#2268,#2269);
#2023=AXIS2_PLACEMENT_3D('',#2867,#2271,#2272);
#2024=AXIS2_PLACEMENT_3D('',#2883,#2280,#2281);
#2025=AXIS2_PLACEMENT_3D('',#2887,#2283,#2284);
#2026=AXIS2_PLACEMENT_3D('',#2890,#2286,#2287);
#2027=AXIS2_PLACEMENT_3D('',#2891,#2288,#2289);
#2028=AXIS2_PLACEMENT_3D('',#2892,#2290,#2291);
#2029=AXIS2_PLACEMENT_3D('',#2894,#2293,#2294);
#2030=AXIS2_PLACEMENT_3D('',#2896,#2296,#2297);
#2031=AXIS2_PLACEMENT_3D('',#2898,#2299,#2300);
#2032=AXIS2_PLACEMENT_3D('',#2900,#2302,#2303);
#2033=AXIS2_PLACEMENT_3D('',#2901,#2304,#2305);
#2034=AXIS2_PLACEMENT_3D('',#2902,#2306,#2307);
#2035=AXIS2_PLACEMENT_3D('',#2907,#2310,#2311);
#2036=AXIS2_PLACEMENT_3D('',#2908,#2312,#2313);
#2037=AXIS2_PLACEMENT_3D('',#2910,#2314,#2315);
#2038=AXIS2_PLACEMENT_3D('',#2911,#2316,#2317);
#2039=AXIS2_PLACEMENT_3D('',#2920,#2322,#2323);
#2040=AXIS2_PLACEMENT_3D('',#2923,#2325,#2326);
#2041=AXIS2_PLACEMENT_3D('',#2937,#2334,#2335);
#2042=AXIS2_PLACEMENT_3D('',#2939,#2336,#2337);
#2043=AXIS2_PLACEMENT_3D('',#2941,#2338,#2339);
#2044=AXIS2_PLACEMENT_3D('',#2943,#2340,#2341);
#2045=AXIS2_PLACEMENT_3D('',#2945,#2342,#2343);
#2046=AXIS2_PLACEMENT_3D('',#2946,#2344,#2345);
#2047=AXIS2_PLACEMENT_3D('',#2948,#2346,#2347);
#2048=AXIS2_PLACEMENT_3D('',#2950,#2349,#2350);
#2049=AXIS2_PLACEMENT_3D('',#2952,#2351,#2352);
#2050=AXIS2_PLACEMENT_3D('',#2954,#2354,#2355);
#2051=AXIS2_PLACEMENT_3D('',#2956,#2356,#2357);
#2052=AXIS2_PLACEMENT_3D('',#2958,#2359,#2360);
#2053=AXIS2_PLACEMENT_3D('',#2960,#2361,#2362);
#2054=AXIS2_PLACEMENT_3D('',#2962,#2364,#2365);
#2055=AXIS2_PLACEMENT_3D('',#2964,#2366,#2367);
#2056=AXIS2_PLACEMENT_3D('',#2966,#2369,#2370);
#2057=AXIS2_PLACEMENT_3D('',#2970,#2373,#2374);
#2058=AXIS2_PLACEMENT_3D('',#2974,#2377,#2378);
#2059=AXIS2_PLACEMENT_3D('',#2975,#2379,#2380);
#2060=AXIS2_PLACEMENT_3D('',#2976,#2381,#2382);
#2061=AXIS2_PLACEMENT_3D('',#2978,#2383,#2384);
#2062=AXIS2_PLACEMENT_3D('',#2979,#2385,#2386);
#2063=AXIS2_PLACEMENT_3D('',#2982,#2388,#2389);
#2064=AXIS2_PLACEMENT_3D('',#2983,#2390,#2391);
#2065=AXIS2_PLACEMENT_3D('',#2988,#2393,#2394);
#2066=AXIS2_PLACEMENT_3D('',#2991,#2396,#2397);
#2067=AXIS2_PLACEMENT_3D('',#2993,#2398,#2399);
#2068=AXIS2_PLACEMENT_3D('',#2996,#2401,#2402);
#2069=AXIS2_PLACEMENT_3D('',#2997,#2403,#2404);
#2070=AXIS2_PLACEMENT_3D('',#3001,#2407,#2408);
#2071=AXIS2_PLACEMENT_3D('',#3002,#2409,#2410);
#2072=AXIS2_PLACEMENT_3D('',#3007,#2412,#2413);
#2073=AXIS2_PLACEMENT_3D('',#3011,#2415,#2416);
#2074=AXIS2_PLACEMENT_3D('',#3013,#2418,#2419);
#2075=AXIS2_PLACEMENT_3D('',#3014,#2420,#2421);
#2076=AXIS2_PLACEMENT_3D('',#3016,#2422,#2423);
#2077=AXIS2_PLACEMENT_3D('',#3017,#2424,#2425);
#2078=AXIS2_PLACEMENT_3D('',#3018,#2426,#2427);
#2079=AXIS2_PLACEMENT_3D('',#3020,#2429,#2430);
#2080=AXIS2_PLACEMENT_3D('',#3026,#2434,#2435);
#2081=AXIS2_PLACEMENT_3D('',#3031,#2439,#2440);
#2082=AXIS2_PLACEMENT_3D('',#3033,#2442,#2443);
#2083=AXIS2_PLACEMENT_3D('',#3035,#2444,#2445);
#2084=AXIS2_PLACEMENT_3D('',#3036,#2446,#2447);
#2085=AXIS2_PLACEMENT_3D('',#3040,#2450,#2451);
#2086=AXIS2_PLACEMENT_3D('',#3044,#2454,#2455);
#2087=AXIS2_PLACEMENT_3D('',#3045,#2456,#2457);
#2088=AXIS2_PLACEMENT_3D('',#3047,#2459,#2460);
#2089=AXIS2_PLACEMENT_3D('',#3048,#2461,#2462);
#2090=AXIS2_PLACEMENT_3D('',#3049,#2463,#2464);
#2091=AXIS2_PLACEMENT_3D('',#3050,#2465,#2466);
#2092=AXIS2_PLACEMENT_3D('',#3053,#2468,#2469);
#2093=AXIS2_PLACEMENT_3D('',#3054,#2470,#2471);
#2094=AXIS2_PLACEMENT_3D('',#3055,#2472,#2473);
#2095=AXIS2_PLACEMENT_3D('',#3056,#2474,#2475);
#2096=AXIS2_PLACEMENT_3D('',#3057,#2476,#2477);
#2097=AXIS2_PLACEMENT_3D('',#3058,#2478,#2479);
#2098=AXIS2_PLACEMENT_3D('',#3059,#2480,#2481);
#2099=AXIS2_PLACEMENT_3D('',#3063,#2483,#2484);
#2100=AXIS2_PLACEMENT_3D('',#3066,#2486,#2487);
#2101=AXIS2_PLACEMENT_3D('',#3068,#2489,#2490);
#2102=AXIS2_PLACEMENT_3D('',#3069,#2491,#2492);
#2103=AXIS2_PLACEMENT_3D('',#3071,#2493,#2494);
#2104=AXIS2_PLACEMENT_3D('',#3072,#2495,#2496);
#2105=AXIS2_PLACEMENT_3D('',#3073,#2497,#2498);
#2106=AXIS2_PLACEMENT_3D('',#3075,#2500,#2501);
#2107=AXIS2_PLACEMENT_3D('',#3076,#2502,#2503);
#2108=AXIS2_PLACEMENT_3D('',#3078,#2504,#2505);
#2109=AXIS2_PLACEMENT_3D('',#3080,#2506,#2507);
#2110=AXIS2_PLACEMENT_3D('',#3081,#2508,#2509);
#2111=AXIS2_PLACEMENT_3D('',#3083,#2510,#2511);
#2112=AXIS2_PLACEMENT_3D('',#3085,#2512,#2513);
#2113=AXIS2_PLACEMENT_3D('',#3086,#2514,#2515);
#2114=AXIS2_PLACEMENT_3D('',#3088,#2517,#2518);
#2115=AXIS2_PLACEMENT_3D('',#3090,#2520,#2521);
#2116=AXIS2_PLACEMENT_3D('',#3091,#2522,#2523);
#2117=AXIS2_PLACEMENT_3D('',#3094,#2524,#2525);
#2118=AXIS2_PLACEMENT_3D('',#3095,#2526,#2527);
#2119=AXIS2_PLACEMENT_3D('',#3096,#2528,#2529);
#2120=AXIS2_PLACEMENT_3D('',#3100,#2531,#2532);
#2121=AXIS2_PLACEMENT_3D('',#3103,#2534,#2535);
#2122=AXIS2_PLACEMENT_3D('',#3104,#2536,#2537);
#2123=AXIS2_PLACEMENT_3D('',#3106,#2538,#2539);
#2124=AXIS2_PLACEMENT_3D('',#3110,#2541,#2542);
#2125=AXIS2_PLACEMENT_3D('',#3113,#2544,#2545);
#2126=AXIS2_PLACEMENT_3D('',#3114,#2546,#2547);
#2127=AXIS2_PLACEMENT_3D('',#3115,#2548,#2549);
#2128=AXIS2_PLACEMENT_3D('',#3116,#2550,#2551);
#2129=AXIS2_PLACEMENT_3D('',#3117,#2552,#2553);
#2130=AXIS2_PLACEMENT_3D('',#3118,#2554,#2555);
#2131=AXIS2_PLACEMENT_3D('',#3119,#2556,#2557);
#2132=AXIS2_PLACEMENT_3D('',#3121,#2558,#2559);
#2133=AXIS2_PLACEMENT_3D('',#3124,#2561,#2562);
#2134=AXIS2_PLACEMENT_3D('',#3125,#2563,#2564);
#2135=AXIS2_PLACEMENT_3D('',#3127,#2565,#2566);
#2136=AXIS2_PLACEMENT_3D('',#3130,#2568,#2569);
#2137=AXIS2_PLACEMENT_3D('',#3131,#2570,#2571);
#2138=AXIS2_PLACEMENT_3D('',#3132,#2572,#2573);
#2139=AXIS2_PLACEMENT_3D('',#3133,#2574,#2575);
#2140=AXIS2_PLACEMENT_3D('',#3140,#2578,#2579);
#2141=AXIS2_PLACEMENT_3D('',#3146,#2583,#2584);
#2142=AXIS2_PLACEMENT_3D('',#3152,#2588,#2589);
#2143=AXIS2_PLACEMENT_3D('',#3156,#2592,#2593);
#2144=AXIS2_PLACEMENT_3D('',#3158,#2594,#2595);
#2145=AXIS2_PLACEMENT_3D('',#3161,#2597,#2598);
#2146=AXIS2_PLACEMENT_3D('',#3162,#2599,#2600);
#2147=AXIS2_PLACEMENT_3D('',#3163,#2601,#2602);
#2148=AXIS2_PLACEMENT_3D('',#3165,#2603,#2604);
#2149=AXIS2_PLACEMENT_3D('',#3168,#2606,#2607);
#2150=AXIS2_PLACEMENT_3D('',#3169,#2608,#2609);
#2151=AXIS2_PLACEMENT_3D('',#3171,#2610,#2611);
#2152=AXIS2_PLACEMENT_3D('',#3174,#2613,#2614);
#2153=AXIS2_PLACEMENT_3D('',#3175,#2615,#2616);
#2154=AXIS2_PLACEMENT_3D('',#3179,#2618,#2619);
#2155=AXIS2_PLACEMENT_3D('',#3181,#2621,#2622);
#2156=AXIS2_PLACEMENT_3D('',#3185,#2625,#2626);
#2157=AXIS2_PLACEMENT_3D('',#3191,#2630,#2631);
#2158=AXIS2_PLACEMENT_3D('',#3192,#2632,#2633);
#2159=AXIS2_PLACEMENT_3D('',#3194,#2634,#2635);
#2160=AXIS2_PLACEMENT_3D('',#3197,#2637,#2638);
#2161=AXIS2_PLACEMENT_3D('',#3198,#2639,#2640);
#2162=AXIS2_PLACEMENT_3D('',#3199,#2641,#2642);
#2163=AXIS2_PLACEMENT_3D('',#3208,#2647,#2648);
#2164=AXIS2_PLACEMENT_3D('',#3221,#2655,#2656);
#2165=AXIS2_PLACEMENT_3D('',#3228,#2660,#2661);
#2166=AXIS2_PLACEMENT_3D('',#3230,#2662,#2663);
#2167=AXIS2_PLACEMENT_3D('',#3232,#2664,#2665);
#2168=AXIS2_PLACEMENT_3D('',#3234,#2666,#2667);
#2169=AXIS2_PLACEMENT_3D('',#3235,#2668,#2669);
#2170=AXIS2_PLACEMENT_3D('',#3242,#2674,#2675);
#2171=AXIS2_PLACEMENT_3D('',#3244,#2676,#2677);
#2172=AXIS2_PLACEMENT_3D('',#3246,#2679,#2680);
#2173=AXIS2_PLACEMENT_3D('',#3248,#2681,#2682);
#2174=AXIS2_PLACEMENT_3D('',#3250,#2684,#2685);
#2175=AXIS2_PLACEMENT_3D('',#3252,#2686,#2687);
#2176=AXIS2_PLACEMENT_3D('',#3254,#2689,#2690);
#2177=AXIS2_PLACEMENT_3D('',#3256,#2691,#2692);
#2178=AXIS2_PLACEMENT_3D('',#3258,#2694,#2695);
#2179=AXIS2_PLACEMENT_3D('',#3264,#2699,#2700);
#2180=AXIS2_PLACEMENT_3D('',#3273,#2705,#2706);
#2181=AXIS2_PLACEMENT_3D('',#3279,#2710,#2711);
#2182=AXIS2_PLACEMENT_3D('',#3283,#2714,#2715);
#2183=AXIS2_PLACEMENT_3D('',#3285,#2717,#2718);
#2184=AXIS2_PLACEMENT_3D('',#3293,#2723,#2724);
#2185=AXIS2_PLACEMENT_3D('',#3300,#2728,#2729);
#2186=AXIS2_PLACEMENT_3D('',#3301,#2730,#2731);
#2187=AXIS2_PLACEMENT_3D('',#3305,#2734,#2735);
#2188=AXIS2_PLACEMENT_3D('',#3309,#2738,#2739);
#2189=AXIS2_PLACEMENT_3D('',#3311,#2740,#2741);
#2190=AXIS2_PLACEMENT_3D('',#3313,#2742,#2743);
#2191=AXIS2_PLACEMENT_3D('',#3314,#2744,#2745);
#2192=AXIS2_PLACEMENT_3D('',#3316,#2747,#2748);
#2193=AXIS2_PLACEMENT_3D('',#3319,#2750,#2751);
#2194=AXIS2_PLACEMENT_3D('',#3320,#2752,#2753);
#2195=AXIS2_PLACEMENT_3D('',#3324,#2757,#2758);
#2196=AXIS2_PLACEMENT_3D('',#3326,#2760,#2761);
#2197=AXIS2_PLACEMENT_3D('',#3328,#2763,#2764);
#2198=AXIS2_PLACEMENT_3D('',#3329,#2765,#2766);
#2199=AXIS2_PLACEMENT_3D('',#3334,#2768,#2769);
#2200=AXIS2_PLACEMENT_3D('',#3337,#2771,#2772);
#2201=AXIS2_PLACEMENT_3D('',#3338,#2773,#2774);
#2202=AXIS2_PLACEMENT_3D('',#3340,#2775,#2776);
#2203=AXIS2_PLACEMENT_3D('',#3343,#2778,#2779);
#2204=AXIS2_PLACEMENT_3D('',#3344,#2780,#2781);
#2205=AXIS2_PLACEMENT_3D('',#3346,#2783,#2784);
#2206=AXIS2_PLACEMENT_3D('',#3348,#2786,#2787);
#2207=AXIS2_PLACEMENT_3D('',#3349,#2788,#2789);
#2208=AXIS2_PLACEMENT_3D('',#3350,#2790,#2791);
#2209=DIRECTION('axis',(0.,0.,1.));
#2210=DIRECTION('refdir',(1.,0.,0.));
#2211=DIRECTION('axis',(0.,0.,1.));
#2212=DIRECTION('refdir',(1.,0.,0.));
#2213=DIRECTION('center_axis',(-0.766044443119067,0.454519477671968,-0.454519477671969));
#2214=DIRECTION('ref_axis',(-0.642787609686433,-0.541675220419752,0.541675220419778));
#2215=DIRECTION('',(-0.642787609686433,-0.541675220419765,0.541675220419765));
#2216=DIRECTION('',(-2.74129141882755E-15,0.707106781186546,0.707106781186549));
#2217=DIRECTION('',(0.642787609686433,0.541675220419763,-0.541675220419767));
#2218=DIRECTION('',(2.82409672400676E-15,-0.707106781186546,-0.707106781186549));
#2219=DIRECTION('center_axis',(0.766044443119063,0.454519477671975,-0.45451947767197));
#2220=DIRECTION('ref_axis',(-0.642787609686439,0.541675220419746,-0.541675220419778));
#2221=DIRECTION('',(-0.642787609686439,0.541675220419762,-0.541675220419762));
#2222=DIRECTION('',(2.82409672400676E-15,-0.707106781186546,-0.707106781186549));
#2223=DIRECTION('',(0.642787609686439,-0.54167522041976,0.541675220419763));
#2224=DIRECTION('center_axis',(-0.766044443119162,0.454519477671888,-0.454519477671889));
#2225=DIRECTION('ref_axis',(-0.64278760968632,-0.541675220419828,0.541675220419836));
#2226=DIRECTION('',(-0.64278760968632,-0.541675220419832,0.541675220419832));
#2227=DIRECTION('',(-2.74129141882755E-15,0.707106781186546,0.707106781186549));
#2228=DIRECTION('',(0.64278760968632,0.54167522041983,-0.541675220419834));
#2229=DIRECTION('',(2.74129141882755E-15,-0.707106781186546,-0.707106781186549));
#2230=DIRECTION('center_axis',(0.766044443119152,0.454519477671899,-0.454519477671895));
#2231=DIRECTION('ref_axis',(-0.642787609686332,0.541675220419844,-0.541675220419806));
#2232=DIRECTION('',(-0.642787609686332,0.541675220419825,-0.541675220419825));
#2233=DIRECTION('',(2.74129141882755E-15,-0.707106781186546,-0.707106781186549));
#2234=DIRECTION('',(0.642787609686332,-0.541675220419823,0.541675220419827));
#2235=DIRECTION('center_axis',(0.,-0.707106781186548,-0.707106781186548));
#2236=DIRECTION('ref_axis',(-1.,0.,0.));
#2237=DIRECTION('',(-1.,0.,0.));
#2238=DIRECTION('',(-9.70024389580814E-15,-0.707106781186548,0.707106781186548));
#2239=DIRECTION('',(-1.,-3.82466792655457E-12,3.82466792655457E-12));
#2240=DIRECTION('',(-1.43248328366528E-15,-0.707106781186548,0.707106781186547));
#2241=DIRECTION('',(1.,-3.34338665734189E-16,6.49784746246951E-16));
#2242=DIRECTION('',(-1.43248328366528E-15,-0.707106781186548,0.707106781186547));
#2243=DIRECTION('',(-1.,7.75035146735455E-18,-7.75035146735455E-18));
#2244=DIRECTION('',(-2.17894099802631E-33,-0.707106781186548,0.707106781186548));
#2245=DIRECTION('',(1.,-7.75035146735455E-18,7.75035146735455E-18));
#2246=DIRECTION('',(0.,-0.707106781186548,0.707106781186547));
#2247=DIRECTION('center_axis',(-1.85168680652879E-14,-0.707106781186539,
-0.707106781186556));
#2248=DIRECTION('ref_axis',(-0.911602056274375,0.290673090426641,-0.29067309042661));
#2249=DIRECTION('center_axis',(3.0584021495452E-15,-0.707106781186546,-0.707106781186549));
#2250=DIRECTION('ref_axis',(-0.997731947167253,0.0475970671462099,-0.047597067146214));
#2251=DIRECTION('center_axis',(0.,0.707106781186548,0.707106781186548));
#2252=DIRECTION('ref_axis',(1.,0.,0.));
#2253=DIRECTION('',(-1.,4.59298794310613E-13,-4.59298794310613E-13));
#2254=DIRECTION('center_axis',(0.,0.707106781186548,0.707106781186548));
#2255=DIRECTION('ref_axis',(1.,2.6287392550599E-15,1.36513663348389E-15));
#2256=DIRECTION('',(-1.,4.59298794310613E-13,-4.59298794310613E-13));
#2257=DIRECTION('center_axis',(0.,0.707106781186548,0.707106781186548));
#2258=DIRECTION('ref_axis',(1.,0.,0.));
#2259=DIRECTION('center_axis',(3.0584021495452E-15,-0.707106781186546,-0.707106781186549));
#2260=DIRECTION('ref_axis',(-0.997731947167253,0.0475970671462099,-0.047597067146214));
#2261=DIRECTION('center_axis',(-2.74129141882755E-15,0.707106781186546,
0.707106781186549));
#2262=DIRECTION('ref_axis',(-0.997731947167253,0.0475970671462101,-0.0475970671462138));
#2263=DIRECTION('',(2.74129141882755E-15,-0.707106781186546,-0.707106781186549));
#2264=DIRECTION('center_axis',(3.0584021495452E-15,-0.707106781186546,-0.707106781186549));
#2265=DIRECTION('ref_axis',(-0.997731947167253,0.0475970671462099,-0.047597067146214));
#2266=DIRECTION('center_axis',(-2.74129141882755E-15,0.707106781186546,
0.707106781186549));
#2267=DIRECTION('ref_axis',(-0.997731947167253,0.0475970671462101,-0.0475970671462138));
#2268=DIRECTION('center_axis',(3.0584021495452E-15,-0.707106781186546,-0.707106781186549));
#2269=DIRECTION('ref_axis',(-0.997731947167253,0.0475970671462099,-0.047597067146214));
#2270=DIRECTION('',(-2.74129141882755E-15,0.707106781186546,0.707106781186549));
#2271=DIRECTION('center_axis',(4.93038065763132E-32,0.70710678118655,0.707106781186545));
#2272=DIRECTION('ref_axis',(-1.26860900654103E-15,-0.707106781186545,0.70710678118655));
#2273=DIRECTION('',(1.,-3.4863055968421E-32,-3.4863055968421E-32));
#2274=DIRECTION('',(0.,-0.707106781186545,0.70710678118655));
#2275=DIRECTION('',(-1.,7.75035146735456E-18,-7.75035146735454E-18));
#2276=DIRECTION('',(0.,-0.707106781186548,0.707106781186547));
#2277=DIRECTION('',(-1.,7.75035146735456E-18,-7.75035146735454E-18));
#2278=DIRECTION('',(-9.70024389580814E-15,-0.707106781186548,0.707106781186548));
#2279=DIRECTION('',(-9.70024389580814E-15,-0.707106781186548,0.707106781186548));
#2280=DIRECTION('center_axis',(0.,-0.707106781186548,-0.707106781186548));
#2281=DIRECTION('ref_axis',(1.,0.,0.));
#2282=DIRECTION('',(1.,-4.59298794310612E-13,4.59298794310615E-13));
#2283=DIRECTION('center_axis',(-4.93038065763132E-32,-0.70710678118655,
-0.707106781186545));
#2284=DIRECTION('ref_axis',(1.,2.6287392550599E-15,1.36513663348389E-15));
#2285=DIRECTION('',(1.,-4.59298794310612E-13,4.59298794310615E-13));
#2286=DIRECTION('center_axis',(0.,-0.707106781186548,-0.707106781186548));
#2287=DIRECTION('ref_axis',(1.,0.,0.));
#2288=DIRECTION('center_axis',(-4.93038065763132E-32,-0.70710678118655,
-0.707106781186545));
#2289=DIRECTION('ref_axis',(1.,2.6287392550599E-15,1.36513663348389E-15));
#2290=DIRECTION('center_axis',(0.,0.707106781186548,0.707106781186547));
#2291=DIRECTION('ref_axis',(1.,0.,0.));
#2292=DIRECTION('',(0.,0.707106781186548,0.707106781186547));
#2293=DIRECTION('center_axis',(0.,0.707106781186548,0.707106781186547));
#2294=DIRECTION('ref_axis',(1.,0.,0.));
#2295=DIRECTION('',(0.,-0.707106781186548,-0.707106781186547));
#2296=DIRECTION('center_axis',(6.4954658409568E-13,0.707106781186549,-0.707106781186546));
#2297=DIRECTION('ref_axis',(-1.,7.85196530899757E-13,-1.33401057721467E-13));
#2298=DIRECTION('',(-2.82409672400676E-15,0.707106781186546,0.707106781186549));
#2299=DIRECTION('center_axis',(-2.82409672400676E-15,0.707106781186546,
0.707106781186549));
#2300=DIRECTION('ref_axis',(1.,2.6287392550599E-15,1.36513663348389E-15));
#2301=DIRECTION('',(-2.82409672400676E-15,0.707106781186546,0.707106781186549));
#2302=DIRECTION('center_axis',(6.4954658409568E-13,0.707106781186549,-0.707106781186546));
#2303=DIRECTION('ref_axis',(-1.,4.58242371920149E-13,-4.60355216701077E-13));
#2304=DIRECTION('center_axis',(-2.82409672400676E-15,0.707106781186546,
0.707106781186549));
#2305=DIRECTION('ref_axis',(1.85695845620025E-13,-0.707106781186549,0.707106781186546));
#2306=DIRECTION('center_axis',(0.,-0.707106781186548,0.707106781186548));
#2307=DIRECTION('ref_axis',(1.,0.,0.));
#2308=DIRECTION('',(-3.31321580192825E-29,0.707106781186548,0.707106781186548));
#2309=DIRECTION('',(0.,-0.707106781186548,-0.707106781186548));
#2310=DIRECTION('center_axis',(0.,-0.707106781186548,0.707106781186548));
#2311=DIRECTION('ref_axis',(-1.,1.93573357132198E-15,-2.25117965183474E-15));
#2312=DIRECTION('center_axis',(0.,0.707106781186548,-0.707106781186548));
#2313=DIRECTION('ref_axis',(-1.,1.1073000362921E-15,-1.36723496557359E-15));
#2314=DIRECTION('center_axis',(0.,-0.707106781186548,0.707106781186548));
#2315=DIRECTION('ref_axis',(1.,-1.1073000362921E-15,1.36723496557359E-15));
#2316=DIRECTION('center_axis',(0.,0.707106781186548,0.707106781186548));
#2317=DIRECTION('ref_axis',(1.,0.,0.));
#2318=DIRECTION('',(0.,-0.707106781186548,0.707106781186548));
#2319=DIRECTION('',(1.,-4.63849579640592E-16,-1.21813690024662E-13));
#2320=DIRECTION('',(3.06534039071054E-45,-0.707106781186546,0.707106781186549));
#2321=DIRECTION('',(1.,-7.75035146735455E-18,7.75035146735455E-18));
#2322=DIRECTION('center_axis',(1.0960652158291E-17,0.707106781186545,-0.70710678118655));
#2323=DIRECTION('ref_axis',(-1.0960652158291E-17,0.70710678118655,0.707106781186545));
#2324=DIRECTION('',(0.,0.70710678118655,0.707106781186545));
#2325=DIRECTION('center_axis',(1.0960652158291E-17,0.707106781186545,-0.70710678118655));
#2326=DIRECTION('ref_axis',(-0.76539860581873,-0.4550631682584,-0.455063168258398));
#2327=DIRECTION('',(1.,-7.75035146735455E-18,7.75035146735455E-18));
#2328=DIRECTION('',(1.09606521582911E-17,0.70710678118655,0.707106781186545));
#2329=DIRECTION('',(-2.23054062629285E-16,0.70710678118655,0.707106781186545));
#2330=DIRECTION('',(-1.,-1.49972688789027E-16,-1.65473391723735E-16));
#2331=DIRECTION('',(0.,0.70710678118655,0.707106781186545));
#2332=DIRECTION('',(-1.,7.75035146735449E-18,-7.75035146735461E-18));
#2333=DIRECTION('',(7.88860905221012E-31,-0.70710678118655,-0.707106781186545));
#2334=DIRECTION('center_axis',(1.0960652158291E-17,0.707106781186545,-0.70710678118655));
#2335=DIRECTION('ref_axis',(1.,0.,0.));
#2336=DIRECTION('center_axis',(-1.0960652158291E-17,-0.707106781186545,
0.70710678118655));
#2337=DIRECTION('ref_axis',(1.,0.,0.));
#2338=DIRECTION('center_axis',(-1.0960652158291E-17,-0.707106781186545,
0.70710678118655));
#2339=DIRECTION('ref_axis',(1.,0.,0.));
#2340=DIRECTION('center_axis',(1.0960652158291E-17,0.707106781186545,-0.70710678118655));
#2341=DIRECTION('ref_axis',(1.,0.,0.));
#2342=DIRECTION('center_axis',(-1.0960652158291E-17,-0.707106781186545,
0.70710678118655));
#2343=DIRECTION('ref_axis',(1.,0.,0.));
#2344=DIRECTION('center_axis',(0.,0.707106781186545,-0.70710678118655));
#2345=DIRECTION('ref_axis',(1.,0.,0.));
#2346=DIRECTION('center_axis',(-1.0960652158291E-17,-0.707106781186545,
0.70710678118655));
#2347=DIRECTION('ref_axis',(1.,0.,0.));
#2348=DIRECTION('',(0.,0.707106781186545,-0.70710678118655));
#2349=DIRECTION('center_axis',(0.,0.707106781186545,-0.70710678118655));
#2350=DIRECTION('ref_axis',(1.,0.,0.));
#2351=DIRECTION('center_axis',(-1.0960652158291E-17,-0.707106781186545,
0.70710678118655));
#2352=DIRECTION('ref_axis',(1.,0.,0.));
#2353=DIRECTION('',(0.,0.707106781186545,-0.70710678118655));
#2354=DIRECTION('center_axis',(0.,0.707106781186545,-0.70710678118655));
#2355=DIRECTION('ref_axis',(1.,0.,0.));
#2356=DIRECTION('center_axis',(-1.0960652158291E-17,-0.707106781186545,
0.70710678118655));
#2357=DIRECTION('ref_axis',(1.,0.,0.));
#2358=DIRECTION('',(0.,0.707106781186545,-0.70710678118655));
#2359=DIRECTION('center_axis',(0.,0.707106781186545,-0.70710678118655));
#2360=DIRECTION('ref_axis',(1.,0.,0.));
#2361=DIRECTION('center_axis',(-1.0960652158291E-17,-0.707106781186545,
0.70710678118655));
#2362=DIRECTION('ref_axis',(1.,0.,0.));
#2363=DIRECTION('',(0.,0.707106781186545,-0.70710678118655));
#2364=DIRECTION('center_axis',(0.,0.707106781186545,-0.70710678118655));
#2365=DIRECTION('ref_axis',(1.,0.,0.));
#2366=DIRECTION('center_axis',(-1.0960652158291E-17,-0.707106781186545,
0.70710678118655));
#2367=DIRECTION('ref_axis',(1.,0.,0.));
#2368=DIRECTION('',(0.,0.707106781186545,-0.70710678118655));
#2369=DIRECTION('center_axis',(1.,-7.7503514673546E-18,-7.7503514673546E-18));
#2370=DIRECTION('ref_axis',(-1.09606521582911E-17,-0.70710678118655,-0.707106781186545));
#2371=DIRECTION('',(2.31111593326468E-33,0.707106781186548,-0.707106781186548));
#2372=DIRECTION('',(1.09606521582911E-17,0.70710678118655,0.707106781186545));
#2373=DIRECTION('center_axis',(0.,0.707106781186548,0.707106781186548));
#2374=DIRECTION('ref_axis',(1.,0.,0.));
#2375=DIRECTION('',(-1.24866922494043E-15,0.707106781186545,-0.70710678118655));
#2376=DIRECTION('',(1.,-7.75035146735455E-18,7.75035146735455E-18));
#2377=DIRECTION('center_axis',(-3.06534039071054E-45,0.707106781186546,
-0.707106781186549));
#2378=DIRECTION('ref_axis',(-0.76539860581873,-0.4550631682584,-0.455063168258398));
#2379=DIRECTION('center_axis',(-1.0960652158291E-17,-0.707106781186545,
0.70710678118655));
#2380=DIRECTION('ref_axis',(-0.76539860581873,-0.4550631682584,-0.455063168258398));
#2381=DIRECTION('center_axis',(-2.00186788431931E-15,-0.707106781186543,
0.707106781186552));
#2382=DIRECTION('ref_axis',(1.,-1.28556689140101E-15,1.54550182068249E-15));
#2383=DIRECTION('center_axis',(-2.00186788431931E-15,-0.707106781186543,
0.707106781186552));
#2384=DIRECTION('ref_axis',(1.,-1.28556689140101E-15,1.54550182068249E-15));
#2385=DIRECTION('center_axis',(-2.87575981771127E-15,-0.707106781186542,
0.707106781186553));
#2386=DIRECTION('ref_axis',(1.,-1.90350180352668E-15,2.16343673280817E-15));
#2387=DIRECTION('',(-2.87575981771127E-15,-0.707106781186542,0.707106781186553));
#2388=DIRECTION('center_axis',(1.0960652158291E-17,0.707106781186545,-0.70710678118655));
#2389=DIRECTION('ref_axis',(1.,-1.90350180352668E-15,2.16343673280817E-15));
#2390=DIRECTION('center_axis',(-2.03578351919653E-15,-0.707106781186546,
0.707106781186549));
#2391=DIRECTION('ref_axis',(-1.,1.30954886681093E-15,-1.56948379609242E-15));
#2392=DIRECTION('',(-2.03578351919653E-15,-0.707106781186546,0.707106781186549));
#2393=DIRECTION('center_axis',(-1.96261557285221E-15,-0.707106781186546,
0.707106781186549));
#2394=DIRECTION('ref_axis',(-1.,1.30954886681093E-15,-1.56948379609242E-15));
#2395=DIRECTION('',(-2.03578351919653E-15,-0.707106781186546,0.707106781186549));
#2396=DIRECTION('center_axis',(-1.99717061054305E-15,-0.707106781186544,
0.707106781186551));
#2397=DIRECTION('ref_axis',(-0.0846185617132757,0.704570684535479,0.704570684535471));
#2398=DIRECTION('center_axis',(-1.96261557285221E-15,-0.707106781186546,
0.707106781186549));
#2399=DIRECTION('ref_axis',(-1.,1.30954886681093E-15,-1.56948379609242E-15));
#2400=DIRECTION('',(2.03578351919653E-15,0.707106781186546,-0.707106781186549));
#2401=DIRECTION('center_axis',(-1.99717061054305E-15,-0.707106781186544,
0.707106781186551));
#2402=DIRECTION('ref_axis',(-0.0846185617132757,0.704570684535479,0.704570684535471));
#2403=DIRECTION('center_axis',(1.0960652158291E-17,0.707106781186545,-0.70710678118655));
#2404=DIRECTION('ref_axis',(-1.,1.55007029347092E-17,-4.62223186652937E-33));
#2405=DIRECTION('',(0.,-0.70710678118655,-0.707106781186545));
#2406=DIRECTION('',(0.,-0.707106781186548,-0.707106781186548));
#2407=DIRECTION('center_axis',(-9.91954022440617E-16,-0.707106781186552,
0.707106781186543));
#2408=DIRECTION('ref_axis',(-0.0846185617122448,0.704570684535533,0.704570684535542));
#2409=DIRECTION('center_axis',(-2.11483640621495E-15,-0.707106781186546,
0.707106781186549));
#2410=DIRECTION('ref_axis',(1.,-1.36544769929403E-15,1.62538262857553E-15));
#2411=DIRECTION('',(-2.11483640621495E-15,-0.707106781186546,0.707106781186549));
#2412=DIRECTION('center_axis',(-2.0018678843193E-15,-0.707106781186547,
0.707106781186548));
#2413=DIRECTION('ref_axis',(1.,-1.28556689140099E-15,1.54550182068249E-15));
#2414=DIRECTION('',(2.11483640621495E-15,0.707106781186546,-0.707106781186549));
#2415=DIRECTION('center_axis',(-9.91954022440616E-16,-0.707106781186552,
0.707106781186543));
#2416=DIRECTION('ref_axis',(-0.0846185617122448,0.704570684535533,0.704570684535542));
#2417=DIRECTION('',(-2.11483640621495E-15,-0.707106781186546,0.707106781186549));
#2418=DIRECTION('center_axis',(-9.91954022440616E-16,-0.707106781186552,
0.707106781186543));
#2419=DIRECTION('ref_axis',(-0.0846185617122448,0.704570684535533,0.704570684535542));
#2420=DIRECTION('center_axis',(1.96261557285221E-15,0.707106781186546,-0.707106781186549));
#2421=DIRECTION('ref_axis',(-1.,1.23005574016974E-15,-1.54550182068249E-15));
#2422=DIRECTION('center_axis',(-1.96261557285221E-15,-0.707106781186546,
0.707106781186549));
#2423=DIRECTION('ref_axis',(-1.,1.23005574016974E-15,-1.54550182068249E-15));
#2424=DIRECTION('center_axis',(-1.96261557285221E-15,-0.707106781186546,
0.707106781186549));
#2425=DIRECTION('ref_axis',(-1.,1.28074920773609E-15,-1.59619528824884E-15));
#2426=DIRECTION('center_axis',(-1.,6.85910823788933E-15,-6.85910823788938E-15));
#2427=DIRECTION('ref_axis',(-6.85910823788938E-15,0.,1.));
#2428=DIRECTION('',(-4.25247303872965E-25,0.707106781155551,0.707106781217544));
#2429=DIRECTION('center_axis',(-1.,1.01291864381609E-15,-1.0129186438161E-15));
#2430=DIRECTION('ref_axis',(5.71924156285234E-30,-0.707106781186547,-0.707106781186548));
#2431=DIRECTION('',(0.,-0.707106781155551,-0.707106781217544));
#2432=DIRECTION('',(-1.43248328366528E-15,-0.707106781186548,0.707106781186547));
#2433=DIRECTION('',(-5.71924156285234E-30,0.707106781186547,0.707106781186548));
#2434=DIRECTION('center_axis',(-2.23054062629291E-16,0.707106781186547,
0.707106781186548));
#2435=DIRECTION('ref_axis',(-1.,1.23005574016973E-15,-1.54550182068249E-15));
#2436=DIRECTION('',(-1.,1.23005574016973E-15,-1.54550182068249E-15));
#2437=DIRECTION('',(0.,0.707106781186548,-0.707106781186547));
#2438=DIRECTION('',(-1.43248328366528E-15,-0.707106781186548,0.707106781186547));
#2439=DIRECTION('center_axis',(1.,-8.55195603559714E-16,1.17064168407247E-15));
#2440=DIRECTION('ref_axis',(-2.23054062629293E-16,0.707106781186546,0.707106781186549));
#2441=DIRECTION('',(-2.23054062629293E-16,0.707106781186546,0.707106781186549));
#2442=DIRECTION('center_axis',(-1.89417449285588E-15,-0.707106781186548,
0.707106781186547));
#2443=DIRECTION('ref_axis',(1.,1.33916811655237E-29,2.67876725729797E-15));
#2444=DIRECTION('center_axis',(-1.89417449285588E-15,-0.707106781186548,
0.707106781186547));
#2445=DIRECTION('ref_axis',(1.,-1.33600269044528E-15,1.65144877095803E-15));
#2446=DIRECTION('center_axis',(1.,-6.85910823788933E-15,6.85910823788938E-15));
#2447=DIRECTION('ref_axis',(9.70024389580814E-15,0.707106781186545,-0.70710678118655));
#2448=DIRECTION('',(-4.25247303872965E-25,0.707106781155551,0.707106781217544));
#2449=DIRECTION('',(9.70024389580814E-15,0.707106781186545,-0.70710678118655));
#2450=DIRECTION('center_axis',(4.93038065763132E-32,-0.70710678118655,-0.707106781186545));
#2451=DIRECTION('ref_axis',(-9.70024389580814E-15,-0.707106781186545,0.70710678118655));
#2452=DIRECTION('',(1.,3.82466792655456E-12,-3.82466792655458E-12));
#2453=DIRECTION('',(1.26860900654103E-15,-0.707106781186545,0.70710678118655));
#2454=DIRECTION('center_axis',(1.,0.,0.));
#2455=DIRECTION('ref_axis',(0.,0.,-1.));
#2456=DIRECTION('center_axis',(1.,0.,0.));
#2457=DIRECTION('ref_axis',(0.,0.,-1.));
#2458=DIRECTION('',(0.,-0.707106781155551,-0.707106781217544));
#2459=DIRECTION('center_axis',(-5.40889725330686E-12,0.707106781217544,
-0.707106781155551));
#2460=DIRECTION('ref_axis',(-1.,0.,7.64933585344445E-12));
#2461=DIRECTION('center_axis',(-2.0018678843193E-15,-0.707106781186547,
0.707106781186548));
#2462=DIRECTION('ref_axis',(1.,-1.28556689140099E-15,1.54550182068249E-15));
#2463=DIRECTION('center_axis',(-2.0018678843193E-15,-0.707106781186547,
0.707106781186548));
#2464=DIRECTION('ref_axis',(1.,-1.33600269044528E-15,1.65144877095803E-15));
#2465=DIRECTION('center_axis',(-2.11244718682394E-15,-0.707106781186547,
0.707106781186548));
#2466=DIRECTION('ref_axis',(1.,-1.33600269044528E-15,1.65144877095803E-15));
#2467=DIRECTION('',(-2.11244718682394E-15,-0.707106781186547,0.707106781186548));
#2468=DIRECTION('center_axis',(-4.20281092214048E-15,-0.707106781186552,
0.707106781186543));
#2469=DIRECTION('ref_axis',(1.,-1.33600269044528E-15,1.65144877095803E-15));
#2470=DIRECTION('center_axis',(-4.20281092214048E-15,-0.707106781186552,
0.707106781186543));
#2471=DIRECTION('ref_axis',(1.,-1.33600269044528E-15,1.65144877095803E-15));
#2472=DIRECTION('center_axis',(-4.20281092214048E-15,-0.707106781186552,
0.707106781186543));
#2473=DIRECTION('ref_axis',(1.,-2.84186863844967E-15,3.10180356773117E-15));
#2474=DIRECTION('center_axis',(-2.03430696220826E-15,-0.707106781186546,
0.707106781186549));
#2475=DIRECTION('ref_axis',(-1.,1.28074920773609E-15,-1.59619528824884E-15));
#2476=DIRECTION('center_axis',(-2.02556299950534E-15,-0.707106781186544,
0.707106781186551));
#2477=DIRECTION('ref_axis',(-1.,1.28074920773609E-15,-1.59619528824884E-15));
#2478=DIRECTION('center_axis',(-2.02556299950534E-15,-0.707106781186544,
0.707106781186551));
#2479=DIRECTION('ref_axis',(1.,-1.30232186803005E-15,1.56225679731153E-15));
#2480=DIRECTION('center_axis',(-2.96059473233374E-15,-0.707106781186545,
0.70710678118655));
#2481=DIRECTION('ref_axis',(-1.,1.93573357132198E-15,-2.25117965183474E-15));
#2482=DIRECTION('',(-1.74976048010269E-15,-0.707106781186546,0.707106781186549));
#2483=DIRECTION('center_axis',(2.0018678843193E-15,0.707106781186546,-0.707106781186549));
#2484=DIRECTION('ref_axis',(-1.,1.93573357132198E-15,-2.25117965183474E-15));
#2485=DIRECTION('',(-2.96059473233374E-15,-0.707106781186545,0.70710678118655));
#2486=DIRECTION('center_axis',(2.0018678843193E-15,0.707106781186546,-0.707106781186549));
#2487=DIRECTION('ref_axis',(-1.,1.93573357132198E-15,-2.25117965183474E-15));
#2488=DIRECTION('',(1.74976048010269E-15,0.707106781186546,-0.707106781186549));
#2489=DIRECTION('center_axis',(2.0018678843193E-15,0.707106781186546,-0.707106781186549));
#2490=DIRECTION('ref_axis',(-1.,1.285566891401E-15,-1.54550182068249E-15));
#2491=DIRECTION('center_axis',(2.0018678843193E-15,0.707106781186546,-0.707106781186549));
#2492=DIRECTION('ref_axis',(-1.,1.285566891401E-15,-1.54550182068249E-15));
#2493=DIRECTION('center_axis',(-2.0018678843193E-15,-0.707106781186546,
0.707106781186549));
#2494=DIRECTION('ref_axis',(1.,-1.285566891401E-15,1.54550182068249E-15));
#2495=DIRECTION('center_axis',(1.,0.,0.));
#2496=DIRECTION('ref_axis',(0.,0.,-1.));
#2497=DIRECTION('center_axis',(1.74976048010269E-15,0.707106781186546,-0.707106781186549));
#2498=DIRECTION('ref_axis',(1.,-1.1073000362921E-15,1.36723496557359E-15));
#2499=DIRECTION('',(-1.74976048010269E-15,-0.707106781186546,0.707106781186549));
#2500=DIRECTION('center_axis',(1.74976048010269E-15,0.707106781186546,-0.707106781186549));
#2501=DIRECTION('ref_axis',(-1.,1.1073000362921E-15,-1.36723496557359E-15));
#2502=DIRECTION('center_axis',(1.0960652158291E-17,0.707106781186545,-0.70710678118655));
#2503=DIRECTION('ref_axis',(-1.,0.,-1.5500702934709E-17));
#2504=DIRECTION('center_axis',(-1.0960652158291E-17,-0.707106781186545,
0.70710678118655));
#2505=DIRECTION('ref_axis',(1.,7.65073751238466E-12,1.68934403043497E-15));
#2506=DIRECTION('center_axis',(1.0960652158291E-17,0.707106781186545,-0.70710678118655));
#2507=DIRECTION('ref_axis',(1.,7.65073751238466E-12,1.68934403043479E-15));
#2508=DIRECTION('center_axis',(5.40889725330686E-12,-0.707106781217544,
0.707106781155551));
#2509=DIRECTION('ref_axis',(1.,7.6508813545944E-12,1.54550182070812E-15));
#2510=DIRECTION('center_axis',(5.40889725330686E-12,-0.707106781217544,
0.707106781155551));
#2511=DIRECTION('ref_axis',(1.,7.65073751238466E-12,1.68934403043497E-15));
#2512=DIRECTION('center_axis',(-5.40889725330686E-12,0.707106781217544,
-0.707106781155551));
#2513=DIRECTION('ref_axis',(1.,7.65073751238466E-12,1.68934403043479E-15));
#2514=DIRECTION('center_axis',(5.40869382970301E-12,-0.707106781217544,
0.707106781155552));
#2515=DIRECTION('ref_axis',(1.,7.65073751238466E-12,1.68934403043497E-15));
#2516=DIRECTION('',(-5.40869382970301E-12,0.707106781217543,-0.707106781155551));
#2517=DIRECTION('center_axis',(5.40869382970301E-12,-0.707106781217544,
0.707106781155552));
#2518=DIRECTION('ref_axis',(1.,7.65073751238466E-12,1.68934403043479E-15));
#2519=DIRECTION('',(-5.40869382970301E-12,0.707106781217543,-0.707106781155552));
#2520=DIRECTION('axis',(0.,0.,1.));
#2521=DIRECTION('refdir',(1.,0.,0.));
#2522=DIRECTION('center_axis',(-3.92523114670939E-17,-0.707106781186548,
0.707106781186547));
#2523=DIRECTION('ref_axis',(-1.,5.55111512312581E-17,9.98402083170343E-31));
#2524=DIRECTION('center_axis',(-3.92523114670939E-17,-0.707106781186548,
0.707106781186547));
#2525=DIRECTION('ref_axis',(-1.,-1.07954446067647E-15,1.39499054118921E-15));
#2526=DIRECTION('center_axis',(3.92523114670939E-17,0.707106781186548,-0.707106781186547));
#2527=DIRECTION('ref_axis',(1.,1.05178888506084E-15,-1.36723496557359E-15));
#2528=DIRECTION('center_axis',(1.7105081686356E-15,-0.707106781186546,0.707106781186549));
#2529=DIRECTION('ref_axis',(-0.97980842687436,-0.141377944931295,-0.141377944931293));
#2530=DIRECTION('',(-1.7105081686356E-15,0.707106781186546,-0.707106781186549));
#2531=DIRECTION('center_axis',(-1.96261557285221E-15,0.707106781186546,
-0.707106781186549));
#2532=DIRECTION('ref_axis',(1.,1.23005574016974E-15,-1.54550182068249E-15));
#2533=DIRECTION('',(1.7105081686356E-15,-0.707106781186546,0.707106781186549));
#2534=DIRECTION('center_axis',(1.92336326138511E-15,-0.707106781186546,
0.707106781186549));
#2535=DIRECTION('ref_axis',(1.,1.05178888506084E-15,-1.36723496557359E-15));
#2536=DIRECTION('center_axis',(1.74976048010269E-15,-0.707106781186546,
0.707106781186549));
#2537=DIRECTION('ref_axis',(-1.,-1.07954446067647E-15,1.39499054118921E-15));
#2538=DIRECTION('center_axis',(-2.41862450780921E-31,-0.707106781186548,
0.707106781186547));
#2539=DIRECTION('ref_axis',(-1.,-1.07954446067647E-15,1.39499054118921E-15));
#2540=DIRECTION('',(1.74976048010269E-15,-0.707106781186546,0.707106781186549));
#2541=DIRECTION('center_axis',(1.92336326138511E-15,-0.707106781186546,
0.707106781186549));
#2542=DIRECTION('ref_axis',(-1.,-1.07954446067647E-15,1.39499054118921E-15));
#2543=DIRECTION('',(1.74976048010269E-15,-0.707106781186546,0.707106781186549));
#2544=DIRECTION('center_axis',(-1.09606521582908E-17,0.707106781186545,
-0.70710678118655));
#2545=DIRECTION('ref_axis',(-1.,-1.07954446067647E-15,1.39499054118921E-15));
#2546=DIRECTION('center_axis',(1.92336326138511E-15,-0.707106781186546,
0.707106781186549));
#2547=DIRECTION('ref_axis',(-1.,-1.07954446067647E-15,1.39499054118921E-15));
#2548=DIRECTION('center_axis',(1.92336326138511E-15,-0.707106781186546,
0.707106781186549));
#2549=DIRECTION('ref_axis',(-1.,-1.17454458893848E-15,1.54550182068249E-15));
#2550=DIRECTION('center_axis',(1.92336326138511E-15,-0.707106781186546,
0.707106781186549));
#2551=DIRECTION('ref_axis',(-1.,-1.17454458893848E-15,1.54550182068249E-15));
#2552=DIRECTION('center_axis',(1.74976048010269E-15,-0.707106781186546,
0.707106781186549));
#2553=DIRECTION('ref_axis',(0.984275788345201,0.124902306779006,0.124902306779003));
#2554=DIRECTION('center_axis',(-1.09606521582908E-17,0.707106781186545,
-0.70710678118655));
#2555=DIRECTION('ref_axis',(-1.,-1.05178888506084E-15,1.42274611680484E-15));
#2556=DIRECTION('center_axis',(2.01609992149325E-15,-0.707106781186544,
0.707106781186551));
#2557=DIRECTION('ref_axis',(1.,1.24011931016554E-15,-1.61107654190954E-15));
#2558=DIRECTION('center_axis',(1.92336326138512E-15,-0.707106781186544,
0.707106781186551));
#2559=DIRECTION('ref_axis',(1.,1.24011931016554E-15,-1.61107654190954E-15));
#2560=DIRECTION('',(2.01609992149325E-15,-0.707106781186544,0.707106781186551));
#2561=DIRECTION('center_axis',(-1.09606521582908E-17,0.707106781186545,
-0.70710678118655));
#2562=DIRECTION('ref_axis',(1.,1.24011931016554E-15,-1.61107654190954E-15));
#2563=DIRECTION('center_axis',(2.96059473233375E-15,-0.707106781186543,
0.707106781186552));
#2564=DIRECTION('ref_axis',(1.,1.90797799570636E-15,-2.27893522745037E-15));
#2565=DIRECTION('center_axis',(-1.92336326138512E-15,0.707106781186544,
-0.707106781186551));
#2566=DIRECTION('ref_axis',(1.,1.1745445889385E-15,-1.54550182068249E-15));
#2567=DIRECTION('',(2.96059473233375E-15,-0.707106781186543,0.707106781186552));
#2568=DIRECTION('center_axis',(1.92336326138512E-15,-0.707106781186544,
0.707106781186551));
#2569=DIRECTION('ref_axis',(1.,1.1745445889385E-15,-1.54550182068249E-15));
#2570=DIRECTION('center_axis',(-1.92336326138512E-15,0.707106781186544,
-0.707106781186551));
#2571=DIRECTION('ref_axis',(1.,1.1745445889385E-15,-1.54550182068249E-15));
#2572=DIRECTION('center_axis',(-1.92336326138512E-15,0.707106781186544,
-0.707106781186551));
#2573=DIRECTION('ref_axis',(1.,1.1745445889385E-15,-1.54550182068249E-15));
#2574=DIRECTION('center_axis',(1.09606521582908E-17,-0.707106781186545,
0.70710678118655));
#2575=DIRECTION('ref_axis',(-1.,3.42545260439795E-31,1.55007029347091E-17));
#2576=DIRECTION('',(2.46220332776974E-31,0.70710678118655,0.707106781186545));
#2577=DIRECTION('',(1.,7.75035146735421E-18,-7.75035146735455E-18));
#2578=DIRECTION('center_axis',(1.09606521582908E-17,-0.707106781186545,
0.70710678118655));
#2579=DIRECTION('ref_axis',(-0.76539860581873,0.4550631682584,0.455063168258398));
#2580=DIRECTION('',(1.,7.75035146735421E-18,-7.75035146735455E-18));
#2581=DIRECTION('',(-2.46220332776974E-31,-0.70710678118655,-0.707106781186545));
#2582=DIRECTION('',(-1.,3.45126646034193E-31,3.08148791101984E-33));
#2583=DIRECTION('center_axis',(-1.,3.45126646034193E-31,3.08148791101984E-33));
#2584=DIRECTION('ref_axis',(3.45126646034193E-31,1.,1.66533453693774E-16));
#2585=DIRECTION('',(2.41862450780921E-31,0.707106781186548,-0.707106781186547));
#2586=DIRECTION('',(2.46220332776974E-31,0.707106781186547,0.707106781186548));
#2587=DIRECTION('',(-2.41862450780921E-31,-0.707106781186548,0.707106781186547));
#2588=DIRECTION('center_axis',(2.46220332776974E-31,0.707106781186547,0.707106781186548));
#2589=DIRECTION('ref_axis',(1.,7.75035146735421E-18,-7.75035146735456E-18));
#2590=DIRECTION('',(-3.82012223526935E-15,0.707106781186543,-0.707106781186552));
#2591=DIRECTION('',(-1.,3.45126646034193E-31,3.08148791101984E-33));
#2592=DIRECTION('center_axis',(-2.4186245078092E-31,-0.707106781186545,
0.70710678118655));
#2593=DIRECTION('ref_axis',(1.,-3.45126646034193E-31,-3.08148791101984E-33));
#2594=DIRECTION('center_axis',(2.41862450780921E-31,0.707106781186548,-0.707106781186547));
#2595=DIRECTION('ref_axis',(1.,-3.45126646034193E-31,-3.08148791101984E-33));
#2596=DIRECTION('',(-2.4186245078092E-31,-0.707106781186545,0.70710678118655));
#2597=DIRECTION('center_axis',(-2.4186245078092E-31,-0.707106781186545,
0.70710678118655));
#2598=DIRECTION('ref_axis',(1.,-3.45126646034193E-31,-3.08148791101984E-33));
#2599=DIRECTION('center_axis',(2.4186245078092E-31,0.707106781186545,-0.70710678118655));
#2600=DIRECTION('ref_axis',(1.,-3.45126646034193E-31,-3.08148791101984E-33));
#2601=DIRECTION('center_axis',(1.,-3.45126646034193E-31,-3.08148791101984E-33));
#2602=DIRECTION('ref_axis',(3.08148791101978E-33,-1.66533453693774E-16,
1.));
#2603=DIRECTION('center_axis',(1.,-3.45126646034193E-31,-3.08148791101984E-33));
#2604=DIRECTION('ref_axis',(-2.53803333271455E-16,-1.66533453693774E-16,
1.));
#2605=DIRECTION('',(1.,-3.45126646034193E-31,-3.08148791101984E-33));
#2606=DIRECTION('center_axis',(1.,-3.82104500966428E-31,2.22044604925031E-16));
#2607=DIRECTION('ref_axis',(3.08148791101978E-33,-1.66533453693774E-16,
1.));
#2608=DIRECTION('center_axis',(-2.4186245078092E-31,-0.707106781186545,
0.70710678118655));
#2609=DIRECTION('ref_axis',(-1.,3.45126646034193E-31,3.08148791101984E-33));
#2610=DIRECTION('center_axis',(-2.41862450780921E-31,-0.707106781186548,
0.707106781186547));
#2611=DIRECTION('ref_axis',(-1.,3.45126646034193E-31,3.08148791101984E-33));
#2612=DIRECTION('',(-2.4186245078092E-31,-0.707106781186545,0.70710678118655));
#2613=DIRECTION('center_axis',(1.09606521582908E-17,-0.707106781186545,
0.70710678118655));
#2614=DIRECTION('ref_axis',(-1.,3.45126646034193E-31,3.08148791101984E-33));
#2615=DIRECTION('center_axis',(-2.41862450780923E-31,-0.707106781186546,
0.707106781186549));
#2616=DIRECTION('ref_axis',(-0.76539860581873,0.4550631682584,0.455063168258398));
#2617=DIRECTION('',(-1.24866922494043E-15,-0.707106781186545,0.70710678118655));
#2618=DIRECTION('center_axis',(-1.18637336499048E-15,-0.707106781186546,
0.707106781186549));
#2619=DIRECTION('ref_axis',(-0.76539860581873,0.4550631682584,0.455063168258398));
#2620=DIRECTION('',(2.41862450780923E-31,0.707106781186546,-0.707106781186549));
#2621=DIRECTION('center_axis',(-2.46220332776974E-31,-0.707106781186547,
-0.707106781186548));
#2622=DIRECTION('ref_axis',(1.,-3.45126646034193E-31,-3.08148791101984E-33));
#2623=DIRECTION('',(1.,4.63849579640571E-16,1.21813690024662E-13));
#2624=DIRECTION('',(-2.41862450780921E-31,-0.707106781186548,0.707106781186547));
#2625=DIRECTION('center_axis',(-1.,3.45126646034193E-31,3.08148791101984E-33));
#2626=DIRECTION('ref_axis',(-3.08148791101978E-33,1.66533453693774E-16,
-1.));
#2627=DIRECTION('',(-2.46220332776974E-31,-0.707106781186547,-0.707106781186548));
#2628=DIRECTION('',(2.46220332776974E-31,0.707106781186547,0.707106781186548));
#2629=DIRECTION('',(2.41862450780921E-31,0.707106781186548,-0.707106781186547));
#2630=DIRECTION('center_axis',(1.,-3.82104500966428E-31,2.22044604925031E-16));
#2631=DIRECTION('ref_axis',(-2.22044604925031E-16,-1.66533453693774E-16,
1.));
#2632=DIRECTION('center_axis',(-2.4186245078092E-31,-0.707106781186545,
0.70710678118655));
#2633=DIRECTION('ref_axis',(1.,-3.45126646034193E-31,-3.08148791101984E-33));
#2634=DIRECTION('center_axis',(-2.41862450780921E-31,-0.707106781186548,
0.707106781186547));
#2635=DIRECTION('ref_axis',(1.,-3.45126646034193E-31,-3.08148791101984E-33));
#2636=DIRECTION('',(-2.4186245078092E-31,-0.707106781186545,0.70710678118655));
#2637=DIRECTION('center_axis',(-2.4186245078092E-31,-0.707106781186545,
0.70710678118655));
#2638=DIRECTION('ref_axis',(1.,-3.45126646034193E-31,-3.08148791101984E-33));
#2639=DIRECTION('center_axis',(2.4186245078092E-31,0.707106781186545,-0.70710678118655));
#2640=DIRECTION('ref_axis',(1.,-3.45126646034193E-31,-3.08148791101984E-33));
#2641=DIRECTION('center_axis',(-2.46220332776974E-31,-0.707106781186547,
-0.707106781186548));
#2642=DIRECTION('ref_axis',(1.,-3.45126646034193E-31,-3.08148791101984E-33));
#2643=DIRECTION('',(-2.41862450780921E-31,-0.707106781186548,0.707106781186547));
#2644=DIRECTION('',(-0.447213595499955,-0.632455532033677,0.632455532033677));
#2645=DIRECTION('',(-2.41862450780921E-31,-0.707106781186548,0.707106781186547));
#2646=DIRECTION('',(1.,7.75035146735421E-18,-7.75035146735455E-18));
#2647=DIRECTION('center_axis',(1.,2.87850279802721E-16,-2.87850279802723E-16));
#2648=DIRECTION('ref_axis',(-4.07081769629899E-16,0.707106781186547,-0.707106781186548));
#2649=DIRECTION('',(4.07081769629899E-16,-0.707106781186548,0.707106781186547));
#2650=DIRECTION('',(1.10903694786246E-30,0.707106781186547,0.707106781186548));
#2651=DIRECTION('',(-4.07081769629899E-16,0.707106781186548,-0.707106781186547));
#2652=DIRECTION('',(2.46220332776974E-31,0.707106781186548,0.707106781186547));
#2653=DIRECTION('',(4.07081769629899E-16,-0.707106781186547,0.707106781186548));
#2654=DIRECTION('',(2.46220332776974E-31,0.707106781186548,0.707106781186547));
#2655=DIRECTION('center_axis',(1.09606521582908E-17,-0.707106781186545,
0.70710678118655));
#2656=DIRECTION('ref_axis',(-1.,-1.55007029347088E-17,3.58159022764109E-33));
#2657=DIRECTION('',(1.,7.75035146735421E-18,-7.75035146735456E-18));
#2658=DIRECTION('',(-1.,-7.75035146735421E-18,7.75035146735456E-18));
#2659=DIRECTION('',(-2.46220332776974E-31,-0.70710678118655,-0.707106781186545));
#2660=DIRECTION('center_axis',(1.09606521582908E-17,-0.707106781186545,
0.70710678118655));
#2661=DIRECTION('ref_axis',(-1.,3.45126646034193E-31,3.08148791101984E-33));
#2662=DIRECTION('center_axis',(1.09606521582908E-17,-0.707106781186545,
0.70710678118655));
#2663=DIRECTION('ref_axis',(-1.,3.45126646034193E-31,3.08148791101984E-33));
#2664=DIRECTION('center_axis',(1.09606521582908E-17,-0.707106781186545,
0.70710678118655));
#2665=DIRECTION('ref_axis',(-1.,3.45126646034193E-31,3.08148791101984E-33));
#2666=DIRECTION('center_axis',(1.09606521582908E-17,-0.707106781186545,
0.70710678118655));
#2667=DIRECTION('ref_axis',(-1.,3.45126646034193E-31,3.08148791101984E-33));
#2668=DIRECTION('center_axis',(-1.,3.45126646034193E-31,3.08148791101984E-33));
#2669=DIRECTION('ref_axis',(-3.08148791101978E-33,1.66533453693774E-16,
-1.));
#2670=DIRECTION('',(-2.46220332776974E-31,-0.70710678118655,-0.707106781186545));
#2671=DIRECTION('',(-2.41862450780921E-31,-0.707106781186548,0.707106781186547));
#2672=DIRECTION('',(2.41862450780921E-31,0.707106781186548,-0.707106781186547));
#2673=DIRECTION('',(2.46220332776974E-31,0.70710678118655,0.707106781186545));
#2674=DIRECTION('center_axis',(2.4186245078092E-31,0.707106781186545,-0.70710678118655));
#2675=DIRECTION('ref_axis',(-1.,3.45126646034193E-31,3.08148791101984E-33));
#2676=DIRECTION('center_axis',(1.09606521582908E-17,-0.707106781186545,
0.70710678118655));
#2677=DIRECTION('ref_axis',(-1.,3.45126646034193E-31,3.08148791101984E-33));
#2678=DIRECTION('',(2.4186245078092E-31,0.707106781186545,-0.70710678118655));
#2679=DIRECTION('center_axis',(2.4186245078092E-31,0.707106781186545,-0.70710678118655));
#2680=DIRECTION('ref_axis',(-1.,3.45126646034193E-31,3.08148791101984E-33));
#2681=DIRECTION('center_axis',(1.09606521582908E-17,-0.707106781186545,
0.70710678118655));
#2682=DIRECTION('ref_axis',(-1.,3.45126646034193E-31,3.08148791101984E-33));
#2683=DIRECTION('',(2.4186245078092E-31,0.707106781186545,-0.70710678118655));
#2684=DIRECTION('center_axis',(2.4186245078092E-31,0.707106781186545,-0.70710678118655));
#2685=DIRECTION('ref_axis',(-1.,3.45126646034193E-31,3.08148791101984E-33));
#2686=DIRECTION('center_axis',(-1.09606521582908E-17,0.707106781186545,
-0.70710678118655));
#2687=DIRECTION('ref_axis',(-1.,3.45126646034193E-31,3.08148791101984E-33));
#2688=DIRECTION('',(2.4186245078092E-31,0.707106781186545,-0.70710678118655));
#2689=DIRECTION('center_axis',(2.4186245078092E-31,0.707106781186545,-0.70710678118655));
#2690=DIRECTION('ref_axis',(-1.,3.45126646034193E-31,3.08148791101984E-33));
#2691=DIRECTION('center_axis',(1.09606521582908E-17,-0.707106781186545,
0.70710678118655));
#2692=DIRECTION('ref_axis',(-1.,3.45126646034193E-31,3.08148791101984E-33));
#2693=DIRECTION('',(2.4186245078092E-31,0.707106781186545,-0.70710678118655));
#2694=DIRECTION('center_axis',(1.,-3.45126646034193E-31,-3.08148791101984E-33));
#2695=DIRECTION('ref_axis',(-2.46220332776974E-31,-0.70710678118655,-0.707106781186545));
#2696=DIRECTION('',(-2.46220332776974E-31,-0.70710678118655,-0.707106781186545));
#2697=DIRECTION('',(2.46220332776974E-31,0.70710678118655,0.707106781186545));
#2698=DIRECTION('',(-2.41862450780921E-31,-0.707106781186548,0.707106781186547));
#2699=DIRECTION('center_axis',(2.95524139353288E-31,0.70710678118655,0.707106781186545));
#2700=DIRECTION('ref_axis',(-9.70024389580814E-15,0.707106781186545,-0.70710678118655));
#2701=DIRECTION('',(1.,-3.82466792655456E-12,3.82466792655458E-12));
#2702=DIRECTION('',(1.26860900654103E-15,0.707106781186545,-0.70710678118655));
#2703=DIRECTION('',(1.,-3.45126646034193E-31,-3.08148791101984E-33));
#2704=DIRECTION('',(9.70024389580814E-15,-0.707106781186545,0.70710678118655));
#2705=DIRECTION('center_axis',(1.,6.85910823788933E-15,-6.85910823788937E-15));
#2706=DIRECTION('ref_axis',(9.70024389580814E-15,-0.707106781186545,0.70710678118655));
#2707=DIRECTION('',(3.33783783520595E-29,0.707106781186547,0.707106781186548));
#2708=DIRECTION('',(-9.70024389580814E-15,0.707106781186548,-0.707106781186547));
#2709=DIRECTION('',(-4.25247550093297E-25,-0.707106781155551,-0.707106781217544));
#2710=DIRECTION('center_axis',(-5.40889725330686E-12,-0.707106781217544,
0.707106781155551));
#2711=DIRECTION('ref_axis',(-1.,1.27421544478375E-27,-7.64933585344445E-12));
#2712=DIRECTION('',(-1.,3.82466792655457E-12,-3.82466792655457E-12));
#2713=DIRECTION('',(2.46220332766371E-31,0.707106781155551,0.707106781217544));
#2714=DIRECTION('center_axis',(0.894427190999918,-0.316227766016835,0.316227766016837));
#2715=DIRECTION('ref_axis',(-0.333333333333332,-1.57009245868378E-16,0.942809041582064));
#2716=DIRECTION('',(-0.447213595499955,-0.632455532033677,0.632455532033677));
#2717=DIRECTION('center_axis',(1.,-3.45126646034193E-31,-3.08148791101984E-33));
#2718=DIRECTION('ref_axis',(3.08148791101978E-33,-1.66533453693774E-16,
1.));
#2719=DIRECTION('',(-2.46220332776974E-31,-0.707106781186549,-0.707106781186546));
#2720=DIRECTION('',(-2.4186245078092E-31,-0.707106781186546,0.707106781186549));
#2721=DIRECTION('',(2.46220332776974E-31,0.707106781186547,0.707106781186548));
#2722=DIRECTION('',(-2.4186245078092E-31,-0.707106781186548,0.707106781186547));
#2723=DIRECTION('center_axis',(-1.89417449285589E-15,0.707106781186546,
-0.707106781186549));
#2724=DIRECTION('ref_axis',(1.,1.00977716965435E-31,-2.67876725729797E-15));
#2725=DIRECTION('',(-1.,-1.48597490429418E-15,1.80142098480693E-15));
#2726=DIRECTION('',(1.,8.23984114503644E-16,-1.13943019501639E-15));
#2727=DIRECTION('',(-2.23054062629278E-16,-0.707106781186549,-0.707106781186546));
#2728=DIRECTION('center_axis',(1.89417449285589E-15,-0.707106781186546,
0.707106781186549));
#2729=DIRECTION('ref_axis',(1.,1.93573357132199E-15,-2.25117965183475E-15));
#2730=DIRECTION('center_axis',(-2.23054062629277E-16,-0.707106781186549,
-0.707106781186546));
#2731=DIRECTION('ref_axis',(-1.,-1.48597490429418E-15,1.80142098480693E-15));
#2732=DIRECTION('',(1.,-1.57723040256371E-16,-1.57723040256371E-16));
#2733=DIRECTION('',(-1.89417449285589E-15,0.707106781186546,-0.707106781186549));
#2734=DIRECTION('center_axis',(1.,1.18166058839261E-15,-1.49710666890536E-15));
#2735=DIRECTION('ref_axis',(-2.23054062629278E-16,-0.707106781186549,-0.707106781186546));
#2736=DIRECTION('',(2.23054062629282E-16,0.707106781186547,0.707106781186548));
#2737=DIRECTION('',(-1.89417449285589E-15,0.707106781186546,-0.707106781186549));
#2738=DIRECTION('center_axis',(-1.9626155728522E-15,0.707106781186547,-0.707106781186548));
#2739=DIRECTION('ref_axis',(1.,1.23005574016974E-15,-1.54550182068249E-15));
#2740=DIRECTION('center_axis',(1.9626155728522E-15,-0.707106781186547,0.707106781186548));
#2741=DIRECTION('ref_axis',(1.,1.23005574016974E-15,-1.54550182068249E-15));
#2742=DIRECTION('center_axis',(1.9626155728522E-15,-0.707106781186547,0.707106781186548));
#2743=DIRECTION('ref_axis',(1.,1.11180795524294E-15,-1.42725403575569E-15));
#2744=DIRECTION('center_axis',(2.96059473233375E-15,-0.707106781186548,
0.707106781186547));
#2745=DIRECTION('ref_axis',(1.,1.93573357132199E-15,-2.25117965183475E-15));
#2746=DIRECTION('',(2.96059473233375E-15,-0.707106781186548,0.707106781186547));
#2747=DIRECTION('center_axis',(1.79538795168814E-15,-0.707106781186547,
0.707106781186548));
#2748=DIRECTION('ref_axis',(1.,1.11180795524294E-15,-1.42725403575569E-15));
#2749=DIRECTION('',(1.79538795168814E-15,-0.707106781186547,0.707106781186548));
#2750=DIRECTION('center_axis',(-1.09606521582908E-17,0.707106781186545,
-0.70710678118655));
#2751=DIRECTION('ref_axis',(1.,1.11180795524294E-15,-1.42725403575569E-15));
#2752=DIRECTION('center_axis',(2.46220332776974E-31,0.707106781186547,0.707106781186548));
#2753=DIRECTION('ref_axis',(-1.,3.45126646034193E-31,3.08148791101984E-33));
#2754=DIRECTION('',(-1.,3.45126646034193E-31,3.08148791101984E-33));
#2755=DIRECTION('',(-1.,-2.87850279802721E-16,2.87850279802723E-16));
#2756=DIRECTION('',(1.,-3.45126646034193E-31,-3.08148791101984E-33));
#2757=DIRECTION('center_axis',(2.41862450780921E-31,0.707106781186548,-0.707106781186547));
#2758=DIRECTION('ref_axis',(1.,-3.45126646034193E-31,-3.08148791101984E-33));
#2759=DIRECTION('',(-1.,3.45126646034193E-31,3.08148791101984E-33));
#2760=DIRECTION('center_axis',(-2.46220332776974E-31,-0.707106781186547,
-0.707106781186548));
#2761=DIRECTION('ref_axis',(1.,-3.45126646034193E-31,-3.08148791101984E-33));
#2762=DIRECTION('',(-1.,-7.75035146735421E-18,7.75035146735455E-18));
#2763=DIRECTION('center_axis',(1.09606521582908E-17,-0.707106781186545,
0.70710678118655));
#2764=DIRECTION('ref_axis',(-1.09606521582912E-17,-0.70710678118655,-0.707106781186545));
#2765=DIRECTION('center_axis',(3.10482073367493E-15,0.707106781186543,-0.707106781186552));
#2766=DIRECTION('ref_axis',(3.81186651316904E-16,-0.707106781186552,-0.707106781186543));
#2767=DIRECTION('',(3.10482073367492E-15,0.707106781186543,-0.707106781186552));
#2768=DIRECTION('center_axis',(0.,0.707106781186548,-0.707106781186548));
#2769=DIRECTION('ref_axis',(-1.,-1.56891143580277E-15,-1.56891143580277E-15));
#2770=DIRECTION('',(-3.10482073367492E-15,-0.707106781186543,0.707106781186552));
#2771=DIRECTION('center_axis',(2.63311864084482E-15,0.707106781186543,-0.707106781186552));
#2772=DIRECTION('ref_axis',(-1.,6.2652835934734E-16,-3.7643512309529E-15));
#2773=DIRECTION('center_axis',(3.10482073367493E-15,0.707106781186543,-0.707106781186552));
#2774=DIRECTION('ref_axis',(-1.,6.2652835934734E-16,-3.7643512309529E-15));
#2775=DIRECTION('center_axis',(0.,-0.707106781186548,0.707106781186548));
#2776=DIRECTION('ref_axis',(-1.,-1.56891143580277E-15,-1.56891143580277E-15));
#2777=DIRECTION('',(-3.10482073367492E-15,-0.707106781186543,0.707106781186552));
#2778=DIRECTION('center_axis',(-2.63311864084482E-15,-0.707106781186543,
0.707106781186552));
#2779=DIRECTION('ref_axis',(-1.,6.2652835934734E-16,-3.7643512309529E-15));
#2780=DIRECTION('center_axis',(2.63311864084482E-15,0.707106781186543,-0.707106781186552));
#2781=DIRECTION('ref_axis',(-1.,2.9298461080729E-16,-3.43080748241285E-15));
#2782=DIRECTION('',(-1.,1.86189604661008E-15,-1.86189604661008E-15));
#2783=DIRECTION('center_axis',(0.,0.707106781186548,0.707106781186548));
#2784=DIRECTION('ref_axis',(1.,0.,0.));
#2785=DIRECTION('',(-1.,0.,0.));
#2786=DIRECTION('center_axis',(0.,-0.707106781186548,0.707106781186548));
#2787=DIRECTION('ref_axis',(1.,0.,0.));
#2788=DIRECTION('',(0.,0.,1.));
#2789=DIRECTION('',(1.,0.,0.));
#2790=DIRECTION('',(3.94430452610506E-31,-1.11022302462515E-16,1.));
#2791=DIRECTION('',(1.,-5.5511151231258E-17,-5.91645678915759E-31));
#2792=CARTESIAN_POINT('',(0.,0.,0.));
#2793=CARTESIAN_POINT('',(0.,0.,0.));
#2794=CARTESIAN_POINT('Origin',(113.140463188376,61.9020014942798,163.539200469321));
#2795=CARTESIAN_POINT('',(113.140463188376,61.9020014942798,163.539200469321));
#2796=CARTESIAN_POINT('',(111.991396523698,60.933686409348,164.507515554253));
#2797=CARTESIAN_POINT('',(133.067958651064,78.6948430713455,146.746358892255));
#2798=CARTESIAN_POINT('',(113.140463188376,66.4840534363686,168.12125241141));
#2799=CARTESIAN_POINT('',(113.140463188376,61.9020014942798,163.539200469321));
#2800=CARTESIAN_POINT('',(111.991396523698,65.5157383514368,169.089567496341));
#2801=CARTESIAN_POINT('',(108.629162641074,62.6823937878079,171.922912059971));
#2802=CARTESIAN_POINT('',(111.991396523699,60.9336864093485,164.507515554252));
#2803=CARTESIAN_POINT('Origin',(114.289529853055,60.933686409348,164.507515554253));
#2804=CARTESIAN_POINT('',(114.289529853055,60.933686409348,164.507515554253));
#2805=CARTESIAN_POINT('',(123.064955877852,53.5386608136029,171.902541149998));
#2806=CARTESIAN_POINT('',(114.289529853055,65.5157383514368,169.089567496341));
#2807=CARTESIAN_POINT('',(114.289529853055,60.9336864093477,164.507515554253));
#2808=CARTESIAN_POINT('',(109.386415579211,69.6475782702607,164.957727577518));
#2809=CARTESIAN_POINT('Origin',(128.000001907347,61.9020014942801,163.539200469321));
#2810=CARTESIAN_POINT('',(128.000001907347,61.9020014942801,163.539200469321));
#2811=CARTESIAN_POINT('',(126.850935242669,60.9336864093481,164.507515554253));
#2812=CARTESIAN_POINT('',(144.857695645168,76.1079302234609,149.33327174014));
#2813=CARTESIAN_POINT('',(128.000001907347,66.4840534363689,168.121252411409));
#2814=CARTESIAN_POINT('',(128.000001907347,61.9020014942801,163.539200469321));
#2815=CARTESIAN_POINT('',(126.850935242669,65.515738351437,169.089567496341));
#2816=CARTESIAN_POINT('',(120.418899635185,60.0954809399231,174.509824907855));
#2817=CARTESIAN_POINT('',(126.850935242669,60.9336864093484,164.507515554252));
#2818=CARTESIAN_POINT('Origin',(129.149068572025,60.9336864093481,164.507515554253));
#2819=CARTESIAN_POINT('',(129.149068572025,60.9336864093481,164.507515554253));
#2820=CARTESIAN_POINT('',(134.854692871957,56.1255736614898,169.315628302111));
#2821=CARTESIAN_POINT('',(129.149068572025,65.5157383514369,169.089567496341));
#2822=CARTESIAN_POINT('',(129.149068572026,60.9336864093476,164.507515554253));
#2823=CARTESIAN_POINT('',(121.176152573322,72.2344911181458,162.370814729633));
#2824=CARTESIAN_POINT('Origin',(184.000002741814,77.0916615789089,148.349540384692));
#2825=CARTESIAN_POINT('',(136.338,67.3307595714099,158.110442392191));
#2826=CARTESIAN_POINT('',(102.497002324581,67.3307595714098,158.110442392191));
#2827=CARTESIAN_POINT('',(163.624252637505,67.3307595714098,158.110442392191));
#2828=CARTESIAN_POINT('',(136.338,60.6992924484771,164.741909515124));
#2829=CARTESIAN_POINT('',(136.338,74.1426178155324,151.298584148068));
#2830=CARTESIAN_POINT('',(141.48,60.6992924484968,164.741909515104));
#2831=CARTESIAN_POINT('',(163.624252637586,60.6992924485815,164.741909515019));
#2832=CARTESIAN_POINT('',(141.479999999999,60.699512177442,164.741689786158));
#2833=CARTESIAN_POINT('',(141.479999999999,60.699512177442,164.741689786158));
#2834=CARTESIAN_POINT('',(153.75022184177,60.6995121774419,164.741689786158));
#2835=CARTESIAN_POINT('',(141.479999999999,60.6995121774419,164.741689786158));
#2836=CARTESIAN_POINT('',(153.75022184177,53.1886239476784,172.252578015922));
#2837=CARTESIAN_POINT('',(153.75022184177,60.6995121774419,164.741689786158));
#2838=CARTESIAN_POINT('',(184.000002741814,53.1886239476788,172.252578015922));
#2839=CARTESIAN_POINT('',(163.624252637506,53.188623947486,172.252578016115));
#2840=CARTESIAN_POINT('',(184.000002741814,48.807390331447,176.633811632154));
#2841=CARTESIAN_POINT('',(184.000002741814,50.9287106750066,174.512491288594));
#2842=CARTESIAN_POINT('',(102.497002324581,48.807390331447,176.633811632154));
#2843=CARTESIAN_POINT('',(177.000002637506,48.807390331447,176.633811632154));
#2844=CARTESIAN_POINT('',(102.497002324581,53.1886239476788,172.252578015922));
#2845=CARTESIAN_POINT('Origin',(113.140463188378,60.2519071928403,165.18929477076));
#2846=CARTESIAN_POINT('',(126.503403986597,60.3233027935597,165.117899170041));
#2847=CARTESIAN_POINT('Origin',(128.000001907348,60.2519071928403,165.18929477076));
#2848=CARTESIAN_POINT('',(126.513656945509,60.2519071928403,165.18929477076));
#2849=CARTESIAN_POINT('Origin',(128.000001907349,60.3946983942791,165.046503569322));
#2850=CARTESIAN_POINT('',(126.500001907348,60.2519071928403,165.18929477076));
#2851=CARTESIAN_POINT('',(155.256829843654,60.2519071928272,165.189294770774));
#2852=CARTESIAN_POINT('',(129.500001907348,60.2519071928403,165.18929477076));
#2853=CARTESIAN_POINT('Origin',(128.000001907348,60.2519071928402,165.18929477076));
#2854=CARTESIAN_POINT('',(129.486346869187,60.2519071928404,165.18929477076));
#2855=CARTESIAN_POINT('',(156.750002324573,60.2519071928279,165.189294770773));
#2856=CARTESIAN_POINT('',(129.496599828099,60.3233027935597,165.117899170041));
#2857=CARTESIAN_POINT('Origin',(128.000001907349,60.3946983942791,165.046503569322));
#2858=CARTESIAN_POINT('Origin',(128.000001907348,60.2519071928403,165.18929477076));
#2859=CARTESIAN_POINT('Origin',(128.000001907348,60.2519071928403,165.18929477076));
#2860=CARTESIAN_POINT('',(129.496599828099,64.9053547356485,169.69995111213));
#2861=CARTESIAN_POINT('',(129.496599828099,60.3233027935563,165.117899170044));
#2862=CARTESIAN_POINT('Origin',(128.000001907348,64.8339591349292,169.771346712849));
#2863=CARTESIAN_POINT('Origin',(128.000001907348,60.2519071928403,165.18929477076));
#2864=CARTESIAN_POINT('',(126.503403986597,64.9053547356485,169.69995111213));
#2865=CARTESIAN_POINT('Origin',(128.000001907348,64.8339591349292,169.771346712849));
#2866=CARTESIAN_POINT('',(126.503403986597,60.3233027935631,165.117899170037));
#2867=CARTESIAN_POINT('Origin',(91.7455046491623,66.2216625851188,168.38364326266));
#2868=CARTESIAN_POINT('',(102.497004649162,71.9128115134987,162.69249433428));
#2869=CARTESIAN_POINT('',(136.338,71.9128115134988,162.69249433428));
#2870=CARTESIAN_POINT('',(117.49700359118,71.9128115134987,162.69249433428));
#2871=CARTESIAN_POINT('',(102.497004649162,53.3894422735359,181.215863574243));
#2872=CARTESIAN_POINT('',(102.497002324581,68.0256687145229,166.579637133256));
#2873=CARTESIAN_POINT('',(116.557002324581,53.3894422733431,181.215863574435));
#2874=CARTESIAN_POINT('',(127.916908908238,53.389442273536,181.215863574243));
#2875=CARTESIAN_POINT('',(116.557002324581,57.770675889575,176.834629958204));
#2876=CARTESIAN_POINT('',(116.557002324581,69.7221947053829,164.883111142396));
#2877=CARTESIAN_POINT('',(136.338,57.7706758897679,176.834629958011));
#2878=CARTESIAN_POINT('',(127.916908908238,57.7706758897678,176.834629958011));
#2879=CARTESIAN_POINT('',(136.338,65.2813443903652,169.323961457413));
#2880=CARTESIAN_POINT('',(136.338,66.2216625851188,168.38364326266));
#2881=CARTESIAN_POINT('',(136.338,66.2216625851188,168.38364326266));
#2882=CARTESIAN_POINT('',(129.486346869187,64.8339591349293,169.771346712849));
#2883=CARTESIAN_POINT('Origin',(128.000001907349,64.9767503363681,169.62855551141));
#2884=CARTESIAN_POINT('',(129.500001907348,64.8339591349293,169.771346712849));
#2885=CARTESIAN_POINT('',(110.622753278254,64.833959134938,169.771346712841));
#2886=CARTESIAN_POINT('',(126.500001907348,64.8339591349293,169.771346712849));
#2887=CARTESIAN_POINT('Origin',(128.000001907348,64.8339591349294,169.771346712849));
#2888=CARTESIAN_POINT('',(126.513656945509,64.8339591349293,169.771346712849));
#2889=CARTESIAN_POINT('',(109.129580797335,64.8339591349373,169.771346712841));
#2890=CARTESIAN_POINT('Origin',(128.000001907349,64.9767503363681,169.62855551141));
#2891=CARTESIAN_POINT('Origin',(113.140463188378,64.8339591349294,169.771346712849));
#2892=CARTESIAN_POINT('Origin',(128.000001907349,62.5160187378388,167.167823912881));
#2893=CARTESIAN_POINT('',(129.486346869187,62.3732275364001,167.31061511432));
#2894=CARTESIAN_POINT('Origin',(128.000001907349,62.5160187378388,167.167823912881));
#2895=CARTESIAN_POINT('',(126.51365694551,62.3732275364001,167.31061511432));
#2896=CARTESIAN_POINT('Origin',(126.513656945509,60.2519071928403,165.18929477076));
#2897=CARTESIAN_POINT('',(126.500001907348,60.2519071928403,165.18929477076));
#2898=CARTESIAN_POINT('Origin',(128.000001907348,60.2519071928403,165.18929477076));
#2899=CARTESIAN_POINT('',(129.500001907348,60.2519071928403,165.18929477076));
#2900=CARTESIAN_POINT('Origin',(129.500001907348,60.2519071928403,165.18929477076));
#2901=CARTESIAN_POINT('Origin',(113.140463188378,60.2519071928403,165.18929477076));
#2902=CARTESIAN_POINT('Origin',(102.497002324581,68.0378663525963,158.817549173377));
#2903=CARTESIAN_POINT('',(136.338,83.1634448974101,173.943127718191));
#2904=CARTESIAN_POINT('',(102.497002324581,75.6007269768752,166.380409797656));
#2905=CARTESIAN_POINT('',(120.87179407743,71.0287118980158,161.808394718797));
#2906=CARTESIAN_POINT('',(120.678310750772,68.2177098145106,158.997392635292));
#2907=CARTESIAN_POINT('Origin',(120.57585227146,69.6300664019234,160.409749222705));
#2908=CARTESIAN_POINT('Origin',(120.974252556742,69.616355310603,160.396038131384));
#2909=CARTESIAN_POINT('',(119.474252556742,69.616355310603,160.396038131384));
#2910=CARTESIAN_POINT('Origin',(120.974252556742,69.616355310603,160.396038131384));
#2911=CARTESIAN_POINT('Origin',(122.497002324581,98.9959573546612,189.775640175442));
#2912=CARTESIAN_POINT('',(116.557002324581,84.8538217307375,203.917775799366));
#2913=CARTESIAN_POINT('',(116.55700232458,80.4725881146982,208.299009415404));
#2914=CARTESIAN_POINT('',(116.557002324581,103.876408358411,184.895189171693));
#2915=CARTESIAN_POINT('',(121.470705497185,80.4725881146982,208.299009415404));
#2916=CARTESIAN_POINT('',(121.265787742727,80.4725881146982,208.299009415404));
#2917=CARTESIAN_POINT('',(121.470705497186,84.853821730737,203.917775799365));
#2918=CARTESIAN_POINT('',(121.470705497186,106.034203662429,182.737393867673));
#2919=CARTESIAN_POINT('',(132.872752428889,84.8538217307375,203.917775799366));
#2920=CARTESIAN_POINT('Origin',(164.088313167315,67.0737649644205,186.137719032663));
#2921=CARTESIAN_POINT('',(116.557002324581,67.0569518243814,186.120905892624));
#2922=CARTESIAN_POINT('',(121.470828244872,84.8539945988294,203.917948667458));
#2923=CARTESIAN_POINT('Origin',(128.620191171131,82.3156280227967,201.379582091425));
#2924=CARTESIAN_POINT('',(184.000002741814,84.8539945990221,203.917948667265));
#2925=CARTESIAN_POINT('',(163.594070085154,84.8539945988293,203.917948667458));
#2926=CARTESIAN_POINT('',(184.000002741814,79.4313206795384,198.495274747781));
#2927=CARTESIAN_POINT('',(153.75022184177,63.5500836000772,182.614037668321));
#2928=CARTESIAN_POINT('',(153.75022184177,60.1311944560496,179.195148524292));
#2929=CARTESIAN_POINT('',(141.479999999999,63.5500836000773,182.614037668321));
#2930=CARTESIAN_POINT('',(158.919267504542,63.5500836000775,182.61403766832));
#2931=CARTESIAN_POINT('',(141.48,72.2402019531883,191.304156021431));
#2932=CARTESIAN_POINT('',(141.48,61.6495294919526,180.713483560195));
#2933=CARTESIAN_POINT('',(136.338,72.2402019531883,191.304156021431));
#2934=CARTESIAN_POINT('',(151.128656583657,72.2402019531883,191.304156021431));
#2935=CARTESIAN_POINT('',(136.338,65.88209390744,184.946047975683));
#2936=CARTESIAN_POINT('',(147.493482551571,70.1839570921513,189.247911160394));
#2937=CARTESIAN_POINT('Origin',(148.993482551571,70.1839570921513,189.247911160394));
#2938=CARTESIAN_POINT('',(168.500002533197,79.768060935361,198.832015003604));
#2939=CARTESIAN_POINT('Origin',(170.000002533197,79.768060935361,198.832015003604));
#2940=CARTESIAN_POINT('',(168.500002533197,60.6761775588329,179.740131627076));
#2941=CARTESIAN_POINT('Origin',(170.000002533197,60.6761775588329,179.740131627076));
#2942=CARTESIAN_POINT('',(128.203341752521,80.5400753901833,199.604029458426));
#2943=CARTESIAN_POINT('Origin',(129.703341752521,80.5400753901833,199.604029458426));
#2944=CARTESIAN_POINT('',(127.50000192225,64.9188183091725,183.982772377415));
#2945=CARTESIAN_POINT('Origin',(129.00000192225,64.9188183091725,183.982772377415));
#2946=CARTESIAN_POINT('Origin',(148.993482551571,67.9240438194791,191.507824433066));
#2947=CARTESIAN_POINT('',(147.493482551571,65.8027234759194,193.629144776626));
#2948=CARTESIAN_POINT('Origin',(148.993482551571,65.8027234759194,193.629144776626));
#2949=CARTESIAN_POINT('',(147.493482551571,67.9240438194791,191.507824433066));
#2950=CARTESIAN_POINT('Origin',(129.703341752521,78.280162117511,201.863942731098));
#2951=CARTESIAN_POINT('',(128.203341752521,76.1588417739514,203.985263074658));
#2952=CARTESIAN_POINT('Origin',(129.703341752521,76.1588417739514,203.985263074658));
#2953=CARTESIAN_POINT('',(128.203341752521,78.280162117511,201.863942731098));
#2954=CARTESIAN_POINT('Origin',(129.00000192225,62.6589050365002,186.242685650088));
#2955=CARTESIAN_POINT('',(127.50000192225,60.5375846929406,188.364005993647));
#2956=CARTESIAN_POINT('Origin',(129.00000192225,60.5375846929406,188.364005993647));
#2957=CARTESIAN_POINT('',(127.50000192225,62.6589050365002,186.242685650088));
#2958=CARTESIAN_POINT('Origin',(170.000002533197,77.5081476626887,201.091928276276));
#2959=CARTESIAN_POINT('',(168.500002533197,75.3868273191291,203.213248619836));
#2960=CARTESIAN_POINT('Origin',(170.000002533197,75.3868273191291,203.213248619836));
#2961=CARTESIAN_POINT('',(168.500002533197,77.5081476626887,201.091928276276));
#2962=CARTESIAN_POINT('Origin',(170.000002533197,58.4162642861607,182.000044899748));
#2963=CARTESIAN_POINT('',(168.500002533197,56.294943942601,184.121365243308));
#2964=CARTESIAN_POINT('Origin',(170.000002533197,56.294943942601,184.121365243308));
#2965=CARTESIAN_POINT('',(168.500002533197,58.4162642861607,182.000044899748));
#2966=CARTESIAN_POINT('Origin',(184.000002741814,89.5289631219841,213.112743735571));
#2967=CARTESIAN_POINT('',(184.000002741814,80.4727609827903,208.299182283497));
#2968=CARTESIAN_POINT('',(184.000002741814,97.2665470359708,191.505396230316));
#2969=CARTESIAN_POINT('',(184.000002741814,81.2204583508459,209.046879651552));
#2970=CARTESIAN_POINT('Origin',(183.939637637111,111.939012745592,176.832930520695));
#2971=CARTESIAN_POINT('',(121.470828244872,80.4727609827903,208.299182283497));
#2972=CARTESIAN_POINT('',(121.470828244872,103.293925238805,185.478018027482));
#2973=CARTESIAN_POINT('',(176.969820085154,80.4727609827903,208.299182283497));
#2974=CARTESIAN_POINT('Origin',(128.620191171131,103.496009954489,180.199200159733));
#2975=CARTESIAN_POINT('Origin',(128.620191171131,77.9343944067577,205.760815707464));
#2976=CARTESIAN_POINT('Origin',(120.08993109472,82.4517572577423,201.543133509012));
#2977=CARTESIAN_POINT('',(118.58993109472,82.4517572577423,201.543133509012));
#2978=CARTESIAN_POINT('Origin',(120.08993109472,82.4517572577423,201.543133509012));
#2979=CARTESIAN_POINT('Origin',(120.08993109472,82.4517572577423,201.543133509012));
#2980=CARTESIAN_POINT('',(118.58993109472,78.0842347330239,205.91065603373));
#2981=CARTESIAN_POINT('',(118.58993109472,82.4517572577423,201.543133509012));
#2982=CARTESIAN_POINT('Origin',(120.08993109472,78.0842347330239,205.91065603373));
#2983=CARTESIAN_POINT('Origin',(120.974252556742,69.6026442192825,160.409749222705));
#2984=CARTESIAN_POINT('',(120.847324714174,66.430570650287,165.695534845307));
#2985=CARTESIAN_POINT('',(120.847324714172,56.5310757136753,175.595029781918));
#2986=CARTESIAN_POINT('',(120.847324714174,70.6595002460858,161.466605249508));
#2987=CARTESIAN_POINT('',(122.474252556742,65.3737146234837,164.638678818503));
#2988=CARTESIAN_POINT('Origin',(120.974252556742,65.3737146234837,164.638678818503));
#2989=CARTESIAN_POINT('',(122.474252556742,51.0929860706402,178.919407371347));
#2990=CARTESIAN_POINT('',(122.474252556742,69.6026442192825,160.409749222705));
#2991=CARTESIAN_POINT('Origin',(120.974252556742,51.0929860706403,178.919407371347));
#2992=CARTESIAN_POINT('',(120.702780114028,64.3305696880009,163.595533883021));
#2993=CARTESIAN_POINT('Origin',(120.974252556742,65.3737146234837,164.638678818503));
#2994=CARTESIAN_POINT('',(120.702780114027,54.4310747513894,173.495028819632));
#2995=CARTESIAN_POINT('',(120.702780114028,68.5594992837997,159.366604287222));
#2996=CARTESIAN_POINT('Origin',(120.974252556742,55.4742196868722,174.538173755115));
#2997=CARTESIAN_POINT('Origin',(170.000002533197,75.0332739232674,202.859695223974));
#2998=CARTESIAN_POINT('',(116.557002324581,68.8460894956889,196.672510796395));
#2999=CARTESIAN_POINT('',(102.497002324581,58.0241736708231,185.85059497153));
#3000=CARTESIAN_POINT('',(146.66279443702,53.9797668763666,181.806188177073));
#3001=CARTESIAN_POINT('Origin',(148.162794437018,53.9797668763659,181.806188177073));
#3002=CARTESIAN_POINT('Origin',(148.16279443702,65.858177631041,169.927777422399));
#3003=CARTESIAN_POINT('',(148.035866594451,66.9150336578443,170.984633449202));
#3004=CARTESIAN_POINT('',(148.03586659445,59.4178565194011,178.481810587644));
#3005=CARTESIAN_POINT('',(148.035866594451,66.9150336578443,170.984633449202));
#3006=CARTESIAN_POINT('',(147.891321994306,64.8150326955582,168.884632486916));
#3007=CARTESIAN_POINT('Origin',(148.16279443702,65.858177631041,169.927777422399));
#3008=CARTESIAN_POINT('',(147.891321994304,57.317855557115,176.381809625358));
#3009=CARTESIAN_POINT('',(147.891321994306,64.8150326955582,168.884632486916));
#3010=CARTESIAN_POINT('',(146.662794437018,58.3610004925984,177.424954560841));
#3011=CARTESIAN_POINT('Origin',(148.162794437018,58.3610004925978,177.424954560841));
#3012=CARTESIAN_POINT('',(146.66279443702,65.858177631041,169.927777422399));
#3013=CARTESIAN_POINT('Origin',(148.162794437018,58.3610004925978,177.424954560841));
#3014=CARTESIAN_POINT('Origin',(120.57585227146,65.3874257148043,164.652389909824));
#3015=CARTESIAN_POINT('',(122.57585227146,65.3874257148042,164.652389909824));
#3016=CARTESIAN_POINT('Origin',(120.57585227146,65.3874257148043,164.652389909824));
#3017=CARTESIAN_POINT('Origin',(120.57585227146,65.3874257148042,164.652389909824));
#3018=CARTESIAN_POINT('Origin',(136.338,87.0262593781558,170.080313237445));
#3019=CARTESIAN_POINT('',(136.338,76.5319777732893,180.574594841324));
#3020=CARTESIAN_POINT('Origin',(141.48,71.0609718298408,175.103149438557));
#3021=CARTESIAN_POINT('',(141.48,71.0607521004412,175.103369167957));
#3022=CARTESIAN_POINT('',(141.48,70.1339701467016,174.176587214136));
#3023=CARTESIAN_POINT('',(141.479999999999,71.0609718298408,175.103149438557));
#3024=CARTESIAN_POINT('',(141.479999999999,71.0609718298408,175.103149438557));
#3025=CARTESIAN_POINT('',(141.48,64.8082121264447,168.850389735161));
#3026=CARTESIAN_POINT('Origin',(153.75022184177,71.0609718298407,175.103149438557));
#3027=CARTESIAN_POINT('',(153.75022184177,71.0609718298408,175.103149438557));
#3028=CARTESIAN_POINT('',(153.75022184177,71.0609718298407,175.103149438557));
#3029=CARTESIAN_POINT('',(141.48,71.5310210626346,174.633100205763));
#3030=CARTESIAN_POINT('',(153.75022184177,71.0609718298408,175.103149438557));
#3031=CARTESIAN_POINT('Origin',(153.75022184177,60.6995121774419,164.741689786158));
#3032=CARTESIAN_POINT('',(153.75022184177,60.6995121774419,164.741689786158));
#3033=CARTESIAN_POINT('Origin',(147.615110920885,65.8802420036413,169.922419612358));
#3034=CARTESIAN_POINT('',(146.264394151737,65.8855998136821,169.927777422399));
#3035=CARTESIAN_POINT('Origin',(147.764394151737,65.8855998136822,169.927777422399));
#3036=CARTESIAN_POINT('Origin',(136.338,73.1414095458105,175.303390223351));
#3037=CARTESIAN_POINT('',(136.338,79.7508704531513,183.793487521468));
#3038=CARTESIAN_POINT('',(136.338,74.3665345619838,178.409151629828));
#3039=CARTESIAN_POINT('',(136.338,80.6911886485393,182.85316932608));
#3040=CARTESIAN_POINT('Origin',(138.169,80.6911886485392,182.85316932608));
#3041=CARTESIAN_POINT('',(141.48,79.7508704531709,183.793487521448));
#3042=CARTESIAN_POINT('',(140.70875126662,79.750870453168,183.793487521451));
#3043=CARTESIAN_POINT('',(141.48,80.6911886485392,182.85316932608));
#3044=CARTESIAN_POINT('Origin',(102.497002324581,81.0804509315822,176.026407091507));
#3045=CARTESIAN_POINT('Origin',(141.48,64.6762807148356,166.838261392377));
#3046=CARTESIAN_POINT('',(141.48,70.1339701467016,174.176587214136));
#3047=CARTESIAN_POINT('Origin',(143.248502533232,76.5319777732817,180.574594841263));
#3048=CARTESIAN_POINT('Origin',(148.16279443702,65.858177631041,169.927777422399));
#3049=CARTESIAN_POINT('Origin',(147.764394151737,65.8718887223615,169.941488513719));
#3050=CARTESIAN_POINT('Origin',(147.764394151737,65.8855998136821,169.927777422399));
#3051=CARTESIAN_POINT('',(146.264394151737,58.3747115839189,177.438665652162));
#3052=CARTESIAN_POINT('',(146.264394151737,65.8855998136821,169.927777422399));
#3053=CARTESIAN_POINT('Origin',(147.764394151737,58.3747115839189,177.438665652162));
#3054=CARTESIAN_POINT('Origin',(147.764394151737,58.3747115839189,177.438665652162));
#3055=CARTESIAN_POINT('Origin',(147.150130373093,58.3747115839183,177.438665652161));
#3056=CARTESIAN_POINT('Origin',(120.57585227146,69.6300664019235,160.409749222705));
#3057=CARTESIAN_POINT('Origin',(120.57585227146,55.4879307781926,174.551884846435));
#3058=CARTESIAN_POINT('Origin',(119.961588492816,55.487930778192,174.551884846435));
#3059=CARTESIAN_POINT('Origin',(120.57585227146,69.6300664019235,160.409749222705));
#3060=CARTESIAN_POINT('',(120.87179407743,71.0150008066954,161.822105810117));
#3061=CARTESIAN_POINT('',(120.87179407743,71.0150008066954,161.822105810117));
#3062=CARTESIAN_POINT('',(122.57585227146,69.616355310603,160.423460314025));
#3063=CARTESIAN_POINT('Origin',(120.57585227146,69.616355310603,160.423460314025));
#3064=CARTESIAN_POINT('',(122.57585227146,69.6300664019235,160.409749222705));
#3065=CARTESIAN_POINT('',(120.678310750772,68.2039987231901,159.011103726612));
#3066=CARTESIAN_POINT('Origin',(120.57585227146,69.616355310603,160.423460314025));
#3067=CARTESIAN_POINT('',(120.678310750772,68.2039987231901,159.011103726612));
#3068=CARTESIAN_POINT('Origin',(120.974252556742,69.6026442192825,160.409749222705));
#3069=CARTESIAN_POINT('Origin',(120.974252556742,69.6026442192825,160.409749222705));
#3070=CARTESIAN_POINT('',(119.474252556742,69.6026442192825,160.409749222705));
#3071=CARTESIAN_POINT('Origin',(120.974252556742,69.6026442192825,160.409749222705));
#3072=CARTESIAN_POINT('Origin',(116.557002324581,90.9431763155722,162.201055121355));
#3073=CARTESIAN_POINT('Origin',(120.974252556742,69.6026442192825,160.409749222705));
#3074=CARTESIAN_POINT('',(119.474252556742,69.6026442192825,160.409749222705));
#3075=CARTESIAN_POINT('Origin',(120.974252556742,69.6026442192825,160.409749222705));
#3076=CARTESIAN_POINT('Origin',(143.248502533197,67.3634424922095,186.427396560838));
#3077=CARTESIAN_POINT('',(142.516943409996,70.1577262935096,189.221680362188));
#3078=CARTESIAN_POINT('Origin',(149.016943409996,70.1577262935593,189.221680362188));
#3079=CARTESIAN_POINT('',(147.394239192868,70.1577262935469,189.221680362188));
#3080=CARTESIAN_POINT('Origin',(149.016943409996,70.1577262935593,189.221680362188));
#3081=CARTESIAN_POINT('Origin',(149.016943409939,77.6683947941842,181.711011862221));
#3082=CARTESIAN_POINT('',(142.516943409939,77.6683947941345,181.711011862221));
#3083=CARTESIAN_POINT('Origin',(149.016943409939,77.6683947941842,181.711011862221));
#3084=CARTESIAN_POINT('',(147.394239192811,77.6683947941718,181.711011862221));
#3085=CARTESIAN_POINT('Origin',(149.016943409939,77.6683947941842,181.711011862221));
#3086=CARTESIAN_POINT('Origin',(149.016943409938,77.8098161504277,181.56959050599));
#3087=CARTESIAN_POINT('',(142.516943409938,77.809816150378,181.56959050599));
#3088=CARTESIAN_POINT('Origin',(149.016943409938,77.8098161504277,181.56959050599));
#3089=CARTESIAN_POINT('',(147.394239192809,77.8098161504153,181.56959050599));
#3090=CARTESIAN_POINT('',(0.,0.,0.));
#3091=CARTESIAN_POINT('Origin',(143.188137428494,47.9378441407231,147.050073271006));
#3092=CARTESIAN_POINT('',(120.74486986175,55.7680094190201,154.880238549303));
#3093=CARTESIAN_POINT('',(120.74486986175,53.6601986807552,152.772427811038));
#3094=CARTESIAN_POINT('Origin',(120.57585227146,54.7141040498876,153.826333180171));
#3095=CARTESIAN_POINT('Origin',(120.91388745204,54.7141040498876,153.826333180171));
#3096=CARTESIAN_POINT('Origin',(120.91388745204,54.7278151412081,153.81262208885));
#3097=CARTESIAN_POINT('',(120.74486986175,41.424624425129,169.223623543195));
#3098=CARTESIAN_POINT('',(120.74486986175,55.7817205103406,154.866527457983));
#3099=CARTESIAN_POINT('',(121.342344775212,39.3542486131847,167.15324773125));
#3100=CARTESIAN_POINT('Origin',(120.91388745204,40.3707190559965,168.169718174062));
#3101=CARTESIAN_POINT('',(121.342344775211,53.6976336070757,152.809862737359));
#3102=CARTESIAN_POINT('',(121.342344775211,53.7113446983962,152.796151646039));
#3103=CARTESIAN_POINT('Origin',(120.91388745204,54.7141040498876,153.826333180171));
#3104=CARTESIAN_POINT('Origin',(120.57585227146,54.7278151412081,153.81262208885));
#3105=CARTESIAN_POINT('',(122.07585227146,54.7278151412081,153.81262208885));
#3106=CARTESIAN_POINT('Origin',(120.57585227146,54.7278151412081,153.812622088851));
#3107=CARTESIAN_POINT('',(122.07585227146,54.7141040498876,153.826333180171));
#3108=CARTESIAN_POINT('',(122.07585227146,54.7278151412081,153.81262208885));
#3109=CARTESIAN_POINT('',(120.818730923453,55.7607677877724,154.872996918056));
#3110=CARTESIAN_POINT('Origin',(120.57585227146,54.7141040498876,153.826333180171));
#3111=CARTESIAN_POINT('',(120.818730923453,41.4173827938812,169.216381911947));
#3112=CARTESIAN_POINT('',(120.818730923453,55.7607677877724,154.872996918056));
#3113=CARTESIAN_POINT('Origin',(120.57585227146,40.3707190559964,168.169718174062));
#3114=CARTESIAN_POINT('Origin',(120.57585227146,54.7141040498876,153.826333180171));
#3115=CARTESIAN_POINT('Origin',(120.853522347337,54.7003929585671,153.812622088851));
#3116=CARTESIAN_POINT('Origin',(120.853522347337,54.7003929585671,153.812622088851));
#3117=CARTESIAN_POINT('Origin',(120.853522347337,54.7003929585671,153.812622088851));
#3118=CARTESIAN_POINT('Origin',(120.853522347337,40.3570079646759,168.156007082742));
#3119=CARTESIAN_POINT('Origin',(119.293130524156,41.8512799201073,112.679237802543));
#3120=CARTESIAN_POINT('',(117.793130524156,37.6086392329881,116.921878489663));
#3121=CARTESIAN_POINT('Origin',(119.293130524156,37.6086392329881,116.921878489663));
#3122=CARTESIAN_POINT('',(117.793130524156,13.3657593022925,141.164758420358));
#3123=CARTESIAN_POINT('',(117.793130524156,41.8512799201073,112.679237802543));
#3124=CARTESIAN_POINT('Origin',(119.293130524156,13.3657593022925,141.164758420358));
#3125=CARTESIAN_POINT('Origin',(119.293130524156,41.8512799201073,112.679237802543));
#3126=CARTESIAN_POINT('',(117.293130524156,41.8512799201073,112.679237802543));
#3127=CARTESIAN_POINT('Origin',(119.293130524156,41.8512799201073,112.679237802543));
#3128=CARTESIAN_POINT('',(117.293130524156,37.6086392329881,116.921878489663));
#3129=CARTESIAN_POINT('',(117.293130524156,41.8512799201073,112.679237802543));
#3130=CARTESIAN_POINT('Origin',(119.293130524156,37.6086392329881,116.921878489663));
#3131=CARTESIAN_POINT('Origin',(119.293130524156,41.8512799201073,112.679237802543));
#3132=CARTESIAN_POINT('Origin',(119.293130524156,37.6086392329881,116.921878489663));
#3133=CARTESIAN_POINT('Origin',(143.248502533197,56.9944390509221,127.794974750717));
#3134=CARTESIAN_POINT('',(122.497002324581,39.5038869441095,110.30442264429));
#3135=CARTESIAN_POINT('',(122.497002324581,44.2685453038362,115.069081004017));
#3136=CARTESIAN_POINT('',(122.497002324581,57.3009297187503,128.101465418931));
#3137=CARTESIAN_POINT('',(121.470828244873,39.5038869443023,110.304422644097));
#3138=CARTESIAN_POINT('',(163.594070085154,39.5038869443023,110.304422644097));
#3139=CARTESIAN_POINT('',(121.470705497186,39.5040598123946,110.30459551219));
#3140=CARTESIAN_POINT('Origin',(128.620191171131,42.042253520335,112.84278922013));
#3141=CARTESIAN_POINT('',(116.497002324581,39.5040598123941,110.304595512189));
#3142=CARTESIAN_POINT('',(132.872752428889,39.5040598123941,110.304595512189));
#3143=CARTESIAN_POINT('',(116.497002324581,44.2685453038362,115.069081004017));
#3144=CARTESIAN_POINT('',(116.497002324581,57.1560909549522,127.956626654747));
#3145=CARTESIAN_POINT('',(118.497002324581,44.2685453038362,115.069081004017));
#3146=CARTESIAN_POINT('Origin',(122.497002324581,32.2394384774219,119.226414466972));
#3147=CARTESIAN_POINT('',(122.497002324581,30.1264096801053,129.211216627748));
#3148=CARTESIAN_POINT('',(122.497002324581,33.4469831245574,125.890643183296));
#3149=CARTESIAN_POINT('',(122.497002324581,25.3617513203786,124.446558268021));
#3150=CARTESIAN_POINT('',(122.497002324581,28.4958807813348,127.580687728977));
#3151=CARTESIAN_POINT('',(122.497002324581,21.9147677984824,127.893541789917));
#3152=CARTESIAN_POINT('Origin',(120.665370250229,46.5284585765085,112.809167731345));
#3153=CARTESIAN_POINT('',(116.49700232458,30.1264096801059,129.211216627748));
#3154=CARTESIAN_POINT('',(116.49700232458,48.6497789200685,110.687847387785));
#3155=CARTESIAN_POINT('',(130.832686287405,30.1264096801054,129.211216627748));
#3156=CARTESIAN_POINT('Origin',(129.703341752521,46.0777194256206,112.358428580457));
#3157=CARTESIAN_POINT('',(128.203341752521,29.6756705292175,128.76047747686));
#3158=CARTESIAN_POINT('Origin',(129.703341752521,29.6756705292175,128.76047747686));
#3159=CARTESIAN_POINT('',(128.203341752521,27.3782805971424,131.057867408935));
#3160=CARTESIAN_POINT('',(128.203341752521,46.0777194256206,112.358428580457));
#3161=CARTESIAN_POINT('Origin',(129.703341752521,27.3782805971424,131.057867408935));
#3162=CARTESIAN_POINT('Origin',(129.703341752521,27.3782805971424,131.057867408935));
#3163=CARTESIAN_POINT('Origin',(122.497483112562,32.5110594219099,141.848246717483));
#3164=CARTESIAN_POINT('',(116.497002324581,32.5110594219099,139.348246717483));
#3165=CARTESIAN_POINT('Origin',(116.497002324581,32.5110594219099,141.848246717483));
#3166=CARTESIAN_POINT('',(116.497483112556,32.5110594219099,139.348246717483));
#3167=CARTESIAN_POINT('',(122.497483112562,32.5110594219099,139.348246717483));
#3168=CARTESIAN_POINT('Origin',(116.497483112556,32.5110594219099,141.848246717483));
#3169=CARTESIAN_POINT('Origin',(132.471027505444,46.604860926248,143.144083461613));
#3170=CARTESIAN_POINT('',(133.971027505444,45.3320687201093,144.416875667752));
#3171=CARTESIAN_POINT('Origin',(132.471027505444,45.3320687201093,144.416875667752));
#3172=CARTESIAN_POINT('',(133.971027505444,30.9749726348976,158.773971752963));
#3173=CARTESIAN_POINT('',(133.971027505444,46.604860926248,143.144083461613));
#3174=CARTESIAN_POINT('Origin',(132.471027505444,30.9749726348976,158.773971752963));
#3175=CARTESIAN_POINT('Origin',(128.620191171131,20.8618715886428,134.023171151822));
#3176=CARTESIAN_POINT('',(121.470828244872,11.0046552351669,138.803654353233));
#3177=CARTESIAN_POINT('',(121.470828244872,21.0639563043267,128.744353284073));
#3178=CARTESIAN_POINT('',(121.470705497186,11.0048281032592,138.803827221325));
#3179=CARTESIAN_POINT('Origin',(128.620191171131,13.5430218111996,141.342020929265));
#3180=CARTESIAN_POINT('',(121.470705497186,18.3236778807024,131.484977443882));
#3181=CARTESIAN_POINT('Origin',(122.497002324581,25.3619241884704,124.446731136113));
#3182=CARTESIAN_POINT('',(116.497002324581,11.0048281032587,138.803827221324));
#3183=CARTESIAN_POINT('',(121.265787742727,11.0048281032592,138.803827221325));
#3184=CARTESIAN_POINT('',(116.497002324581,28.6824976329224,121.126157691661));
#3185=CARTESIAN_POINT('Origin',(116.497002324581,33.4147052275595,152.0213161902));
#3186=CARTESIAN_POINT('',(116.497002324581,57.0271219717219,156.111928919364));
#3187=CARTESIAN_POINT('',(116.497002324581,49.7478112127969,148.832618160439));
#3188=CARTESIAN_POINT('',(116.497002324581,42.6700258865101,170.469025004576));
#3189=CARTESIAN_POINT('',(116.497002324581,15.7693135948937,143.568312712959));
#3190=CARTESIAN_POINT('',(116.497002324581,47.2662199642227,165.872830926863));
#3191=CARTESIAN_POINT('Origin',(116.497483112556,32.4972981836856,141.871746283577));
#3192=CARTESIAN_POINT('Origin',(148.993482551571,56.4338377236526,122.714546878489));
#3193=CARTESIAN_POINT('',(147.493482551571,40.0317888272495,139.116595774892));
#3194=CARTESIAN_POINT('Origin',(148.993482551571,40.0317888272495,139.116595774892));
#3195=CARTESIAN_POINT('',(147.493482551571,37.7343988951744,141.413985706967));
#3196=CARTESIAN_POINT('',(147.493482551571,56.4338377236526,122.714546878489));
#3197=CARTESIAN_POINT('Origin',(148.993482551571,37.7343988951744,141.413985706967));
#3198=CARTESIAN_POINT('Origin',(148.993482551571,37.7343988951744,141.413985706967));
#3199=CARTESIAN_POINT('Origin',(122.497002324581,42.0817130445629,164.223857913136));
#3200=CARTESIAN_POINT('',(183.939637637111,41.9963438947983,164.309227062901));
#3201=CARTESIAN_POINT('',(183.939637637111,39.2532859198167,167.052285037882));
#3202=CARTESIAN_POINT('',(183.939637637111,40.6674994821898,165.638071475509));
#3203=CARTESIAN_POINT('',(183.940002741814,41.9968602308206,164.308710726879));
#3204=CARTESIAN_POINT('',(177.59970270009,33.0303219223008,173.275249035398));
#3205=CARTESIAN_POINT('',(183.940002741814,39.2532859198167,167.052285037882));
#3206=CARTESIAN_POINT('',(183.940002741814,42.9655965210461,163.339974436653));
#3207=CARTESIAN_POINT('',(143.292657745948,39.2532859198167,167.052285037882));
#3208=CARTESIAN_POINT('Origin',(156.000002324581,39.1344919805773,164.105063973897));
#3209=CARTESIAN_POINT('',(156.000002324581,25.3617513203786,124.446558268021));
#3210=CARTESIAN_POINT('',(156.000002324581,15.6008493128795,134.20746027552));
#3211=CARTESIAN_POINT('',(156.000002324581,12.41886879754,137.38944079086));
#3212=CARTESIAN_POINT('',(156.000002324581,57.0271219717217,156.111928919364));
#3213=CARTESIAN_POINT('',(156.000002324581,35.0776609071306,134.162467854773));
#3214=CARTESIAN_POINT('',(156.000002324581,47.2662199642227,165.872830926863));
#3215=CARTESIAN_POINT('',(156.000002324581,53.2244611722801,159.914589718806));
#3216=CARTESIAN_POINT('',(156.000002324581,42.3164724959168,160.923083458557));
#3217=CARTESIAN_POINT('',(156.000002324581,33.4147052275594,152.0213161902));
#3218=CARTESIAN_POINT('',(156.000002324581,49.890874113809,153.348681840665));
#3219=CARTESIAN_POINT('',(156.000002324581,44.5183146241841,158.72124133029));
#3220=CARTESIAN_POINT('',(156.000002324581,33.4147052275594,152.0213161902));
#3221=CARTESIAN_POINT('Origin',(170.000002533197,21.0403363724024,139.646947335043));
#3222=CARTESIAN_POINT('',(183.940002741814,15.6008493128794,134.20746027552));
#3223=CARTESIAN_POINT('',(176.969820085154,15.6008493128794,134.20746027552));
#3224=CARTESIAN_POINT('',(183.940002741814,47.2662199642227,165.872830926863));
#3225=CARTESIAN_POINT('',(177.000002637506,47.2662199642227,165.872830926863));
#3226=CARTESIAN_POINT('',(183.940002741814,14.8531519448238,133.459762907464));
#3227=CARTESIAN_POINT('',(162.119232070985,36.1852658726826,154.791876835323));
#3228=CARTESIAN_POINT('Origin',(160.119232070985,36.1852658726826,154.791876835323));
#3229=CARTESIAN_POINT('',(182.119232070985,36.1852658726826,154.791876835323));
#3230=CARTESIAN_POINT('Origin',(180.119232070985,36.1852658726826,154.791876835323));
#3231=CARTESIAN_POINT('',(162.119232070985,25.5786641548844,144.185275117525));
#3232=CARTESIAN_POINT('Origin',(160.119232070985,25.5786641548844,144.185275117525));
#3233=CARTESIAN_POINT('',(182.119232070985,25.5786641548844,144.185275117525));
#3234=CARTESIAN_POINT('Origin',(180.119232070985,25.5786641548844,144.185275117525));
#3235=CARTESIAN_POINT('Origin',(183.940002741814,8.66596751724526,127.272578479886));
#3236=CARTESIAN_POINT('',(183.940002741814,13.7482295461707,136.060080042229));
#3237=CARTESIAN_POINT('',(183.940002741814,12.9921256080955,135.303976104154));
#3238=CARTESIAN_POINT('',(183.940002741814,14.0098590552097,135.79845053319));
#3239=CARTESIAN_POINT('',(183.940002741814,42.6700258865101,170.469025004576));
#3240=CARTESIAN_POINT('',(183.940002741814,47.2662199642227,165.872830926863));
#3241=CARTESIAN_POINT('',(183.940002741814,16.4273291546506,144.226328272716));
#3242=CARTESIAN_POINT('Origin',(160.119232070985,33.0032853573432,157.973857350663));
#3243=CARTESIAN_POINT('',(162.119232070985,31.5890717949701,159.388070913036));
#3244=CARTESIAN_POINT('Origin',(160.119232070985,31.5890717949701,159.388070913036));
#3245=CARTESIAN_POINT('',(162.119232070985,33.0032853573432,157.973857350663));
#3246=CARTESIAN_POINT('Origin',(160.119232070985,22.3966836395449,147.367255632864));
#3247=CARTESIAN_POINT('',(162.119232070985,20.9824700771719,148.781469195238));
#3248=CARTESIAN_POINT('Origin',(160.119232070985,20.9824700771719,148.781469195238));
#3249=CARTESIAN_POINT('',(162.119232070985,22.3966836395449,147.367255632864));
#3250=CARTESIAN_POINT('Origin',(180.119232070985,22.3966836395449,147.367255632864));
#3251=CARTESIAN_POINT('',(182.119232070985,20.9824700771718,148.781469195238));
#3252=CARTESIAN_POINT('Origin',(180.119232070985,20.9824700771719,148.781469195238));
#3253=CARTESIAN_POINT('',(182.119232070985,22.3966836395449,147.367255632864));
#3254=CARTESIAN_POINT('Origin',(180.119232070985,33.0032853573432,157.973857350663));
#3255=CARTESIAN_POINT('',(182.119232070985,31.5890717949701,159.388070913036));
#3256=CARTESIAN_POINT('Origin',(180.119232070985,31.5890717949701,159.388070913036));
#3257=CARTESIAN_POINT('',(182.119232070985,33.0032853573432,157.973857350663));
#3258=CARTESIAN_POINT('Origin',(183.939637637111,41.9582092616995,166.928781255019));
#3259=CARTESIAN_POINT('',(183.939637637111,13.7477132101484,136.060596378251));
#3260=CARTESIAN_POINT('',(183.939637637111,31.2287204019701,153.541603570073));
#3261=CARTESIAN_POINT('',(183.939637637111,11.0046552351669,138.803654353233));
#3262=CARTESIAN_POINT('',(183.939637637111,34.6644402845475,162.463439402613));
#3263=CARTESIAN_POINT('',(183.939637637111,12.41886879754,137.38944079086));
#3264=CARTESIAN_POINT('Origin',(138.169,43.6666928945924,131.369201985475));
#3265=CARTESIAN_POINT('',(136.338,44.6070110899803,130.428883790087));
#3266=CARTESIAN_POINT('',(141.48,44.6070110899607,130.428883790107));
#3267=CARTESIAN_POINT('',(140.70875126662,44.6070110899636,130.428883790104));
#3268=CARTESIAN_POINT('',(141.48,37.9755439662125,137.060350913855));
#3269=CARTESIAN_POINT('',(141.48,43.6666928945924,131.369201985475));
#3270=CARTESIAN_POINT('',(136.338,37.9755439662125,137.060350913855));
#3271=CARTESIAN_POINT('',(140.500001162291,37.9755439662125,137.060350913855));
#3272=CARTESIAN_POINT('',(136.338,43.6666928945924,131.369201985475));
#3273=CARTESIAN_POINT('Origin',(136.338,51.2164719973212,138.918981088204));
#3274=CARTESIAN_POINT('',(136.338,57.0271219717218,156.111928919364));
#3275=CARTESIAN_POINT('',(136.338,38.1632808166176,137.24808776426));
#3276=CARTESIAN_POINT('',(136.338,63.6585890946545,149.480461796431));
#3277=CARTESIAN_POINT('',(136.338,50.2152637275992,162.923787163487));
#3278=CARTESIAN_POINT('',(136.338,47.8259037698423,133.647776470231));
#3279=CARTESIAN_POINT('Origin',(143.248502533232,47.8259037698499,133.647776470292));
#3280=CARTESIAN_POINT('',(141.48,63.6585890946349,149.480461796451));
#3281=CARTESIAN_POINT('',(163.624252637586,63.6585890945502,149.480461796536));
#3282=CARTESIAN_POINT('',(141.48,54.2239113964301,140.045784097419));
#3283=CARTESIAN_POINT('Origin',(183.500002741814,18.5486494982103,142.105007929157));
#3284=CARTESIAN_POINT('',(183.343966231343,12.9053066293941,136.903002959005));
#3285=CARTESIAN_POINT('Origin',(141.48,59.681600828296,147.384109919178));
#3286=CARTESIAN_POINT('',(141.479999999999,63.6583693656895,149.480681525397));
#3287=CARTESIAN_POINT('',(141.479999999999,53.2969097132906,139.119221872998));
#3288=CARTESIAN_POINT('',(141.48,59.5496694166868,145.371981576394));
#3289=CARTESIAN_POINT('',(141.479999999999,46.6656623193232,145.750469266966));
#3290=CARTESIAN_POINT('',(141.48,49.5112367835132,142.904894802776));
#3291=CARTESIAN_POINT('',(141.48,42.395845232105,141.480652179747));
#3292=CARTESIAN_POINT('',(141.48,58.7567051585041,154.382345732582));
#3293=CARTESIAN_POINT('Origin',(147.615110920885,58.47763953949,144.299951699198));
#3294=CARTESIAN_POINT('',(153.75022184177,53.2969097132906,139.119221872998));
#3295=CARTESIAN_POINT('',(153.75022184177,53.2969097132906,139.119221872998));
#3296=CARTESIAN_POINT('',(153.75022184177,63.6583693656895,149.480681525397));
#3297=CARTESIAN_POINT('',(141.479999999999,63.6583693656895,149.480681525397));
#3298=CARTESIAN_POINT('',(153.75022184177,63.6583693656895,149.480681525397));
#3299=CARTESIAN_POINT('',(145.764394151737,58.4722817294496,144.294593889156));
#3300=CARTESIAN_POINT('Origin',(147.764394151737,58.4722817294492,144.294593889157));
#3301=CARTESIAN_POINT('Origin',(153.75022184177,46.6656623193232,145.750469266966));
#3302=CARTESIAN_POINT('',(153.75022184177,46.6656623193232,145.750469266966));
#3303=CARTESIAN_POINT('',(147.375112083176,46.6656623193232,145.750469266966));
#3304=CARTESIAN_POINT('',(153.75022184177,46.6656623193232,145.750469266966));
#3305=CARTESIAN_POINT('Origin',(153.75022184177,57.027121971722,156.111928919364));
#3306=CARTESIAN_POINT('',(153.75022184177,57.027121971722,156.111928919364));
#3307=CARTESIAN_POINT('',(153.75022184177,43.9141802680079,142.99898721565));
#3308=CARTESIAN_POINT('',(153.75022184177,57.027121971722,156.111928919364));
#3309=CARTESIAN_POINT('Origin',(147.764394151737,54.2296410423303,148.537234576276));
#3310=CARTESIAN_POINT('',(145.764394151737,54.2296410423303,148.537234576276));
#3311=CARTESIAN_POINT('Origin',(147.764394151737,54.2296410423303,148.537234576276));
#3312=CARTESIAN_POINT('',(146.264394151737,54.2296410423303,148.537234576276));
#3313=CARTESIAN_POINT('Origin',(147.764394151737,54.2296410423303,148.537234576276));
#3314=CARTESIAN_POINT('Origin',(147.764394151737,58.4722817294496,144.294593889156));
#3315=CARTESIAN_POINT('',(145.764394151737,58.4722817294496,144.294593889156));
#3316=CARTESIAN_POINT('Origin',(147.764394151737,58.4722817294496,144.294593889156));
#3317=CARTESIAN_POINT('',(146.264394151737,37.4839382502704,165.282937368335));
#3318=CARTESIAN_POINT('',(146.264394151737,58.4722817294496,144.294593889156));
#3319=CARTESIAN_POINT('Origin',(147.764394151737,37.4839382502701,165.282937368336));
#3320=CARTESIAN_POINT('Origin',(184.000002741814,47.2662199642227,165.872830926863));
#3321=CARTESIAN_POINT('',(122.497002324581,42.6700258865101,170.469025004576));
#3322=CARTESIAN_POINT('',(141.000002324581,57.0271219717217,156.111928919364));
#3323=CARTESIAN_POINT('',(151.708751952052,57.0271219717218,156.111928919364));
#3324=CARTESIAN_POINT('Origin',(141.000002324581,30.8012385642939,129.886045511936));
#3325=CARTESIAN_POINT('',(151.678569399701,25.3617513203786,124.446558268021));
#3326=CARTESIAN_POINT('Origin',(183.939637637111,12.41886879754,137.38944079086));
#3327=CARTESIAN_POINT('',(174.013975402213,11.0046552351669,138.803654353233));
#3328=CARTESIAN_POINT('Origin',(164.088313167315,28.7848848697685,156.583883987834));
#3329=CARTESIAN_POINT('Origin',(129.728041268749,88.1689885194782,192.002523175631));
#3330=CARTESIAN_POINT('',(127.433201754809,92.6106256613045,196.161317604983));
#3331=CARTESIAN_POINT('',(127.433201754809,98.9961302227531,189.775813043534));
#3332=CARTESIAN_POINT('',(127.433201754809,92.4692043050672,196.30273896122));
#3333=CARTESIAN_POINT('',(132.02288078269,98.9961302227531,189.775813043534));
#3334=CARTESIAN_POINT('Origin',(129.728041268749,94.6959144371641,185.475597257945));
#3335=CARTESIAN_POINT('',(132.02288078269,92.6106256613045,196.161317604983));
#3336=CARTESIAN_POINT('',(132.02288078269,92.4692043050672,196.30273896122));
#3337=CARTESIAN_POINT('Origin',(129.728041268749,88.3104098757155,191.861101819394));
#3338=CARTESIAN_POINT('Origin',(129.728041268749,88.1689885194782,192.002523175631));
#3339=CARTESIAN_POINT('',(131.349763428358,94.6959144371641,185.475597257945));
#3340=CARTESIAN_POINT('Origin',(129.728041268749,94.6959144371641,185.475597257945));
#3341=CARTESIAN_POINT('',(131.349763428358,88.3104098757155,191.861101819394));
#3342=CARTESIAN_POINT('',(131.349763428358,88.1689885194782,192.002523175631));
#3343=CARTESIAN_POINT('Origin',(129.728041268749,88.3104098757155,191.861101819394));
#3344=CARTESIAN_POINT('Origin',(129.728041268749,88.3104098757155,191.861101819394));
#3345=CARTESIAN_POINT('',(128.580621511779,92.6106256613045,196.161317604983));
#3346=CARTESIAN_POINT('Origin',(183.939637637111,111.939012745592,176.832930520695));
#3347=CARTESIAN_POINT('',(151.678569399701,98.996130222753,189.775813043534));
#3348=CARTESIAN_POINT('Origin',(119.417501162291,83.1634448974101,173.943127718191));
#3349=CARTESIAN_POINT('',(0.,0.,0.));
#3350=CARTESIAN_POINT('',(0.0603651047025086,-0.0137110913205246,0.0137110913204801));
#3351=UNCERTAINTY_MEASURE_WITH_UNIT(LENGTH_MEASURE(0.01),#3359,
'DISTANCE_ACCURACY_VALUE',
'Maximum model space distance between geometric entities at asserted c
onnectivities');
#3352=UNCERTAINTY_MEASURE_WITH_UNIT(LENGTH_MEASURE(0.01),#3359,
'DISTANCE_ACCURACY_VALUE',
'Maximum model space distance between geometric entities at asserted c
onnectivities');
#3353=UNCERTAINTY_MEASURE_WITH_UNIT(LENGTH_MEASURE(0.01),#3359,
'DISTANCE_ACCURACY_VALUE',
'Maximum model space distance between geometric entities at asserted c
onnectivities');
#3354=UNCERTAINTY_MEASURE_WITH_UNIT(LENGTH_MEASURE(0.01),#3359,
'DISTANCE_ACCURACY_VALUE',
'Maximum model space distance between geometric entities at asserted c
onnectivities');
#3355=(
GEOMETRIC_REPRESENTATION_CONTEXT(3)
GLOBAL_UNCERTAINTY_ASSIGNED_CONTEXT((#3351))
GLOBAL_UNIT_ASSIGNED_CONTEXT((#3359,#3361,#3362))
REPRESENTATION_CONTEXT('','3D')
);
#3356=(
GEOMETRIC_REPRESENTATION_CONTEXT(3)
GLOBAL_UNCERTAINTY_ASSIGNED_CONTEXT((#3352))
GLOBAL_UNIT_ASSIGNED_CONTEXT((#3359,#3361,#3362))
REPRESENTATION_CONTEXT('','3D')
);
#3357=(
GEOMETRIC_REPRESENTATION_CONTEXT(3)
GLOBAL_UNCERTAINTY_ASSIGNED_CONTEXT((#3353))
GLOBAL_UNIT_ASSIGNED_CONTEXT((#3359,#3361,#3362))
REPRESENTATION_CONTEXT('','3D')
);
#3358=(
GEOMETRIC_REPRESENTATION_CONTEXT(3)
GLOBAL_UNCERTAINTY_ASSIGNED_CONTEXT((#3354))
GLOBAL_UNIT_ASSIGNED_CONTEXT((#3359,#3361,#3362))
REPRESENTATION_CONTEXT('','3D')
);
#3359=(
LENGTH_UNIT()
NAMED_UNIT(*)
SI_UNIT(.MILLI.,.METRE.)
);
#3360=(
LENGTH_UNIT()
NAMED_UNIT(*)
SI_UNIT($,.METRE.)
);
#3361=(
NAMED_UNIT(*)
PLANE_ANGLE_UNIT()
SI_UNIT($,.RADIAN.)
);
#3362=(
NAMED_UNIT(*)
SI_UNIT($,.STERADIAN.)
SOLID_ANGLE_UNIT()
);
#3363=SHAPE_DEFINITION_REPRESENTATION(#3366,#3371);
#3364=SHAPE_DEFINITION_REPRESENTATION(#3367,#3372);
#3365=SHAPE_DEFINITION_REPRESENTATION(#3368,#3373);
#3366=PRODUCT_DEFINITION_SHAPE('',$,#3375);
#3367=PRODUCT_DEFINITION_SHAPE('',$,#3376);
#3368=PRODUCT_DEFINITION_SHAPE('',$,#3377);
#3369=PRODUCT_DEFINITION_SHAPE($,$,#17);
#3370=PRODUCT_DEFINITION_SHAPE($,$,#18);
#3371=SHAPE_REPRESENTATION('',(#2006,#2207,#2208),#3355);
#3372=SHAPE_REPRESENTATION('',(#2007),#3356);
#3373=SHAPE_REPRESENTATION('',(#2115),#3357);
#3374=PRODUCT_DEFINITION_CONTEXT('part definition',#3385,'design');
#3375=PRODUCT_DEFINITION('xy2_topandbottom(1x)',
'xy2_topandbottom(1x) v2',#3378,#3374);
#3376=PRODUCT_DEFINITION('bottom','bottom',#3379,#3374);
#3377=PRODUCT_DEFINITION('top','top',#3380,#3374);
#3378=PRODUCT_DEFINITION_FORMATION('',$,#3387);
#3379=PRODUCT_DEFINITION_FORMATION('',$,#3388);
#3380=PRODUCT_DEFINITION_FORMATION('',$,#3389);
#3381=PRODUCT_RELATED_PRODUCT_CATEGORY('xy2_topandbottom(1x) v2',
'xy2_topandbottom(1x) v2',(#3387));
#3382=PRODUCT_RELATED_PRODUCT_CATEGORY('bottom','bottom',(#3388));
#3383=PRODUCT_RELATED_PRODUCT_CATEGORY('top','top',(#3389));
#3384=APPLICATION_PROTOCOL_DEFINITION('international standard',
'automotive_design',2009,#3385);
#3385=APPLICATION_CONTEXT(
'Core Data for Automotive Mechanical Design Process');
#3386=PRODUCT_CONTEXT('part definition',#3385,'mechanical');
#3387=PRODUCT('xy2_topandbottom(1x)','xy2_topandbottom(1x) v2',$,(#3386));
#3388=PRODUCT('bottom','bottom',$,(#3386));
#3389=PRODUCT('top','top',$,(#3386));
#3390=PRESENTATION_STYLE_ASSIGNMENT((#3392));
#3391=PRESENTATION_STYLE_ASSIGNMENT((#3393));
#3392=SURFACE_STYLE_USAGE(.BOTH.,#3394);
#3393=SURFACE_STYLE_USAGE(.BOTH.,#3395);
#3394=SURFACE_SIDE_STYLE('',(#3396));
#3395=SURFACE_SIDE_STYLE('',(#3397));
#3396=SURFACE_STYLE_FILL_AREA(#3398);
#3397=SURFACE_STYLE_FILL_AREA(#3399);
#3398=FILL_AREA_STYLE('Steel - Satin',(#3400));
#3399=FILL_AREA_STYLE('Aluminum - Anodized Glossy (Grey)',(#3401));
#3400=FILL_AREA_STYLE_COLOUR('Steel - Satin',#3402);
#3401=FILL_AREA_STYLE_COLOUR('Aluminum - Anodized Glossy (Grey)',#3403);
#3402=COLOUR_RGB('Steel - Satin',0.627450980392157,0.627450980392157,0.627450980392157);
#3403=COLOUR_RGB('Aluminum - Anodized Glossy (Grey)',0.537254901960784,
0.537254901960784,0.537254901960784);
ENDSEC;
END-ISO-10303-21;
