ISO-10303-21;
HEADER;
/* Generated by software containing ST-Developer
 * from STEP Tools, Inc. (www.steptools.com) 
 */

FILE_DESCRIPTION(
/* description */ (''),
/* implementation_level */ '2;1');

FILE_NAME(
/* name */ 'xy_topandbottom(1x).step',
/* time_stamp */ '2025-12-01T16:09:29+05:30',
/* author */ (''),
/* organization */ (''),
/* preprocessor_version */ 'ST-DEVELOPER v20.1',
/* originating_system */ 'Autodesk Translation Framework v14.21.0.0',
/* authorisation */ '');

FILE_SCHEMA (('AUTOMOTIVE_DESIGN { 1 0 10303 214 3 1 1 }'));
ENDSEC;

DATA;
#10=MECHANICAL_DESIGN_GEOMETRIC_PRESENTATION_REPRESENTATION('',(#23,#24),
#2115);
#11=ITEM_DEFINED_TRANSFORMATION($,$,#1275,#1399);
#12=ITEM_DEFINED_TRANSFORMATION($,$,#1320,#1400);
#13=(
REPRESENTATION_RELATIONSHIP($,$,#2129,#2128)
REPRESENTATION_RELATIONSHIP_WITH_TRANSFORMATION(#11)
SHAPE_REPRESENTATION_RELATIONSHIP()
);
#14=(
REPRESENTATION_RELATIONSHIP($,$,#2130,#2128)
REPRESENTATION_RELATIONSHIP_WITH_TRANSFORMATION(#12)
SHAPE_REPRESENTATION_RELATIONSHIP()
);
#15=CONTEXT_DEPENDENT_SHAPE_REPRESENTATION(#13,#2126);
#16=CONTEXT_DEPENDENT_SHAPE_REPRESENTATION(#14,#2127);
#17=NEXT_ASSEMBLY_USAGE_OCCURRENCE('top (1):1','top (1):1','top (1):1',
#2132,#2133,'top (1):1');
#18=NEXT_ASSEMBLY_USAGE_OCCURRENCE('bottom (1):1','bottom (1):1',
'bottom (1):1',#2132,#2134,'bottom (1):1');
#19=SHAPE_REPRESENTATION_RELATIONSHIP('SRR','None',#2129,#21);
#20=SHAPE_REPRESENTATION_RELATIONSHIP('SRR','None',#2130,#22);
#21=ADVANCED_BREP_SHAPE_REPRESENTATION('',(#25),#2113);
#22=ADVANCED_BREP_SHAPE_REPRESENTATION('',(#26),#2114);
#23=STYLED_ITEM('',(#2148),#25);
#24=STYLED_ITEM('',(#2148),#26);
#25=MANIFOLD_SOLID_BREP('top',#1249);
#26=MANIFOLD_SOLID_BREP('bottom',#1250);
#27=FACE_BOUND('',#179,.T.);
#28=FACE_BOUND('',#181,.T.);
#29=FACE_BOUND('',#184,.T.);
#30=FACE_BOUND('',#185,.T.);
#31=FACE_BOUND('',#186,.T.);
#32=FACE_BOUND('',#187,.T.);
#33=FACE_BOUND('',#188,.T.);
#34=FACE_BOUND('',#189,.T.);
#35=FACE_BOUND('',#190,.T.);
#36=FACE_BOUND('',#197,.T.);
#37=FACE_BOUND('',#198,.T.);
#38=FACE_BOUND('',#199,.T.);
#39=FACE_BOUND('',#200,.T.);
#40=FACE_BOUND('',#201,.T.);
#41=FACE_BOUND('',#202,.T.);
#42=FACE_BOUND('',#203,.T.);
#43=FACE_BOUND('',#204,.T.);
#44=FACE_BOUND('',#214,.T.);
#45=FACE_BOUND('',#223,.T.);
#46=FACE_BOUND('',#224,.T.);
#47=FACE_BOUND('',#228,.T.);
#48=FACE_BOUND('',#232,.T.);
#49=FACE_BOUND('',#236,.T.);
#50=FACE_BOUND('',#238,.T.);
#51=FACE_BOUND('',#239,.T.);
#52=FACE_BOUND('',#242,.T.);
#53=FACE_BOUND('',#243,.T.);
#54=FACE_BOUND('',#245,.T.);
#55=FACE_BOUND('',#246,.T.);
#56=FACE_BOUND('',#247,.T.);
#57=FACE_BOUND('',#251,.T.);
#58=FACE_BOUND('',#252,.T.);
#59=FACE_BOUND('',#254,.T.);
#60=FACE_BOUND('',#272,.T.);
#61=FACE_BOUND('',#273,.T.);
#62=FACE_BOUND('',#274,.T.);
#63=FACE_BOUND('',#275,.T.);
#64=FACE_BOUND('',#276,.T.);
#65=FACE_BOUND('',#277,.T.);
#66=FACE_BOUND('',#278,.T.);
#67=FACE_BOUND('',#279,.T.);
#68=FACE_BOUND('',#280,.T.);
#69=PLANE('',#1288);
#70=PLANE('',#1290);
#71=PLANE('',#1296);
#72=PLANE('',#1308);
#73=PLANE('',#1311);
#74=PLANE('',#1314);
#75=PLANE('',#1315);
#76=PLANE('',#1316);
#77=PLANE('',#1319);
#78=PLANE('',#1321);
#79=PLANE('',#1322);
#80=PLANE('',#1323);
#81=PLANE('',#1325);
#82=PLANE('',#1326);
#83=PLANE('',#1327);
#84=PLANE('',#1328);
#85=PLANE('',#1329);
#86=PLANE('',#1336);
#87=PLANE('',#1343);
#88=PLANE('',#1350);
#89=PLANE('',#1356);
#90=PLANE('',#1357);
#91=PLANE('',#1358);
#92=PLANE('',#1359);
#93=PLANE('',#1360);
#94=PLANE('',#1364);
#95=PLANE('',#1367);
#96=PLANE('',#1370);
#97=PLANE('',#1376);
#98=PLANE('',#1379);
#99=PLANE('',#1380);
#100=PLANE('',#1382);
#101=PLANE('',#1384);
#102=PLANE('',#1393);
#103=PLANE('',#1394);
#104=PLANE('',#1395);
#105=PLANE('',#1396);
#106=PLANE('',#1397);
#107=PLANE('',#1398);
#108=FACE_OUTER_BOUND('',#174,.T.);
#109=FACE_OUTER_BOUND('',#175,.T.);
#110=FACE_OUTER_BOUND('',#176,.T.);
#111=FACE_OUTER_BOUND('',#177,.T.);
#112=FACE_OUTER_BOUND('',#178,.T.);
#113=FACE_OUTER_BOUND('',#180,.T.);
#114=FACE_OUTER_BOUND('',#182,.T.);
#115=FACE_OUTER_BOUND('',#183,.T.);
#116=FACE_OUTER_BOUND('',#191,.T.);
#117=FACE_OUTER_BOUND('',#192,.T.);
#118=FACE_OUTER_BOUND('',#193,.T.);
#119=FACE_OUTER_BOUND('',#194,.T.);
#120=FACE_OUTER_BOUND('',#195,.T.);
#121=FACE_OUTER_BOUND('',#196,.T.);
#122=FACE_OUTER_BOUND('',#205,.T.);
#123=FACE_OUTER_BOUND('',#206,.T.);
#124=FACE_OUTER_BOUND('',#207,.T.);
#125=FACE_OUTER_BOUND('',#208,.T.);
#126=FACE_OUTER_BOUND('',#209,.T.);
#127=FACE_OUTER_BOUND('',#210,.T.);
#128=FACE_OUTER_BOUND('',#211,.T.);
#129=FACE_OUTER_BOUND('',#212,.T.);
#130=FACE_OUTER_BOUND('',#213,.T.);
#131=FACE_OUTER_BOUND('',#215,.T.);
#132=FACE_OUTER_BOUND('',#216,.T.);
#133=FACE_OUTER_BOUND('',#217,.T.);
#134=FACE_OUTER_BOUND('',#218,.T.);
#135=FACE_OUTER_BOUND('',#219,.T.);
#136=FACE_OUTER_BOUND('',#220,.T.);
#137=FACE_OUTER_BOUND('',#221,.T.);
#138=FACE_OUTER_BOUND('',#222,.T.);
#139=FACE_OUTER_BOUND('',#225,.T.);
#140=FACE_OUTER_BOUND('',#226,.T.);
#141=FACE_OUTER_BOUND('',#227,.T.);
#142=FACE_OUTER_BOUND('',#229,.T.);
#143=FACE_OUTER_BOUND('',#230,.T.);
#144=FACE_OUTER_BOUND('',#231,.T.);
#145=FACE_OUTER_BOUND('',#233,.T.);
#146=FACE_OUTER_BOUND('',#234,.T.);
#147=FACE_OUTER_BOUND('',#235,.T.);
#148=FACE_OUTER_BOUND('',#237,.T.);
#149=FACE_OUTER_BOUND('',#240,.T.);
#150=FACE_OUTER_BOUND('',#241,.T.);
#151=FACE_OUTER_BOUND('',#244,.T.);
#152=FACE_OUTER_BOUND('',#248,.T.);
#153=FACE_OUTER_BOUND('',#249,.T.);
#154=FACE_OUTER_BOUND('',#250,.T.);
#155=FACE_OUTER_BOUND('',#253,.T.);
#156=FACE_OUTER_BOUND('',#255,.T.);
#157=FACE_OUTER_BOUND('',#256,.T.);
#158=FACE_OUTER_BOUND('',#257,.T.);
#159=FACE_OUTER_BOUND('',#258,.T.);
#160=FACE_OUTER_BOUND('',#259,.T.);
#161=FACE_OUTER_BOUND('',#260,.T.);
#162=FACE_OUTER_BOUND('',#261,.T.);
#163=FACE_OUTER_BOUND('',#262,.T.);
#164=FACE_OUTER_BOUND('',#263,.T.);
#165=FACE_OUTER_BOUND('',#264,.T.);
#166=FACE_OUTER_BOUND('',#265,.T.);
#167=FACE_OUTER_BOUND('',#266,.T.);
#168=FACE_OUTER_BOUND('',#267,.T.);
#169=FACE_OUTER_BOUND('',#268,.T.);
#170=FACE_OUTER_BOUND('',#269,.T.);
#171=FACE_OUTER_BOUND('',#270,.T.);
#172=FACE_OUTER_BOUND('',#271,.T.);
#173=FACE_OUTER_BOUND('',#281,.T.);
#174=EDGE_LOOP('',(#828,#829,#830,#831));
#175=EDGE_LOOP('',(#832,#833,#834,#835));
#176=EDGE_LOOP('',(#836,#837,#838,#839));
#177=EDGE_LOOP('',(#840,#841,#842,#843));
#178=EDGE_LOOP('',(#844));
#179=EDGE_LOOP('',(#845));
#180=EDGE_LOOP('',(#846));
#181=EDGE_LOOP('',(#847));
#182=EDGE_LOOP('',(#848,#849,#850,#851,#852));
#183=EDGE_LOOP('',(#853,#854,#855,#856,#857,#858,#859));
#184=EDGE_LOOP('',(#860));
#185=EDGE_LOOP('',(#861));
#186=EDGE_LOOP('',(#862));
#187=EDGE_LOOP('',(#863));
#188=EDGE_LOOP('',(#864));
#189=EDGE_LOOP('',(#865));
#190=EDGE_LOOP('',(#866));
#191=EDGE_LOOP('',(#867,#868,#869,#870));
#192=EDGE_LOOP('',(#871,#872,#873,#874));
#193=EDGE_LOOP('',(#875,#876,#877,#878));
#194=EDGE_LOOP('',(#879,#880));
#195=EDGE_LOOP('',(#881,#882,#883,#884,#885,#886,#887,#888,#889));
#196=EDGE_LOOP('',(#890,#891,#892,#893));
#197=EDGE_LOOP('',(#894));
#198=EDGE_LOOP('',(#895));
#199=EDGE_LOOP('',(#896));
#200=EDGE_LOOP('',(#897));
#201=EDGE_LOOP('',(#898));
#202=EDGE_LOOP('',(#899));
#203=EDGE_LOOP('',(#900));
#204=EDGE_LOOP('',(#901));
#205=EDGE_LOOP('',(#902,#903,#904,#905));
#206=EDGE_LOOP('',(#906,#907,#908,#909));
#207=EDGE_LOOP('',(#910,#911,#912,#913,#914,#915,#916,#917));
#208=EDGE_LOOP('',(#918,#919,#920,#921));
#209=EDGE_LOOP('',(#922,#923,#924,#925));
#210=EDGE_LOOP('',(#926,#927,#928,#929));
#211=EDGE_LOOP('',(#930,#931,#932,#933));
#212=EDGE_LOOP('',(#934,#935,#936,#937));
#213=EDGE_LOOP('',(#938,#939,#940,#941));
#214=EDGE_LOOP('',(#942));
#215=EDGE_LOOP('',(#943,#944,#945,#946,#947,#948));
#216=EDGE_LOOP('',(#949,#950,#951,#952));
#217=EDGE_LOOP('',(#953,#954,#955,#956));
#218=EDGE_LOOP('',(#957,#958,#959,#960));
#219=EDGE_LOOP('',(#961,#962,#963,#964));
#220=EDGE_LOOP('',(#965,#966,#967,#968));
#221=EDGE_LOOP('',(#969,#970,#971,#972));
#222=EDGE_LOOP('',(#973,#974,#975,#976,#977,#978,#979,#980));
#223=EDGE_LOOP('',(#981,#982,#983));
#224=EDGE_LOOP('',(#984,#985,#986));
#225=EDGE_LOOP('',(#987,#988,#989,#990));
#226=EDGE_LOOP('',(#991,#992,#993,#994));
#227=EDGE_LOOP('',(#995));
#228=EDGE_LOOP('',(#996));
#229=EDGE_LOOP('',(#997,#998,#999,#1000));
#230=EDGE_LOOP('',(#1001,#1002,#1003,#1004));
#231=EDGE_LOOP('',(#1005));
#232=EDGE_LOOP('',(#1006));
#233=EDGE_LOOP('',(#1007,#1008,#1009,#1010));
#234=EDGE_LOOP('',(#1011,#1012,#1013,#1014));
#235=EDGE_LOOP('',(#1015));
#236=EDGE_LOOP('',(#1016));
#237=EDGE_LOOP('',(#1017,#1018,#1019,#1020,#1021,#1022));
#238=EDGE_LOOP('',(#1023,#1024,#1025));
#239=EDGE_LOOP('',(#1026,#1027,#1028));
#240=EDGE_LOOP('',(#1029,#1030,#1031,#1032));
#241=EDGE_LOOP('',(#1033,#1034,#1035,#1036,#1037,#1038,#1039,#1040));
#242=EDGE_LOOP('',(#1041));
#243=EDGE_LOOP('',(#1042));
#244=EDGE_LOOP('',(#1043,#1044,#1045,#1046,#1047,#1048,#1049,#1050,#1051,
#1052,#1053,#1054));
#245=EDGE_LOOP('',(#1055));
#246=EDGE_LOOP('',(#1056));
#247=EDGE_LOOP('',(#1057));
#248=EDGE_LOOP('',(#1058,#1059,#1060,#1061));
#249=EDGE_LOOP('',(#1062,#1063,#1064,#1065));
#250=EDGE_LOOP('',(#1066,#1067,#1068,#1069,#1070));
#251=EDGE_LOOP('',(#1071));
#252=EDGE_LOOP('',(#1072));
#253=EDGE_LOOP('',(#1073));
#254=EDGE_LOOP('',(#1074));
#255=EDGE_LOOP('',(#1075,#1076,#1077,#1078));
#256=EDGE_LOOP('',(#1079,#1080,#1081,#1082));
#257=EDGE_LOOP('',(#1083));
#258=EDGE_LOOP('',(#1084,#1085,#1086,#1087));
#259=EDGE_LOOP('',(#1088,#1089,#1090,#1091,#1092,#1093,#1094));
#260=EDGE_LOOP('',(#1095));
#261=EDGE_LOOP('',(#1096));
#262=EDGE_LOOP('',(#1097,#1098,#1099,#1100));
#263=EDGE_LOOP('',(#1101,#1102,#1103,#1104));
#264=EDGE_LOOP('',(#1105,#1106,#1107,#1108));
#265=EDGE_LOOP('',(#1109,#1110,#1111,#1112));
#266=EDGE_LOOP('',(#1113,#1114,#1115,#1116));
#267=EDGE_LOOP('',(#1117,#1118,#1119,#1120));
#268=EDGE_LOOP('',(#1121,#1122,#1123,#1124));
#269=EDGE_LOOP('',(#1125,#1126,#1127,#1128));
#270=EDGE_LOOP('',(#1129,#1130,#1131,#1132));
#271=EDGE_LOOP('',(#1133,#1134,#1135,#1136,#1137,#1138));
#272=EDGE_LOOP('',(#1139));
#273=EDGE_LOOP('',(#1140));
#274=EDGE_LOOP('',(#1141));
#275=EDGE_LOOP('',(#1142));
#276=EDGE_LOOP('',(#1143));
#277=EDGE_LOOP('',(#1144));
#278=EDGE_LOOP('',(#1145));
#279=EDGE_LOOP('',(#1146));
#280=EDGE_LOOP('',(#1147));
#281=EDGE_LOOP('',(#1148,#1149,#1150,#1151,#1152,#1153,#1154,#1155));
#282=LINE('',#1769,#390);
#283=LINE('',#1775,#391);
#284=LINE('',#1781,#392);
#285=LINE('',#1787,#393);
#286=LINE('',#1802,#394);
#287=LINE('',#1810,#395);
#288=LINE('',#1812,#396);
#289=LINE('',#1814,#397);
#290=LINE('',#1816,#398);
#291=LINE('',#1817,#399);
#292=LINE('',#1827,#400);
#293=LINE('',#1831,#401);
#294=LINE('',#1835,#402);
#295=LINE('',#1839,#403);
#296=LINE('',#1842,#404);
#297=LINE('',#1843,#405);
#298=LINE('',#1844,#406);
#299=LINE('',#1848,#407);
#300=LINE('',#1850,#408);
#301=LINE('',#1852,#409);
#302=LINE('',#1853,#410);
#303=LINE('',#1859,#411);
#304=LINE('',#1860,#412);
#305=LINE('',#1862,#413);
#306=LINE('',#1863,#414);
#307=LINE('',#1866,#415);
#308=LINE('',#1868,#416);
#309=LINE('',#1874,#417);
#310=LINE('',#1876,#418);
#311=LINE('',#1878,#419);
#312=LINE('',#1879,#420);
#313=LINE('',#1882,#421);
#314=LINE('',#1884,#422);
#315=LINE('',#1885,#423);
#316=LINE('',#1888,#424);
#317=LINE('',#1889,#425);
#318=LINE('',#1894,#426);
#319=LINE('',#1896,#427);
#320=LINE('',#1898,#428);
#321=LINE('',#1899,#429);
#322=LINE('',#1903,#430);
#323=LINE('',#1905,#431);
#324=LINE('',#1907,#432);
#325=LINE('',#1908,#433);
#326=LINE('',#1911,#434);
#327=LINE('',#1913,#435);
#328=LINE('',#1914,#436);
#329=LINE('',#1918,#437);
#330=LINE('',#1920,#438);
#331=LINE('',#1922,#439);
#332=LINE('',#1923,#440);
#333=LINE('',#1926,#441);
#334=LINE('',#1928,#442);
#335=LINE('',#1929,#443);
#336=LINE('',#1939,#444);
#337=LINE('',#1941,#445);
#338=LINE('',#1943,#446);
#339=LINE('',#1945,#447);
#340=LINE('',#1947,#448);
#341=LINE('',#1949,#449);
#342=LINE('',#1951,#450);
#343=LINE('',#1952,#451);
#344=LINE('',#1957,#452);
#345=LINE('',#1963,#453);
#346=LINE('',#1970,#454);
#347=LINE('',#1976,#455);
#348=LINE('',#1983,#456);
#349=LINE('',#1987,#457);
#350=LINE('',#1992,#458);
#351=LINE('',#1994,#459);
#352=LINE('',#1996,#460);
#353=LINE('',#1998,#461);
#354=LINE('',#1999,#462);
#355=LINE('',#2001,#463);
#356=LINE('',#2002,#464);
#357=LINE('',#2005,#465);
#358=LINE('',#2007,#466);
#359=LINE('',#2009,#467);
#360=LINE('',#2011,#468);
#361=LINE('',#2012,#469);
#362=LINE('',#2015,#470);
#363=LINE('',#2017,#471);
#364=LINE('',#2019,#472);
#365=LINE('',#2021,#473);
#366=LINE('',#2023,#474);
#367=LINE('',#2024,#475);
#368=LINE('',#2025,#476);
#369=LINE('',#2033,#477);
#370=LINE('',#2034,#478);
#371=LINE('',#2037,#479);
#372=LINE('',#2042,#480);
#373=LINE('',#2043,#481);
#374=LINE('',#2045,#482);
#375=LINE('',#2046,#483);
#376=LINE('',#2057,#484);
#377=LINE('',#2060,#485);
#378=LINE('',#2066,#486);
#379=LINE('',#2069,#487);
#380=LINE('',#2070,#488);
#381=LINE('',#2080,#489);
#382=LINE('',#2084,#490);
#383=LINE('',#2088,#491);
#384=LINE('',#2092,#492);
#385=LINE('',#2096,#493);
#386=LINE('',#2097,#494);
#387=LINE('',#2099,#495);
#388=LINE('',#2101,#496);
#389=LINE('',#2104,#497);
#390=VECTOR('',#1409,1.5);
#391=VECTOR('',#1416,1.49999999999999);
#392=VECTOR('',#1423,1.5);
#393=VECTOR('',#1430,6.09182051503922);
#394=VECTOR('',#1449,6.5);
#395=VECTOR('',#1456,10.);
#396=VECTOR('',#1457,10.);
#397=VECTOR('',#1458,10.);
#398=VECTOR('',#1459,10.);
#399=VECTOR('',#1460,10.);
#400=VECTOR('',#1471,1.5);
#401=VECTOR('',#1476,1.50000000000002);
#402=VECTOR('',#1481,1.50000000000002);
#403=VECTOR('',#1484,10.);
#404=VECTOR('',#1489,10.);
#405=VECTOR('',#1490,10.);
#406=VECTOR('',#1491,6.5);
#407=VECTOR('',#1494,10.);
#408=VECTOR('',#1495,10.);
#409=VECTOR('',#1496,10.);
#410=VECTOR('',#1497,10.);
#411=VECTOR('',#1504,10.);
#412=VECTOR('',#1505,10.);
#413=VECTOR('',#1508,10.);
#414=VECTOR('',#1509,10.);
#415=VECTOR('',#1514,1.49999999999999);
#416=VECTOR('',#1517,1.50000000000002);
#417=VECTOR('',#1524,10.);
#418=VECTOR('',#1525,10.);
#419=VECTOR('',#1526,10.);
#420=VECTOR('',#1527,10.);
#421=VECTOR('',#1530,10.);
#422=VECTOR('',#1531,10.);
#423=VECTOR('',#1532,10.);
#424=VECTOR('',#1535,10.);
#425=VECTOR('',#1536,10.);
#426=VECTOR('',#1541,10.);
#427=VECTOR('',#1542,10.);
#428=VECTOR('',#1543,10.);
#429=VECTOR('',#1544,10.);
#430=VECTOR('',#1547,10.);
#431=VECTOR('',#1548,10.);
#432=VECTOR('',#1549,10.);
#433=VECTOR('',#1550,10.);
#434=VECTOR('',#1553,10.);
#435=VECTOR('',#1554,10.);
#436=VECTOR('',#1555,10.);
#437=VECTOR('',#1558,10.);
#438=VECTOR('',#1559,10.);
#439=VECTOR('',#1560,10.);
#440=VECTOR('',#1561,10.);
#441=VECTOR('',#1564,10.);
#442=VECTOR('',#1565,10.);
#443=VECTOR('',#1566,10.);
#444=VECTOR('',#1581,10.);
#445=VECTOR('',#1582,10.);
#446=VECTOR('',#1583,10.);
#447=VECTOR('',#1584,10.);
#448=VECTOR('',#1585,10.);
#449=VECTOR('',#1586,10.);
#450=VECTOR('',#1587,10.);
#451=VECTOR('',#1588,10.);
#452=VECTOR('',#1593,1.5);
#453=VECTOR('',#1600,1.99999999999999);
#454=VECTOR('',#1609,1.49999999999999);
#455=VECTOR('',#1616,1.99999999999999);
#456=VECTOR('',#1625,1.5);
#457=VECTOR('',#1630,2.00000000000001);
#458=VECTOR('',#1637,10.);
#459=VECTOR('',#1638,10.);
#460=VECTOR('',#1639,10.);
#461=VECTOR('',#1640,10.);
#462=VECTOR('',#1641,10.);
#463=VECTOR('',#1644,10.);
#464=VECTOR('',#1645,10.);
#465=VECTOR('',#1648,10.);
#466=VECTOR('',#1649,10.);
#467=VECTOR('',#1650,10.);
#468=VECTOR('',#1651,10.);
#469=VECTOR('',#1652,10.);
#470=VECTOR('',#1655,10.);
#471=VECTOR('',#1656,10.);
#472=VECTOR('',#1657,10.);
#473=VECTOR('',#1658,10.);
#474=VECTOR('',#1659,10.);
#475=VECTOR('',#1660,10.);
#476=VECTOR('',#1661,10.);
#477=VECTOR('',#1670,10.);
#478=VECTOR('',#1671,10.);
#479=VECTOR('',#1674,1.50000000000002);
#480=VECTOR('',#1679,10.);
#481=VECTOR('',#1680,10.);
#482=VECTOR('',#1681,10.);
#483=VECTOR('',#1682,10.);
#484=VECTOR('',#1695,6.083);
#485=VECTOR('',#1698,1.49999999999999);
#486=VECTOR('',#1707,1.50000000000002);
#487=VECTOR('',#1710,10.);
#488=VECTOR('',#1711,10.);
#489=VECTOR('',#1724,1.75000000000001);
#490=VECTOR('',#1729,1.75000000000001);
#491=VECTOR('',#1734,1.75000000000001);
#492=VECTOR('',#1739,1.75000000000001);
#493=VECTOR('',#1744,10.);
#494=VECTOR('',#1745,10.);
#495=VECTOR('',#1748,10.);
#496=VECTOR('',#1751,10.);
#497=VECTOR('',#1756,10.);
#498=CIRCLE('',#1277,1.5);
#499=CIRCLE('',#1278,1.5);
#500=CIRCLE('',#1280,1.49999999999999);
#501=CIRCLE('',#1281,1.49999999999999);
#502=CIRCLE('',#1283,1.5);
#503=CIRCLE('',#1284,1.5);
#504=CIRCLE('',#1286,6.09182051503922);
#505=CIRCLE('',#1287,6.09182051503922);
#506=CIRCLE('',#1289,1.49999999999999);
#507=CIRCLE('',#1291,6.5);
#508=CIRCLE('',#1292,1.50000000000002);
#509=CIRCLE('',#1294,6.5);
#510=CIRCLE('',#1295,6.5);
#511=CIRCLE('',#1297,6.5);
#512=CIRCLE('',#1298,6.5);
#513=CIRCLE('',#1299,1.5);
#514=CIRCLE('',#1300,1.50000000000002);
#515=CIRCLE('',#1301,1.50000000000002);
#516=CIRCLE('',#1303,1.5);
#517=CIRCLE('',#1305,1.50000000000002);
#518=CIRCLE('',#1307,1.50000000000002);
#519=CIRCLE('',#1309,6.5);
#520=CIRCLE('',#1312,1.49999999999999);
#521=CIRCLE('',#1313,1.50000000000002);
#522=CIRCLE('',#1324,2.00000000000001);
#523=CIRCLE('',#1331,1.5);
#524=CIRCLE('',#1332,1.5);
#525=CIRCLE('',#1334,1.5);
#526=CIRCLE('',#1335,1.5);
#527=CIRCLE('',#1338,1.5);
#528=CIRCLE('',#1339,1.5);
#529=CIRCLE('',#1341,1.99999999999999);
#530=CIRCLE('',#1342,1.99999999999999);
#531=CIRCLE('',#1345,1.49999999999999);
#532=CIRCLE('',#1346,1.49999999999999);
#533=CIRCLE('',#1348,1.99999999999999);
#534=CIRCLE('',#1349,1.99999999999999);
#535=CIRCLE('',#1352,1.5);
#536=CIRCLE('',#1353,1.5);
#537=CIRCLE('',#1355,2.00000000000001);
#538=CIRCLE('',#1361,6.083);
#539=CIRCLE('',#1362,1.50000000000002);
#540=CIRCLE('',#1363,1.50000000000002);
#541=CIRCLE('',#1366,1.50000000000002);
#542=CIRCLE('',#1368,1.75000000000001);
#543=CIRCLE('',#1369,1.75000000000001);
#544=CIRCLE('',#1371,6.083);
#545=CIRCLE('',#1372,1.49999999999999);
#546=CIRCLE('',#1375,1.49999999999999);
#547=CIRCLE('',#1377,1.50000000000002);
#548=CIRCLE('',#1381,1.75000000000001);
#549=CIRCLE('',#1383,1.75000000000001);
#550=CIRCLE('',#1386,1.75000000000001);
#551=CIRCLE('',#1388,1.75000000000001);
#552=CIRCLE('',#1390,1.75000000000001);
#553=CIRCLE('',#1392,1.75000000000001);
#554=VERTEX_POINT('',#1766);
#555=VERTEX_POINT('',#1768);
#556=VERTEX_POINT('',#1772);
#557=VERTEX_POINT('',#1774);
#558=VERTEX_POINT('',#1778);
#559=VERTEX_POINT('',#1780);
#560=VERTEX_POINT('',#1784);
#561=VERTEX_POINT('',#1786);
#562=VERTEX_POINT('',#1790);
#563=VERTEX_POINT('',#1793);
#564=VERTEX_POINT('',#1795);
#565=VERTEX_POINT('',#1798);
#566=VERTEX_POINT('',#1799);
#567=VERTEX_POINT('',#1804);
#568=VERTEX_POINT('',#1805);
#569=VERTEX_POINT('',#1807);
#570=VERTEX_POINT('',#1809);
#571=VERTEX_POINT('',#1811);
#572=VERTEX_POINT('',#1813);
#573=VERTEX_POINT('',#1815);
#574=VERTEX_POINT('',#1818);
#575=VERTEX_POINT('',#1820);
#576=VERTEX_POINT('',#1822);
#577=VERTEX_POINT('',#1825);
#578=VERTEX_POINT('',#1829);
#579=VERTEX_POINT('',#1833);
#580=VERTEX_POINT('',#1837);
#581=VERTEX_POINT('',#1838);
#582=VERTEX_POINT('',#1846);
#583=VERTEX_POINT('',#1847);
#584=VERTEX_POINT('',#1849);
#585=VERTEX_POINT('',#1851);
#586=VERTEX_POINT('',#1854);
#587=VERTEX_POINT('',#1856);
#588=VERTEX_POINT('',#1872);
#589=VERTEX_POINT('',#1873);
#590=VERTEX_POINT('',#1875);
#591=VERTEX_POINT('',#1877);
#592=VERTEX_POINT('',#1881);
#593=VERTEX_POINT('',#1883);
#594=VERTEX_POINT('',#1887);
#595=VERTEX_POINT('',#1890);
#596=VERTEX_POINT('',#1893);
#597=VERTEX_POINT('',#1895);
#598=VERTEX_POINT('',#1897);
#599=VERTEX_POINT('',#1901);
#600=VERTEX_POINT('',#1902);
#601=VERTEX_POINT('',#1904);
#602=VERTEX_POINT('',#1906);
#603=VERTEX_POINT('',#1910);
#604=VERTEX_POINT('',#1912);
#605=VERTEX_POINT('',#1916);
#606=VERTEX_POINT('',#1917);
#607=VERTEX_POINT('',#1919);
#608=VERTEX_POINT('',#1921);
#609=VERTEX_POINT('',#1925);
#610=VERTEX_POINT('',#1927);
#611=VERTEX_POINT('',#1937);
#612=VERTEX_POINT('',#1938);
#613=VERTEX_POINT('',#1940);
#614=VERTEX_POINT('',#1942);
#615=VERTEX_POINT('',#1944);
#616=VERTEX_POINT('',#1946);
#617=VERTEX_POINT('',#1948);
#618=VERTEX_POINT('',#1950);
#619=VERTEX_POINT('',#1954);
#620=VERTEX_POINT('',#1956);
#621=VERTEX_POINT('',#1960);
#622=VERTEX_POINT('',#1962);
#623=VERTEX_POINT('',#1967);
#624=VERTEX_POINT('',#1969);
#625=VERTEX_POINT('',#1973);
#626=VERTEX_POINT('',#1975);
#627=VERTEX_POINT('',#1980);
#628=VERTEX_POINT('',#1982);
#629=VERTEX_POINT('',#1986);
#630=VERTEX_POINT('',#1991);
#631=VERTEX_POINT('',#1993);
#632=VERTEX_POINT('',#1995);
#633=VERTEX_POINT('',#1997);
#634=VERTEX_POINT('',#2004);
#635=VERTEX_POINT('',#2006);
#636=VERTEX_POINT('',#2008);
#637=VERTEX_POINT('',#2010);
#638=VERTEX_POINT('',#2014);
#639=VERTEX_POINT('',#2016);
#640=VERTEX_POINT('',#2018);
#641=VERTEX_POINT('',#2020);
#642=VERTEX_POINT('',#2022);
#643=VERTEX_POINT('',#2026);
#644=VERTEX_POINT('',#2028);
#645=VERTEX_POINT('',#2030);
#646=VERTEX_POINT('',#2036);
#647=VERTEX_POINT('',#2040);
#648=VERTEX_POINT('',#2041);
#649=VERTEX_POINT('',#2044);
#650=VERTEX_POINT('',#2047);
#651=VERTEX_POINT('',#2049);
#652=VERTEX_POINT('',#2052);
#653=VERTEX_POINT('',#2054);
#654=VERTEX_POINT('',#2059);
#655=VERTEX_POINT('',#2063);
#656=VERTEX_POINT('',#2068);
#657=VERTEX_POINT('',#2072);
#658=VERTEX_POINT('',#2075);
#659=VERTEX_POINT('',#2079);
#660=VERTEX_POINT('',#2083);
#661=VERTEX_POINT('',#2087);
#662=VERTEX_POINT('',#2091);
#663=VERTEX_POINT('',#2095);
#664=EDGE_CURVE('',#554,#554,#498,.T.);
#665=EDGE_CURVE('',#554,#555,#282,.T.);
#666=EDGE_CURVE('',#555,#555,#499,.T.);
#667=EDGE_CURVE('',#556,#556,#500,.T.);
#668=EDGE_CURVE('',#556,#557,#283,.T.);
#669=EDGE_CURVE('',#557,#557,#501,.T.);
#670=EDGE_CURVE('',#558,#558,#502,.T.);
#671=EDGE_CURVE('',#558,#559,#284,.T.);
#672=EDGE_CURVE('',#559,#559,#503,.T.);
#673=EDGE_CURVE('',#560,#560,#504,.T.);
#674=EDGE_CURVE('',#560,#561,#285,.T.);
#675=EDGE_CURVE('',#561,#561,#505,.T.);
#676=EDGE_CURVE('',#562,#562,#506,.T.);
#677=EDGE_CURVE('',#563,#563,#507,.T.);
#678=EDGE_CURVE('',#564,#564,#508,.T.);
#679=EDGE_CURVE('',#565,#566,#509,.T.);
#680=EDGE_CURVE('',#566,#565,#510,.T.);
#681=EDGE_CURVE('',#566,#563,#286,.T.);
#682=EDGE_CURVE('',#567,#568,#511,.T.);
#683=EDGE_CURVE('',#568,#569,#512,.T.);
#684=EDGE_CURVE('',#569,#570,#287,.T.);
#685=EDGE_CURVE('',#571,#570,#288,.T.);
#686=EDGE_CURVE('',#572,#571,#289,.T.);
#687=EDGE_CURVE('',#573,#572,#290,.T.);
#688=EDGE_CURVE('',#567,#573,#291,.T.);
#689=EDGE_CURVE('',#574,#574,#513,.T.);
#690=EDGE_CURVE('',#575,#575,#514,.T.);
#691=EDGE_CURVE('',#576,#576,#515,.T.);
#692=EDGE_CURVE('',#577,#577,#516,.T.);
#693=EDGE_CURVE('',#577,#574,#292,.T.);
#694=EDGE_CURVE('',#578,#578,#517,.T.);
#695=EDGE_CURVE('',#578,#575,#293,.T.);
#696=EDGE_CURVE('',#579,#579,#518,.T.);
#697=EDGE_CURVE('',#579,#576,#294,.T.);
#698=EDGE_CURVE('',#580,#581,#295,.T.);
#699=EDGE_CURVE('',#580,#581,#519,.T.);
#700=EDGE_CURVE('',#581,#567,#296,.T.);
#701=EDGE_CURVE('',#569,#580,#297,.T.);
#702=EDGE_CURVE('',#568,#566,#298,.T.);
#703=EDGE_CURVE('',#582,#583,#299,.T.);
#704=EDGE_CURVE('',#583,#584,#300,.T.);
#705=EDGE_CURVE('',#584,#585,#301,.T.);
#706=EDGE_CURVE('',#585,#582,#302,.T.);
#707=EDGE_CURVE('',#586,#586,#520,.T.);
#708=EDGE_CURVE('',#587,#587,#521,.T.);
#709=EDGE_CURVE('',#573,#583,#303,.T.);
#710=EDGE_CURVE('',#572,#584,#304,.T.);
#711=EDGE_CURVE('',#582,#570,#305,.T.);
#712=EDGE_CURVE('',#571,#585,#306,.T.);
#713=EDGE_CURVE('',#586,#562,#307,.T.);
#714=EDGE_CURVE('',#587,#564,#308,.T.);
#715=EDGE_CURVE('',#588,#589,#309,.T.);
#716=EDGE_CURVE('',#590,#588,#310,.T.);
#717=EDGE_CURVE('',#591,#590,#311,.T.);
#718=EDGE_CURVE('',#589,#591,#312,.T.);
#719=EDGE_CURVE('',#592,#591,#313,.T.);
#720=EDGE_CURVE('',#592,#593,#314,.T.);
#721=EDGE_CURVE('',#589,#593,#315,.T.);
#722=EDGE_CURVE('',#594,#590,#316,.T.);
#723=EDGE_CURVE('',#592,#594,#317,.T.);
#724=EDGE_CURVE('',#595,#595,#522,.T.);
#725=EDGE_CURVE('',#588,#596,#318,.T.);
#726=EDGE_CURVE('',#596,#597,#319,.T.);
#727=EDGE_CURVE('',#598,#597,#320,.T.);
#728=EDGE_CURVE('',#594,#598,#321,.T.);
#729=EDGE_CURVE('',#599,#600,#322,.T.);
#730=EDGE_CURVE('',#599,#601,#323,.T.);
#731=EDGE_CURVE('',#602,#601,#324,.T.);
#732=EDGE_CURVE('',#602,#600,#325,.T.);
#733=EDGE_CURVE('',#603,#599,#326,.T.);
#734=EDGE_CURVE('',#604,#603,#327,.T.);
#735=EDGE_CURVE('',#601,#604,#328,.T.);
#736=EDGE_CURVE('',#605,#606,#329,.T.);
#737=EDGE_CURVE('',#605,#607,#330,.T.);
#738=EDGE_CURVE('',#608,#607,#331,.T.);
#739=EDGE_CURVE('',#608,#606,#332,.T.);
#740=EDGE_CURVE('',#609,#605,#333,.T.);
#741=EDGE_CURVE('',#610,#609,#334,.T.);
#742=EDGE_CURVE('',#607,#610,#335,.T.);
#743=EDGE_CURVE('',#600,#603,#523,.T.);
#744=EDGE_CURVE('',#604,#602,#524,.T.);
#745=EDGE_CURVE('',#606,#609,#525,.T.);
#746=EDGE_CURVE('',#610,#608,#526,.T.);
#747=EDGE_CURVE('',#611,#612,#336,.T.);
#748=EDGE_CURVE('',#612,#613,#337,.T.);
#749=EDGE_CURVE('',#613,#614,#338,.T.);
#750=EDGE_CURVE('',#614,#615,#339,.T.);
#751=EDGE_CURVE('',#615,#616,#340,.T.);
#752=EDGE_CURVE('',#616,#617,#341,.T.);
#753=EDGE_CURVE('',#618,#617,#342,.T.);
#754=EDGE_CURVE('',#611,#618,#343,.T.);
#755=EDGE_CURVE('',#619,#619,#527,.T.);
#756=EDGE_CURVE('',#619,#620,#344,.T.);
#757=EDGE_CURVE('',#620,#620,#528,.T.);
#758=EDGE_CURVE('',#621,#621,#529,.T.);
#759=EDGE_CURVE('',#621,#622,#345,.T.);
#760=EDGE_CURVE('',#622,#622,#530,.T.);
#761=EDGE_CURVE('',#623,#623,#531,.T.);
#762=EDGE_CURVE('',#623,#624,#346,.T.);
#763=EDGE_CURVE('',#624,#624,#532,.T.);
#764=EDGE_CURVE('',#625,#625,#533,.T.);
#765=EDGE_CURVE('',#625,#626,#347,.T.);
#766=EDGE_CURVE('',#626,#626,#534,.T.);
#767=EDGE_CURVE('',#627,#627,#535,.T.);
#768=EDGE_CURVE('',#627,#628,#348,.T.);
#769=EDGE_CURVE('',#628,#628,#536,.T.);
#770=EDGE_CURVE('',#595,#629,#349,.T.);
#771=EDGE_CURVE('',#629,#629,#537,.T.);
#772=EDGE_CURVE('',#630,#596,#350,.T.);
#773=EDGE_CURVE('',#631,#630,#351,.T.);
#774=EDGE_CURVE('',#631,#632,#352,.T.);
#775=EDGE_CURVE('',#632,#633,#353,.T.);
#776=EDGE_CURVE('',#597,#633,#354,.T.);
#777=EDGE_CURVE('',#632,#611,#355,.T.);
#778=EDGE_CURVE('',#633,#618,#356,.T.);
#779=EDGE_CURVE('',#634,#631,#357,.T.);
#780=EDGE_CURVE('',#634,#635,#358,.T.);
#781=EDGE_CURVE('',#635,#636,#359,.T.);
#782=EDGE_CURVE('',#636,#637,#360,.T.);
#783=EDGE_CURVE('',#637,#612,#361,.T.);
#784=EDGE_CURVE('',#638,#614,#362,.T.);
#785=EDGE_CURVE('',#613,#639,#363,.T.);
#786=EDGE_CURVE('',#639,#640,#364,.T.);
#787=EDGE_CURVE('',#640,#641,#365,.T.);
#788=EDGE_CURVE('',#641,#642,#366,.T.);
#789=EDGE_CURVE('',#642,#630,#367,.T.);
#790=EDGE_CURVE('',#638,#593,#368,.T.);
#791=EDGE_CURVE('',#643,#643,#538,.T.);
#792=EDGE_CURVE('',#644,#644,#539,.T.);
#793=EDGE_CURVE('',#645,#645,#540,.T.);
#794=EDGE_CURVE('',#634,#642,#369,.T.);
#795=EDGE_CURVE('',#635,#641,#370,.T.);
#796=EDGE_CURVE('',#645,#646,#371,.T.);
#797=EDGE_CURVE('',#646,#646,#541,.T.);
#798=EDGE_CURVE('',#647,#648,#372,.T.);
#799=EDGE_CURVE('',#616,#647,#373,.T.);
#800=EDGE_CURVE('',#615,#649,#374,.T.);
#801=EDGE_CURVE('',#648,#649,#375,.T.);
#802=EDGE_CURVE('',#650,#650,#542,.T.);
#803=EDGE_CURVE('',#651,#651,#543,.T.);
#804=EDGE_CURVE('',#652,#652,#544,.T.);
#805=EDGE_CURVE('',#653,#653,#545,.T.);
#806=EDGE_CURVE('',#652,#643,#376,.T.);
#807=EDGE_CURVE('',#653,#654,#377,.T.);
#808=EDGE_CURVE('',#654,#654,#546,.T.);
#809=EDGE_CURVE('',#655,#655,#547,.T.);
#810=EDGE_CURVE('',#644,#655,#378,.T.);
#811=EDGE_CURVE('',#656,#649,#379,.T.);
#812=EDGE_CURVE('',#648,#638,#380,.T.);
#813=EDGE_CURVE('',#657,#657,#548,.T.);
#814=EDGE_CURVE('',#658,#658,#549,.T.);
#815=EDGE_CURVE('',#658,#659,#381,.T.);
#816=EDGE_CURVE('',#659,#659,#550,.T.);
#817=EDGE_CURVE('',#657,#660,#382,.T.);
#818=EDGE_CURVE('',#660,#660,#551,.T.);
#819=EDGE_CURVE('',#650,#661,#383,.T.);
#820=EDGE_CURVE('',#661,#661,#552,.T.);
#821=EDGE_CURVE('',#651,#662,#384,.T.);
#822=EDGE_CURVE('',#662,#662,#553,.T.);
#823=EDGE_CURVE('',#663,#647,#385,.T.);
#824=EDGE_CURVE('',#617,#663,#386,.T.);
#825=EDGE_CURVE('',#636,#640,#387,.T.);
#826=EDGE_CURVE('',#637,#639,#388,.T.);
#827=EDGE_CURVE('',#663,#598,#389,.T.);
#828=ORIENTED_EDGE('',*,*,#664,.F.);
#829=ORIENTED_EDGE('',*,*,#665,.T.);
#830=ORIENTED_EDGE('',*,*,#666,.F.);
#831=ORIENTED_EDGE('',*,*,#665,.F.);
#832=ORIENTED_EDGE('',*,*,#667,.F.);
#833=ORIENTED_EDGE('',*,*,#668,.T.);
#834=ORIENTED_EDGE('',*,*,#669,.F.);
#835=ORIENTED_EDGE('',*,*,#668,.F.);
#836=ORIENTED_EDGE('',*,*,#670,.F.);
#837=ORIENTED_EDGE('',*,*,#671,.T.);
#838=ORIENTED_EDGE('',*,*,#672,.F.);
#839=ORIENTED_EDGE('',*,*,#671,.F.);
#840=ORIENTED_EDGE('',*,*,#673,.F.);
#841=ORIENTED_EDGE('',*,*,#674,.T.);
#842=ORIENTED_EDGE('',*,*,#675,.F.);
#843=ORIENTED_EDGE('',*,*,#674,.F.);
#844=ORIENTED_EDGE('',*,*,#673,.T.);
#845=ORIENTED_EDGE('',*,*,#676,.T.);
#846=ORIENTED_EDGE('',*,*,#677,.F.);
#847=ORIENTED_EDGE('',*,*,#678,.T.);
#848=ORIENTED_EDGE('',*,*,#679,.F.);
#849=ORIENTED_EDGE('',*,*,#680,.F.);
#850=ORIENTED_EDGE('',*,*,#681,.T.);
#851=ORIENTED_EDGE('',*,*,#677,.T.);
#852=ORIENTED_EDGE('',*,*,#681,.F.);
#853=ORIENTED_EDGE('',*,*,#682,.T.);
#854=ORIENTED_EDGE('',*,*,#683,.T.);
#855=ORIENTED_EDGE('',*,*,#684,.T.);
#856=ORIENTED_EDGE('',*,*,#685,.F.);
#857=ORIENTED_EDGE('',*,*,#686,.F.);
#858=ORIENTED_EDGE('',*,*,#687,.F.);
#859=ORIENTED_EDGE('',*,*,#688,.F.);
#860=ORIENTED_EDGE('',*,*,#664,.T.);
#861=ORIENTED_EDGE('',*,*,#667,.T.);
#862=ORIENTED_EDGE('',*,*,#670,.T.);
#863=ORIENTED_EDGE('',*,*,#675,.T.);
#864=ORIENTED_EDGE('',*,*,#689,.F.);
#865=ORIENTED_EDGE('',*,*,#690,.F.);
#866=ORIENTED_EDGE('',*,*,#691,.F.);
#867=ORIENTED_EDGE('',*,*,#692,.F.);
#868=ORIENTED_EDGE('',*,*,#693,.T.);
#869=ORIENTED_EDGE('',*,*,#689,.T.);
#870=ORIENTED_EDGE('',*,*,#693,.F.);
#871=ORIENTED_EDGE('',*,*,#694,.F.);
#872=ORIENTED_EDGE('',*,*,#695,.T.);
#873=ORIENTED_EDGE('',*,*,#690,.T.);
#874=ORIENTED_EDGE('',*,*,#695,.F.);
#875=ORIENTED_EDGE('',*,*,#696,.F.);
#876=ORIENTED_EDGE('',*,*,#697,.T.);
#877=ORIENTED_EDGE('',*,*,#691,.T.);
#878=ORIENTED_EDGE('',*,*,#697,.F.);
#879=ORIENTED_EDGE('',*,*,#698,.F.);
#880=ORIENTED_EDGE('',*,*,#699,.T.);
#881=ORIENTED_EDGE('',*,*,#700,.F.);
#882=ORIENTED_EDGE('',*,*,#699,.F.);
#883=ORIENTED_EDGE('',*,*,#701,.F.);
#884=ORIENTED_EDGE('',*,*,#683,.F.);
#885=ORIENTED_EDGE('',*,*,#702,.T.);
#886=ORIENTED_EDGE('',*,*,#680,.T.);
#887=ORIENTED_EDGE('',*,*,#679,.T.);
#888=ORIENTED_EDGE('',*,*,#702,.F.);
#889=ORIENTED_EDGE('',*,*,#682,.F.);
#890=ORIENTED_EDGE('',*,*,#703,.T.);
#891=ORIENTED_EDGE('',*,*,#704,.T.);
#892=ORIENTED_EDGE('',*,*,#705,.T.);
#893=ORIENTED_EDGE('',*,*,#706,.T.);
#894=ORIENTED_EDGE('',*,*,#666,.T.);
#895=ORIENTED_EDGE('',*,*,#669,.T.);
#896=ORIENTED_EDGE('',*,*,#672,.T.);
#897=ORIENTED_EDGE('',*,*,#696,.T.);
#898=ORIENTED_EDGE('',*,*,#692,.T.);
#899=ORIENTED_EDGE('',*,*,#707,.T.);
#900=ORIENTED_EDGE('',*,*,#708,.T.);
#901=ORIENTED_EDGE('',*,*,#694,.T.);
#902=ORIENTED_EDGE('',*,*,#709,.F.);
#903=ORIENTED_EDGE('',*,*,#687,.T.);
#904=ORIENTED_EDGE('',*,*,#710,.T.);
#905=ORIENTED_EDGE('',*,*,#704,.F.);
#906=ORIENTED_EDGE('',*,*,#685,.T.);
#907=ORIENTED_EDGE('',*,*,#711,.F.);
#908=ORIENTED_EDGE('',*,*,#706,.F.);
#909=ORIENTED_EDGE('',*,*,#712,.F.);
#910=ORIENTED_EDGE('',*,*,#684,.F.);
#911=ORIENTED_EDGE('',*,*,#701,.T.);
#912=ORIENTED_EDGE('',*,*,#698,.T.);
#913=ORIENTED_EDGE('',*,*,#700,.T.);
#914=ORIENTED_EDGE('',*,*,#688,.T.);
#915=ORIENTED_EDGE('',*,*,#709,.T.);
#916=ORIENTED_EDGE('',*,*,#703,.F.);
#917=ORIENTED_EDGE('',*,*,#711,.T.);
#918=ORIENTED_EDGE('',*,*,#707,.F.);
#919=ORIENTED_EDGE('',*,*,#713,.T.);
#920=ORIENTED_EDGE('',*,*,#676,.F.);
#921=ORIENTED_EDGE('',*,*,#713,.F.);
#922=ORIENTED_EDGE('',*,*,#708,.F.);
#923=ORIENTED_EDGE('',*,*,#714,.T.);
#924=ORIENTED_EDGE('',*,*,#678,.F.);
#925=ORIENTED_EDGE('',*,*,#714,.F.);
#926=ORIENTED_EDGE('',*,*,#686,.T.);
#927=ORIENTED_EDGE('',*,*,#712,.T.);
#928=ORIENTED_EDGE('',*,*,#705,.F.);
#929=ORIENTED_EDGE('',*,*,#710,.F.);
#930=ORIENTED_EDGE('',*,*,#715,.F.);
#931=ORIENTED_EDGE('',*,*,#716,.F.);
#932=ORIENTED_EDGE('',*,*,#717,.F.);
#933=ORIENTED_EDGE('',*,*,#718,.F.);
#934=ORIENTED_EDGE('',*,*,#718,.T.);
#935=ORIENTED_EDGE('',*,*,#719,.F.);
#936=ORIENTED_EDGE('',*,*,#720,.T.);
#937=ORIENTED_EDGE('',*,*,#721,.F.);
#938=ORIENTED_EDGE('',*,*,#717,.T.);
#939=ORIENTED_EDGE('',*,*,#722,.F.);
#940=ORIENTED_EDGE('',*,*,#723,.F.);
#941=ORIENTED_EDGE('',*,*,#719,.T.);
#942=ORIENTED_EDGE('',*,*,#724,.T.);
#943=ORIENTED_EDGE('',*,*,#716,.T.);
#944=ORIENTED_EDGE('',*,*,#725,.T.);
#945=ORIENTED_EDGE('',*,*,#726,.T.);
#946=ORIENTED_EDGE('',*,*,#727,.F.);
#947=ORIENTED_EDGE('',*,*,#728,.F.);
#948=ORIENTED_EDGE('',*,*,#722,.T.);
#949=ORIENTED_EDGE('',*,*,#729,.F.);
#950=ORIENTED_EDGE('',*,*,#730,.T.);
#951=ORIENTED_EDGE('',*,*,#731,.F.);
#952=ORIENTED_EDGE('',*,*,#732,.T.);
#953=ORIENTED_EDGE('',*,*,#733,.F.);
#954=ORIENTED_EDGE('',*,*,#734,.F.);
#955=ORIENTED_EDGE('',*,*,#735,.F.);
#956=ORIENTED_EDGE('',*,*,#730,.F.);
#957=ORIENTED_EDGE('',*,*,#736,.F.);
#958=ORIENTED_EDGE('',*,*,#737,.T.);
#959=ORIENTED_EDGE('',*,*,#738,.F.);
#960=ORIENTED_EDGE('',*,*,#739,.T.);
#961=ORIENTED_EDGE('',*,*,#740,.F.);
#962=ORIENTED_EDGE('',*,*,#741,.F.);
#963=ORIENTED_EDGE('',*,*,#742,.F.);
#964=ORIENTED_EDGE('',*,*,#737,.F.);
#965=ORIENTED_EDGE('',*,*,#734,.T.);
#966=ORIENTED_EDGE('',*,*,#743,.F.);
#967=ORIENTED_EDGE('',*,*,#732,.F.);
#968=ORIENTED_EDGE('',*,*,#744,.F.);
#969=ORIENTED_EDGE('',*,*,#741,.T.);
#970=ORIENTED_EDGE('',*,*,#745,.F.);
#971=ORIENTED_EDGE('',*,*,#739,.F.);
#972=ORIENTED_EDGE('',*,*,#746,.F.);
#973=ORIENTED_EDGE('',*,*,#747,.T.);
#974=ORIENTED_EDGE('',*,*,#748,.T.);
#975=ORIENTED_EDGE('',*,*,#749,.T.);
#976=ORIENTED_EDGE('',*,*,#750,.T.);
#977=ORIENTED_EDGE('',*,*,#751,.T.);
#978=ORIENTED_EDGE('',*,*,#752,.T.);
#979=ORIENTED_EDGE('',*,*,#753,.F.);
#980=ORIENTED_EDGE('',*,*,#754,.F.);
#981=ORIENTED_EDGE('',*,*,#733,.T.);
#982=ORIENTED_EDGE('',*,*,#729,.T.);
#983=ORIENTED_EDGE('',*,*,#743,.T.);
#984=ORIENTED_EDGE('',*,*,#740,.T.);
#985=ORIENTED_EDGE('',*,*,#736,.T.);
#986=ORIENTED_EDGE('',*,*,#745,.T.);
#987=ORIENTED_EDGE('',*,*,#755,.F.);
#988=ORIENTED_EDGE('',*,*,#756,.T.);
#989=ORIENTED_EDGE('',*,*,#757,.F.);
#990=ORIENTED_EDGE('',*,*,#756,.F.);
#991=ORIENTED_EDGE('',*,*,#758,.F.);
#992=ORIENTED_EDGE('',*,*,#759,.T.);
#993=ORIENTED_EDGE('',*,*,#760,.T.);
#994=ORIENTED_EDGE('',*,*,#759,.F.);
#995=ORIENTED_EDGE('',*,*,#760,.F.);
#996=ORIENTED_EDGE('',*,*,#755,.T.);
#997=ORIENTED_EDGE('',*,*,#761,.F.);
#998=ORIENTED_EDGE('',*,*,#762,.T.);
#999=ORIENTED_EDGE('',*,*,#763,.F.);
#1000=ORIENTED_EDGE('',*,*,#762,.F.);
#1001=ORIENTED_EDGE('',*,*,#764,.F.);
#1002=ORIENTED_EDGE('',*,*,#765,.T.);
#1003=ORIENTED_EDGE('',*,*,#766,.T.);
#1004=ORIENTED_EDGE('',*,*,#765,.F.);
#1005=ORIENTED_EDGE('',*,*,#766,.F.);
#1006=ORIENTED_EDGE('',*,*,#761,.T.);
#1007=ORIENTED_EDGE('',*,*,#767,.F.);
#1008=ORIENTED_EDGE('',*,*,#768,.T.);
#1009=ORIENTED_EDGE('',*,*,#769,.F.);
#1010=ORIENTED_EDGE('',*,*,#768,.F.);
#1011=ORIENTED_EDGE('',*,*,#724,.F.);
#1012=ORIENTED_EDGE('',*,*,#770,.T.);
#1013=ORIENTED_EDGE('',*,*,#771,.T.);
#1014=ORIENTED_EDGE('',*,*,#770,.F.);
#1015=ORIENTED_EDGE('',*,*,#771,.F.);
#1016=ORIENTED_EDGE('',*,*,#767,.T.);
#1017=ORIENTED_EDGE('',*,*,#726,.F.);
#1018=ORIENTED_EDGE('',*,*,#772,.F.);
#1019=ORIENTED_EDGE('',*,*,#773,.F.);
#1020=ORIENTED_EDGE('',*,*,#774,.T.);
#1021=ORIENTED_EDGE('',*,*,#775,.T.);
#1022=ORIENTED_EDGE('',*,*,#776,.F.);
#1023=ORIENTED_EDGE('',*,*,#735,.T.);
#1024=ORIENTED_EDGE('',*,*,#744,.T.);
#1025=ORIENTED_EDGE('',*,*,#731,.T.);
#1026=ORIENTED_EDGE('',*,*,#742,.T.);
#1027=ORIENTED_EDGE('',*,*,#746,.T.);
#1028=ORIENTED_EDGE('',*,*,#738,.T.);
#1029=ORIENTED_EDGE('',*,*,#775,.F.);
#1030=ORIENTED_EDGE('',*,*,#777,.T.);
#1031=ORIENTED_EDGE('',*,*,#754,.T.);
#1032=ORIENTED_EDGE('',*,*,#778,.F.);
#1033=ORIENTED_EDGE('',*,*,#777,.F.);
#1034=ORIENTED_EDGE('',*,*,#774,.F.);
#1035=ORIENTED_EDGE('',*,*,#779,.F.);
#1036=ORIENTED_EDGE('',*,*,#780,.T.);
#1037=ORIENTED_EDGE('',*,*,#781,.T.);
#1038=ORIENTED_EDGE('',*,*,#782,.T.);
#1039=ORIENTED_EDGE('',*,*,#783,.T.);
#1040=ORIENTED_EDGE('',*,*,#747,.F.);
#1041=ORIENTED_EDGE('',*,*,#758,.T.);
#1042=ORIENTED_EDGE('',*,*,#764,.T.);
#1043=ORIENTED_EDGE('',*,*,#784,.T.);
#1044=ORIENTED_EDGE('',*,*,#749,.F.);
#1045=ORIENTED_EDGE('',*,*,#785,.T.);
#1046=ORIENTED_EDGE('',*,*,#786,.T.);
#1047=ORIENTED_EDGE('',*,*,#787,.T.);
#1048=ORIENTED_EDGE('',*,*,#788,.T.);
#1049=ORIENTED_EDGE('',*,*,#789,.T.);
#1050=ORIENTED_EDGE('',*,*,#772,.T.);
#1051=ORIENTED_EDGE('',*,*,#725,.F.);
#1052=ORIENTED_EDGE('',*,*,#715,.T.);
#1053=ORIENTED_EDGE('',*,*,#721,.T.);
#1054=ORIENTED_EDGE('',*,*,#790,.F.);
#1055=ORIENTED_EDGE('',*,*,#791,.T.);
#1056=ORIENTED_EDGE('',*,*,#792,.T.);
#1057=ORIENTED_EDGE('',*,*,#793,.T.);
#1058=ORIENTED_EDGE('',*,*,#780,.F.);
#1059=ORIENTED_EDGE('',*,*,#794,.T.);
#1060=ORIENTED_EDGE('',*,*,#788,.F.);
#1061=ORIENTED_EDGE('',*,*,#795,.F.);
#1062=ORIENTED_EDGE('',*,*,#793,.F.);
#1063=ORIENTED_EDGE('',*,*,#796,.T.);
#1064=ORIENTED_EDGE('',*,*,#797,.F.);
#1065=ORIENTED_EDGE('',*,*,#796,.F.);
#1066=ORIENTED_EDGE('',*,*,#798,.F.);
#1067=ORIENTED_EDGE('',*,*,#799,.F.);
#1068=ORIENTED_EDGE('',*,*,#751,.F.);
#1069=ORIENTED_EDGE('',*,*,#800,.T.);
#1070=ORIENTED_EDGE('',*,*,#801,.F.);
#1071=ORIENTED_EDGE('',*,*,#802,.T.);
#1072=ORIENTED_EDGE('',*,*,#803,.T.);
#1073=ORIENTED_EDGE('',*,*,#804,.T.);
#1074=ORIENTED_EDGE('',*,*,#805,.T.);
#1075=ORIENTED_EDGE('',*,*,#804,.F.);
#1076=ORIENTED_EDGE('',*,*,#806,.T.);
#1077=ORIENTED_EDGE('',*,*,#791,.F.);
#1078=ORIENTED_EDGE('',*,*,#806,.F.);
#1079=ORIENTED_EDGE('',*,*,#805,.F.);
#1080=ORIENTED_EDGE('',*,*,#807,.T.);
#1081=ORIENTED_EDGE('',*,*,#808,.F.);
#1082=ORIENTED_EDGE('',*,*,#807,.F.);
#1083=ORIENTED_EDGE('',*,*,#809,.F.);
#1084=ORIENTED_EDGE('',*,*,#792,.F.);
#1085=ORIENTED_EDGE('',*,*,#810,.T.);
#1086=ORIENTED_EDGE('',*,*,#809,.T.);
#1087=ORIENTED_EDGE('',*,*,#810,.F.);
#1088=ORIENTED_EDGE('',*,*,#811,.T.);
#1089=ORIENTED_EDGE('',*,*,#800,.F.);
#1090=ORIENTED_EDGE('',*,*,#750,.F.);
#1091=ORIENTED_EDGE('',*,*,#784,.F.);
#1092=ORIENTED_EDGE('',*,*,#812,.F.);
#1093=ORIENTED_EDGE('',*,*,#801,.T.);
#1094=ORIENTED_EDGE('',*,*,#811,.F.);
#1095=ORIENTED_EDGE('',*,*,#813,.T.);
#1096=ORIENTED_EDGE('',*,*,#814,.T.);
#1097=ORIENTED_EDGE('',*,*,#773,.T.);
#1098=ORIENTED_EDGE('',*,*,#789,.F.);
#1099=ORIENTED_EDGE('',*,*,#794,.F.);
#1100=ORIENTED_EDGE('',*,*,#779,.T.);
#1101=ORIENTED_EDGE('',*,*,#814,.F.);
#1102=ORIENTED_EDGE('',*,*,#815,.T.);
#1103=ORIENTED_EDGE('',*,*,#816,.F.);
#1104=ORIENTED_EDGE('',*,*,#815,.F.);
#1105=ORIENTED_EDGE('',*,*,#813,.F.);
#1106=ORIENTED_EDGE('',*,*,#817,.T.);
#1107=ORIENTED_EDGE('',*,*,#818,.F.);
#1108=ORIENTED_EDGE('',*,*,#817,.F.);
#1109=ORIENTED_EDGE('',*,*,#802,.F.);
#1110=ORIENTED_EDGE('',*,*,#819,.T.);
#1111=ORIENTED_EDGE('',*,*,#820,.F.);
#1112=ORIENTED_EDGE('',*,*,#819,.F.);
#1113=ORIENTED_EDGE('',*,*,#803,.F.);
#1114=ORIENTED_EDGE('',*,*,#821,.T.);
#1115=ORIENTED_EDGE('',*,*,#822,.F.);
#1116=ORIENTED_EDGE('',*,*,#821,.F.);
#1117=ORIENTED_EDGE('',*,*,#752,.F.);
#1118=ORIENTED_EDGE('',*,*,#799,.T.);
#1119=ORIENTED_EDGE('',*,*,#823,.F.);
#1120=ORIENTED_EDGE('',*,*,#824,.F.);
#1121=ORIENTED_EDGE('',*,*,#787,.F.);
#1122=ORIENTED_EDGE('',*,*,#825,.F.);
#1123=ORIENTED_EDGE('',*,*,#781,.F.);
#1124=ORIENTED_EDGE('',*,*,#795,.T.);
#1125=ORIENTED_EDGE('',*,*,#785,.F.);
#1126=ORIENTED_EDGE('',*,*,#748,.F.);
#1127=ORIENTED_EDGE('',*,*,#783,.F.);
#1128=ORIENTED_EDGE('',*,*,#826,.T.);
#1129=ORIENTED_EDGE('',*,*,#786,.F.);
#1130=ORIENTED_EDGE('',*,*,#826,.F.);
#1131=ORIENTED_EDGE('',*,*,#782,.F.);
#1132=ORIENTED_EDGE('',*,*,#825,.T.);
#1133=ORIENTED_EDGE('',*,*,#827,.T.);
#1134=ORIENTED_EDGE('',*,*,#727,.T.);
#1135=ORIENTED_EDGE('',*,*,#776,.T.);
#1136=ORIENTED_EDGE('',*,*,#778,.T.);
#1137=ORIENTED_EDGE('',*,*,#753,.T.);
#1138=ORIENTED_EDGE('',*,*,#824,.T.);
#1139=ORIENTED_EDGE('',*,*,#757,.T.);
#1140=ORIENTED_EDGE('',*,*,#808,.T.);
#1141=ORIENTED_EDGE('',*,*,#763,.T.);
#1142=ORIENTED_EDGE('',*,*,#769,.T.);
#1143=ORIENTED_EDGE('',*,*,#822,.T.);
#1144=ORIENTED_EDGE('',*,*,#818,.T.);
#1145=ORIENTED_EDGE('',*,*,#797,.T.);
#1146=ORIENTED_EDGE('',*,*,#816,.T.);
#1147=ORIENTED_EDGE('',*,*,#820,.T.);
#1148=ORIENTED_EDGE('',*,*,#723,.T.);
#1149=ORIENTED_EDGE('',*,*,#728,.T.);
#1150=ORIENTED_EDGE('',*,*,#827,.F.);
#1151=ORIENTED_EDGE('',*,*,#823,.T.);
#1152=ORIENTED_EDGE('',*,*,#798,.T.);
#1153=ORIENTED_EDGE('',*,*,#812,.T.);
#1154=ORIENTED_EDGE('',*,*,#790,.T.);
#1155=ORIENTED_EDGE('',*,*,#720,.F.);
#1156=CYLINDRICAL_SURFACE('',#1276,1.5);
#1157=CYLINDRICAL_SURFACE('',#1279,1.49999999999999);
#1158=CYLINDRICAL_SURFACE('',#1282,1.5);
#1159=CYLINDRICAL_SURFACE('',#1285,6.09182051503922);
#1160=CYLINDRICAL_SURFACE('',#1293,6.5);
#1161=CYLINDRICAL_SURFACE('',#1302,1.5);
#1162=CYLINDRICAL_SURFACE('',#1304,1.50000000000002);
#1163=CYLINDRICAL_SURFACE('',#1306,1.50000000000002);
#1164=CYLINDRICAL_SURFACE('',#1310,6.5);
#1165=CYLINDRICAL_SURFACE('',#1317,1.49999999999999);
#1166=CYLINDRICAL_SURFACE('',#1318,1.50000000000002);
#1167=CYLINDRICAL_SURFACE('',#1330,1.5);
#1168=CYLINDRICAL_SURFACE('',#1333,1.5);
#1169=CYLINDRICAL_SURFACE('',#1337,1.5);
#1170=CYLINDRICAL_SURFACE('',#1340,1.99999999999999);
#1171=CYLINDRICAL_SURFACE('',#1344,1.49999999999999);
#1172=CYLINDRICAL_SURFACE('',#1347,1.99999999999999);
#1173=CYLINDRICAL_SURFACE('',#1351,1.5);
#1174=CYLINDRICAL_SURFACE('',#1354,2.00000000000001);
#1175=CYLINDRICAL_SURFACE('',#1365,1.50000000000002);
#1176=CYLINDRICAL_SURFACE('',#1373,6.083);
#1177=CYLINDRICAL_SURFACE('',#1374,1.49999999999999);
#1178=CYLINDRICAL_SURFACE('',#1378,1.50000000000002);
#1179=CYLINDRICAL_SURFACE('',#1385,1.75000000000001);
#1180=CYLINDRICAL_SURFACE('',#1387,1.75000000000001);
#1181=CYLINDRICAL_SURFACE('',#1389,1.75000000000001);
#1182=CYLINDRICAL_SURFACE('',#1391,1.75000000000001);
#1183=ADVANCED_FACE('',(#108),#1156,.F.);
#1184=ADVANCED_FACE('',(#109),#1157,.F.);
#1185=ADVANCED_FACE('',(#110),#1158,.F.);
#1186=ADVANCED_FACE('',(#111),#1159,.T.);
#1187=ADVANCED_FACE('',(#112,#27),#69,.T.);
#1188=ADVANCED_FACE('',(#113,#28),#70,.T.);
#1189=ADVANCED_FACE('',(#114),#1160,.T.);
#1190=ADVANCED_FACE('',(#115,#29,#30,#31,#32,#33,#34,#35),#71,.F.);
#1191=ADVANCED_FACE('',(#116),#1161,.F.);
#1192=ADVANCED_FACE('',(#117),#1162,.F.);
#1193=ADVANCED_FACE('',(#118),#1163,.F.);
#1194=ADVANCED_FACE('',(#119),#72,.T.);
#1195=ADVANCED_FACE('',(#120),#1164,.T.);
#1196=ADVANCED_FACE('',(#121,#36,#37,#38,#39,#40,#41,#42,#43),#73,.T.);
#1197=ADVANCED_FACE('',(#122),#74,.F.);
#1198=ADVANCED_FACE('',(#123),#75,.F.);
#1199=ADVANCED_FACE('',(#124),#76,.T.);
#1200=ADVANCED_FACE('',(#125),#1165,.F.);
#1201=ADVANCED_FACE('',(#126),#1166,.F.);
#1202=ADVANCED_FACE('',(#127),#77,.F.);
#1203=ADVANCED_FACE('',(#128),#78,.F.);
#1204=ADVANCED_FACE('',(#129),#79,.T.);
#1205=ADVANCED_FACE('',(#130,#44),#80,.F.);
#1206=ADVANCED_FACE('',(#131),#81,.F.);
#1207=ADVANCED_FACE('',(#132),#82,.F.);
#1208=ADVANCED_FACE('',(#133),#83,.F.);
#1209=ADVANCED_FACE('',(#134),#84,.F.);
#1210=ADVANCED_FACE('',(#135),#85,.F.);
#1211=ADVANCED_FACE('',(#136),#1167,.F.);
#1212=ADVANCED_FACE('',(#137),#1168,.F.);
#1213=ADVANCED_FACE('',(#138,#45,#46),#86,.F.);
#1214=ADVANCED_FACE('',(#139),#1169,.F.);
#1215=ADVANCED_FACE('',(#140),#1170,.F.);
#1216=ADVANCED_FACE('',(#141,#47),#87,.T.);
#1217=ADVANCED_FACE('',(#142),#1171,.F.);
#1218=ADVANCED_FACE('',(#143),#1172,.F.);
#1219=ADVANCED_FACE('',(#144,#48),#88,.T.);
#1220=ADVANCED_FACE('',(#145),#1173,.F.);
#1221=ADVANCED_FACE('',(#146),#1174,.F.);
#1222=ADVANCED_FACE('',(#147,#49),#89,.T.);
#1223=ADVANCED_FACE('',(#148,#50,#51),#90,.T.);
#1224=ADVANCED_FACE('',(#149),#91,.T.);
#1225=ADVANCED_FACE('',(#150,#52,#53),#92,.T.);
#1226=ADVANCED_FACE('',(#151,#54,#55,#56),#93,.F.);
#1227=ADVANCED_FACE('',(#152),#94,.T.);
#1228=ADVANCED_FACE('',(#153),#1175,.F.);
#1229=ADVANCED_FACE('',(#154,#57,#58),#95,.T.);
#1230=ADVANCED_FACE('',(#155,#59),#96,.T.);
#1231=ADVANCED_FACE('',(#156),#1176,.T.);
#1232=ADVANCED_FACE('',(#157),#1177,.F.);
#1233=ADVANCED_FACE('',(#158),#97,.T.);
#1234=ADVANCED_FACE('',(#159),#1178,.F.);
#1235=ADVANCED_FACE('',(#160),#98,.F.);
#1236=ADVANCED_FACE('',(#161),#99,.T.);
#1237=ADVANCED_FACE('',(#162),#100,.T.);
#1238=ADVANCED_FACE('',(#163),#101,.T.);
#1239=ADVANCED_FACE('',(#164),#1179,.F.);
#1240=ADVANCED_FACE('',(#165),#1180,.F.);
#1241=ADVANCED_FACE('',(#166),#1181,.F.);
#1242=ADVANCED_FACE('',(#167),#1182,.F.);
#1243=ADVANCED_FACE('',(#168),#102,.F.);
#1244=ADVANCED_FACE('',(#169),#103,.T.);
#1245=ADVANCED_FACE('',(#170),#104,.T.);
#1246=ADVANCED_FACE('',(#171),#105,.T.);
#1247=ADVANCED_FACE('',(#172,#60,#61,#62,#63,#64,#65,#66,#67,#68),#106,
 .F.);
#1248=ADVANCED_FACE('',(#173),#107,.T.);
#1249=CLOSED_SHELL('',(#1183,#1184,#1185,#1186,#1187,#1188,#1189,#1190,
#1191,#1192,#1193,#1194,#1195,#1196,#1197,#1198,#1199,#1200,#1201,#1202));
#1250=CLOSED_SHELL('',(#1203,#1204,#1205,#1206,#1207,#1208,#1209,#1210,
#1211,#1212,#1213,#1214,#1215,#1216,#1217,#1218,#1219,#1220,#1221,#1222,
#1223,#1224,#1225,#1226,#1227,#1228,#1229,#1230,#1231,#1232,#1233,#1234,
#1235,#1236,#1237,#1238,#1239,#1240,#1241,#1242,#1243,#1244,#1245,#1246,
#1247,#1248));
#1251=DERIVED_UNIT_ELEMENT(#1255,1.);
#1252=DERIVED_UNIT_ELEMENT(#2117,-3.);
#1253=DERIVED_UNIT_ELEMENT(#1255,1.);
#1254=DERIVED_UNIT_ELEMENT(#2117,-3.);
#1255=(
MASS_UNIT()
NAMED_UNIT(*)
SI_UNIT(.KILO.,.GRAM.)
);
#1256=DERIVED_UNIT((#1251,#1252));
#1257=DERIVED_UNIT((#1253,#1254));
#1258=MEASURE_REPRESENTATION_ITEM('density measure',
POSITIVE_RATIO_MEASURE(7850.),#1256);
#1259=MEASURE_REPRESENTATION_ITEM('density measure',
POSITIVE_RATIO_MEASURE(7850.),#1257);
#1260=PROPERTY_DEFINITION_REPRESENTATION(#1270,#1264);
#1261=PROPERTY_DEFINITION_REPRESENTATION(#1271,#1265);
#1262=PROPERTY_DEFINITION_REPRESENTATION(#1272,#1266);
#1263=PROPERTY_DEFINITION_REPRESENTATION(#1273,#1267);
#1264=REPRESENTATION('material name',(#1268),#2113);
#1265=REPRESENTATION('density',(#1258),#2113);
#1266=REPRESENTATION('material name',(#1269),#2114);
#1267=REPRESENTATION('density',(#1259),#2114);
#1268=DESCRIPTIVE_REPRESENTATION_ITEM('Steel','Steel');
#1269=DESCRIPTIVE_REPRESENTATION_ITEM('Steel','Steel');
#1270=PROPERTY_DEFINITION('material property','material name',#2133);
#1271=PROPERTY_DEFINITION('material property','density of part',#2133);
#1272=PROPERTY_DEFINITION('material property','material name',#2134);
#1273=PROPERTY_DEFINITION('material property','density of part',#2134);
#1274=AXIS2_PLACEMENT_3D('',#1763,#1401,#1402);
#1275=AXIS2_PLACEMENT_3D('',#1764,#1403,#1404);
#1276=AXIS2_PLACEMENT_3D('',#1765,#1405,#1406);
#1277=AXIS2_PLACEMENT_3D('',#1767,#1407,#1408);
#1278=AXIS2_PLACEMENT_3D('',#1770,#1410,#1411);
#1279=AXIS2_PLACEMENT_3D('',#1771,#1412,#1413);
#1280=AXIS2_PLACEMENT_3D('',#1773,#1414,#1415);
#1281=AXIS2_PLACEMENT_3D('',#1776,#1417,#1418);
#1282=AXIS2_PLACEMENT_3D('',#1777,#1419,#1420);
#1283=AXIS2_PLACEMENT_3D('',#1779,#1421,#1422);
#1284=AXIS2_PLACEMENT_3D('',#1782,#1424,#1425);
#1285=AXIS2_PLACEMENT_3D('',#1783,#1426,#1427);
#1286=AXIS2_PLACEMENT_3D('',#1785,#1428,#1429);
#1287=AXIS2_PLACEMENT_3D('',#1788,#1431,#1432);
#1288=AXIS2_PLACEMENT_3D('',#1789,#1433,#1434);
#1289=AXIS2_PLACEMENT_3D('',#1791,#1435,#1436);
#1290=AXIS2_PLACEMENT_3D('',#1792,#1437,#1438);
#1291=AXIS2_PLACEMENT_3D('',#1794,#1439,#1440);
#1292=AXIS2_PLACEMENT_3D('',#1796,#1441,#1442);
#1293=AXIS2_PLACEMENT_3D('',#1797,#1443,#1444);
#1294=AXIS2_PLACEMENT_3D('',#1800,#1445,#1446);
#1295=AXIS2_PLACEMENT_3D('',#1801,#1447,#1448);
#1296=AXIS2_PLACEMENT_3D('',#1803,#1450,#1451);
#1297=AXIS2_PLACEMENT_3D('',#1806,#1452,#1453);
#1298=AXIS2_PLACEMENT_3D('',#1808,#1454,#1455);
#1299=AXIS2_PLACEMENT_3D('',#1819,#1461,#1462);
#1300=AXIS2_PLACEMENT_3D('',#1821,#1463,#1464);
#1301=AXIS2_PLACEMENT_3D('',#1823,#1465,#1466);
#1302=AXIS2_PLACEMENT_3D('',#1824,#1467,#1468);
#1303=AXIS2_PLACEMENT_3D('',#1826,#1469,#1470);
#1304=AXIS2_PLACEMENT_3D('',#1828,#1472,#1473);
#1305=AXIS2_PLACEMENT_3D('',#1830,#1474,#1475);
#1306=AXIS2_PLACEMENT_3D('',#1832,#1477,#1478);
#1307=AXIS2_PLACEMENT_3D('',#1834,#1479,#1480);
#1308=AXIS2_PLACEMENT_3D('',#1836,#1482,#1483);
#1309=AXIS2_PLACEMENT_3D('',#1840,#1485,#1486);
#1310=AXIS2_PLACEMENT_3D('',#1841,#1487,#1488);
#1311=AXIS2_PLACEMENT_3D('',#1845,#1492,#1493);
#1312=AXIS2_PLACEMENT_3D('',#1855,#1498,#1499);
#1313=AXIS2_PLACEMENT_3D('',#1857,#1500,#1501);
#1314=AXIS2_PLACEMENT_3D('',#1858,#1502,#1503);
#1315=AXIS2_PLACEMENT_3D('',#1861,#1506,#1507);
#1316=AXIS2_PLACEMENT_3D('',#1864,#1510,#1511);
#1317=AXIS2_PLACEMENT_3D('',#1865,#1512,#1513);
#1318=AXIS2_PLACEMENT_3D('',#1867,#1515,#1516);
#1319=AXIS2_PLACEMENT_3D('',#1869,#1518,#1519);
#1320=AXIS2_PLACEMENT_3D('',#1870,#1520,#1521);
#1321=AXIS2_PLACEMENT_3D('',#1871,#1522,#1523);
#1322=AXIS2_PLACEMENT_3D('',#1880,#1528,#1529);
#1323=AXIS2_PLACEMENT_3D('',#1886,#1533,#1534);
#1324=AXIS2_PLACEMENT_3D('',#1891,#1537,#1538);
#1325=AXIS2_PLACEMENT_3D('',#1892,#1539,#1540);
#1326=AXIS2_PLACEMENT_3D('',#1900,#1545,#1546);
#1327=AXIS2_PLACEMENT_3D('',#1909,#1551,#1552);
#1328=AXIS2_PLACEMENT_3D('',#1915,#1556,#1557);
#1329=AXIS2_PLACEMENT_3D('',#1924,#1562,#1563);
#1330=AXIS2_PLACEMENT_3D('',#1930,#1567,#1568);
#1331=AXIS2_PLACEMENT_3D('',#1931,#1569,#1570);
#1332=AXIS2_PLACEMENT_3D('',#1932,#1571,#1572);
#1333=AXIS2_PLACEMENT_3D('',#1933,#1573,#1574);
#1334=AXIS2_PLACEMENT_3D('',#1934,#1575,#1576);
#1335=AXIS2_PLACEMENT_3D('',#1935,#1577,#1578);
#1336=AXIS2_PLACEMENT_3D('',#1936,#1579,#1580);
#1337=AXIS2_PLACEMENT_3D('',#1953,#1589,#1590);
#1338=AXIS2_PLACEMENT_3D('',#1955,#1591,#1592);
#1339=AXIS2_PLACEMENT_3D('',#1958,#1594,#1595);
#1340=AXIS2_PLACEMENT_3D('',#1959,#1596,#1597);
#1341=AXIS2_PLACEMENT_3D('',#1961,#1598,#1599);
#1342=AXIS2_PLACEMENT_3D('',#1964,#1601,#1602);
#1343=AXIS2_PLACEMENT_3D('',#1965,#1603,#1604);
#1344=AXIS2_PLACEMENT_3D('',#1966,#1605,#1606);
#1345=AXIS2_PLACEMENT_3D('',#1968,#1607,#1608);
#1346=AXIS2_PLACEMENT_3D('',#1971,#1610,#1611);
#1347=AXIS2_PLACEMENT_3D('',#1972,#1612,#1613);
#1348=AXIS2_PLACEMENT_3D('',#1974,#1614,#1615);
#1349=AXIS2_PLACEMENT_3D('',#1977,#1617,#1618);
#1350=AXIS2_PLACEMENT_3D('',#1978,#1619,#1620);
#1351=AXIS2_PLACEMENT_3D('',#1979,#1621,#1622);
#1352=AXIS2_PLACEMENT_3D('',#1981,#1623,#1624);
#1353=AXIS2_PLACEMENT_3D('',#1984,#1626,#1627);
#1354=AXIS2_PLACEMENT_3D('',#1985,#1628,#1629);
#1355=AXIS2_PLACEMENT_3D('',#1988,#1631,#1632);
#1356=AXIS2_PLACEMENT_3D('',#1989,#1633,#1634);
#1357=AXIS2_PLACEMENT_3D('',#1990,#1635,#1636);
#1358=AXIS2_PLACEMENT_3D('',#2000,#1642,#1643);
#1359=AXIS2_PLACEMENT_3D('',#2003,#1646,#1647);
#1360=AXIS2_PLACEMENT_3D('',#2013,#1653,#1654);
#1361=AXIS2_PLACEMENT_3D('',#2027,#1662,#1663);
#1362=AXIS2_PLACEMENT_3D('',#2029,#1664,#1665);
#1363=AXIS2_PLACEMENT_3D('',#2031,#1666,#1667);
#1364=AXIS2_PLACEMENT_3D('',#2032,#1668,#1669);
#1365=AXIS2_PLACEMENT_3D('',#2035,#1672,#1673);
#1366=AXIS2_PLACEMENT_3D('',#2038,#1675,#1676);
#1367=AXIS2_PLACEMENT_3D('',#2039,#1677,#1678);
#1368=AXIS2_PLACEMENT_3D('',#2048,#1683,#1684);
#1369=AXIS2_PLACEMENT_3D('',#2050,#1685,#1686);
#1370=AXIS2_PLACEMENT_3D('',#2051,#1687,#1688);
#1371=AXIS2_PLACEMENT_3D('',#2053,#1689,#1690);
#1372=AXIS2_PLACEMENT_3D('',#2055,#1691,#1692);
#1373=AXIS2_PLACEMENT_3D('',#2056,#1693,#1694);
#1374=AXIS2_PLACEMENT_3D('',#2058,#1696,#1697);
#1375=AXIS2_PLACEMENT_3D('',#2061,#1699,#1700);
#1376=AXIS2_PLACEMENT_3D('',#2062,#1701,#1702);
#1377=AXIS2_PLACEMENT_3D('',#2064,#1703,#1704);
#1378=AXIS2_PLACEMENT_3D('',#2065,#1705,#1706);
#1379=AXIS2_PLACEMENT_3D('',#2067,#1708,#1709);
#1380=AXIS2_PLACEMENT_3D('',#2071,#1712,#1713);
#1381=AXIS2_PLACEMENT_3D('',#2073,#1714,#1715);
#1382=AXIS2_PLACEMENT_3D('',#2074,#1716,#1717);
#1383=AXIS2_PLACEMENT_3D('',#2076,#1718,#1719);
#1384=AXIS2_PLACEMENT_3D('',#2077,#1720,#1721);
#1385=AXIS2_PLACEMENT_3D('',#2078,#1722,#1723);
#1386=AXIS2_PLACEMENT_3D('',#2081,#1725,#1726);
#1387=AXIS2_PLACEMENT_3D('',#2082,#1727,#1728);
#1388=AXIS2_PLACEMENT_3D('',#2085,#1730,#1731);
#1389=AXIS2_PLACEMENT_3D('',#2086,#1732,#1733);
#1390=AXIS2_PLACEMENT_3D('',#2089,#1735,#1736);
#1391=AXIS2_PLACEMENT_3D('',#2090,#1737,#1738);
#1392=AXIS2_PLACEMENT_3D('',#2093,#1740,#1741);
#1393=AXIS2_PLACEMENT_3D('',#2094,#1742,#1743);
#1394=AXIS2_PLACEMENT_3D('',#2098,#1746,#1747);
#1395=AXIS2_PLACEMENT_3D('',#2100,#1749,#1750);
#1396=AXIS2_PLACEMENT_3D('',#2102,#1752,#1753);
#1397=AXIS2_PLACEMENT_3D('',#2103,#1754,#1755);
#1398=AXIS2_PLACEMENT_3D('',#2105,#1757,#1758);
#1399=AXIS2_PLACEMENT_3D('',#2106,#1759,#1760);
#1400=AXIS2_PLACEMENT_3D('',#2107,#1761,#1762);
#1401=DIRECTION('axis',(0.,0.,1.));
#1402=DIRECTION('refdir',(1.,0.,0.));
#1403=DIRECTION('axis',(0.,0.,1.));
#1404=DIRECTION('refdir',(1.,0.,0.));
#1405=DIRECTION('center_axis',(-2.86694131601073E-15,0.707106781186545,
-0.70710678118655));
#1406=DIRECTION('ref_axis',(1.,1.89726618117432E-15,-2.15720111045582E-15));
#1407=DIRECTION('center_axis',(1.0960652158291E-17,0.707106781186545,-0.70710678118655));
#1408=DIRECTION('ref_axis',(1.,1.89726618117432E-15,-2.15720111045582E-15));
#1409=DIRECTION('',(-2.86694131601073E-15,0.707106781186545,-0.707106781186551));
#1410=DIRECTION('center_axis',(-1.0960652158291E-17,-0.707106781186545,
0.70710678118655));
#1411=DIRECTION('ref_axis',(1.,1.89726618117432E-15,-2.15720111045582E-15));
#1412=DIRECTION('center_axis',(0.,0.707106781186545,-0.70710678118655));
#1413=DIRECTION('ref_axis',(1.,-1.2996746464074E-16,-1.29967464640739E-16));
#1414=DIRECTION('center_axis',(1.0960652158291E-17,0.707106781186545,-0.70710678118655));
#1415=DIRECTION('ref_axis',(1.,-1.2996746464074E-16,-1.29967464640739E-16));
#1416=DIRECTION('',(0.,0.707106781186545,-0.70710678118655));
#1417=DIRECTION('center_axis',(-1.0960652158291E-17,-0.707106781186545,
0.70710678118655));
#1418=DIRECTION('ref_axis',(1.,-1.2996746464074E-16,-1.29967464640739E-16));
#1419=DIRECTION('center_axis',(-2.86694131601073E-15,0.707106781186543,
-0.707106781186552));
#1420=DIRECTION('ref_axis',(1.,1.89726618117433E-15,-2.15720111045582E-15));
#1421=DIRECTION('center_axis',(1.0960652158291E-17,0.707106781186545,-0.70710678118655));
#1422=DIRECTION('ref_axis',(1.,1.89726618117433E-15,-2.15720111045582E-15));
#1423=DIRECTION('',(-2.86694131601073E-15,0.707106781186543,-0.707106781186552));
#1424=DIRECTION('center_axis',(-1.0960652158291E-17,-0.707106781186545,
0.70710678118655));
#1425=DIRECTION('ref_axis',(1.,1.89726618117433E-15,-2.15720111045582E-15));
#1426=DIRECTION('center_axis',(0.,-0.707106781186541,0.707106781186554));
#1427=DIRECTION('ref_axis',(-1.,0.,0.));
#1428=DIRECTION('center_axis',(0.,-0.707106781186545,0.70710678118655));
#1429=DIRECTION('ref_axis',(-1.,0.,0.));
#1430=DIRECTION('',(0.,0.707106781186542,-0.707106781186554));
#1431=DIRECTION('center_axis',(1.0960652158291E-17,0.707106781186545,-0.70710678118655));
#1432=DIRECTION('ref_axis',(-1.,0.,0.));
#1433=DIRECTION('center_axis',(0.,-0.707106781186545,0.70710678118655));
#1434=DIRECTION('ref_axis',(-1.,0.,0.));
#1435=DIRECTION('center_axis',(3.5279927723689E-33,0.707106781186545,-0.70710678118655));
#1436=DIRECTION('ref_axis',(-1.,2.49466761331917E-33,-2.49466761331919E-33));
#1437=DIRECTION('center_axis',(-1.99572176804525E-15,-0.707106781186542,
0.707106781186553));
#1438=DIRECTION('ref_axis',(-1.,8.26655023047545E-16,-1.99572176804525E-15));
#1439=DIRECTION('center_axis',(1.99572176804525E-15,0.707106781186542,-0.707106781186553));
#1440=DIRECTION('ref_axis',(1.,-8.26655023047545E-16,1.99572176804525E-15));
#1441=DIRECTION('center_axis',(1.99572176804525E-15,0.707106781186542,-0.707106781186553));
#1442=DIRECTION('ref_axis',(1.,-2.31769345317282E-15,2.31769345317286E-15));
#1443=DIRECTION('center_axis',(1.99572176804525E-15,0.707106781186542,-0.707106781186553));
#1444=DIRECTION('ref_axis',(1.,-8.26655023047545E-16,1.99572176804525E-15));
#1445=DIRECTION('center_axis',(1.99572176804525E-15,0.707106781186542,-0.707106781186553));
#1446=DIRECTION('ref_axis',(1.,-8.26655023047545E-16,1.99572176804525E-15));
#1447=DIRECTION('center_axis',(1.99572176804525E-15,0.707106781186542,-0.707106781186553));
#1448=DIRECTION('ref_axis',(1.,-8.26655023047545E-16,1.99572176804525E-15));
#1449=DIRECTION('',(-1.99572176804525E-15,-0.707106781186542,0.707106781186553));
#1450=DIRECTION('center_axis',(1.0960652158291E-17,0.707106781186545,-0.70710678118655));
#1451=DIRECTION('ref_axis',(1.0960652158291E-17,-0.70710678118655,-0.707106781186545));
#1452=DIRECTION('center_axis',(1.0960652158291E-17,0.707106781186545,-0.70710678118655));
#1453=DIRECTION('ref_axis',(1.,5.76783020837441E-16,5.92283723772146E-16));
#1454=DIRECTION('center_axis',(1.0960652158291E-17,0.707106781186545,-0.70710678118655));
#1455=DIRECTION('ref_axis',(1.,5.76783020837441E-16,5.92283723772146E-16));
#1456=DIRECTION('',(1.,-7.75035146735454E-18,7.75035146735456E-18));
#1457=DIRECTION('',(0.,-0.707106781186548,-0.707106781186547));
#1458=DIRECTION('',(1.,-7.75035146735455E-18,7.75035146735455E-18));
#1459=DIRECTION('',(0.,0.707106781186549,0.707106781186546));
#1460=DIRECTION('',(-1.,7.75035146735454E-18,-7.75035146735456E-18));
#1461=DIRECTION('center_axis',(-1.0960652158291E-17,-0.707106781186545,
0.70710678118655));
#1462=DIRECTION('ref_axis',(1.,0.,0.));
#1463=DIRECTION('center_axis',(-1.0960652158291E-17,-0.707106781186545,
0.70710678118655));
#1464=DIRECTION('ref_axis',(1.,0.,0.));
#1465=DIRECTION('center_axis',(-1.0960652158291E-17,-0.707106781186545,
0.70710678118655));
#1466=DIRECTION('ref_axis',(1.,0.,0.));
#1467=DIRECTION('center_axis',(0.,-0.707106781186546,0.707106781186549));
#1468=DIRECTION('ref_axis',(1.,0.,0.));
#1469=DIRECTION('center_axis',(-1.0960652158291E-17,-0.707106781186545,
0.70710678118655));
#1470=DIRECTION('ref_axis',(1.,0.,0.));
#1471=DIRECTION('',(0.,-0.707106781186546,0.707106781186549));
#1472=DIRECTION('center_axis',(0.,-0.707106781186545,0.70710678118655));
#1473=DIRECTION('ref_axis',(1.,0.,0.));
#1474=DIRECTION('center_axis',(-1.0960652158291E-17,-0.707106781186545,
0.70710678118655));
#1475=DIRECTION('ref_axis',(1.,0.,0.));
#1476=DIRECTION('',(0.,-0.707106781186545,0.70710678118655));
#1477=DIRECTION('center_axis',(0.,-0.707106781186545,0.70710678118655));
#1478=DIRECTION('ref_axis',(1.,0.,0.));
#1479=DIRECTION('center_axis',(-1.0960652158291E-17,-0.707106781186545,
0.70710678118655));
#1480=DIRECTION('ref_axis',(1.,0.,0.));
#1481=DIRECTION('',(0.,-0.707106781186545,0.70710678118655));
#1482=DIRECTION('center_axis',(1.99572176804525E-15,0.707106781186542,-0.707106781186553));
#1483=DIRECTION('ref_axis',(1.,-8.26655023047545E-16,1.99572176804525E-15));
#1484=DIRECTION('',(-1.,1.4111883955464E-15,-1.4111883955464E-15));
#1485=DIRECTION('center_axis',(1.99572176804525E-15,0.707106781186542,-0.707106781186553));
#1486=DIRECTION('ref_axis',(1.,-8.26655023047545E-16,1.99572176804525E-15));
#1487=DIRECTION('center_axis',(0.,0.707106781088773,-0.707106781284322));
#1488=DIRECTION('ref_axis',(1.,5.84533372384547E-16,5.84533372222896E-16));
#1489=DIRECTION('',(0.,-0.707106781088773,0.707106781284322));
#1490=DIRECTION('',(0.,0.707106781088773,-0.707106781284322));
#1491=DIRECTION('',(0.,-0.707106781088774,0.707106781284322));
#1492=DIRECTION('center_axis',(1.0960652158291E-17,0.707106781186545,-0.70710678118655));
#1493=DIRECTION('ref_axis',(1.,-1.55007029347092E-17,8.06407932572714E-33));
#1494=DIRECTION('',(-1.,7.75035146735454E-18,-7.75035146735456E-18));
#1495=DIRECTION('',(1.09606521582911E-17,0.70710678118655,0.707106781186545));
#1496=DIRECTION('',(1.,-7.75035146735455E-18,7.75035146735455E-18));
#1497=DIRECTION('',(0.,-0.70710678118655,-0.707106781186545));
#1498=DIRECTION('center_axis',(-1.0960652158291E-17,-0.707106781186545,
0.70710678118655));
#1499=DIRECTION('ref_axis',(1.,0.,0.));
#1500=DIRECTION('center_axis',(-1.0960652158291E-17,-0.707106781186545,
0.70710678118655));
#1501=DIRECTION('ref_axis',(1.,0.,0.));
#1502=DIRECTION('center_axis',(1.,-7.7503514673546E-18,-7.7503514673546E-18));
#1503=DIRECTION('ref_axis',(1.09606521582911E-17,0.70710678118655,0.707106781186545));
#1504=DIRECTION('',(0.,0.707106781186547,-0.707106781186548));
#1505=DIRECTION('',(0.,0.707106781186547,-0.707106781186548));
#1506=DIRECTION('center_axis',(-1.,0.,0.));
#1507=DIRECTION('ref_axis',(0.,-2.22044604925031E-16,-1.));
#1508=DIRECTION('',(0.,-0.707106781186547,0.707106781186548));
#1509=DIRECTION('',(0.,0.707106781186547,-0.707106781186548));
#1510=DIRECTION('center_axis',(0.,-0.707106781186549,-0.707106781186547));
#1511=DIRECTION('ref_axis',(1.,0.,0.));
#1512=DIRECTION('center_axis',(0.,-0.707106781186545,0.70710678118655));
#1513=DIRECTION('ref_axis',(1.,0.,0.));
#1514=DIRECTION('',(0.,-0.707106781186545,0.70710678118655));
#1515=DIRECTION('center_axis',(0.,-0.707106781186545,0.70710678118655));
#1516=DIRECTION('ref_axis',(1.,0.,0.));
#1517=DIRECTION('',(0.,-0.707106781186545,0.70710678118655));
#1518=DIRECTION('center_axis',(0.,-0.707106781186548,-0.707106781186547));
#1519=DIRECTION('ref_axis',(1.,0.,0.));
#1520=DIRECTION('axis',(0.,0.,1.));
#1521=DIRECTION('refdir',(1.,0.,0.));
#1522=DIRECTION('center_axis',(0.,0.707106781186553,0.707106781186542));
#1523=DIRECTION('ref_axis',(1.,0.,0.));
#1524=DIRECTION('',(-1.,-1.29967464640729E-16,-1.29967464640729E-16));
#1525=DIRECTION('',(0.,0.707106781186542,-0.707106781186553));
#1526=DIRECTION('',(1.,7.75035146735449E-18,-7.75035146735461E-18));
#1527=DIRECTION('',(-2.64443753384317E-15,-0.707106781186542,0.707106781186553));
#1528=DIRECTION('center_axis',(-1.,-2.00938854069034E-16,-3.94073827927848E-15));
#1529=DIRECTION('ref_axis',(-2.92860798647527E-15,0.707106781186552,0.707106781186543));
#1530=DIRECTION('',(2.92860798647528E-15,-0.70710678118655,-0.707106781186545));
#1531=DIRECTION('',(2.64443753384317E-15,0.707106781186543,-0.707106781186552));
#1532=DIRECTION('',(-2.92860798647528E-15,0.707106781186547,0.707106781186547));
#1533=DIRECTION('center_axis',(-1.0960652158291E-17,0.707106781186545,-0.70710678118655));
#1534=DIRECTION('ref_axis',(-1.,0.,1.5500702934709E-17));
#1535=DIRECTION('',(0.,-0.70710678118655,-0.707106781186545));
#1536=DIRECTION('',(1.,7.75035146735454E-18,-7.75035146735456E-18));
#1537=DIRECTION('center_axis',(-1.0960652158291E-17,0.707106781186545,-0.70710678118655));
#1538=DIRECTION('ref_axis',(1.,-1.96348914693762E-15,2.22342407621911E-15));
#1539=DIRECTION('center_axis',(-1.,0.,0.));
#1540=DIRECTION('ref_axis',(0.,0.,1.));
#1541=DIRECTION('',(0.,-0.70710678118655,-0.707106781186545));
#1542=DIRECTION('',(0.,0.707106781186548,-0.707106781186548));
#1543=DIRECTION('',(0.,-0.70710678118655,-0.707106781186545));
#1544=DIRECTION('',(0.,0.707106781186548,-0.707106781186548));
#1545=DIRECTION('center_axis',(0.766044443118842,-0.454519477672158,0.454519477672159));
#1546=DIRECTION('ref_axis',(0.642787609686701,0.541675220419596,-0.541675220419616));
#1547=DIRECTION('',(0.642787609686701,0.541675220419606,-0.541675220419606));
#1548=DIRECTION('',(-2.74129141882755E-15,0.707106781186546,0.707106781186549));
#1549=DIRECTION('',(-0.642787609686701,-0.541675220419604,0.541675220419608));
#1550=DIRECTION('',(0.,-0.707106781186547,-0.707106781186548));
#1551=DIRECTION('center_axis',(-0.766044443119285,-0.454519477671787,0.454519477671783));
#1552=DIRECTION('ref_axis',(0.642787609686173,-0.54167522041992,0.541675220419918));
#1553=DIRECTION('',(0.642787609686173,-0.541675220419919,0.541675220419919));
#1554=DIRECTION('',(0.,-0.707106781186547,-0.707106781186548));
#1555=DIRECTION('',(-0.642787609686174,0.541675220419917,-0.541675220419921));
#1556=DIRECTION('center_axis',(0.766044443118873,-0.454519477672131,0.454519477672135));
#1557=DIRECTION('ref_axis',(0.642787609686665,0.541675220419615,-0.54167522041964));
#1558=DIRECTION('',(0.642787609686665,0.541675220419627,-0.541675220419627));
#1559=DIRECTION('',(-5.4825828376551E-15,0.707106781186546,0.707106781186549));
#1560=DIRECTION('',(-0.642787609686665,-0.541675220419625,0.541675220419629));
#1561=DIRECTION('',(0.,-0.707106781186548,-0.707106781186547));
#1562=DIRECTION('center_axis',(-0.76604444311908,-0.454519477671962,0.454519477671954));
#1563=DIRECTION('ref_axis',(0.642787609686418,-0.541675220419773,0.541675220419775));
#1564=DIRECTION('',(0.642787609686418,-0.541675220419774,0.541675220419774));
#1565=DIRECTION('',(0.,-0.707106781186548,-0.707106781186547));
#1566=DIRECTION('',(-0.642787609686418,0.541675220419772,-0.541675220419776));
#1567=DIRECTION('center_axis',(0.,0.707106781186547,0.707106781186548));
#1568=DIRECTION('ref_axis',(-3.92635474866776E-14,0.707106781186547,-0.707106781186547));
#1569=DIRECTION('center_axis',(0.,0.707106781186548,0.707106781186547));
#1570=DIRECTION('ref_axis',(1.,0.,0.));
#1571=DIRECTION('center_axis',(-4.93038065763132E-32,-0.70710678118655,
-0.707106781186545));
#1572=DIRECTION('ref_axis',(1.,0.,0.));
#1573=DIRECTION('center_axis',(0.,0.707106781186548,0.707106781186547));
#1574=DIRECTION('ref_axis',(8.33050744319397E-14,0.707106781186547,-0.707106781186548));
#1575=DIRECTION('center_axis',(0.,0.707106781186548,0.707106781186548));
#1576=DIRECTION('ref_axis',(1.,0.,0.));
#1577=DIRECTION('center_axis',(-4.93038065763132E-32,-0.70710678118655,
-0.707106781186545));
#1578=DIRECTION('ref_axis',(1.,0.,0.));
#1579=DIRECTION('center_axis',(0.,0.707106781186548,0.707106781186548));
#1580=DIRECTION('ref_axis',(1.,0.,0.));
#1581=DIRECTION('',(-1.,-7.75035146735455E-18,7.75035146735455E-18));
#1582=DIRECTION('',(2.64443753384317E-15,0.707106781186543,-0.707106781186552));
#1583=DIRECTION('',(-1.,-2.87850279802721E-16,2.87850279802723E-16));
#1584=DIRECTION('',(0.,0.707106781186548,-0.707106781186548));
#1585=DIRECTION('',(-1.,-7.75035146735456E-18,7.75035146735456E-18));
#1586=DIRECTION('',(0.,0.707106781186547,-0.707106781186547));
#1587=DIRECTION('',(-1.,-7.75035146735455E-18,7.75035146735455E-18));
#1588=DIRECTION('',(0.,0.707106781186547,-0.707106781186547));
#1589=DIRECTION('center_axis',(2.20369794486931E-15,0.707106781186546,-0.707106781186549));
#1590=DIRECTION('ref_axis',(1.,-1.4282822958632E-15,1.68821722514469E-15));
#1591=DIRECTION('center_axis',(2.0018678843193E-15,0.707106781186546,-0.707106781186549));
#1592=DIRECTION('ref_axis',(1.,-1.4282822958632E-15,1.68821722514469E-15));
#1593=DIRECTION('',(2.20369794486931E-15,0.707106781186546,-0.707106781186549));
#1594=DIRECTION('center_axis',(1.0960652158291E-17,-0.707106781186545,0.70710678118655));
#1595=DIRECTION('ref_axis',(1.,-1.4282822958632E-15,1.68821722514469E-15));
#1596=DIRECTION('center_axis',(2.96059473233374E-15,0.707106781186545,-0.70710678118655));
#1597=DIRECTION('ref_axis',(1.,-1.96348914693761E-15,2.22342407621911E-15));
#1598=DIRECTION('center_axis',(0.,0.707106781186548,-0.707106781186548));
#1599=DIRECTION('ref_axis',(1.,-1.96348914693761E-15,2.22342407621911E-15));
#1600=DIRECTION('',(2.96059473233374E-15,0.707106781186545,-0.70710678118655));
#1601=DIRECTION('center_axis',(2.0018678843193E-15,0.707106781186546,-0.707106781186549));
#1602=DIRECTION('ref_axis',(1.,-1.285566891401E-15,1.54550182068249E-15));
#1603=DIRECTION('center_axis',(-2.0018678843193E-15,-0.707106781186546,
0.707106781186549));
#1604=DIRECTION('ref_axis',(1.,-1.285566891401E-15,1.54550182068249E-15));
#1605=DIRECTION('center_axis',(1.76295835589544E-15,0.707106781186546,-0.707106781186549));
#1606=DIRECTION('ref_axis',(1.,-1.11663234376241E-15,1.3765672730439E-15));
#1607=DIRECTION('center_axis',(2.0018678843193E-15,0.707106781186546,-0.707106781186549));
#1608=DIRECTION('ref_axis',(1.,-1.11663234376241E-15,1.3765672730439E-15));
#1609=DIRECTION('',(1.76295835589544E-15,0.707106781186546,-0.707106781186549));
#1610=DIRECTION('center_axis',(1.0960652158291E-17,-0.707106781186545,0.70710678118655));
#1611=DIRECTION('ref_axis',(1.,-1.11663234376241E-15,1.3765672730439E-15));
#1612=DIRECTION('center_axis',(0.,0.707106781186545,-0.70710678118655));
#1613=DIRECTION('ref_axis',(1.,1.2996746464074E-16,1.29967464640739E-16));
#1614=DIRECTION('center_axis',(0.,0.707106781186548,-0.707106781186548));
#1615=DIRECTION('ref_axis',(1.,1.2996746464074E-16,1.29967464640739E-16));
#1616=DIRECTION('',(0.,0.707106781186545,-0.70710678118655));
#1617=DIRECTION('center_axis',(2.0018678843193E-15,0.707106781186546,-0.707106781186549));
#1618=DIRECTION('ref_axis',(1.,-1.285566891401E-15,1.54550182068249E-15));
#1619=DIRECTION('center_axis',(-2.0018678843193E-15,-0.707106781186546,
0.707106781186549));
#1620=DIRECTION('ref_axis',(1.,-1.285566891401E-15,1.54550182068249E-15));
#1621=DIRECTION('center_axis',(2.20369794486931E-15,0.707106781186543,-0.707106781186552));
#1622=DIRECTION('ref_axis',(1.,-1.4282822958632E-15,1.68821722514468E-15));
#1623=DIRECTION('center_axis',(2.00186788431931E-15,0.707106781186543,-0.707106781186552));
#1624=DIRECTION('ref_axis',(1.,-1.4282822958632E-15,1.68821722514468E-15));
#1625=DIRECTION('',(2.20369794486931E-15,0.707106781186543,-0.707106781186552));
#1626=DIRECTION('center_axis',(1.0960652158291E-17,-0.707106781186545,0.70710678118655));
#1627=DIRECTION('ref_axis',(1.,-1.4282822958632E-15,1.68821722514468E-15));
#1628=DIRECTION('center_axis',(2.96059473233375E-15,0.707106781186543,-0.707106781186552));
#1629=DIRECTION('ref_axis',(1.,-1.96348914693762E-15,2.22342407621911E-15));
#1630=DIRECTION('',(2.96059473233375E-15,0.707106781186543,-0.707106781186552));
#1631=DIRECTION('center_axis',(2.00186788431931E-15,0.707106781186543,-0.707106781186552));
#1632=DIRECTION('ref_axis',(1.,-1.28556689140101E-15,1.54550182068249E-15));
#1633=DIRECTION('center_axis',(-2.00186788431931E-15,-0.707106781186543,
0.707106781186552));
#1634=DIRECTION('ref_axis',(1.,-1.28556689140101E-15,1.54550182068249E-15));
#1635=DIRECTION('center_axis',(4.93038065763132E-32,0.70710678118655,0.707106781186545));
#1636=DIRECTION('ref_axis',(-1.26860900654103E-15,-0.707106781186545,0.70710678118655));
#1637=DIRECTION('',(1.,-3.4863055968421E-32,-3.4863055968421E-32));
#1638=DIRECTION('',(-9.70024389580814E-15,0.707106781186545,-0.70710678118655));
#1639=DIRECTION('',(1.,0.,0.));
#1640=DIRECTION('',(0.,0.707106781186548,-0.707106781186548));
#1641=DIRECTION('',(1.,0.,0.));
#1642=DIRECTION('center_axis',(1.,0.,0.));
#1643=DIRECTION('ref_axis',(0.,0.,-1.));
#1644=DIRECTION('',(0.,-0.707106781186548,-0.707106781186548));
#1645=DIRECTION('',(0.,-0.707106781186548,-0.707106781186548));
#1646=DIRECTION('center_axis',(0.,-0.707106781186548,0.707106781186548));
#1647=DIRECTION('ref_axis',(0.,-0.707106781186548,-0.707106781186548));
#1648=DIRECTION('',(-7.88860905221012E-31,-0.70710678118655,-0.707106781186545));
#1649=DIRECTION('',(-1.,-1.37717816108085E-16,-1.22217113173375E-16));
#1650=DIRECTION('',(1.83801751162171E-16,-0.70710678118655,-0.707106781186545));
#1651=DIRECTION('',(-1.,-1.37717816108084E-16,-1.22217113173374E-16));
#1652=DIRECTION('',(1.83801751162173E-16,-0.70710678118655,-0.707106781186545));
#1653=DIRECTION('center_axis',(0.,0.707106781186548,-0.707106781186548));
#1654=DIRECTION('ref_axis',(-1.,0.,0.));
#1655=DIRECTION('',(0.,-0.707106781186548,-0.707106781186548));
#1656=DIRECTION('',(-1.83801751162181E-16,0.707106781186548,0.707106781186548));
#1657=DIRECTION('',(1.,1.29967464640729E-16,1.29967464640729E-16));
#1658=DIRECTION('',(-1.83801751162179E-16,0.707106781186548,0.707106781186548));
#1659=DIRECTION('',(1.,-3.4863055968421E-32,-3.4863055968421E-32));
#1660=DIRECTION('',(-3.31321580192825E-29,-0.707106781186548,-0.707106781186548));
#1661=DIRECTION('',(1.,0.,0.));
#1662=DIRECTION('center_axis',(0.,0.707106781186548,-0.707106781186548));
#1663=DIRECTION('ref_axis',(1.,0.,0.));
#1664=DIRECTION('center_axis',(0.,0.707106781186548,-0.707106781186548));
#1665=DIRECTION('ref_axis',(1.,0.,0.));
#1666=DIRECTION('center_axis',(0.,0.707106781186548,-0.707106781186548));
#1667=DIRECTION('ref_axis',(-1.,0.,0.));
#1668=DIRECTION('center_axis',(4.93038065763132E-32,0.70710678118655,0.707106781186545));
#1669=DIRECTION('ref_axis',(9.70024389580814E-15,-0.707106781186545,0.70710678118655));
#1670=DIRECTION('',(-9.70024389580814E-15,0.707106781186545,-0.70710678118655));
#1671=DIRECTION('',(2.64443753384317E-15,0.707106781186543,-0.707106781186552));
#1672=DIRECTION('center_axis',(0.,0.707106781186545,-0.70710678118655));
#1673=DIRECTION('ref_axis',(-1.,0.,0.));
#1674=DIRECTION('',(0.,0.707106781186545,-0.70710678118655));
#1675=DIRECTION('center_axis',(1.0960652158291E-17,-0.707106781186545,0.70710678118655));
#1676=DIRECTION('ref_axis',(-1.,0.,0.));
#1677=DIRECTION('center_axis',(1.0960652158291E-17,-0.707106781186545,0.70710678118655));
#1678=DIRECTION('ref_axis',(1.,1.55007029347092E-17,-3.08148791101958E-33));
#1679=DIRECTION('',(1.,7.75035146735454E-18,-7.75035146735456E-18));
#1680=DIRECTION('',(-1.09606521582911E-17,0.70710678118655,0.707106781186545));
#1681=DIRECTION('',(8.62816615085482E-31,0.707106781186548,0.707106781186548));
#1682=DIRECTION('',(0.,-0.707106781186548,-0.707106781186547));
#1683=DIRECTION('center_axis',(-1.0960652158291E-17,0.707106781186545,-0.70710678118655));
#1684=DIRECTION('ref_axis',(-1.,0.,0.));
#1685=DIRECTION('center_axis',(-1.0960652158291E-17,0.707106781186545,-0.70710678118655));
#1686=DIRECTION('ref_axis',(-1.,0.,0.));
#1687=DIRECTION('center_axis',(0.,-0.707106781186548,0.707106781186547));
#1688=DIRECTION('ref_axis',(1.,0.,0.));
#1689=DIRECTION('center_axis',(0.,-0.707106781186548,0.707106781186547));
#1690=DIRECTION('ref_axis',(1.,0.,0.));
#1691=DIRECTION('center_axis',(0.,0.707106781186548,-0.707106781186547));
#1692=DIRECTION('ref_axis',(1.,0.,0.));
#1693=DIRECTION('center_axis',(0.,-0.707106781186548,0.707106781186547));
#1694=DIRECTION('ref_axis',(1.,0.,0.));
#1695=DIRECTION('',(0.,0.707106781186548,-0.707106781186547));
#1696=DIRECTION('center_axis',(0.,0.707106781186545,-0.70710678118655));
#1697=DIRECTION('ref_axis',(1.,0.,0.));
#1698=DIRECTION('',(0.,0.707106781186545,-0.70710678118655));
#1699=DIRECTION('center_axis',(1.0960652158291E-17,-0.707106781186545,0.70710678118655));
#1700=DIRECTION('ref_axis',(1.,0.,0.));
#1701=DIRECTION('center_axis',(0.,-0.707106781186545,0.70710678118655));
#1702=DIRECTION('ref_axis',(1.,0.,0.));
#1703=DIRECTION('center_axis',(0.,0.707106781186545,-0.70710678118655));
#1704=DIRECTION('ref_axis',(1.,0.,0.));
#1705=DIRECTION('center_axis',(0.,0.707106781186545,-0.70710678118655));
#1706=DIRECTION('ref_axis',(1.,0.,0.));
#1707=DIRECTION('',(0.,0.707106781186545,-0.70710678118655));
#1708=DIRECTION('center_axis',(1.,2.87850279802721E-16,-2.87850279802723E-16));
#1709=DIRECTION('ref_axis',(4.070817696299E-16,-0.707106781186547,0.707106781186548));
#1710=DIRECTION('',(-4.070817696299E-16,0.707106781186547,-0.707106781186548));
#1711=DIRECTION('',(0.,-0.707106781186547,0.707106781186548));
#1712=DIRECTION('center_axis',(0.,0.707106781186545,-0.70710678118655));
#1713=DIRECTION('ref_axis',(-1.,0.,0.));
#1714=DIRECTION('center_axis',(9.24724468059749E-16,0.707106781186544,-0.707106781186551));
#1715=DIRECTION('ref_axis',(-1.,6.72896768007327E-16,-6.72896768007332E-16));
#1716=DIRECTION('center_axis',(0.,0.707106781186545,-0.70710678118655));
#1717=DIRECTION('ref_axis',(-1.,0.,0.));
#1718=DIRECTION('center_axis',(9.24724468059749E-16,0.707106781186544,-0.707106781186551));
#1719=DIRECTION('ref_axis',(-1.,6.72896768007327E-16,-6.72896768007332E-16));
#1720=DIRECTION('center_axis',(1.,6.85910823788933E-15,-6.85910823788938E-15));
#1721=DIRECTION('ref_axis',(-9.70024389580814E-15,0.707106781186545,-0.70710678118655));
#1722=DIRECTION('center_axis',(0.,0.707106781186548,-0.707106781186548));
#1723=DIRECTION('ref_axis',(-1.,-2.39475631942092E-30,-2.11302028184199E-30));
#1724=DIRECTION('',(0.,0.707106781186547,-0.707106781186547));
#1725=DIRECTION('center_axis',(1.0960652158291E-17,-0.707106781186545,0.70710678118655));
#1726=DIRECTION('ref_axis',(-1.,-2.39475631942092E-30,-2.11302028184199E-30));
#1727=DIRECTION('center_axis',(0.,0.707106781186548,-0.707106781186548));
#1728=DIRECTION('ref_axis',(-1.,-2.39475631942092E-30,-2.11302028184199E-30));
#1729=DIRECTION('',(0.,0.707106781186547,-0.707106781186547));
#1730=DIRECTION('center_axis',(1.0960652158291E-17,-0.707106781186545,0.70710678118655));
#1731=DIRECTION('ref_axis',(-1.,-2.39475631942092E-30,-2.11302028184199E-30));
#1732=DIRECTION('center_axis',(0.,0.707106781186545,-0.70710678118655));
#1733=DIRECTION('ref_axis',(-1.,0.,0.));
#1734=DIRECTION('',(0.,0.707106781186545,-0.70710678118655));
#1735=DIRECTION('center_axis',(1.0960652158291E-17,-0.707106781186545,0.70710678118655));
#1736=DIRECTION('ref_axis',(-1.,0.,0.));
#1737=DIRECTION('center_axis',(0.,0.707106781186545,-0.70710678118655));
#1738=DIRECTION('ref_axis',(-1.,0.,0.));
#1739=DIRECTION('',(0.,0.707106781186545,-0.70710678118655));
#1740=DIRECTION('center_axis',(1.0960652158291E-17,-0.707106781186545,0.70710678118655));
#1741=DIRECTION('ref_axis',(-1.,0.,0.));
#1742=DIRECTION('center_axis',(1.,7.7503514673546E-18,7.7503514673546E-18));
#1743=DIRECTION('ref_axis',(1.09606521582911E-17,-0.70710678118655,-0.707106781186545));
#1744=DIRECTION('',(-1.30963236218332E-32,-0.707106781186547,0.707106781186548));
#1745=DIRECTION('',(-1.09606521582911E-17,0.70710678118655,0.707106781186545));
#1746=DIRECTION('center_axis',(-1.,1.73993224796399E-15,-1.99986717724547E-15));
#1747=DIRECTION('ref_axis',(-1.83801751162172E-16,0.707106781186549,0.707106781186546));
#1748=DIRECTION('',(2.64443753384317E-15,0.707106781186543,-0.707106781186552));
#1749=DIRECTION('center_axis',(-1.,1.73993224796399E-15,-1.99986717724547E-15));
#1750=DIRECTION('ref_axis',(-1.83801751162166E-16,0.707106781186552,0.707106781186543));
#1751=DIRECTION('',(2.64443753384317E-15,0.707106781186543,-0.707106781186552));
#1752=DIRECTION('center_axis',(-1.83801751162165E-16,0.707106781186552,
0.707106781186543));
#1753=DIRECTION('ref_axis',(1.,-1.64576158061348E-15,1.90569650989496E-15));
#1754=DIRECTION('center_axis',(1.0960652158291E-17,-0.707106781186545,0.70710678118655));
#1755=DIRECTION('ref_axis',(1.0960652158291E-17,0.70710678118655,0.707106781186545));
#1756=DIRECTION('',(1.,7.75035146735454E-18,-7.75035146735456E-18));
#1757=DIRECTION('center_axis',(0.,0.707106781186548,0.707106781186547));
#1758=DIRECTION('ref_axis',(1.,0.,0.));
#1759=DIRECTION('',(0.,0.,1.));
#1760=DIRECTION('',(1.,0.,0.));
#1761=DIRECTION('',(0.,0.,1.));
#1762=DIRECTION('',(1.,0.,0.));
#1763=CARTESIAN_POINT('',(0.,0.,0.));
#1764=CARTESIAN_POINT('',(0.,0.,0.));
#1765=CARTESIAN_POINT('Origin',(-155.802761334454,74.0761000900504,144.904057972872));
#1766=CARTESIAN_POINT('',(-157.302761334454,74.0761000900504,144.904057972872));
#1767=CARTESIAN_POINT('Origin',(-155.802761334454,74.0761000900505,144.904057972872));
#1768=CARTESIAN_POINT('',(-157.302761334454,78.4573337062823,140.52282435664));
#1769=CARTESIAN_POINT('',(-157.302761334454,74.0761000900504,144.904057972872));
#1770=CARTESIAN_POINT('Origin',(-155.802761334454,78.4573337062824,140.52282435664));
#1771=CARTESIAN_POINT('Origin',(-175.873602988945,71.0791547650152,141.907112647837));
#1772=CARTESIAN_POINT('',(-177.373602988945,71.0791547650152,141.907112647837));
#1773=CARTESIAN_POINT('Origin',(-175.873602988945,71.0791547650152,141.907112647837));
#1774=CARTESIAN_POINT('',(-177.373602988945,75.4603883812471,137.525879031605));
#1775=CARTESIAN_POINT('',(-177.373602988945,71.0791547650152,141.907112647837));
#1776=CARTESIAN_POINT('Origin',(-175.873602988945,75.4603883812471,137.525879031605));
#1777=CARTESIAN_POINT('Origin',(-155.657009691498,49.247325514313,120.075283397135));
#1778=CARTESIAN_POINT('',(-157.157009691498,49.247325514313,120.075283397135));
#1779=CARTESIAN_POINT('Origin',(-155.657009691498,49.2473255143131,120.075283397135));
#1780=CARTESIAN_POINT('',(-157.157009691498,53.6285591305448,115.694049780903));
#1781=CARTESIAN_POINT('',(-157.157009691498,49.247325514313,120.075283397135));
#1782=CARTESIAN_POINT('Origin',(-155.657009691498,53.628559130545,115.694049780903));
#1783=CARTESIAN_POINT('Origin',(-179.760872775216,59.2241982468119,130.052156129634));
#1784=CARTESIAN_POINT('',(-173.669052260177,58.1635380750321,131.112816301413));
#1785=CARTESIAN_POINT('Origin',(-179.760872775216,58.1635380750321,131.112816301413));
#1786=CARTESIAN_POINT('',(-173.669052260177,59.2241982468119,130.052156129634));
#1787=CARTESIAN_POINT('',(-173.669052260177,59.2241982468119,130.052156129634));
#1788=CARTESIAN_POINT('Origin',(-179.760872775216,59.2241982468119,130.052156129634));
#1789=CARTESIAN_POINT('Origin',(-179.760872775216,58.1635380750321,131.112816301413));
#1790=CARTESIAN_POINT('',(-181.260872775216,58.1635380750321,131.112816301413));
#1791=CARTESIAN_POINT('Origin',(-179.760872775216,58.1635380750321,131.112816301413));
#1792=CARTESIAN_POINT('Origin',(-167.891099172707,41.9050587388652,126.647575481202));
#1793=CARTESIAN_POINT('',(-174.391099172707,41.9050587388652,126.647575481202));
#1794=CARTESIAN_POINT('Origin',(-167.891099172707,41.9050587388652,126.647575481202));
#1795=CARTESIAN_POINT('',(-169.478918248915,41.9146644522758,126.657181194613));
#1796=CARTESIAN_POINT('Origin',(-167.978918248915,41.9146644522758,126.657181194613));
#1797=CARTESIAN_POINT('Origin',(-167.891099172707,45.0301171583191,123.522517061748));
#1798=CARTESIAN_POINT('',(-161.391099172707,48.8622823589595,119.690351861108));
#1799=CARTESIAN_POINT('',(-174.391099172707,48.8622823589596,119.690351861108));
#1800=CARTESIAN_POINT('Origin',(-167.891099172707,48.8622823589595,119.690351861108));
#1801=CARTESIAN_POINT('Origin',(-167.891099172707,48.8622823589595,119.690351861108));
#1802=CARTESIAN_POINT('',(-174.391099172707,45.0301171583191,123.522517061748));
#1803=CARTESIAN_POINT('Origin',(-194.278827730178,62.3423520176361,133.170309900458));
#1804=CARTESIAN_POINT('',(-170.184868078564,44.5618367904967,115.389794673319));
#1805=CARTESIAN_POINT('',(-174.391099172707,48.8623381686228,119.690296051445));
#1806=CARTESIAN_POINT('Origin',(-167.891099172707,48.8623381686228,119.690296051445));
#1807=CARTESIAN_POINT('',(-165.597330266851,44.5618367904967,115.389794673319));
#1808=CARTESIAN_POINT('Origin',(-167.891099172707,48.8623381686228,119.690296051445));
#1809=CARTESIAN_POINT('',(-150.687516887444,44.5618371592816,115.389795042103));
#1810=CARTESIAN_POINT('',(-179.314766991752,44.5618371592816,115.389795042103));
#1811=CARTESIAN_POINT('',(-150.687516887444,76.2274930343778,147.055450917199));
#1812=CARTESIAN_POINT('',(-150.687516887444,68.9481822754529,139.776140158274));
#1813=CARTESIAN_POINT('',(-214.190517304677,76.2274930343777,147.055450917199));
#1814=CARTESIAN_POINT('',(-204.234672517427,76.2274930343777,147.055450917199));
#1815=CARTESIAN_POINT('',(-214.190517304677,44.5618367904968,115.389794673319));
#1816=CARTESIAN_POINT('',(-214.190517304677,74.1061726908181,144.93413057364));
#1817=CARTESIAN_POINT('',(-190.234672308811,44.5618367904967,115.389794673319));
#1818=CARTESIAN_POINT('',(-161.500002384186,64.4972986728841,135.325256555706));
#1819=CARTESIAN_POINT('Origin',(-160.000002384186,64.4972986728841,135.325256555706));
#1820=CARTESIAN_POINT('',(-201.500002980232,51.0622696301422,121.890227512964));
#1821=CARTESIAN_POINT('Origin',(-200.000002980232,51.0622696301421,121.890227512964));
#1822=CARTESIAN_POINT('',(-201.500002980232,68.0328326315004,138.860790514322));
#1823=CARTESIAN_POINT('Origin',(-200.000002980232,68.0328326315004,138.860790514322));
#1824=CARTESIAN_POINT('Origin',(-160.000002384186,66.7572119455563,133.065343283033));
#1825=CARTESIAN_POINT('',(-161.500002384186,68.878532289116,130.944022939474));
#1826=CARTESIAN_POINT('Origin',(-160.000002384186,68.878532289116,130.944022939474));
#1827=CARTESIAN_POINT('',(-161.500002384186,66.7572119455563,133.065343283033));
#1828=CARTESIAN_POINT('Origin',(-200.000002980232,53.3221829028144,119.630314240292));
#1829=CARTESIAN_POINT('',(-201.500002980232,55.443503246374,117.508993896732));
#1830=CARTESIAN_POINT('Origin',(-200.000002980232,55.443503246374,117.508993896732));
#1831=CARTESIAN_POINT('',(-201.500002980232,53.3221829028144,119.630314240292));
#1832=CARTESIAN_POINT('Origin',(-200.000002980232,70.2927459041726,136.60087724165));
#1833=CARTESIAN_POINT('',(-201.500002980232,72.4140662477323,134.47955689809));
#1834=CARTESIAN_POINT('Origin',(-200.000002980232,72.4140662477323,134.47955689809));
#1835=CARTESIAN_POINT('',(-201.500002980232,70.2927459041726,136.60087724165));
#1836=CARTESIAN_POINT('Origin',(-167.891099172707,48.8623465925395,119.690287627528));
#1837=CARTESIAN_POINT('',(-165.597330266851,44.5618452144134,115.389786249402));
#1838=CARTESIAN_POINT('',(-170.184868078564,44.5618452144134,115.389786249402));
#1839=CARTESIAN_POINT('',(-177.040808030076,44.5618452144135,115.389786249402));
#1840=CARTESIAN_POINT('Origin',(-167.891099172707,48.8623465925395,119.690287627528));
#1841=CARTESIAN_POINT('Origin',(-167.891099172707,48.8622823589595,119.690351861108));
#1842=CARTESIAN_POINT('',(-170.184868078564,44.5617809802388,115.389850483576));
#1843=CARTESIAN_POINT('',(-165.597330266851,44.5617809802388,115.389850483576));
#1844=CARTESIAN_POINT('',(-174.391099172707,48.8622823589595,119.690351861108));
#1845=CARTESIAN_POINT('Origin',(-200.19051709606,54.3828430587892,116.448333709147));
#1846=CARTESIAN_POINT('',(-150.687516887444,48.9430704067286,111.008561057087));
#1847=CARTESIAN_POINT('',(-214.190517304677,48.9430704067286,111.008561057087));
#1848=CARTESIAN_POINT('',(-193.190516991752,48.9430704067286,111.008561057087));
#1849=CARTESIAN_POINT('',(-214.190517304677,80.6087266506096,142.674217300967));
#1850=CARTESIAN_POINT('',(-214.190517304677,48.1956586312106,110.261149281569));
#1851=CARTESIAN_POINT('',(-150.687516887444,80.6087266506096,142.674217300967));
#1852=CARTESIAN_POINT('',(-207.190517200369,80.6087266506096,142.674217300967));
#1853=CARTESIAN_POINT('',(-150.687516887444,60.5700274863677,122.635518136726));
#1854=CARTESIAN_POINT('',(-181.260872775216,63.6054318630438,125.670922513402));
#1855=CARTESIAN_POINT('Origin',(-179.760872775216,63.6054318630438,125.670922513402));
#1856=CARTESIAN_POINT('',(-169.478918248915,53.2531774982653,115.318668148623));
#1857=CARTESIAN_POINT('Origin',(-167.978918248915,53.2531774982653,115.318668148623));
#1858=CARTESIAN_POINT('Origin',(-214.190517304677,39.8871538600725,106.19528519755));
#1859=CARTESIAN_POINT('',(-214.190517304677,46.821750063169,113.129881400646));
#1860=CARTESIAN_POINT('',(-214.190517304677,79.901619869423,143.381324082154));
#1861=CARTESIAN_POINT('Origin',(-150.687516887444,38.4729406664844,157.106973811766));
#1862=CARTESIAN_POINT('',(-150.687516887444,17.4768190127121,142.474813188673));
#1863=CARTESIAN_POINT('',(-150.687516887444,52.3244554031477,170.958488548429));
#1864=CARTESIAN_POINT('Origin',(-186.190516887444,20.6587995280516,139.292832673333));
#1865=CARTESIAN_POINT('Origin',(-179.760872775216,61.4841115194841,127.792242856961));
#1866=CARTESIAN_POINT('',(-181.260872775216,61.4841115194841,127.792242856961));
#1867=CARTESIAN_POINT('Origin',(-167.978918248915,51.1318571547057,117.439988492183));
#1868=CARTESIAN_POINT('',(-169.478918248915,51.1318571547057,117.439988492183));
#1869=CARTESIAN_POINT('Origin',(-214.190517304677,52.3244554031477,170.958488548429));
#1870=CARTESIAN_POINT('',(0.,0.,0.));
#1871=CARTESIAN_POINT('Origin',(-150.687516887444,78.4624557548719,197.526409823115));
#1872=CARTESIAN_POINT('',(-150.687516887444,92.6045913786027,183.384274199384));
#1873=CARTESIAN_POINT('',(-160.705457140969,92.6045913786027,183.384274199384));
#1874=CARTESIAN_POINT('',(-160.939016887444,92.6045913786026,183.384274199384));
#1875=CARTESIAN_POINT('',(-150.687516887444,78.4624557548718,197.526409823115));
#1876=CARTESIAN_POINT('',(-150.687516887444,90.4139745704868,185.5748910075));
#1877=CARTESIAN_POINT('',(-160.705457140969,78.4624557548719,197.526409823115));
#1878=CARTESIAN_POINT('',(-161.563266991752,78.4624557548719,197.526409823115));
#1879=CARTESIAN_POINT('',(-160.705457140969,78.4624557548719,197.526409823115));
#1880=CARTESIAN_POINT('Origin',(-160.705457140969,75.7019108811195,194.765864949362));
#1881=CARTESIAN_POINT('',(-160.705457140969,84.8542798227745,203.918233891017));
#1882=CARTESIAN_POINT('',(-160.705457140969,71.3878379227701,190.451791991013));
#1883=CARTESIAN_POINT('',(-160.705457140969,98.9964154465053,189.776098267286));
#1884=CARTESIAN_POINT('',(-160.705457140969,84.8542798227745,203.918233891017));
#1885=CARTESIAN_POINT('',(-160.705457140969,91.7003447418441,182.480027562625));
#1886=CARTESIAN_POINT('Origin',(-172.43901709606,69.0214519774232,188.085406045666));
#1887=CARTESIAN_POINT('',(-150.687516887444,84.854279822775,203.918233891018));
#1888=CARTESIAN_POINT('',(-150.687516887444,68.0307953308827,187.094749399126));
#1889=CARTESIAN_POINT('',(-179.314766991752,84.854279822775,203.918233891018));
#1890=CARTESIAN_POINT('',(-157.657009691498,80.1687914677436,199.232745535986));
#1891=CARTESIAN_POINT('Origin',(-155.657009691498,80.1687914677436,199.232745535986));
#1892=CARTESIAN_POINT('Origin',(-150.687516887444,90.9431763155722,162.201055121355));
#1893=CARTESIAN_POINT('',(-150.687514562863,71.9128115134987,162.69249433428));
#1894=CARTESIAN_POINT('',(-150.687516887444,84.4369101373758,175.216592958157));
#1895=CARTESIAN_POINT('',(-150.687514562863,86.2699075987103,148.335398249068));
#1896=CARTESIAN_POINT('',(-150.687516887444,77.5003692984348,157.104936549344));
#1897=CARTESIAN_POINT('',(-150.687516887444,113.353511531718,175.419002182075));
#1898=CARTESIAN_POINT('',(-150.687516887444,95.5561835333239,157.621674183682));
#1899=CARTESIAN_POINT('',(-150.687516887444,111.939297969344,176.833215744448));
#1900=CARTESIAN_POINT('Origin',(-140.044056023647,59.473832162681,165.96736980092));
#1901=CARTESIAN_POINT('',(-140.044056023647,59.473832162681,165.96736980092));
#1902=CARTESIAN_POINT('',(-138.894989358968,60.4421472476126,164.999054715988));
#1903=CARTESIAN_POINT('',(-149.227608674676,51.7348794642833,173.706322499317));
#1904=CARTESIAN_POINT('',(-140.044056023647,64.0558841047699,170.549421743009));
#1905=CARTESIAN_POINT('',(-140.044056023647,59.473832162681,165.96736980092));
#1906=CARTESIAN_POINT('',(-138.894989358968,65.0241991897014,169.581106658077));
#1907=CARTESIAN_POINT('',(-143.70991142497,60.9666785839824,173.638627263796));
#1908=CARTESIAN_POINT('',(-138.894989358969,61.1492540287985,165.706161497175));
#1909=CARTESIAN_POINT('Origin',(-141.193122688324,60.4421472476128,164.999054715988));
#1910=CARTESIAN_POINT('',(-141.193122688325,60.4421472476122,164.999054715988));
#1911=CARTESIAN_POINT('',(-162.070568404508,78.035509097945,147.405692865656));
#1912=CARTESIAN_POINT('',(-141.193122688325,65.0241991897011,169.581106658077));
#1913=CARTESIAN_POINT('',(-141.193122688325,61.1492540287999,165.706161497174));
#1914=CARTESIAN_POINT('',(-145.792615443471,68.9001781513685,165.70512769641));
#1915=CARTESIAN_POINT('Origin',(-160.000002384185,59.4517108845629,165.989491079038));
#1916=CARTESIAN_POINT('',(-160.000002384185,59.4517108845629,165.989491079038));
#1917=CARTESIAN_POINT('',(-158.850935719506,60.4200259694946,165.021175994106));
#1918=CARTESIAN_POINT('',(-165.053194641343,55.1934006924097,170.247801271191));
#1919=CARTESIAN_POINT('',(-160.000002384185,64.0337628266517,170.571543021127));
#1920=CARTESIAN_POINT('',(-160.000002384185,59.4517108845629,165.989491079038));
#1921=CARTESIAN_POINT('',(-158.850935719506,65.0020779115834,169.603227936195));
#1922=CARTESIAN_POINT('',(-159.535497391637,64.4251998121083,170.18010603567));
#1923=CARTESIAN_POINT('',(-158.850935719507,62.5413463130537,167.142496337666));
#1924=CARTESIAN_POINT('Origin',(-161.149069048864,60.4200259694947,165.021175994106));
#1925=CARTESIAN_POINT('',(-161.149069048864,60.4200259694944,165.021175994106));
#1926=CARTESIAN_POINT('',(-177.911558838224,74.5457266124578,150.895475351143));
#1927=CARTESIAN_POINT('',(-161.149069048864,65.0020779115832,169.603227936195));
#1928=CARTESIAN_POINT('',(-161.149069048864,62.5413463130546,167.142496337666));
#1929=CARTESIAN_POINT('',(-161.633605877177,65.4103956658826,169.194910181896));
#1930=CARTESIAN_POINT('Origin',(-140.044056023647,61.8310332453069,165.024382280667));
#1931=CARTESIAN_POINT('Origin',(-140.044056023647,61.1239264641204,164.31727549948));
#1932=CARTESIAN_POINT('Origin',(-140.044056023647,65.7059784062093,168.899327441569));
#1933=CARTESIAN_POINT('Origin',(-160.000002384186,63.2231255295621,166.460717121158));
#1934=CARTESIAN_POINT('Origin',(-160.000002384186,61.1018051860024,164.339396777598));
#1935=CARTESIAN_POINT('Origin',(-160.000002384186,65.6838571280913,168.921448719687));
#1936=CARTESIAN_POINT('Origin',(-214.190517304677,77.0916615789089,148.349540384692));
#1937=CARTESIAN_POINT('',(-130.687516887444,53.1886239476788,172.252578015922));
#1938=CARTESIAN_POINT('',(-183.703273179939,53.1886239476785,172.252578015922));
#1939=CARTESIAN_POINT('',(-193.314767200369,53.1886239476788,172.252578015922));
#1940=CARTESIAN_POINT('',(-183.703273179939,67.3307595714099,158.110442392191));
#1941=CARTESIAN_POINT('',(-183.703273179939,53.1886239476785,172.252578015922));
#1942=CARTESIAN_POINT('',(-186.190516887444,67.3307595714099,158.110442392191));
#1943=CARTESIAN_POINT('',(-171.190516887444,67.3307595714099,158.110442392191));
#1944=CARTESIAN_POINT('',(-186.190516887444,77.0916615789089,148.349540384692));
#1945=CARTESIAN_POINT('',(-186.190516887444,72.7415406610493,152.699661302551));
#1946=CARTESIAN_POINT('',(-214.190517304677,77.0916615789089,148.349540384692));
#1947=CARTESIAN_POINT('',(-207.190517200369,77.0916615789089,148.349540384692));
#1948=CARTESIAN_POINT('',(-214.190517304677,81.6878556566215,143.753346306979));
#1949=CARTESIAN_POINT('',(-214.190517304677,77.091661578909,148.349540384692));
#1950=CARTESIAN_POINT('',(-130.687516887444,81.6878556566214,143.753346306979));
#1951=CARTESIAN_POINT('',(-204.234672517427,81.6878556566215,143.753346306979));
#1952=CARTESIAN_POINT('',(-130.687516887444,68.7449731337829,156.696228829818));
#1953=CARTESIAN_POINT('Origin',(-155.802761334454,55.3400168920062,174.403970960249));
#1954=CARTESIAN_POINT('',(-157.302761334454,59.5826575791254,170.16133027313));
#1955=CARTESIAN_POINT('Origin',(-155.802761334454,59.5826575791254,170.16133027313));
#1956=CARTESIAN_POINT('',(-157.302761334454,83.8392486009487,145.904739251306));
#1957=CARTESIAN_POINT('',(-157.302761334454,55.3400168920062,174.403970960249));
#1958=CARTESIAN_POINT('Origin',(-155.802761334454,83.8392486009487,145.904739251306));
#1959=CARTESIAN_POINT('Origin',(-155.802761334454,55.3400168920062,174.403970960249));
#1960=CARTESIAN_POINT('',(-157.802761334454,55.3400168920062,174.403970960249));
#1961=CARTESIAN_POINT('Origin',(-155.802761334454,55.3400168920062,174.403970960249));
#1962=CARTESIAN_POINT('',(-157.802761334454,59.5826575791254,170.16133027313));
#1963=CARTESIAN_POINT('',(-157.802761334454,55.3400168920062,174.403970960249));
#1964=CARTESIAN_POINT('Origin',(-155.802761334454,59.5826575791255,170.16133027313));
#1965=CARTESIAN_POINT('Origin',(-155.802761334454,59.5826575791255,170.16133027313));
#1966=CARTESIAN_POINT('Origin',(-175.873602988945,58.3369622170414,177.400916285284));
#1967=CARTESIAN_POINT('',(-177.373602988945,62.5796029041607,173.158275598165));
#1968=CARTESIAN_POINT('Origin',(-175.873602988945,62.5796029041607,173.158275598165));
#1969=CARTESIAN_POINT('',(-177.373602988945,86.8361939259839,148.901684576342));
#1970=CARTESIAN_POINT('',(-177.373602988945,58.3369622170414,177.400916285284));
#1971=CARTESIAN_POINT('Origin',(-175.873602988945,86.8361939259839,148.901684576342));
#1972=CARTESIAN_POINT('Origin',(-175.873602988945,58.3369622170414,177.400916285284));
#1973=CARTESIAN_POINT('',(-177.873602988945,58.3369622170414,177.400916285284));
#1974=CARTESIAN_POINT('Origin',(-175.873602988945,58.3369622170413,177.400916285284));
#1975=CARTESIAN_POINT('',(-177.873602988945,62.5796029041606,173.158275598165));
#1976=CARTESIAN_POINT('',(-177.873602988945,58.3369622170414,177.400916285284));
#1977=CARTESIAN_POINT('Origin',(-175.873602988945,62.5796029041607,173.158275598165));
#1978=CARTESIAN_POINT('Origin',(-175.873602988945,62.5796029041607,173.158275598165));
#1979=CARTESIAN_POINT('Origin',(-155.657009691498,80.1687914677436,199.232745535986));
#1980=CARTESIAN_POINT('',(-157.157009691498,84.4114321548629,194.990104848867));
#1981=CARTESIAN_POINT('Origin',(-155.657009691498,84.4114321548629,194.990104848867));
#1982=CARTESIAN_POINT('',(-157.157009691498,108.668023176686,170.733513827044));
#1983=CARTESIAN_POINT('',(-157.157009691498,80.1687914677436,199.232745535986));
#1984=CARTESIAN_POINT('Origin',(-155.657009691498,108.668023176686,170.733513827044));
#1985=CARTESIAN_POINT('Origin',(-155.657009691498,80.1687914677436,199.232745535986));
#1986=CARTESIAN_POINT('',(-157.657009691498,84.4114321548628,194.990104848867));
#1987=CARTESIAN_POINT('',(-157.657009691498,80.1687914677436,199.232745535986));
#1988=CARTESIAN_POINT('Origin',(-155.657009691498,84.4114321548628,194.990104848867));
#1989=CARTESIAN_POINT('Origin',(-155.657009691498,84.4114321548628,194.990104848867));
#1990=CARTESIAN_POINT('Origin',(-161.439014562863,66.2216625851188,168.38364326266));
#1991=CARTESIAN_POINT('',(-166.528514562863,71.9128115134988,162.69249433428));
#1992=CARTESIAN_POINT('',(-166.314765725154,71.9128115134988,162.69249433428));
#1993=CARTESIAN_POINT('',(-166.528514562863,57.7706758897679,176.834629958011));
#1994=CARTESIAN_POINT('',(-166.528514562863,66.2216625851188,168.38364326266));
#1995=CARTESIAN_POINT('',(-130.687516887444,57.7706758897678,176.834629958011));
#1996=CARTESIAN_POINT('',(-152.687514562863,57.7706758897678,176.834629958011));
#1997=CARTESIAN_POINT('',(-130.687516887444,86.2699075987103,148.335398249068));
#1998=CARTESIAN_POINT('',(-130.687516887444,71.9128115134987,162.69249433428));
#1999=CARTESIAN_POINT('',(-150.687516887444,86.2699075987103,148.335398249068));
#2000=CARTESIAN_POINT('Origin',(-130.687516887444,62.904271121182,167.826089565694));
#2001=CARTESIAN_POINT('',(-130.687516887444,57.7706758897678,176.834629958011));
#2002=CARTESIAN_POINT('',(-130.687516887444,86.2699075987103,148.335398249068));
#2003=CARTESIAN_POINT('Origin',(-150.687516887444,57.7706758897678,176.834629958011));
#2004=CARTESIAN_POINT('',(-166.528514562863,72.2402019531883,191.304156021431));
#2005=CARTESIAN_POINT('',(-166.528514562863,65.88209390744,184.946047975683));
#2006=CARTESIAN_POINT('',(-172.626343436398,72.2402019531877,191.304156021431));
#2007=CARTESIAN_POINT('',(-183.452585583288,72.2402019531877,191.304156021431));
#2008=CARTESIAN_POINT('',(-172.626343436398,64.3633302646389,183.427284332882));
#2009=CARTESIAN_POINT('',(-172.626343436398,65.7185476145297,184.782501682773));
#2010=CARTESIAN_POINT('',(-183.703273179939,64.3633302646389,183.427284332882));
#2011=CARTESIAN_POINT('',(-188.991050455058,64.3633302646389,183.427284332882));
#2012=CARTESIAN_POINT('',(-183.703273179939,60.1311944560495,179.195148524292));
#2013=CARTESIAN_POINT('Origin',(-171.190516887444,93.5566429788378,184.336325799619));
#2014=CARTESIAN_POINT('',(-186.190516887444,98.9964154465059,189.776098267287));
#2015=CARTESIAN_POINT('',(-186.190516887444,88.8904453297877,179.670128150569));
#2016=CARTESIAN_POINT('',(-183.703273179939,78.5054658883698,169.285148709151));
#2017=CARTESIAN_POINT('',(-183.703273179939,80.4437012751237,171.223384095905));
#2018=CARTESIAN_POINT('',(-172.626343436398,78.5054658883698,169.285148709151));
#2019=CARTESIAN_POINT('',(-177.446895033692,78.5054658883698,169.285148709151));
#2020=CARTESIAN_POINT('',(-172.626343436398,86.3823375769186,177.1620203977));
#2021=CARTESIAN_POINT('',(-172.626343436398,86.0310544336038,176.810737254385));
#2022=CARTESIAN_POINT('',(-166.528514562863,86.3823375769192,177.1620203977));
#2023=CARTESIAN_POINT('',(-169.775015725154,86.3823375769192,177.1620203977));
#2024=CARTESIAN_POINT('',(-166.528514562863,86.1946007265141,176.974283547295));
#2025=CARTESIAN_POINT('',(-152.687516887444,98.9964154465059,189.776098267287));
#2026=CARTESIAN_POINT('',(-185.53988625774,83.9233971094222,174.703079930203));
#2027=CARTESIAN_POINT('Origin',(-179.45688625774,83.9233971094222,174.703079930203));
#2028=CARTESIAN_POINT('',(-169.478918248915,94.686308723754,185.465991544535));
#2029=CARTESIAN_POINT('Origin',(-167.978918248915,94.686308723754,185.465991544535));
#2030=CARTESIAN_POINT('',(-161.517932938058,79.0258128230224,169.805495643803));
#2031=CARTESIAN_POINT('Origin',(-163.017932938058,79.0258128230224,169.805495643803));
#2032=CARTESIAN_POINT('Origin',(-168.359514562863,80.6911886485392,182.85316932608));
#2033=CARTESIAN_POINT('',(-166.528514562863,80.6911886485393,182.85316932608));
#2034=CARTESIAN_POINT('',(-172.626343436398,72.2402019531877,191.304156021431));
#2035=CARTESIAN_POINT('Origin',(-163.017932938058,77.7530206168837,171.078287849942));
#2036=CARTESIAN_POINT('',(-161.517932938058,93.382908908234,155.448399558592));
#2037=CARTESIAN_POINT('',(-161.517932938058,77.7530206168837,171.078287849942));
#2038=CARTESIAN_POINT('Origin',(-163.017932938058,93.382908908234,155.448399558592));
#2039=CARTESIAN_POINT('Origin',(-200.19051709606,103.317545170729,174.575423976512));
#2040=CARTESIAN_POINT('',(-214.190517304677,108.75731782279,180.015196628573));
#2041=CARTESIAN_POINT('',(-186.190516887444,108.757317454005,180.015196259788));
#2042=CARTESIAN_POINT('',(-193.190516991752,108.757317454005,180.015196259788));
#2043=CARTESIAN_POINT('',(-214.190517304677,90.9431763155722,162.201055121355));
#2044=CARTESIAN_POINT('',(-186.190516887444,82.0414090472148,153.299287852998));
#2045=CARTESIAN_POINT('',(-186.190516887444,86.509263244142,157.767142049925));
#2046=CARTESIAN_POINT('',(-186.190516887444,90.9431763155722,162.201055121355));
#2047=CARTESIAN_POINT('',(-208.161686832686,88.7429363236154,160.000815129398));
#2048=CARTESIAN_POINT('Origin',(-209.911686832686,88.7429363236154,160.000815129398));
#2049=CARTESIAN_POINT('',(-188.161686832686,88.7429363236154,160.000815129398));
#2050=CARTESIAN_POINT('Origin',(-189.911686832686,88.7429363236154,160.000815129398));
#2051=CARTESIAN_POINT('Origin',(-179.45688625774,77.5751125732958,181.051364466329));
#2052=CARTESIAN_POINT('',(-185.53988625774,77.5751125732958,181.051364466329));
#2053=CARTESIAN_POINT('Origin',(-179.45688625774,77.5751125732958,181.051364466329));
#2054=CARTESIAN_POINT('',(-181.260872775216,77.9857698228492,181.462021715883));
#2055=CARTESIAN_POINT('Origin',(-179.760872775216,77.9857698228492,181.462021715883));
#2056=CARTESIAN_POINT('Origin',(-179.45688625774,80.8521989507049,177.77427808892));
#2057=CARTESIAN_POINT('',(-185.53988625774,80.8521989507049,177.77427808892));
#2058=CARTESIAN_POINT('Origin',(-179.760872775216,67.9320054625724,191.51578607616));
#2059=CARTESIAN_POINT('',(-181.260872775216,98.6911504441872,160.756641094545));
#2060=CARTESIAN_POINT('',(-181.260872775216,67.9320054625724,191.51578607616));
#2061=CARTESIAN_POINT('Origin',(-179.760872775216,98.6911504441871,160.756641094545));
#2062=CARTESIAN_POINT('Origin',(-167.978918248915,96.9836986558291,183.16860161246));
#2063=CARTESIAN_POINT('',(-169.478918248915,96.9836986558291,183.16860161246));
#2064=CARTESIAN_POINT('Origin',(-167.978918248915,96.9836986558291,183.16860161246));
#2065=CARTESIAN_POINT('Origin',(-167.978918248915,78.2842598273509,201.868040440938));
#2066=CARTESIAN_POINT('',(-169.478918248915,78.2842598273509,201.868040440938));
#2067=CARTESIAN_POINT('Origin',(-186.190516887444,85.2233895625543,150.117307337658));
#2068=CARTESIAN_POINT('',(-186.190516887444,74.4018273832754,160.938869516937));
#2069=CARTESIAN_POINT('',(-186.190516887444,79.8395669189476,155.501129981265));
#2070=CARTESIAN_POINT('',(-186.190516887444,104.407196536145,184.365317177647));
#2071=CARTESIAN_POINT('Origin',(-209.911686832686,99.7030914320071,170.253863456603));
#2072=CARTESIAN_POINT('',(-208.161686832686,99.7030914320071,170.253863456603));
#2073=CARTESIAN_POINT('Origin',(-209.911686832686,99.7030914320071,170.253863456603));
#2074=CARTESIAN_POINT('Origin',(-189.911686832686,99.7030914320071,170.253863456603));
#2075=CARTESIAN_POINT('',(-188.161686832686,99.7030914320071,170.253863456603));
#2076=CARTESIAN_POINT('Origin',(-189.911686832686,99.7030914320071,170.253863456603));
#2077=CARTESIAN_POINT('Origin',(-166.528514562863,73.1414095458105,175.303390223351));
#2078=CARTESIAN_POINT('Origin',(-189.911686832686,99.7030914320071,170.253863456603));
#2079=CARTESIAN_POINT('',(-188.161686832686,103.945732119126,166.011222769484));
#2080=CARTESIAN_POINT('',(-188.161686832686,99.7030914320071,170.253863456603));
#2081=CARTESIAN_POINT('Origin',(-189.911686832686,103.945732119126,166.011222769484));
#2082=CARTESIAN_POINT('Origin',(-209.911686832686,99.7030914320071,170.253863456603));
#2083=CARTESIAN_POINT('',(-208.161686832686,103.945732119126,166.011222769484));
#2084=CARTESIAN_POINT('',(-208.161686832686,99.7030914320071,170.253863456603));
#2085=CARTESIAN_POINT('Origin',(-209.911686832686,103.945732119126,166.011222769484));
#2086=CARTESIAN_POINT('Origin',(-209.911686832686,86.621615980056,162.122135472958));
#2087=CARTESIAN_POINT('',(-208.161686832686,93.339130401328,155.404621051686));
#2088=CARTESIAN_POINT('',(-208.161686832686,86.621615980056,162.122135472958));
#2089=CARTESIAN_POINT('Origin',(-209.911686832686,93.339130401328,155.404621051686));
#2090=CARTESIAN_POINT('Origin',(-189.911686832686,86.621615980056,162.122135472958));
#2091=CARTESIAN_POINT('',(-188.161686832686,93.339130401328,155.404621051686));
#2092=CARTESIAN_POINT('',(-188.161686832686,86.621615980056,162.122135472958));
#2093=CARTESIAN_POINT('Origin',(-189.911686832686,93.339130401328,155.404621051686));
#2094=CARTESIAN_POINT('Origin',(-214.190517304677,115.691914025886,186.949792831669));
#2095=CARTESIAN_POINT('',(-214.190517304677,113.353511531718,175.419002182075));
#2096=CARTESIAN_POINT('',(-214.190517304677,108.757317454005,180.015196259788));
#2097=CARTESIAN_POINT('',(-214.190517304677,107.930552388481,169.996043038839));
#2098=CARTESIAN_POINT('Origin',(-172.626343436398,64.3633302646388,183.427284332882));
#2099=CARTESIAN_POINT('',(-172.626343436398,64.3633302646389,183.427284332882));
#2100=CARTESIAN_POINT('Origin',(-183.703273179939,53.1886239476785,172.252578015922));
#2101=CARTESIAN_POINT('',(-183.703273179939,64.3633302646389,183.427284332882));
#2102=CARTESIAN_POINT('Origin',(-183.703273179939,64.3633302646389,183.427284332882));
#2103=CARTESIAN_POINT('Origin',(-194.278827730178,95.5729966733631,157.638487323721));
#2104=CARTESIAN_POINT('',(-190.234672308811,113.353511531718,175.419002182075));
#2105=CARTESIAN_POINT('Origin',(-186.190516887444,108.757317454005,180.015196259788));
#2106=CARTESIAN_POINT('',(0.,0.,0.));
#2107=CARTESIAN_POINT('',(0.,0.,0.));
#2108=UNCERTAINTY_MEASURE_WITH_UNIT(LENGTH_MEASURE(0.01),#2116,
'DISTANCE_ACCURACY_VALUE',
'Maximum model space distance between geometric entities at asserted c
onnectivities');
#2109=UNCERTAINTY_MEASURE_WITH_UNIT(LENGTH_MEASURE(0.01),#2116,
'DISTANCE_ACCURACY_VALUE',
'Maximum model space distance between geometric entities at asserted c
onnectivities');
#2110=UNCERTAINTY_MEASURE_WITH_UNIT(LENGTH_MEASURE(0.01),#2116,
'DISTANCE_ACCURACY_VALUE',
'Maximum model space distance between geometric entities at asserted c
onnectivities');
#2111=UNCERTAINTY_MEASURE_WITH_UNIT(LENGTH_MEASURE(0.01),#2116,
'DISTANCE_ACCURACY_VALUE',
'Maximum model space distance between geometric entities at asserted c
onnectivities');
#2112=(
GEOMETRIC_REPRESENTATION_CONTEXT(3)
GLOBAL_UNCERTAINTY_ASSIGNED_CONTEXT((#2108))
GLOBAL_UNIT_ASSIGNED_CONTEXT((#2116,#2118,#2119))
REPRESENTATION_CONTEXT('','3D')
);
#2113=(
GEOMETRIC_REPRESENTATION_CONTEXT(3)
GLOBAL_UNCERTAINTY_ASSIGNED_CONTEXT((#2109))
GLOBAL_UNIT_ASSIGNED_CONTEXT((#2116,#2118,#2119))
REPRESENTATION_CONTEXT('','3D')
);
#2114=(
GEOMETRIC_REPRESENTATION_CONTEXT(3)
GLOBAL_UNCERTAINTY_ASSIGNED_CONTEXT((#2110))
GLOBAL_UNIT_ASSIGNED_CONTEXT((#2116,#2118,#2119))
REPRESENTATION_CONTEXT('','3D')
);
#2115=(
GEOMETRIC_REPRESENTATION_CONTEXT(3)
GLOBAL_UNCERTAINTY_ASSIGNED_CONTEXT((#2111))
GLOBAL_UNIT_ASSIGNED_CONTEXT((#2116,#2118,#2119))
REPRESENTATION_CONTEXT('','3D')
);
#2116=(
LENGTH_UNIT()
NAMED_UNIT(*)
SI_UNIT(.MILLI.,.METRE.)
);
#2117=(
LENGTH_UNIT()
NAMED_UNIT(*)
SI_UNIT($,.METRE.)
);
#2118=(
NAMED_UNIT(*)
PLANE_ANGLE_UNIT()
SI_UNIT($,.RADIAN.)
);
#2119=(
NAMED_UNIT(*)
SI_UNIT($,.STERADIAN.)
SOLID_ANGLE_UNIT()
);
#2120=SHAPE_DEFINITION_REPRESENTATION(#2123,#2128);
#2121=SHAPE_DEFINITION_REPRESENTATION(#2124,#2129);
#2122=SHAPE_DEFINITION_REPRESENTATION(#2125,#2130);
#2123=PRODUCT_DEFINITION_SHAPE('',$,#2132);
#2124=PRODUCT_DEFINITION_SHAPE('',$,#2133);
#2125=PRODUCT_DEFINITION_SHAPE('',$,#2134);
#2126=PRODUCT_DEFINITION_SHAPE($,$,#17);
#2127=PRODUCT_DEFINITION_SHAPE($,$,#18);
#2128=SHAPE_REPRESENTATION('',(#1274,#1399,#1400),#2112);
#2129=SHAPE_REPRESENTATION('',(#1275),#2113);
#2130=SHAPE_REPRESENTATION('',(#1320),#2114);
#2131=PRODUCT_DEFINITION_CONTEXT('part definition',#2142,'design');
#2132=PRODUCT_DEFINITION('xy_topandbottom(1x)','xy_topandbottom(1x) v2',
#2135,#2131);
#2133=PRODUCT_DEFINITION('top (1)','top (1)',#2136,#2131);
#2134=PRODUCT_DEFINITION('bottom (1)','bottom (1)',#2137,#2131);
#2135=PRODUCT_DEFINITION_FORMATION('',$,#2144);
#2136=PRODUCT_DEFINITION_FORMATION('',$,#2145);
#2137=PRODUCT_DEFINITION_FORMATION('',$,#2146);
#2138=PRODUCT_RELATED_PRODUCT_CATEGORY('xy_topandbottom(1x) v2',
'xy_topandbottom(1x) v2',(#2144));
#2139=PRODUCT_RELATED_PRODUCT_CATEGORY('top (1)','top (1)',(#2145));
#2140=PRODUCT_RELATED_PRODUCT_CATEGORY('bottom (1)','bottom (1)',(#2146));
#2141=APPLICATION_PROTOCOL_DEFINITION('international standard',
'automotive_design',2009,#2142);
#2142=APPLICATION_CONTEXT(
'Core Data for Automotive Mechanical Design Process');
#2143=PRODUCT_CONTEXT('part definition',#2142,'mechanical');
#2144=PRODUCT('xy_topandbottom(1x)','xy_topandbottom(1x) v2',$,(#2143));
#2145=PRODUCT('top (1)','top (1)',$,(#2143));
#2146=PRODUCT('bottom (1)','bottom (1)',$,(#2143));
#2147=PRESENTATION_STYLE_ASSIGNMENT((#2149));
#2148=PRESENTATION_STYLE_ASSIGNMENT((#2150));
#2149=SURFACE_STYLE_USAGE(.BOTH.,#2151);
#2150=SURFACE_STYLE_USAGE(.BOTH.,#2152);
#2151=SURFACE_SIDE_STYLE('',(#2153));
#2152=SURFACE_SIDE_STYLE('',(#2154));
#2153=SURFACE_STYLE_FILL_AREA(#2155);
#2154=SURFACE_STYLE_FILL_AREA(#2156);
#2155=FILL_AREA_STYLE('Steel - Satin',(#2157));
#2156=FILL_AREA_STYLE('Aluminum - Anodized Glossy (Grey)',(#2158));
#2157=FILL_AREA_STYLE_COLOUR('Steel - Satin',#2159);
#2158=FILL_AREA_STYLE_COLOUR('Aluminum - Anodized Glossy (Grey)',#2160);
#2159=COLOUR_RGB('Steel - Satin',0.627450980392157,0.627450980392157,0.627450980392157);
#2160=COLOUR_RGB('Aluminum - Anodized Glossy (Grey)',0.537254901960784,
0.537254901960784,0.537254901960784);
ENDSEC;
END-ISO-10303-21;
